td_x1_d,adrc_u,eso_z3,eso_z2,esf_e1_d,eso_z1_d,yaw_actual,yaw_dps,yaw_imu_d,yawenc
-171.467,26.0712,-1038.29,2.20929,9.93924,178.594,178.562,-0.165442,-10.3326,70.5537
-171.467,26.1019,-1039.51,2.23568,9.93899,178.594,178.563,-0.287513,-10.3332,70.5427
-171.467,26.1322,-1040.75,2.24991,9.93866,178.594,178.563,-0.104407,-10.3334,70.5427
-171.467,26.1631,-1042.01,2.25283,9.93836,178.595,178.562,-0.0433721,-10.3335,70.5427
-171.467,26.1946,-1043.26,2.26213,9.93809,178.595,178.563,0.261804,-10.333,70.5537
-171.467,26.2257,-1044.5,2.27566,9.93776,178.595,178.563,-0.104407,-10.3332,70.5537
-171.467,26.2567,-1045.64,2.33962,9.93743,178.596,178.566,0.0786982,-10.333,70.5372
-171.467,26.2849,-1046.94,2.32149,9.93672,178.596,178.563,-0.409583,-10.3338,70.5427
-171.467,26.3174,-1048.26,2.29169,9.9364,178.597,178.563,-0.226478,-10.3343,70.5427
-171.467,26.3505,-1049.59,2.25363,9.93618,178.597,178.563,0.200769,-10.3339,70.5482
-171.467,26.3841,-1050.93,2.21788,9.93607,178.597,178.563,0.322839,-10.3332,70.5427
-171.467,26.4177,-1052.27,2.17794,9.93607,178.597,178.563,-0.0433721,-10.3333,70.5427
-171.467,26.4515,-1053.53,2.18412,9.93612,178.597,178.565,-0.165442,-10.3337,70.5427
-171.467,26.4829,-1054.81,2.17976,9.93601,178.597,178.564,-0.836829,-10.3353,70.5427
-171.467,26.5148,-1056.18,2.12641,9.9359,178.597,178.562,-0.958899,-10.3373,70.5482
-171.467,26.5494,-1057.44,2.13187,9.93618,178.597,178.565,-0.409583,-10.3381,70.5537
-171.467,26.5809,-1058.59,2.19357,9.93615,178.597,178.567,0.68905,-10.3367,70.5482
-171.467,26.6094,-1059.77,2.24228,9.93574,178.597,178.567,0.750085,-10.3352,70.5482
-171.467,26.6385,-1060.97,2.27771,9.9353,178.598,178.567,0.444909,-10.3343,70.5482
-171.467,26.6683,-1062.1,2.34761,9.93486,178.599,178.569,0.0176631,-10.3343,70.5482
-171.467,26.6962,-1063.27,2.39446,9.9341,178.599,178.569,-0.165442,-10.3346,70.5427
-171.467,26.7252,-1064.49,2.41095,9.93334,178.6,178.568,0.139733,-10.3343,70.5317
-171.467,26.7558,-1065.9,2.33639,9.93268,178.6,178.564,0.383874,-10.3336,70.5427
-171.467,26.7912,-1067.41,2.20584,9.93254,178.6,178.562,0.505944,-10.3325,70.5427
-171.467,26.8296,-1068.89,2.09162,9.93295,178.599,178.562,0.872155,-10.3308,70.5427
-171.467,26.8674,-1070.36,1.98804,9.93353,178.598,178.562,1.05526,-10.3287,70.5482
-171.467,26.9047,-1071.8,1.9072,9.93426,178.598,178.562,0.750085,-10.3272,70.5482
-171.467,26.941,-1073.19,1.8494,9.93511,178.597,178.562,0.322839,-10.3265,70.5427
-171.467,26.9761,-1074.65,1.75854,9.93596,178.596,178.56,-0.165442,-10.3268,70.5427
-171.467,27.0131,-1076.06,1.69435,9.93716,178.594,178.56,0.68905,-10.3255,70.5427
-171.467,27.0487,-1077.51,1.60852,9.93842,178.593,178.557,0.750085,-10.324,70.5427
-171.467,27.0856,-1078.9,1.55879,9.93989,178.591,178.557,0.68905,-10.3226,70.5482
-171.467,27.1206,-1080.22,1.55132,9.94137,178.59,178.558,0.93319,-10.3207,70.5482
-171.467,27.1535,-1081.46,1.58086,9.94268,178.589,178.558,0.994226,-10.3187,70.5482
-171.467,27.1844,-1082.66,1.63306,9.94372,178.588,178.559,0.0176631,-10.3187,70.5427
-171.467,27.2141,-1083.82,1.70315,9.94459,178.588,178.559,0.505944,-10.3177,70.5427
-171.467,27.2428,-1084.86,1.83359,9.94522,178.587,178.561,1.23837,-10.3152,70.5482
-171.467,27.2682,-1085.71,2.06468,9.9453,178.588,178.566,1.2994,-10.3126,70.5427
-171.467,27.288,-1086.6,2.26382,9.94448,178.589,178.566,0.994226,-10.3106,70.5427
-171.467,27.3093,-1087.74,2.32961,9.94336,178.59,178.56,0.628015,-10.3093,70.5537
-171.467,27.3375,-1088.88,2.39405,9.94268,178.591,178.561,0.872155,-10.3076,70.5482
-171.467,27.3656,-1090.04,2.44538,9.94183,178.592,178.561,0.628015,-10.3063,70.5537
-171.467,27.3944,-1091.21,2.49037,9.94093,178.593,178.562,0.505944,-10.3053,70.5427
-171.467,27.4234,-1092.43,2.51065,9.94,178.594,178.562,1.36044,-10.3026,70.5427
-171.467,27.4537,-1093.67,2.51663,9.9391,178.594,178.562,1.36044,-10.2998,70.5372
-171.467,27.4847,-1095.06,2.44527,9.93825,178.595,178.559,1.36044,-10.2971,70.5482
-171.467,27.5199,-1096.45,2.37644,9.93787,178.595,178.56,0.93319,-10.2952,70.5482
-171.467,27.555,-1097.83,2.31233,9.93765,178.595,178.56,0.81112,-10.2936,70.5427
-171.467,27.5899,-1099.13,2.29464,9.93754,178.595,178.562,0.994226,-10.2916,70.5427
-171.467,27.6224,-1100.43,2.27593,9.93727,178.596,178.562,1.42147,-10.2888,70.5427
-171.467,27.655,-1101.75,2.2487,9.93705,178.596,178.562,1.90975,-10.2849,70.5482
-171.467,27.688,-1103.06,2.22378,9.93694,178.596,178.562,2.39803,-10.2801,70.5482
-171.467,27.721,-1104.37,2.20142,9.93683,178.596,178.563,2.15389,-10.2758,70.5427
-171.467,27.7539,-1105.69,2.17397,9.93678,178.596,178.562,1.84872,-10.2721,70.5427
-171.467,27.787,-1106.99,2.15955,9.93683,178.596,178.563,1.66561,-10.2687,70.5482
-171.467,27.8195,-1108.28,2.14856,9.93683,178.596,178.563,1.97079,-10.2648,70.5427
-171.467,27.8519,-1109.58,2.13276,9.93683,178.596,178.563,2.64217,-10.2595,70.5427
-171.467,27.8845,-1110.89,2.114,9.93691,178.596,178.563,3.06942,-10.2533,70.5537
-171.467,27.9173,-1112.17,2.10944,9.93705,178.596,178.563,3.19149,-10.2469,70.5537
-171.467,27.9493,-1113.47,2.09321,9.93711,178.595,178.563,3.31356,-10.2403,70.5427
-171.467,27.982,-1114.87,2.02831,9.93727,178.595,178.56,3.25253,-10.2338,70.5482
-171.467,28.0173,-1116.14,2.03061,9.93776,178.595,178.563,3.19149,-10.2274,70.5427
-171.467,28.049,-1117.41,2.03289,9.93798,178.595,178.562,3.67977,-10.22,70.5427
-171.467,28.0808,-1118.78,1.98661,9.9382,178.594,178.56,3.74081,-10.2125,70.5427
-171.467,28.1152,-1120.11,1.95969,9.93872,178.594,178.56,3.98495,-10.2045,70.5427
-171.467,28.1486,-1121.24,2.03838,9.93921,178.594,178.565,5.02255,-10.1944,70.5537
-171.467,28.1764,-1122.36,2.12077,9.93907,178.594,178.565,5.44979,-10.1835,70.5427
-171.467,28.2039,-1123.41,2.23455,9.93877,178.595,178.567,5.20565,-10.173,70.5427
-171.467,28.2297,-1124.51,2.3203,9.93809,178.595,178.567,4.96151,-10.1631,70.5427
-171.467,28.2568,-1125.68,2.36999,9.93732,178.596,178.566,5.14462,-10.1527,70.5482
-171.467,28.2857,-1126.88,2.40244,9.93659,178.597,178.566,5.93807,-10.1408,70.5537
-171.467,28.3155,-1128,2.47418,9.93588,178.598,178.568,6.36532,-10.128,70.5537
-171.467,28.3431,-1128.97,2.6221,9.93484,178.6,178.573,7.34188,-10.1133,70.5756
-171.467,28.3666,-1129.77,2.85585,9.93317,178.602,178.579,7.46395,-10.0983,70.5756
-171.467,28.3854,-1130.24,3.25828,9.9306,178.606,178.59,7.52499,-10.0832,70.6031
-171.467,28.3949,-1130.42,3.80081,9.92645,178.612,178.602,6.97567,-10.0692,70.625
-171.467,28.3965,-1130.17,4.55487,9.92055,178.621,178.619,6.91464,-10.0553,70.6415
-171.467,28.3861,-1129.5,5.51071,9.91211,178.632,178.638,7.95223,-10.0394,70.6635
-171.467,28.3641,-1128.51,6.60689,9.90074,178.646,178.657,9.05087,-10.0212,70.6635
-171.467,28.3335,-1127.26,7.81512,9.8864,178.664,178.678,9.47811,-10.0022,70.6964
-171.467,28.2955,-1126.04,8.97403,9.86897,178.683,178.695,9.53915,-9.98307,70.7129
-171.467,28.2587,-1124.86,10.0858,9.84927,178.705,178.714,9.35604,-9.96429,70.7403
-171.467,28.223,-1123.68,11.1664,9.82733,178.73,178.735,9.1119,-9.94601,70.7678
-171.467,28.1875,-1122.58,12.1796,9.80323,178.756,178.758,9.47811,-9.92699,70.7678
-171.467,28.1543,-1121.65,13.079,9.77717,178.783,178.779,10.5157,-9.90591,70.7952
-171.467,28.1258,-1120.87,13.8699,9.74969,178.812,178.803,10.6988,-9.88443,70.8227
-171.467,28.1019,-1120.4,14.4874,9.72094,178.841,178.824,11.6143,-9.86113,70.8447
-171.467,28.0863,-1120.14,14.9719,9.6916,178.871,178.848,11.4923,-9.83806,70.8666
-171.467,28.0768,-1120.04,15.3618,9.66177,178.901,178.874,11.1871,-9.81561,70.8666
-171.467,28.0717,-1120.27,15.5645,9.63147,178.931,178.895,11.3702,-9.79279,70.916
-171.467,28.0761,-1120.66,15.6803,9.60153,178.961,178.921,10.8819,-9.77095,70.9325
-171.467,28.0846,-1121.4,15.6033,9.57169,178.99,178.942,12.1637,-9.74655,70.9545
-171.467,28.1033,-1122.37,15.4084,9.54284,179.018,178.965,13.5064,-9.71944,70.9764
-171.467,28.1281,-1123.54,15.1153,9.51489,179.045,178.988,13.2623,-9.69283,70.9764
-171.467,28.1583,-1124.83,14.7619,9.48798,179.071,179.012,13.3233,-9.66609,71.0313
-171.467,28.192,-1126.12,14.4159,9.46208,179.096,179.038,13.0792,-9.63984,71.0533
-171.467,28.2256,-1127.38,14.086,9.43686,179.12,179.064,13.0182,-9.61372,71.0862
-171.467,28.2587,-1128.59,13.7956,9.41233,179.145,179.09,13.1402,-9.58734,71.1247
-171.467,28.29,-1129.5,13.6664,9.38818,179.169,179.121,13.4454,-9.56036,71.1247
-171.467,28.313,-1130.12,13.6875,9.36364,179.194,179.153,13.8726,-9.53253,71.1906
-171.467,28.328,-1130.39,13.8905,9.3384,179.221,179.188,14.3609,-9.50371,71.2235
-171.467,28.3333,-1130.36,14.2441,9.31192,179.249,179.222,15.3375,-9.47292,71.2565
-171.467,28.3302,-1130.08,14.7141,9.28403,179.278,179.256,14.7271,-9.44337,71.2839
-171.467,28.3204,-1129.55,15.3047,9.25463,179.309,179.292,14.8492,-9.41356,71.2839
-171.467,28.3036,-1128.94,15.9235,9.22343,179.342,179.325,15.5816,-9.38229,71.3443
-171.467,28.2844,-1128.4,16.483,9.19076,179.376,179.356,16.0699,-9.35005,71.3717
-171.467,28.2676,-1127.9,17.0082,9.1571,179.41,179.388,17.4737,-9.31498,71.4047
-171.467,28.2517,-1127.57,17.4313,9.12246,179.445,179.419,17.901,-9.27906,71.4486
-171.467,28.2406,-1127.2,17.8602,9.08732,179.482,179.455,17.5958,-9.24374,71.4486
-171.467,28.2286,-1126.69,18.3503,9.0512,179.519,179.495,17.1685,-9.20928,71.531
-171.467,28.2127,-1126.12,18.8548,9.01377,179.558,179.533,17.6568,-9.17385,71.5804
-171.467,28.1952,-1125.42,19.4126,8.97517,179.598,179.575,18.0841,-9.13756,71.6188
-171.467,28.1743,-1124.66,19.9878,8.93512,179.639,179.617,19.6099,-9.09822,71.6628
-171.467,28.1516,-1123.79,20.604,8.89373,179.682,179.661,19.732,-9.05861,71.6628
-171.467,28.1259,-1123.05,21.1321,8.85083,179.726,179.701,20.0982,-9.01828,71.7286
-171.467,28.104,-1122.53,21.5329,8.80715,179.77,179.739,20.8307,-8.97647,71.7726
-171.467,28.0881,-1122.22,21.8103,8.76313,179.814,179.778,20.9527,-8.93442,71.811
-171.467,28.0781,-1122.03,22.0133,8.71901,179.858,179.819,21.1358,-8.89201,71.8659
-171.467,28.0717,-1121.84,22.2092,8.67475,179.903,179.863,21.8682,-8.84812,71.8659
-171.467,28.0652,-1121.42,22.5169,8.63008,179.948,179.913,22.9669,-8.80203,71.9647
-171.467,28.0523,-1120.95,22.8364,8.58424,179.995,179.96,23.211,-8.75545,72.0196
-171.467,28.0384,-1120.37,23.2071,8.53768,-179.957,-179.99,23.7603,-8.70777,72.069
-171.467,28.0211,-1119.7,23.6103,8.49003,-179.908,-179.94,24.1266,-8.65934,72.113
-171.467,28.0016,-1119.1,23.9673,8.44138,-179.859,-179.893,24.6148,-8.60994,72.113
-171.467,27.9838,-1118.35,24.3902,8.39213,-179.809,-179.84,24.6759,-8.56042,72.2173
-171.467,27.962,-1117.53,24.8315,8.34167,-179.757,-179.788,24.92,-8.51041,72.2777
-171.467,27.9384,-1116.49,25.3775,8.29016,-179.704,-179.731,26.629,-8.45698,72.3491
-171.467,27.9087,-1115.15,26.0597,8.23699,-179.649,-179.67,27.9718,-8.40085,72.4095
-171.467,27.8708,-1113.6,26.8317,8.18175,-179.591,-179.609,27.6056,-8.34544,72.4095
-171.467,27.8272,-1111.79,27.72,8.12443,-179.532,-179.545,27.6666,-8.28992,72.5247
-171.467,27.7763,-1109.88,28.6348,8.06468,-179.47,-179.483,27.3614,-8.235,72.5851
-171.467,27.7227,-1107.95,29.5291,8.00281,-179.406,-179.421,28.1549,-8.1785,72.6455
-171.467,27.6689,-1106.19,30.3146,7.93908,-179.341,-179.361,30.169,-8.11797,72.7004
-171.467,27.6196,-1104.73,30.9131,7.8741,-179.276,-179.304,30.9625,-8.05583,72.7004
-171.467,27.5792,-1103.39,31.4349,7.80859,-179.209,-179.241,31.5728,-7.99247,72.8377
-171.467,27.5418,-1102,31.9658,7.74225,-179.142,-179.174,31.878,-7.9285,72.9036
-171.467,27.5031,-1100.7,32.4298,7.6747,-179.073,-179.109,31.817,-7.86464,72.9585
-171.467,27.4672,-1099.55,32.7986,7.60641,-179.005,-179.044,32.1222,-7.80018,73.0518
-171.467,27.4355,-1098.22,33.2517,7.5377,-178.935,-178.971,33.2818,-7.73339,73.0518
-171.467,27.3986,-1096.54,33.8677,7.46762,-178.862,-178.892,33.526,-7.66611,73.1946
-171.467,27.3523,-1094.84,34.4774,7.39548,-178.789,-178.819,34.0753,-7.59773,73.266
-171.467,27.3054,-1093.07,35.1003,7.32203,-178.714,-178.744,34.8687,-7.52776,73.3428
-171.467,27.2568,-1091.29,35.709,7.24715,-178.638,-178.669,35.9063,-7.45569,73.4032
-171.467,27.208,-1089.59,36.2558,7.17097,-178.561,-178.595,36.4557,-7.38253,73.4032
-171.467,27.1614,-1088.02,36.718,7.09385,-178.483,-178.521,37.127,-7.30803,73.5679
-171.467,27.1185,-1086.45,37.1604,7.01605,-178.404,-178.443,37.1881,-7.23339,73.6393
-171.467,27.0757,-1084.95,37.556,6.93736,-178.325,-178.366,38.1646,-7.15681,73.7272
-171.467,27.0347,-1083.4,37.9555,6.85797,-178.245,-178.286,39.3243,-7.07789,73.815
-171.467,26.9928,-1081.74,38.3988,6.77768,-178.163,-178.203,39.8736,-6.99787,73.815
-171.467,26.9477,-1079.79,38.979,6.69619,-178.08,-178.114,39.8126,-6.91797,73.9962
-171.467,26.8946,-1077.64,39.6447,6.61284,-177.995,-178.025,40.1178,-6.83745,74.0676
-171.467,26.8359,-1075.49,40.2833,6.52765,-177.908,-177.94,41.3385,-6.7545,74.1609
-171.467,26.7776,-1073.3,40.9289,6.44117,-177.82,-177.852,41.6436,-6.67092,74.2487
-171.467,26.7179,-1071.1,41.5513,6.35322,-177.731,-177.764,42.3761,-6.58589,74.2487
-171.467,26.6583,-1068.81,42.2043,6.26399,-177.64,-177.673,43.0474,-6.49949,74.4354
-171.467,26.5961,-1066.42,42.8807,6.17318,-177.548,-177.58,44.4513,-6.41029,74.5233
-171.467,26.5316,-1064.03,43.5399,6.08077,-177.454,-177.487,44.3292,-6.32132,74.6111
-171.467,26.4668,-1061.79,44.0985,5.98696,-177.359,-177.397,44.6344,-6.23174,74.7099
-171.467,26.4063,-1059.61,44.6033,5.89235,-177.264,-177.304,44.5123,-6.14242,74.7099
-171.467,26.3477,-1057.71,44.9409,5.79684,-177.168,-177.216,45.1837,-6.05173,74.8966
-171.467,26.297,-1055.81,45.2658,5.70125,-177.072,-177.12,46.6485,-5.95812,74.9955
-171.467,26.2463,-1053.83,45.617,5.60499,-176.975,-177.022,47.5641,-5.86266,75.0943
-171.467,26.1934,-1051.71,46.0239,5.50781,-176.876,-176.921,47.5641,-5.76721,75.1931
-171.467,26.1369,-1049.51,46.4586,5.40947,-176.777,-176.82,47.6861,-5.6715,75.1931
-171.467,26.078,-1047.25,46.9113,5.31004,-176.676,-176.719,48.4185,-5.57432,75.3743
-171.467,26.0173,-1045.13,47.268,5.20949,-176.576,-176.623,48.6627,-5.47667,75.4731
-171.467,25.9609,-1043.17,47.5255,5.10856,-176.474,-176.526,48.9068,-5.37851,75.5665
-171.467,25.909,-1041.38,47.6776,5.00744,-176.373,-176.429,49.5172,-5.27913,75.6763
-171.467,25.862,-1039.55,47.8431,4.9064,-176.272,-176.327,50.6768,-5.17742,75.6763
-171.467,25.8137,-1037.64,48.0391,4.80489,-176.17,-176.223,50.2496,-5.07658,75.8904
-171.467,25.7634,-1035.61,48.2859,4.70279,-176.067,-176.118,50.1886,-4.97584,75.9947
-171.467,25.7097,-1033.49,48.5646,4.59989,-175.963,-176.013,50.0665,-4.87535,76.099
-171.467,25.6536,-1031.23,48.9051,4.4962,-175.858,-175.906,50.2496,-4.77451,76.1869
-171.467,25.5936,-1029.1,49.1603,4.39147,-175.753,-175.804,50.7379,-4.67267,76.1869
-171.467,25.5374,-1027.17,49.2992,4.2865,-175.649,-175.704,51.8365,-4.56864,76.39
-171.467,25.4867,-1025.46,49.3103,4.18169,-175.544,-175.605,52.9962,-4.46227,76.4944
-171.467,25.4423,-1023.75,49.3102,4.07735,-175.44,-175.501,52.2027,-4.3575,76.6042
-171.467,25.3981,-1022.04,49.3073,3.97301,-175.336,-175.396,52.1417,-4.25284,76.7195
-171.467,25.3536,-1020.11,49.4129,3.86865,-175.231,-175.286,51.6534,-4.14917,76.7195
-171.467,25.3031,-1017.83,49.6884,3.76354,-175.124,-175.173,52.0196,-4.04476,76.9281
-171.467,25.243,-1015.46,49.9999,3.65706,-175.017,-175.064,52.691,-3.93901,77.0434
-171.467,25.1803,-1013.09,50.2897,3.5497,-174.909,-174.957,52.9351,-3.83276,77.1367
-171.467,25.1181,-1010.99,50.4304,3.44177,-174.801,-174.855,53.9117,-3.72456,77.241
-171.467,25.063,-1009.03,50.4843,3.33413,-174.694,-174.751,53.5455,-3.61709,77.241
-171.467,25.012,-1006.94,50.5936,3.22669,-174.586,-174.641,53.1183,-3.51047,77.4717
-171.467,24.9577,-1004.79,50.729,3.11872,-174.477,-174.531,52.9351,-3.40423,77.5815
-171.467,24.9014,-1002.49,50.9292,3.0103,-174.368,-174.419,52.752,-3.29835,77.6913
-171.467,24.8412,-1000.09,51.1732,2.90112,-174.258,-174.307,53.3624,-3.19124,77.8066
-171.467,24.778,-997.591,51.4493,2.79118,-174.147,-174.195,54.2779,-3.0823,77.8066
-171.467,24.7125,-994.894,51.8171,2.68047,-174.035,-174.079,54.7052,-2.97251,78.0207
-171.467,24.6414,-992.226,52.1522,2.56851,-173.923,-173.968,53.4845,-2.86516,78.1415
-171.467,24.5712,-989.494,52.5046,2.45592,-173.809,-173.853,53.1793,-2.75842,78.2623
-171.467,24.4992,-986.716,52.8648,2.34244,-173.695,-173.739,53.9117,-2.65021,78.3776
-171.467,24.4261,-983.739,53.3119,2.2281,-173.579,-173.619,54.4,-2.54102,78.3776
-171.467,24.3475,-980.783,53.7292,2.11237,-173.463,-173.504,54.339,-2.43196,78.5917
-171.467,24.2696,-977.955,54.0611,1.99582,-173.346,-173.391,54.5831,-2.3224,78.707
-171.467,24.1953,-975.358,54.2558,1.87886,-173.229,-173.28,54.9493,-2.21211,78.8168
-171.467,24.1275,-972.991,54.3172,1.76201,-173.113,-173.169,54.8272,-2.10207,78.9266
-171.467,24.0662,-970.843,54.2544,1.64554,-172.997,-173.058,54.4,-1.99287,78.9266
-171.467,24.011,-968.938,54.0574,1.52969,-172.882,-172.948,53.4234,-1.88564,79.1408
-171.467,23.9626,-967.209,53.7654,1.41478,-172.768,-172.838,53.9117,-1.77743,79.2506
-171.467,23.9191,-965.71,53.3522,1.30085,-172.655,-172.73,55.1934,-1.66665,79.3604
-171.467,23.8821,-964.382,52.851,1.18829,-172.544,-172.622,54.9493,-1.55636,79.4702
-171.467,23.8497,-963.167,52.2952,1.07712,-172.434,-172.513,54.339,-1.4473,79.4702
-171.467,23.8205,-961.791,51.8284,0.967332,-172.325,-172.399,54.2169,-1.33848,79.6843
-171.467,23.7869,-960.474,51.3347,0.858118,-172.217,-172.292,53.9727,-1.23015,79.7886
-171.467,23.7548,-959.363,50.737,0.750037,-172.111,-172.189,53.9727,-1.12182,79.8929
-171.467,23.7285,-958.297,50.1227,0.643636,-172.006,-172.084,53.6065,-1.01422,79.9973
-171.467,23.7034,-957.225,49.5187,0.538588,-171.902,-171.978,54.0948,-0.905651,79.9973
-171.467,23.6782,-955.812,49.0996,0.434742,-171.798,-171.866,54.461,-0.796342,80.2279
-171.467,23.6434,-954.124,48.827,0.330964,-171.694,-171.755,54.0338,-0.687893,80.3322
-171.467,23.601,-952.182,48.6861,0.22709,-171.59,-171.645,53.2403,-0.58103,80.442
-171.467,23.5516,-950.092,48.6187,0.122916,-171.486,-171.537,52.8741,-0.474901,80.442
-171.467,23.498,-948.085,48.5015,0.0185235,-171.382,-171.434,52.63,-0.369268,80.5353
-171.467,23.4468,-946.188,48.3229,-0.0854457,-171.278,-171.333,52.3858,-0.264125,80.7495
-171.467,23.3987,-944.213,48.1813,-0.188827,-171.175,-171.228,53.2403,-0.157271,80.8538
-171.467,23.3485,-941.976,48.1725,-0.2921,-171.071,-171.118,52.9962,-0.0509029,80.9636
-171.467,23.291,-939.777,48.1368,-0.395973,-170.967,-171.015,52.0196,0.053504,81.0679
-171.467,23.2345,-937.423,48.1758,-0.49971,-170.863,-170.907,51.8975,0.157672,81.0679
-171.467,23.1738,-935.002,48.2412,-0.603898,-170.759,-170.802,51.3482,0.260739,81.2711
-171.467,23.1113,-932.575,48.3,-0.708386,-170.654,-170.697,50.4327,0.361965,81.3699
-171.467,23.0487,-930.258,48.2933,-0.813011,-170.55,-170.595,50.5548,0.463437,81.4687
-171.467,22.9892,-928.047,48.2233,-0.91739,-170.446,-170.493,50.7989,0.565394,81.5675
-171.467,22.9326,-925.937,48.0951,-1.0214,-170.342,-170.392,50.6158,0.666985,81.5675
-171.467,22.8789,-923.946,47.8996,-1.12493,-170.239,-170.291,50.1886,0.767716,81.7707
-171.467,22.8286,-922.1,47.6263,-1.22781,-170.137,-170.192,49.7003,0.867473,81.8695
-171.467,22.7822,-920.365,47.2944,-1.32981,-170.036,-170.093,48.9679,0.965762,81.9684
-171.467,22.739,-918.705,46.9234,-1.4309,-169.936,-169.994,48.2354,1.06257,82.0672
-171.467,22.6979,-917.178,46.4847,-1.53106,-169.837,-169.897,48.2354,1.15939,82.0672
-171.467,22.6605,-915.701,46.0234,-1.63002,-169.739,-169.799,48.2354,1.2562,82.2593
-171.467,22.6244,-914.368,45.4912,-1.72796,-169.643,-169.705,48.6017,1.35374,82.3417
-171.467,22.5923,-913.155,44.9017,-1.82448,-169.547,-169.612,47.3199,1.44871,82.457
-171.467,22.5636,-911.945,44.3178,-1.91954,-169.454,-169.517,46.2213,1.54149,82.5503
-171.467,22.535,-910.604,43.8102,-2.0134,-169.36,-169.419,45.6109,1.63304,82.5503
-171.467,22.5026,-908.945,43.4739,-2.10654,-169.267,-169.318,45.4278,1.72421,82.7425
-171.467,22.4614,-907.237,43.1644,-2.19973,-169.175,-169.224,45.4278,1.81538,82.8468
-171.467,22.4189,-905.433,42.9059,-2.29242,-169.082,-169.129,45.4889,1.90668,82.9292
-171.467,22.3737,-903.557,42.6846,-2.3848,-168.99,-169.034,45.0616,1.99712,83.0225
-171.467,22.3265,-901.601,42.504,-2.47691,-168.898,-168.94,44.2071,2.08585,83.0225
-171.467,22.2771,-899.499,42.3974,-2.56885,-168.806,-168.845,43.2916,2.17274,83.2147
-171.467,22.2237,-897.4,42.2848,-2.66092,-168.714,-168.753,42.9254,2.2589,83.308
-171.467,22.1704,-895.2,42.2213,-2.75276,-168.622,-168.658,42.3761,2.34395,83.3904
-171.467,22.1142,-892.936,42.186,-2.84472,-168.53,-168.565,42.0709,2.42839,83.4837
-171.467,22.0564,-890.797,42.0797,-2.93676,-168.439,-168.476,41.9488,2.51259,83.4837
-171.467,22.002,-888.736,41.9286,-3.02831,-168.348,-168.386,41.5216,2.59592,83.6484
-171.467,21.9499,-886.893,41.661,-3.1194,-168.258,-168.301,40.606,2.67743,83.7088
-171.467,21.9038,-885.663,41.0727,-3.20945,-168.17,-168.226,38.775,2.75525,83.7802
-171.467,21.8747,-885.045,40.1724,-3.29691,-168.086,-168.154,38.775,2.83308,83.8461
-171.467,21.8627,-885.02,38.9778,-3.38112,-168.005,-168.085,38.5919,2.91054,83.8461
-171.467,21.867,-885.633,37.473,-3.46155,-167.93,-168.021,37.9205,2.98666,83.9504
-171.467,21.889,-887.052,35.5773,-3.53745,-167.859,-167.966,37.9205,3.06277,84.0053
-171.467,21.9333,-889.238,33.3215,-3.60762,-167.796,-167.915,37.4322,3.1379,84.0657
-171.467,21.9988,-891.914,30.8591,-3.67143,-167.738,-167.864,36.0894,3.21034,84.1206
-171.467,22.0777,-894.737,28.3753,-3.72909,-167.686,-167.81,35.0518,3.2807,84.1206
-171.467,22.1604,-897.352,26.0555,-3.78133,-167.638,-167.752,34.2584,3.34946,84.2579
-171.467,22.2372,-899.386,24.0919,-3.82929,-167.592,-167.689,33.7701,3.41723,84.3347
-171.467,22.2976,-900.51,22.6476,-3.87458,-167.548,-167.621,32.9767,3.48342,84.3896
-171.467,22.3326,-900.91,21.6126,-3.91898,-167.504,-167.558,32.6715,3.549,84.461
-171.467,22.3473,-900.546,20.9988,-3.96293,-167.46,-167.495,32.0611,3.61335,84.461
-171.467,22.3408,-899.492,20.7569,-4.00738,-167.414,-167.433,30.8404,3.67526,84.5818
-171.467,22.315,-897.841,20.8298,-4.05293,-167.367,-167.372,29.3756,3.73423,84.6367
-171.467,22.2726,-895.759,21.1222,-4.09999,-167.318,-167.314,28.9483,3.79233,84.6806
-171.467,22.2182,-893.442,21.5275,-4.14863,-167.268,-167.259,28.7042,3.84994,84.7355
-171.467,22.1574,-891.033,21.9672,-4.19865,-167.217,-167.207,28.399,3.90694,84.7355
-171.467,22.094,-888.662,22.3727,-4.2498,-167.165,-167.157,27.6056,3.96235,84.8399
-171.467,22.0318,-886.36,22.7286,-4.30169,-167.113,-167.107,26.8121,4.01616,84.8948
-171.467,21.9716,-884.138,23.0309,-4.35416,-167.06,-167.056,26.1407,4.06864,84.9497
-171.467,21.9136,-881.908,23.3261,-4.40708,-167.006,-167.003,24.859,4.11854,85.0155
-171.467,21.8555,-879.568,23.6678,-4.46063,-166.952,-166.947,23.5162,4.16574,85.0155
-171.467,21.7943,-877.251,23.9851,-4.51515,-166.897,-166.893,22.7838,4.21148,85.1034
-171.467,21.7339,-875.224,24.1396,-4.57027,-166.842,-166.845,23.0279,4.25769,85.1528
-171.467,21.6815,-873.56,24.0965,-4.62505,-166.788,-166.8,23.089,4.30404,85.1913
-171.467,21.6393,-872.428,23.7726,-4.67891,-166.736,-166.759,22.1734,4.34854,85.2242
-171.467,21.6119,-871.775,23.2025,-4.7309,-166.686,-166.719,20.4034,4.3895,85.2242
-171.467,21.5978,-871.715,22.3329,-4.78064,-166.64,-166.685,19.4879,4.42863,85.2901
-171.467,21.6001,-872.13,21.2328,-4.82725,-166.596,-166.65,19.1217,4.46701,85.3175
-171.467,21.6156,-873,19.9181,-4.87053,-166.557,-166.619,18.5724,4.50429,85.3505
-171.467,21.6436,-874.358,18.3766,-4.91007,-166.522,-166.592,18.3282,4.54107,85.3779
-171.467,21.6851,-875.853,16.7985,-4.94534,-166.49,-166.56,18.2061,4.57762,85.3779
-171.467,21.7302,-877.511,15.1708,-4.97708,-166.462,-166.532,17.1685,4.61208,85.4438
-171.467,21.7797,-879.094,13.6191,-5.00511,-166.437,-166.502,15.9478,4.64409,85.4767
-171.467,21.827,-880.476,12.2078,-5.03013,-166.414,-166.472,14.6051,4.67341,85.5097
-171.467,21.8686,-881.371,11.0837,-5.05273,-166.393,-166.437,14.1168,4.70174,85.5426
-171.467,21.8965,-882.012,10.1174,-5.07413,-166.373,-166.409,13.7506,4.72934,85.5426
-171.467,21.9173,-882.346,9.33307,-5.09415,-166.354,-166.381,13.6285,4.75669,85.5975
-171.467,21.9295,-882.34,8.74428,-5.11326,-166.335,-166.354,12.9571,4.7827,85.6305
-171.467,21.9321,-881.961,8.36267,-5.13194,-166.316,-166.325,11.3702,4.80553,85.6525
-171.467,21.9243,-881.138,8.22114,-5.1507,-166.297,-166.295,10.6378,4.82689,85.6799
-171.467,21.9042,-880.091,8.19857,-5.17019,-166.277,-166.27,10.1495,4.84727,85.6799
-171.467,21.8778,-879.002,8.19756,-5.19015,-166.257,-166.249,9.41708,4.86617,85.7348
-171.467,21.8503,-877.778,8.26495,-5.21021,-166.236,-166.226,9.47811,4.88518,85.7183
-171.467,21.819,-876.916,8.14019,-5.23071,-166.217,-166.214,9.05087,4.90335,85.7238
-171.467,21.7978,-876.483,7.79346,-5.25013,-166.199,-166.206,8.01327,4.91943,85.7403
-171.467,21.7885,-876.388,7.27679,-5.26787,-166.183,-166.197,7.34188,4.93417,85.7403
-171.467,21.7886,-876.661,6.57866,-5.28377,-166.17,-166.19,6.91464,4.94805,85.7513
-171.467,21.7989,-877.218,5.74875,-5.2974,-166.158,-166.184,6.06014,4.96021,85.7568
-171.467,21.817,-877.968,4.83668,-5.30868,-166.149,-166.177,5.02255,4.9703,85.7677
-171.467,21.8403,-878.899,3.85105,-5.31766,-166.143,-166.173,5.02255,4.98038,85.7732
-171.467,21.8687,-879.913,2.8454,-5.3242,-166.138,-166.169,4.10702,4.98862,85.7732
-171.467,21.8992,-880.904,1.87593,-5.32849,-166.136,-166.164,3.67977,4.996,85.7787
-171.467,21.929,-881.823,0.96657,-5.33085,-166.135,-166.16,2.64217,5.00131,85.7897
-171.467,21.9568,-882.679,0.112658,-5.33152,-166.136,-166.157,1.23837,5.00379,85.7897
-171.467,21.9826,-883.321,-0.609335,-5.33058,-166.138,-166.153,0.750085,5.0053,85.7897
-171.467,22.0025,-883.908,-1.28497,-5.32865,-166.142,-166.153,-0.0433721,5.00521,85.7897
-171.467,22.0208,-884.572,-1.98483,-5.32547,-166.146,-166.158,0.505944,5.00623,85.7842
-171.467,22.0411,-885.16,-2.62716,-5.32066,-166.152,-166.161,-0.531653,5.00516,85.7787
-171.467,22.0593,-885.633,-3.19389,-5.31472,-166.159,-166.164,-1.142,5.00287,85.7787
-171.467,22.0742,-886.04,-3.71232,-5.30788,-166.167,-166.17,-1.38615,5.00009,85.7787
-171.467,22.0872,-886.239,-4.10889,-5.30012,-166.175,-166.172,-2.60685,4.99486,85.7787
-171.467,22.0944,-886.333,-4.44012,-5.29203,-166.183,-166.177,-3.58341,4.98768,85.7677
-171.467,22.0986,-886.472,-4.7869,-5.28349,-166.193,-166.187,-3.70548,4.98024,85.7732
-171.467,22.104,-886.307,-4.96563,-5.27415,-166.202,-166.189,-3.46134,4.97329,85.7623
-171.467,22.101,-885.877,-5.00087,-5.26513,-166.21,-166.191,-3.33927,4.96659,85.7568
-171.467,22.0905,-885.305,-4.96031,-5.25665,-166.218,-166.196,-3.33927,4.95989,85.7568
-171.467,22.0762,-884.608,-4.85478,-5.24858,-166.226,-166.201,-4.31583,4.95122,85.7458
-171.467,22.0583,-883.898,-4.74506,-5.241,-166.233,-166.208,-5.17033,4.94085,85.7458
-171.467,22.0401,-883.075,-4.57799,-5.23367,-166.24,-166.212,-5.35343,4.9301,85.7458
-171.467,22.0187,-882.149,-4.36058,-5.22695,-166.246,-166.217,-5.35343,4.91936,85.7348
-171.467,21.9946,-881.259,-4.16648,-5.2209,-166.252,-166.223,-4.98722,4.90934,85.7348
-171.467,21.9714,-880.503,-4.0473,-5.21518,-166.258,-166.233,-4.86515,4.89957,85.7293
-171.467,21.9519,-879.763,-3.9387,-5.20939,-166.263,-166.239,-4.92618,4.88968,85.7238
-171.467,21.933,-879.137,-3.89149,-5.20377,-166.269,-166.247,-5.90275,4.87783,85.7238
-171.467,21.9171,-878.409,-3.79198,-5.19799,-166.274,-166.251,-6.32999,4.86513,85.7183
-171.467,21.8985,-877.603,-3.65381,-5.19265,-166.279,-166.254,-6.14689,4.85279,85.7183
-171.467,21.8777,-876.636,-3.43444,-5.18777,-166.283,-166.255,-5.84171,4.84106,85.7128
-171.467,21.8525,-875.553,-3.15918,-5.18372,-166.286,-166.256,-5.04825,4.83092,85.7238
-171.467,21.824,-874.445,-2.87767,-5.18049,-166.289,-166.258,-5.41447,4.82005,85.7238
-171.467,21.7949,-873.331,-2.59937,-5.1779,-166.291,-166.261,-6.08585,4.80783,85.7238
-171.467,21.7656,-872.135,-2.28439,-5.17589,-166.292,-166.261,-6.20792,4.79537,85.7238
-171.467,21.734,-870.781,-1.89499,-5.17472,-166.292,-166.258,-6.45206,4.78242,85.7293
-171.467,21.6982,-869.415,-1.50848,-5.17469,-166.292,-166.258,-5.84171,4.7707,85.7238
-171.467,21.662,-868.178,-1.19862,-5.17548,-166.29,-166.26,-6.08585,4.75848,85.7238
-171.467,21.6294,-866.984,-0.918726,-5.17661,-166.289,-166.26,-5.78068,4.74688,85.7183
-171.467,21.5981,-865.867,-0.685775,-5.17823,-166.287,-166.26,-5.4755,4.73588,85.7183
-171.467,21.5689,-864.73,-0.448169,-5.18014,-166.284,-166.258,-6.20792,4.72342,85.7128
-171.467,21.5392,-863.724,-0.284612,-5.18258,-166.282,-166.259,-6.26896,4.71083,85.7128
-171.467,21.5131,-862.939,-0.241002,-5.18507,-166.28,-166.262,-5.65861,4.69947,85.7128
-171.467,21.4932,-862.443,-0.349501,-5.18713,-166.279,-166.267,-6.02482,4.68737,85.7019
-171.467,21.4814,-862.124,-0.548327,-5.18832,-166.278,-166.271,-5.71964,4.67589,85.7019
-171.467,21.4745,-862.08,-0.885752,-5.18869,-166.279,-166.277,-4.4379,4.66698,85.6909
-171.467,21.4752,-862.133,-1.26578,-5.18775,-166.281,-166.281,-4.62101,4.65771,85.6634
-171.467,21.4785,-862.678,-1.8935,-5.18579,-166.286,-166.295,-5.17033,4.64733,85.6634
-171.467,21.4955,-863.488,-2.6444,-5.18144,-166.292,-166.306,-5.71964,4.63584,85.6579
-171.467,21.5198,-864.464,-3.46322,-5.17493,-166.301,-166.317,-6.02482,4.62375,85.6579
-171.467,21.5486,-865.356,-4.21829,-5.16637,-166.311,-166.323,-5.53654,4.61264,85.6305
-171.467,21.575,-866.216,-4.93741,-5.15645,-166.322,-166.332,-4.49894,4.6036,85.6415
-171.467,21.6004,-866.841,-5.51616,-5.14513,-166.334,-166.338,-4.13273,4.59531,85.625
-171.467,21.6193,-867.237,-5.96009,-5.13315,-166.346,-166.344,-4.80411,4.58566,85.625
-171.467,21.6317,-867.554,-6.35152,-5.12078,-166.359,-166.354,-3.94962,4.57773,85.625
-171.467,21.6419,-867.601,-6.59153,-5.10779,-166.372,-166.36,-4.01066,4.56968,85.603
-171.467,21.6445,-867.566,-6.78165,-5.09492,-166.385,-166.371,-4.4379,4.56077,85.5921
-171.467,21.6448,-867.44,-6.91915,-5.08187,-166.398,-166.382,-4.49894,4.55174,85.5921
-171.467,21.6426,-867.1,-6.94048,-5.06872,-166.411,-166.39,-3.70548,4.5443,85.5921
-171.467,21.6344,-866.451,-6.79853,-5.05603,-166.423,-166.394,-3.03409,4.53821,85.5921
-171.467,21.6176,-865.655,-6.58256,-5.04434,-166.434,-166.402,-3.03409,4.53212,85.5646
-171.467,21.5968,-864.658,-6.26637,-5.03341,-166.443,-166.408,-3.09513,4.5259,85.5756
-171.467,21.5704,-863.367,-5.80305,-5.02359,-166.452,-166.411,-3.76652,4.51835,85.5591
-171.467,21.5358,-861.975,-5.29781,-5.01539,-166.459,-166.416,-4.19376,4.50994,85.5591
-171.467,21.4985,-860.518,-4.7697,-5.00847,-166.464,-166.421,-3.27824,4.50336,85.5591
-171.467,21.4593,-859.043,-4.24487,-5.00277,-166.469,-166.427,-2.1796,4.49899,85.5536
-171.467,21.4198,-857.581,-3.73876,-4.99818,-166.472,-166.432,-2.11857,4.49473,85.5426
-171.467,21.3806,-856.187,-3.28044,-4.9946,-166.475,-166.437,-2.60685,4.4895,85.5317
-171.467,21.3434,-854.908,-2.89295,-4.9918,-166.477,-166.443,-3.09513,4.48329,85.5372
-171.467,21.3095,-853.642,-2.52133,-4.98954,-166.479,-166.445,-2.72892,4.47783,85.5372
-171.467,21.2759,-852.518,-2.23258,-4.98801,-166.48,-166.45,-2.72892,4.47236,85.5317
-171.467,21.2463,-851.624,-2.07072,-4.98673,-166.482,-166.458,-2.24064,4.46787,85.5317
-171.467,21.2231,-850.747,-1.92217,-4.98527,-166.483,-166.459,-2.05753,4.46374,85.5207
-171.467,21.2005,-850.017,-1.85341,-4.98407,-166.484,-166.464,-1.38615,4.46095,85.5207
-171.467,21.1819,-849.32,-1.8033,-4.98268,-166.486,-166.467,-0.958899,4.45903,85.5207
-171.467,21.1642,-848.742,-1.81685,-4.98131,-166.487,-166.471,-2.24064,4.45454,85.5207
-171.467,21.1498,-848.168,-1.83164,-4.97965,-166.489,-166.473,-2.1796,4.45016,85.5152
-171.467,21.1356,-847.513,-1.80416,-4.97794,-166.491,-166.472,-1.63029,4.44689,85.5097
-171.467,21.1191,-846.897,-1.79714,-4.97648,-166.492,-166.475,-1.01993,4.44485,85.5097
-171.467,21.1037,-846.309,-1.80477,-4.97493,-166.494,-166.477,-0.653724,4.44353,85.5097
-171.467,21.089,-845.74,-1.82219,-4.97332,-166.495,-166.479,-0.165442,4.4432,85.5097
-171.467,21.0749,-845.273,-1.89266,-4.97163,-166.497,-166.484,0.444909,4.44409,85.5097
-171.467,21.0637,-844.698,-1.90434,-4.96955,-166.499,-166.483,-0.409583,4.44326,85.5097
-171.467,21.0494,-844.023,-1.864,-4.96769,-166.501,-166.482,-0.531653,4.44221,85.5097
-171.467,21.0323,-843.357,-1.82872,-4.96615,-166.502,-166.484,-0.226478,4.44175,85.5097
-171.467,21.0155,-842.603,-1.74845,-4.96466,-166.503,-166.483,0.383874,4.44252,85.5097
-171.467,20.9963,-841.779,-1.63329,-4.96354,-166.504,-166.483,0.444909,4.44341,85.5152
-171.467,20.9751,-840.795,-1.43725,-4.96282,-166.504,-166.479,0.628015,4.44466,85.5097
-171.467,20.9494,-839.796,-1.23833,-4.96286,-166.504,-166.479,0.261804,4.44519,85.5152
-171.467,20.9234,-838.788,-1.03889,-4.96333,-166.503,-166.478,0.139733,4.44548,85.5152
-171.467,20.8972,-837.895,-0.904898,-4.96425,-166.502,-166.48,0.0786982,4.44564,85.5097
-171.467,20.8741,-837.02,-0.783725,-4.96517,-166.501,-166.48,-0.531653,4.44458,85.5207
-171.467,20.8516,-836.143,-0.664429,-4.9663,-166.499,-166.478,0.505944,4.4456,85.5152
-171.467,20.829,-835.2,-0.513299,-4.96768,-166.497,-166.475,1.17733,4.44797,85.5152
-171.467,20.8046,-834.402,-0.441676,-4.96952,-166.496,-166.477,1.05526,4.45009,85.5152
-171.467,20.7843,-833.736,-0.441172,-4.97118,-166.494,-166.479,0.383874,4.45086,85.5097
-171.467,20.7676,-833.109,-0.460696,-4.97253,-166.493,-166.479,-0.348548,4.45016,85.5207
-171.467,20.752,-832.301,-0.385868,-4.97376,-166.491,-166.473,-0.470618,4.44922,85.5152
-171.467,20.7314,-831.459,-0.295007,-4.97555,-166.489,-166.47,0.444909,4.45012,85.5207
-171.467,20.7098,-830.677,-0.237614,-4.9776,-166.487,-166.47,0.68905,4.45151,85.5207
-171.467,20.69,-829.956,-0.21344,-4.97963,-166.485,-166.469,0.750085,4.45302,85.5207
-171.467,20.6718,-829.108,-0.124347,-4.98159,-166.483,-166.464,0.322839,4.45366,85.5152
-171.467,20.6501,-828.368,-0.0933898,-4.984,-166.481,-166.464,-0.348548,4.45297,85.5152
-171.467,20.6314,-827.819,-0.163196,-4.98624,-166.479,-166.467,-0.531653,4.4519,85.5152
-171.467,20.618,-827.338,-0.267071,-4.9879,-166.478,-166.467,-0.165442,4.45157,85.5152
-171.467,20.6065,-826.925,-0.404453,-4.98918,-166.477,-166.467,-0.653724,4.45027,85.5152
-171.467,20.5969,-826.548,-0.556825,-4.99003,-166.476,-166.467,-0.287513,4.4497,85.5207
-171.467,20.5882,-826.084,-0.660135,-4.99049,-166.476,-166.465,0.261804,4.45023,85.5097
-171.467,20.5772,-825.754,-0.831405,-4.99094,-166.476,-166.468,0.56698,4.45136,85.5097
-171.467,20.5698,-825.524,-1.05073,-4.99072,-166.477,-166.47,-0.226478,4.4509,85.5097
-171.467,20.5652,-825.237,-1.23498,-4.98984,-166.478,-166.47,-1.01993,4.44886,85.5207
-171.467,20.559,-824.886,-1.3808,-4.9887,-166.48,-166.469,-0.714759,4.44743,85.5152
-171.467,20.551,-824.388,-1.44673,-4.98742,-166.481,-166.467,-0.592689,4.44624,85.5207
-171.467,20.539,-823.835,-1.4821,-4.98632,-166.482,-166.467,0.261804,4.44677,85.5207
-171.467,20.5253,-823.323,-1.53787,-4.98529,-166.483,-166.469,-0.104407,4.44656,85.5207
-171.467,20.5128,-822.745,-1.55799,-4.98404,-166.484,-166.468,-0.592689,4.44537,85.5152
-171.467,20.4985,-822.123,-1.55398,-4.98291,-166.485,-166.468,-0.470618,4.44443,85.5152
-171.467,20.4829,-821.459,-1.52868,-4.98189,-166.486,-166.468,-0.714759,4.443,85.5097
-171.467,20.4662,-820.868,-1.54207,-4.98101,-166.487,-166.471,-0.714759,4.44157,85.5097
-171.467,20.4516,-820.335,-1.58479,-4.97993,-166.488,-166.474,-1.32511,4.43891,85.5097
-171.467,20.4385,-819.72,-1.58403,-4.97863,-166.489,-166.473,-0.714759,4.43748,85.5097
-171.467,20.4231,-819.157,-1.61014,-4.97753,-166.491,-166.475,-0.287513,4.4369,85.5042
-171.467,20.4092,-818.647,-1.6633,-4.97626,-166.492,-166.478,-0.165442,4.43656,85.5097
-171.467,20.3967,-818.066,-1.67806,-4.97475,-166.494,-166.477,-1.142,4.43427,85.5097
-171.467,20.3823,-817.42,-1.65842,-4.97337,-166.495,-166.477,-1.44718,4.43137,85.5097
-171.467,20.3661,-816.748,-1.62542,-4.97219,-166.496,-166.478,-1.38615,4.42859,85.5042
-171.467,20.3491,-816.13,-1.6212,-4.97112,-166.497,-166.48,-0.775794,4.42703,85.5097
-171.467,20.3337,-815.355,-1.53535,-4.96995,-166.498,-166.477,-0.531653,4.42596,85.5042
-171.467,20.3139,-814.56,-1.44086,-4.9693,-166.498,-166.477,-0.653724,4.42465,85.5042
-171.467,20.2935,-813.845,-1.39069,-4.96891,-166.499,-166.48,-0.836829,4.42297,85.5042
-171.467,20.2754,-813.217,-1.38685,-4.96843,-166.499,-166.483,-0.592689,4.42178,85.4987
-171.467,20.2597,-812.66,-1.42037,-4.96776,-166.5,-166.485,-1.142,4.41948,85.4932
-171.467,20.2459,-812.082,-1.44179,-4.96686,-166.501,-166.485,-1.93546,4.4156,85.4987
-171.467,20.2316,-811.558,-1.49095,-4.96596,-166.502,-166.488,-1.44718,4.4127,85.4987
-171.467,20.2188,-810.982,-1.51137,-4.96484,-166.503,-166.488,-0.348548,4.412,85.4987
-171.467,20.2045,-810.478,-1.56938,-4.96379,-166.505,-166.49,-0.409583,4.41118,85.4877
-171.467,20.1922,-810.121,-1.70246,-4.96246,-166.506,-166.495,-0.592689,4.40998,85.4877
-171.467,20.184,-809.78,-1.84065,-4.96052,-166.509,-166.498,-1.26408,4.40744,85.4877
-171.467,20.1763,-809.344,-1.92541,-4.95827,-166.511,-166.498,-1.69132,4.40405,85.4822
-171.467,20.1658,-808.829,-1.96731,-4.95605,-166.513,-166.498,-1.142,4.40176,85.4822
-171.467,20.1532,-808.318,-2.00946,-4.95394,-166.515,-166.5,-0.470618,4.40081,85.4767
-171.467,20.1407,-807.829,-2.06249,-4.95172,-166.518,-166.503,-1.142,4.39851,85.4658
-171.467,20.1288,-807.472,-2.1828,-4.94935,-166.521,-166.509,-0.531653,4.39743,85.4713
-171.467,20.1205,-807.102,-2.29329,-4.94642,-166.524,-166.511,-1.26408,4.39489,85.4713
-171.467,20.1119,-806.704,-2.38631,-4.9433,-166.527,-166.514,-1.75236,4.39137,85.4713
-171.467,20.1025,-806.252,-2.44825,-4.94004,-166.53,-166.515,-1.44718,4.38847,85.4603
-171.467,20.0916,-805.785,-2.5009,-4.93679,-166.534,-166.518,-1.32511,4.38581,85.4603
-171.467,20.0802,-805.291,-2.5383,-4.93346,-166.537,-166.521,-1.44718,4.3829,85.4658
-171.467,20.0681,-804.75,-2.54932,-4.93011,-166.54,-166.523,-1.26408,4.38036,85.4603
-171.467,20.0547,-804.079,-2.49251,-4.92686,-166.543,-166.523,-0.714759,4.37891,85.4603
-171.467,20.0377,-803.404,-2.43462,-4.92402,-166.546,-166.526,-1.08097,4.37674,85.4493
-171.467,20.0206,-802.83,-2.43038,-4.9213,-166.549,-166.531,-2.11857,4.37249,85.4438
-171.467,20.0062,-802.347,-2.474,-4.91836,-166.552,-166.536,-2.11857,4.36824,85.4438
-171.467,19.9944,-801.838,-2.50259,-4.91513,-166.555,-166.539,-1.26408,4.36571,85.4383
-171.467,19.9819,-801.311,-2.52072,-4.91189,-166.558,-166.542,-0.592689,4.36452,85.4383
-171.467,19.9689,-800.743,-2.51687,-4.90865,-166.561,-166.544,-1.87443,4.36076,85.4383
-171.467,19.9547,-800.148,-2.49858,-4.90552,-166.564,-166.546,-1.56925,4.35761,85.4328
-171.467,19.9398,-799.628,-2.52034,-4.90249,-166.568,-166.551,-1.38615,4.35483,85.4218
-171.467,19.927,-799.285,-2.63335,-4.89924,-166.572,-166.559,-2.42374,4.34996,85.4218
-171.467,19.919,-798.888,-2.71504,-4.89535,-166.576,-166.562,-2.42374,4.34509,85.4218
-171.467,19.9096,-798.459,-2.77765,-4.89141,-166.58,-166.565,-1.9965,4.34109,85.4164
-171.467,19.8992,-797.971,-2.80819,-4.88742,-166.583,-166.567,-1.56925,4.33794,85.4109
-171.467,19.8873,-797.528,-2.86098,-4.8835,-166.588,-166.572,-1.32511,4.33528,85.3999
-171.467,19.8765,-797.23,-2.98795,-4.87938,-166.592,-166.58,-1.87443,4.33152,85.4054
-171.467,19.8698,-796.925,-3.10789,-4.87465,-166.597,-166.585,-2.30167,4.3269,85.4054
-171.467,19.8629,-796.545,-3.18531,-4.86971,-166.602,-166.588,-2.42374,4.32203,85.3889
-171.467,19.8539,-796.266,-3.31326,-4.86476,-166.608,-166.595,-2.66788,4.31668,85.3889
-171.467,19.8477,-796.047,-3.46916,-4.85932,-166.614,-166.602,-2.48478,4.31169,85.3779
-171.467,19.8431,-795.698,-3.55303,-4.85344,-166.619,-166.605,-1.75236,4.30818,85.3779
-171.467,19.8349,-795.309,-3.6137,-4.84767,-166.625,-166.609,-1.50822,4.30515,85.3779
-171.467,19.8256,-794.895,-3.65932,-4.84187,-166.631,-166.615,-2.05753,4.30101,85.3614
-171.467,19.8156,-794.457,-3.69052,-4.83603,-166.637,-166.62,-2.24064,4.29652,85.356
-171.467,19.8049,-793.902,-3.65968,-4.83019,-166.642,-166.623,-2.78995,4.29092,85.3614
-171.467,19.7909,-793.22,-3.56298,-4.82467,-166.647,-166.625,-3.03409,4.28483,85.345
-171.467,19.7734,-792.562,-3.48058,-4.81964,-166.652,-166.631,-2.60685,4.2796,85.345
-171.467,19.7566,-791.931,-3.41411,-4.81472,-166.657,-166.636,-2.05753,4.27547,85.3395
-171.467,19.7406,-791.315,-3.35674,-4.80989,-166.662,-166.641,-2.05753,4.27134,85.3395
-171.467,19.725,-790.703,-3.30237,-4.80513,-166.667,-166.646,-2.54581,4.26623,85.3395
-171.467,19.7095,-789.994,-3.1982,-4.80048,-166.671,-166.648,-2.42374,4.26136,85.323
-171.467,19.6912,-789.336,-3.12288,-4.79625,-166.675,-166.654,-2.78995,4.25576,85.323
-171.467,19.6745,-788.822,-3.12479,-4.79207,-166.679,-166.662,-2.54581,4.25065,85.3175
-171.467,19.6617,-788.326,-3.13531,-4.78755,-166.684,-166.667,-2.05753,4.24652,85.323
-171.467,19.6494,-787.816,-3.13768,-4.78296,-166.689,-166.671,-1.38615,4.24374,85.312
-171.467,19.6368,-787.31,-3.14246,-4.7784,-166.693,-166.676,-1.56925,4.24059,85.312
-171.467,19.6242,-786.705,-3.09462,-4.77382,-166.697,-166.678,-1.9965,4.23658,85.312
-171.467,19.6089,-786.023,-3.00696,-4.76958,-166.701,-166.68,-2.05753,4.23245,85.3011
-171.467,19.5914,-785.285,-2.8925,-4.76568,-166.705,-166.683,-2.30167,4.22783,85.2956
-171.467,19.5725,-784.607,-2.81167,-4.76214,-166.708,-166.688,-2.30167,4.22322,85.2956
-171.467,19.5551,-783.884,-2.70897,-4.75863,-166.712,-166.69,-2.36271,4.21847,85.2956
-171.467,19.5366,-783.121,-2.58803,-4.75544,-166.714,-166.692,-1.63029,4.2152,85.2956
-171.467,19.5169,-782.234,-2.40471,-4.75258,-166.717,-166.692,-0.958899,4.21327,85.2901
-171.467,19.4938,-781.264,-2.18215,-4.75038,-166.718,-166.692,-1.01993,4.21122,85.2901
-171.467,19.4684,-780.329,-1.98305,-4.74883,-166.719,-166.694,-1.81339,4.20758,85.2901
-171.467,19.444,-779.435,-1.80996,-4.7476,-166.72,-166.697,-1.81339,4.20393,85.2736
-171.467,19.4208,-778.723,-1.73632,-4.74664,-166.722,-166.702,-1.26408,4.2014,85.2736
-171.467,19.4026,-778.046,-1.6826,-4.74541,-166.723,-166.704,-0.897864,4.1996,85.2736
-171.467,19.3854,-777.429,-1.6615,-4.74421,-166.724,-166.707,-0.409583,4.19877,85.2791
-171.467,19.3699,-776.845,-1.6582,-4.74291,-166.725,-166.709,-0.958899,4.19684,85.2736
-171.467,19.3553,-776.209,-1.62739,-4.74154,-166.727,-166.709,-1.44718,4.19393,85.2736
-171.467,19.3393,-775.621,-1.62221,-4.74037,-166.728,-166.712,-0.958899,4.192,85.2736
-171.467,19.3246,-774.96,-1.57946,-4.73909,-166.729,-166.711,-0.592689,4.19081,85.2791
-171.467,19.3079,-774.241,-1.50682,-4.73806,-166.73,-166.711,-0.714759,4.18937,85.2681
-171.467,19.2895,-773.505,-1.42716,-4.73732,-166.73,-166.711,0.200769,4.18977,85.2736
-171.467,19.2707,-772.836,-1.38445,-4.73678,-166.731,-166.713,0.68905,4.19115,85.2736
-171.467,19.2538,-772.133,-1.32504,-4.73618,-166.731,-166.713,0.383874,4.19191,85.2736
-171.467,19.2359,-771.406,-1.25412,-4.73577,-166.731,-166.713,-0.531653,4.19084,85.2736
-171.467,19.2173,-770.662,-1.1762,-4.73556,-166.731,-166.713,-0.165442,4.1905,85.2846
-171.467,19.1983,-769.787,-1.03198,-4.73555,-166.731,-166.709,0.139733,4.19077,85.2626
-171.467,19.1757,-768.967,-0.919601,-4.73614,-166.73,-166.71,0.383874,4.19154,85.2736
-171.467,19.1546,-768.266,-0.872235,-4.73683,-166.73,-166.712,0.93319,4.19341,85.2736
-171.467,19.1368,-767.577,-0.832781,-4.73735,-166.729,-166.712,1.05526,4.19553,85.2681
-171.467,19.1194,-766.92,-0.810585,-4.73792,-166.729,-166.712,0.81112,4.19715,85.2791
-171.467,19.1028,-766.17,-0.740434,-4.73847,-166.728,-166.709,0.505944,4.19815,85.2736
-171.467,19.0837,-765.456,-0.690822,-4.73937,-166.727,-166.709,0.68905,4.19953,85.2681
-171.467,19.0656,-764.794,-0.669402,-4.74029,-166.726,-166.71,0.68905,4.20091,85.2681
-171.467,19.0489,-764.271,-0.721764,-4.74114,-166.725,-166.713,0.81112,4.20254,85.2736
-171.467,19.0361,-763.665,-0.728866,-4.74154,-166.725,-166.71,1.42147,4.20539,85.2791
-171.467,19.0209,-763.065,-0.73948,-4.74213,-166.724,-166.71,1.23837,4.20787,85.2736
-171.467,19.006,-762.396,-0.713423,-4.74269,-166.724,-166.707,0.93319,4.20974,85.2791
-171.467,18.9891,-761.655,-0.651011,-4.74346,-166.722,-166.705,1.05526,4.21186,85.2791
-171.467,18.9703,-760.94,-0.603357,-4.74452,-166.721,-166.704,0.872155,4.2136,85.2791
-171.467,18.9521,-760.176,-0.5314,-4.74563,-166.72,-166.702,0.444909,4.21449,85.2791
-171.467,18.9326,-759.471,-0.492131,-4.74698,-166.719,-166.702,0.750085,4.21599,85.2846
-171.467,18.9148,-758.808,-0.47577,-4.74829,-166.717,-166.702,1.72665,4.21946,85.2846
-171.467,18.8981,-758.186,-0.480934,-4.74954,-166.716,-166.702,1.72665,4.22292,85.2846
-171.467,18.8825,-757.507,-0.456877,-4.75067,-166.715,-166.699,0.93319,4.22479,85.2901
-171.467,18.8654,-756.771,-0.403761,-4.75198,-166.713,-166.696,1.05526,4.22691,85.2846
-171.467,18.8467,-756.104,-0.387375,-4.75354,-166.712,-166.696,0.93319,4.22877,85.2846
-171.467,18.8299,-755.59,-0.452265,-4.75497,-166.711,-166.699,0.505944,4.22979,85.2846
-171.467,18.8174,-755.206,-0.582992,-4.75592,-166.711,-166.701,0.750085,4.23129,85.2846
-171.467,18.8085,-754.707,-0.650861,-4.7563,-166.71,-166.698,0.81112,4.23291,85.2901
-171.467,18.7964,-754.215,-0.720512,-4.7568,-166.71,-166.698,1.36044,4.23564,85.2846
-171.467,18.7844,-753.739,-0.797206,-4.75716,-166.71,-166.698,1.42147,4.23848,85.2901
-171.467,18.7729,-753.257,-0.868425,-4.75731,-166.71,-166.697,1.1163,4.24072,85.2846
-171.467,18.7612,-752.779,-0.940454,-4.75734,-166.71,-166.698,0.872155,4.24247,85.2846
-171.467,18.7497,-752.207,-0.961664,-4.7572,-166.71,-166.695,0.81112,4.2441,85.2846
-171.467,18.7355,-751.831,-1.08447,-4.75724,-166.71,-166.7,1.17733,4.24646,85.2846
-171.467,18.7267,-751.517,-1.23682,-4.75658,-166.712,-166.702,1.17733,4.24883,85.2846
-171.467,18.7197,-751.148,-1.35711,-4.75546,-166.713,-166.702,1.97079,4.25278,85.2846
-171.467,18.7111,-750.814,-1.49209,-4.75422,-166.714,-166.704,1.66561,4.25611,85.2846
-171.467,18.7035,-750.31,-1.53507,-4.75264,-166.716,-166.702,1.36044,4.25884,85.2901
-171.467,18.6911,-749.639,-1.48997,-4.75134,-166.716,-166.699,0.628015,4.26009,85.2901
-171.467,18.6742,-748.922,-1.42149,-4.75052,-166.717,-166.698,0.68905,4.26148,85.2846
-171.467,18.6559,-748.183,-1.3434,-4.74995,-166.717,-166.698,1.2994,4.26409,85.2846
-171.467,18.637,-747.432,-1.26041,-4.74959,-166.718,-166.698,1.78768,4.26768,85.2846
-171.467,18.6178,-746.567,-1.12051,-4.74943,-166.717,-166.696,1.84872,4.27139,85.2956
-171.467,18.5954,-745.696,-0.98034,-4.74981,-166.716,-166.695,0.994226,4.27339,85.2846
-171.467,18.5729,-744.862,-0.862938,-4.75049,-166.716,-166.695,0.81112,4.27501,85.2956
-171.467,18.5514,-744.04,-0.754869,-4.75134,-166.715,-166.695,1.36044,4.27774,85.2956
-171.467,18.5303,-743.239,-0.660406,-4.75238,-166.713,-166.694,1.23837,4.28023,85.2956
-171.467,18.5098,-742.511,-0.606448,-4.75355,-166.712,-166.695,1.66561,4.28358,85.2846
-171.467,18.4913,-741.929,-0.630436,-4.75467,-166.712,-166.698,1.97079,4.28753,85.2846
-171.467,18.4768,-741.38,-0.670738,-4.75541,-166.711,-166.698,1.90975,4.29136,85.2956
-171.467,18.4633,-740.826,-0.707585,-4.756,-166.71,-166.697,1.97079,4.29531,85.2846
-171.467,18.4496,-740.297,-0.756771,-4.75652,-166.71,-166.697,2.09286,4.29951,85.2846
-171.467,18.4367,-739.88,-0.862867,-4.75687,-166.71,-166.7,1.48251,4.30249,85.2846
-171.467,18.4268,-739.456,-0.963042,-4.75676,-166.711,-166.699,1.60458,4.30571,85.2846
-171.467,18.4167,-739.017,-1.05322,-4.75646,-166.711,-166.699,1.72665,4.30917,85.2791
-171.467,18.4062,-738.574,-1.13895,-4.75601,-166.712,-166.7,2.09286,4.31337,85.2846
-171.467,18.3956,-738.196,-1.25653,-4.7554,-166.713,-166.702,1.90975,4.3172,85.2846
-171.467,18.3868,-737.739,-1.32998,-4.75439,-166.714,-166.701,1.66561,4.32055,85.2846
-171.467,18.3758,-737.237,-1.37775,-4.7534,-166.715,-166.701,1.90975,4.32437,85.2846
-171.467,18.3635,-736.69,-1.40131,-4.75243,-166.715,-166.701,1.78768,4.32796,85.2846
-171.467,18.35,-736.102,-1.40263,-4.75152,-166.716,-166.701,1.54354,4.33106,85.2901
-171.467,18.3353,-735.369,-1.32812,-4.75068,-166.717,-166.698,1.23837,4.33355,85.2901
-171.467,18.3166,-734.596,-1.23406,-4.75034,-166.717,-166.697,1.54354,4.33665,85.2846
-171.467,18.2967,-733.825,-1.14365,-4.75029,-166.717,-166.697,1.60458,4.33986,85.2846
-171.467,18.277,-733.155,-1.10845,-4.75041,-166.717,-166.7,1.42147,4.34272,85.2901
-171.467,18.2601,-732.466,-1.0637,-4.75037,-166.717,-166.699,0.750085,4.34422,85.2846
-171.467,18.2426,-731.779,-1.02143,-4.75046,-166.716,-166.699,0.750085,4.34573,85.2846
-171.467,18.2252,-731.084,-0.975427,-4.75064,-166.716,-166.699,0.750085,4.34724,85.2901
-171.467,18.2076,-730.292,-0.880618,-4.75094,-166.715,-166.696,1.17733,4.34961,85.2901
-171.467,18.1873,-729.521,-0.798505,-4.75165,-166.714,-166.696,1.1163,4.35185,85.2956
-171.467,18.1675,-728.76,-0.724046,-4.75249,-166.714,-166.695,0.994226,4.35385,85.2901
-171.467,18.1481,-728.032,-0.668266,-4.75344,-166.713,-166.695,1.05526,4.35596,85.2901
-171.467,18.1296,-727.352,-0.639713,-4.75444,-166.712,-166.695,0.750085,4.35746,85.2901
-171.467,18.1125,-726.704,-0.628183,-4.75538,-166.711,-166.695,0.261804,4.35798,85.2901
-171.467,18.0962,-725.994,-0.584445,-4.75628,-166.71,-166.693,0.0176631,4.35802,85.2901
-171.467,18.0782,-725.33,-0.565689,-4.75742,-166.708,-166.693,0.383874,4.35879,85.2956
-171.467,18.0615,-724.6,-0.513792,-4.75848,-166.707,-166.69,0.750085,4.3603,85.2956
-171.467,18.0429,-723.84,-0.446694,-4.7598,-166.706,-166.688,0.750085,4.3618,85.2956
-171.467,18.0235,-723.047,-0.364482,-4.76132,-166.704,-166.686,-0.165442,4.36147,85.2901
-171.467,18.0033,-722.345,-0.331769,-4.7631,-166.702,-166.686,-0.592689,4.36027,85.2846
-171.467,17.9855,-721.833,-0.399818,-4.76473,-166.701,-166.689,-0.836829,4.3586,85.2846
-171.467,17.9731,-721.389,-0.50138,-4.76578,-166.701,-166.69,-0.165442,4.35827,85.2846
-171.467,17.9625,-720.875,-0.563526,-4.76647,-166.7,-166.687,-0.165442,4.35793,85.2846
-171.467,17.9499,-720.512,-0.703621,-4.7672,-166.7,-166.691,-0.226478,4.35748,85.2846
-171.467,17.9416,-720.175,-0.853816,-4.76729,-166.7,-166.691,0.139733,4.35775,85.2956
-171.467,17.934,-719.725,-0.941766,-4.76702,-166.7,-166.689,0.0786982,4.35791,85.2846
-171.467,17.9232,-719.204,-0.990008,-4.76682,-166.7,-166.687,-0.348548,4.35721,85.2846
-171.467,17.9104,-718.772,-1.08364,-4.76668,-166.701,-166.689,-0.226478,4.35676,85.2846
-171.467,17.9001,-718.344,-1.17751,-4.76615,-166.702,-166.69,-0.775794,4.3552,85.2846
-171.467,17.8899,-717.912,-1.26655,-4.76541,-166.702,-166.691,-0.348548,4.3545,85.2901
-171.467,17.8796,-717.452,-1.33852,-4.76451,-166.703,-166.691,0.139733,4.35477,85.2846
-171.467,17.8685,-717.067,-1.44824,-4.76352,-166.705,-166.694,-0.165442,4.35443,85.2846
-171.467,17.8594,-716.641,-1.53392,-4.76214,-166.706,-166.694,-0.531653,4.35337,85.2846
-171.467,17.8493,-716.263,-1.6424,-4.76068,-166.708,-166.697,-0.409583,4.35255,85.2956
-171.467,17.8404,-715.697,-1.64997,-4.75888,-166.709,-166.694,-0.775794,4.351,85.2846
-171.467,17.8263,-715.091,-1.63622,-4.7575,-166.711,-166.694,-0.409583,4.35018,85.2956
-171.467,17.8111,-714.417,-1.58708,-4.75623,-166.712,-166.694,-0.104407,4.34998,85.2956
-171.467,17.794,-713.717,-1.52559,-4.75522,-166.713,-166.694,-0.348548,4.34928,85.2901
-171.467,17.7762,-713.075,-1.49609,-4.7544,-166.713,-166.696,0.0786982,4.34944,85.2846
-171.467,17.76,-712.404,-1.45208,-4.7535,-166.714,-166.696,0.139733,4.34972,85.2846
-171.467,17.7431,-711.711,-1.39701,-4.75276,-166.715,-166.697,-0.836829,4.34804,85.2846
-171.467,17.7254,-711.093,-1.38278,-4.75219,-166.716,-166.699,-0.531653,4.34697,85.2846
-171.467,17.7099,-710.353,-1.30516,-4.75146,-166.716,-166.697,-0.104407,4.34677,85.2901
-171.467,17.691,-709.5,-1.1702,-4.75118,-166.716,-166.694,0.139733,4.34705,85.2901
-171.467,17.669,-708.563,-0.994458,-4.75143,-166.715,-166.692,0.0786982,4.34721,85.2846
-171.467,17.6446,-707.768,-0.8976,-4.75224,-166.714,-166.695,-0.348548,4.34651,85.2846
-171.467,17.6242,-707.012,-0.823308,-4.75292,-166.713,-166.695,-0.287513,4.34592,85.2846
-171.467,17.6049,-706.388,-0.819864,-4.75366,-166.713,-166.697,-0.104407,4.34572,85.2846
-171.467,17.5893,-705.693,-0.779221,-4.75411,-166.712,-166.695,0.322839,4.34637,85.2901
-171.467,17.5717,-704.928,-0.702863,-4.75481,-166.711,-166.693,-0.348548,4.34567,85.2846
-171.467,17.5522,-704.218,-0.657579,-4.75582,-166.71,-166.693,0.139733,4.34595,85.2846
-171.467,17.5342,-703.562,-0.64151,-4.7568,-166.709,-166.694,0.628015,4.34721,85.2846
-171.467,17.5177,-702.848,-0.595594,-4.75769,-166.708,-166.691,0.0176631,4.34724,85.2846
-171.467,17.4996,-702.198,-0.584512,-4.75881,-166.707,-166.692,-0.165442,4.34691,85.2901
-171.467,17.4832,-701.592,-0.5965,-4.75981,-166.706,-166.692,-0.165442,4.34657,85.2846
-171.467,17.4681,-701.039,-0.636027,-4.76067,-166.706,-166.692,-0.287513,4.346,85.2846
-171.467,17.4545,-700.438,-0.649405,-4.76134,-166.705,-166.69,0.322839,4.34665,85.2846
-171.467,17.4395,-699.889,-0.690002,-4.76209,-166.704,-166.691,0.200769,4.34705,85.2846
-171.467,17.426,-699.291,-0.703871,-4.76264,-166.704,-166.689,0.322839,4.34769,85.2846
-171.467,17.4111,-698.651,-0.695853,-4.76326,-166.703,-166.687,0.261804,4.34822,85.2901
-171.467,17.3951,-698.057,-0.711357,-4.764,-166.702,-166.688,-0.165442,4.34788,85.2901
-171.467,17.3803,-697.408,-0.698484,-4.7646,-166.702,-166.686,-0.0433721,4.3478,85.2901
-171.467,17.364,-696.84,-0.727777,-4.76535,-166.701,-166.687,-0.409583,4.34698,85.2901
-171.467,17.3499,-696.307,-0.77547,-4.76587,-166.701,-166.688,0.0786982,4.34714,85.2846
-171.467,17.3369,-695.819,-0.844764,-4.7662,-166.701,-166.688,0.322839,4.34779,85.2846
-171.467,17.325,-695.362,-0.928951,-4.7663,-166.701,-166.689,0.81112,4.34942,85.2901
-171.467,17.3141,-694.911,-1.01419,-4.76615,-166.701,-166.689,0.68905,4.3508,85.2901
-171.467,17.3032,-694.38,-1.05557,-4.76581,-166.701,-166.688,-0.226478,4.35034,85.2901
-171.467,17.2902,-693.947,-1.14699,-4.76556,-166.702,-166.69,-0.897864,4.34854,85.2846
-171.467,17.2798,-693.51,-1.23448,-4.7649,-166.703,-166.691,0.0786982,4.3487,85.2901
-171.467,17.2694,-693.047,-1.30579,-4.76407,-166.704,-166.691,0.322839,4.34935,85.2846
-171.467,17.2582,-692.568,-1.36718,-4.76316,-166.705,-166.692,0.322839,4.35,85.2846
-171.467,17.2466,-691.978,-1.36868,-4.76216,-166.706,-166.69,0.139733,4.35027,85.2901
-171.467,17.2318,-691.367,-1.35944,-4.76141,-166.706,-166.69,0.505944,4.35128,85.2901
-171.467,17.2165,-690.646,-1.29286,-4.76072,-166.707,-166.688,0.139733,4.35156,85.2901
-171.467,17.1981,-689.835,-1.18102,-4.76042,-166.706,-166.686,-0.165442,4.35122,85.2846
-171.467,17.1773,-689.065,-1.09291,-4.76056,-166.706,-166.687,-0.409583,4.3504,85.2846
-171.467,17.1576,-688.244,-0.980837,-4.76079,-166.706,-166.685,-0.0433721,4.35031,85.2956
-171.467,17.1365,-687.453,-0.886645,-4.76137,-166.705,-166.686,0.444909,4.35121,85.2901
-171.467,17.1162,-686.618,-0.772045,-4.76206,-166.704,-166.684,0.261804,4.35172,85.2846
-171.467,17.0947,-685.865,-0.70291,-4.76309,-166.703,-166.685,0.322839,4.35237,85.2956
-171.467,17.0755,-685.067,-0.611935,-4.76407,-166.702,-166.683,-0.287513,4.35179,85.2956
-171.467,17.055,-684.362,-0.572326,-4.76534,-166.701,-166.684,-0.531653,4.35072,85.2901
-171.467,17.0372,-683.914,-0.667554,-4.76649,-166.7,-166.689,-0.104407,4.35051,85.2846
-171.467,17.0265,-683.506,-0.781557,-4.76684,-166.7,-166.69,0.261804,4.35104,85.2846
-171.467,17.0169,-683.217,-0.954818,-4.76688,-166.701,-166.693,0.383874,4.35181,85.2901
-171.467,17.0105,-682.813,-1.06413,-4.7663,-166.701,-166.69,0.0786982,4.35196,85.2901
-171.467,17.001,-682.41,-1.17106,-4.76574,-166.702,-166.691,-0.165442,4.35162,85.3011
-171.467,16.9915,-681.859,-1.19851,-4.76496,-166.703,-166.688,-0.775794,4.35007,85.2846
-171.467,16.9779,-681.319,-1.23061,-4.76447,-166.703,-166.689,-0.348548,4.34936,85.2846
-171.467,16.9646,-680.783,-1.26384,-4.76388,-166.704,-166.689,0.0176631,4.3494,85.2846
-171.467,16.9514,-680.246,-1.29595,-4.76322,-166.704,-166.69,0.383874,4.35017,85.2846
-171.467,16.9381,-679.613,-1.27675,-4.7625,-166.705,-166.688,0.200769,4.35057,85.2901
-171.467,16.9222,-678.974,-1.25545,-4.76204,-166.705,-166.689,-0.287513,4.34999,85.2901
-171.467,16.9061,-678.332,-1.23239,-4.76163,-166.706,-166.689,-0.104407,4.34978,85.2901
-171.467,16.89,-677.686,-1.20845,-4.76127,-166.706,-166.689,-0.226478,4.34933,85.2901
-171.467,16.8737,-677.132,-1.23275,-4.76097,-166.707,-166.692,-0.287513,4.34876,85.2901
-171.467,16.86,-676.468,-1.19864,-4.76041,-166.707,-166.69,0.200769,4.34917,85.2901
-171.467,16.8432,-675.804,-1.16562,-4.76018,-166.707,-166.69,0.200769,4.34958,85.2901
-171.467,16.8264,-675.142,-1.13479,-4.76001,-166.707,-166.69,0.56698,4.35072,85.2846
-171.467,16.8097,-674.5,-1.1145,-4.7599,-166.707,-166.691,0.261804,4.35124,85.2846
-171.467,16.7936,-673.874,-1.10367,-4.7598,-166.707,-166.691,0.0176631,4.35127,85.2846
-171.467,16.7779,-673.172,-1.05297,-4.75967,-166.707,-166.689,-0.165442,4.35094,85.2956
-171.467,16.76,-672.471,-1.00406,-4.75982,-166.707,-166.689,-0.226478,4.35049,85.2901
-171.467,16.7423,-671.789,-0.966724,-4.76007,-166.707,-166.69,-0.0433721,4.35041,85.2846
-171.467,16.725,-671.144,-0.949099,-4.76035,-166.706,-166.69,0.0176631,4.35044,85.2846
-171.467,16.7088,-670.532,-0.949022,-4.76059,-166.706,-166.691,0.56698,4.35158,85.2846
-171.467,16.6935,-669.916,-0.94755,-4.76075,-166.706,-166.691,-0.348548,4.35088,85.2846
-171.467,16.6781,-669.33,-0.960999,-4.76092,-166.706,-166.691,-0.653724,4.34956,85.2901
-171.467,16.6635,-668.844,-1.02687,-4.761,-166.706,-166.694,0.505944,4.35058,85.2846
-171.467,16.6517,-668.361,-1.09254,-4.76071,-166.707,-166.694,0.0176631,4.35062,85.2901
-171.467,16.64,-667.858,-1.1465,-4.76027,-166.707,-166.694,-0.104407,4.35042,85.2901
-171.467,16.6277,-667.349,-1.19577,-4.75978,-166.708,-166.694,0.56698,4.35156,85.2846
-171.467,16.6152,-666.829,-1.2382,-4.75919,-166.708,-166.695,0.322839,4.35221,85.2956
-171.467,16.6025,-666.173,-1.20831,-4.75855,-166.709,-166.692,-0.592689,4.35101,85.2901
-171.467,16.5859,-665.603,-1.22401,-4.75828,-166.709,-166.694,-0.470618,4.35007,85.2901
-171.467,16.5718,-665.01,-1.22723,-4.75777,-166.71,-166.694,0.139733,4.35035,85.2901
-171.467,16.5569,-664.381,-1.21183,-4.75732,-166.71,-166.694,-0.104407,4.35015,85.2846
-171.467,16.5412,-663.66,-1.14853,-4.75698,-166.71,-166.692,-0.287513,4.34957,85.2956
-171.467,16.5228,-662.928,-1.08085,-4.75698,-166.71,-166.691,0.505944,4.35059,85.2846
-171.467,16.5041,-662.222,-1.02856,-4.75714,-166.71,-166.692,0.505944,4.35161,85.2846
-171.467,16.4862,-661.635,-1.03981,-4.75735,-166.71,-166.695,-0.0433721,4.35151,85.2846
-171.467,16.4716,-661.056,-1.0547,-4.75727,-166.71,-166.695,-0.592689,4.35033,85.2846
-171.467,16.4572,-660.574,-1.12001,-4.75713,-166.71,-166.698,-0.958899,4.34841,85.2846
-171.467,16.4455,-660.167,-1.22326,-4.75664,-166.711,-166.7,0.81112,4.35004,85.2901
-171.467,16.4359,-659.708,-1.2962,-4.75576,-166.712,-166.7,0.93319,4.35192,85.2901
-171.467,16.4248,-659.103,-1.2913,-4.75486,-166.713,-166.697,0.505944,4.35294,85.2901
-171.467,16.4096,-658.558,-1.31818,-4.7543,-166.713,-166.699,-0.226478,4.35249,85.2956
-171.467,16.3962,-657.862,-1.2647,-4.75355,-166.714,-166.696,0.261804,4.35302,85.2846
-171.467,16.3785,-657.161,-1.21052,-4.75325,-166.714,-166.696,0.0786982,4.35318,85.2846
-171.467,16.3607,-656.553,-1.20616,-4.75307,-166.714,-166.698,-0.287513,4.3526,85.2956
-171.467,16.3455,-655.809,-1.13062,-4.75269,-166.714,-166.695,-0.531653,4.35154,85.2956
-171.467,16.3265,-654.986,-1.01539,-4.75277,-166.714,-166.693,-0.226478,4.35109,85.2846
-171.467,16.3053,-654.196,-0.920913,-4.75328,-166.713,-166.694,0.444909,4.35198,85.2956
-171.467,16.2851,-653.323,-0.784702,-4.75389,-166.712,-166.691,0.444909,4.35287,85.2846
-171.467,16.2625,-652.606,-0.73375,-4.75499,-166.711,-166.694,-0.287513,4.35229,85.2901
-171.467,16.2443,-651.829,-0.652382,-4.75582,-166.71,-166.691,-0.653724,4.35098,85.2901
-171.467,16.2244,-651.194,-0.64738,-4.75697,-166.709,-166.694,-1.08097,4.34881,85.2901
-171.467,16.2085,-650.682,-0.707083,-4.7578,-166.709,-166.696,-0.226478,4.34836,85.2846
-171.467,16.196,-650.193,-0.777442,-4.75822,-166.709,-166.696,0.505944,4.34938,85.2956
-171.467,16.1842,-649.599,-0.79059,-4.75846,-166.708,-166.693,0.0786982,4.34954,85.2846
-171.467,16.1694,-649.035,-0.819718,-4.75889,-166.708,-166.694,-0.226478,4.34907,85.2846
-171.467,16.1554,-648.482,-0.853783,-4.75921,-166.708,-166.694,0.139733,4.34935,85.2846
-171.467,16.1418,-647.951,-0.898831,-4.75943,-166.707,-166.694,-0.592689,4.34816,85.2901
-171.467,16.1287,-647.421,-0.942803,-4.75949,-166.708,-166.694,-0.0433721,4.34808,85.2901
-171.467,16.1157,-646.888,-0.984318,-4.75948,-166.708,-166.694,0.383874,4.34885,85.2846
-171.467,16.1026,-646.363,-1.02931,-4.75939,-166.708,-166.694,0.139733,4.34913,85.2846
-171.467,16.0897,-645.813,-1.05947,-4.75918,-166.708,-166.694,-0.409583,4.34831,85.2846
-171.467,16.0761,-645.359,-1.13994,-4.75898,-166.709,-166.697,0.261804,4.34883,85.2901
-171.467,16.0652,-644.874,-1.2016,-4.75837,-166.709,-166.696,-0.165442,4.34849,85.2901
-171.467,16.0534,-644.354,-1.24379,-4.75772,-166.71,-166.696,-0.287513,4.34791,85.2846
-171.467,16.0406,-643.816,-1.27509,-4.75706,-166.711,-166.696,0.0176631,4.34795,85.2846
-171.467,16.0274,-643.35,-1.34347,-4.75638,-166.712,-166.699,-0.165442,4.34762,85.2846
-171.467,16.0161,-642.845,-1.38966,-4.7554,-166.713,-166.699,0.0786982,4.34778,85.2901
-171.467,16.0037,-642.194,-1.35837,-4.75441,-166.713,-166.696,0.322839,4.34842,85.2846
-171.467,15.9873,-641.526,-1.31937,-4.75383,-166.714,-166.696,0.261804,4.34894,85.2956
-171.467,15.9704,-640.817,-1.25911,-4.75335,-166.714,-166.696,0.0786982,4.34909,85.2956
-171.467,15.9523,-640.09,-1.19158,-4.75309,-166.714,-166.695,-0.409583,4.34827,85.2846
-171.467,15.9338,-639.37,-1.12876,-4.75301,-166.714,-166.696,-0.409583,4.34745,85.2901
-171.467,15.9155,-638.737,-1.11317,-4.75305,-166.714,-166.698,0.0786982,4.34761,85.2901
-171.467,15.8996,-638.085,-1.08812,-4.75291,-166.714,-166.698,0.68905,4.349,85.2901
-171.467,15.8832,-637.42,-1.05666,-4.75287,-166.714,-166.697,-0.348548,4.34829,85.2901
-171.467,15.8664,-636.853,-1.07757,-4.75292,-166.714,-166.7,-0.470618,4.34734,85.2846
-171.467,15.8523,-636.276,-1.09208,-4.75272,-166.714,-166.7,-0.0433721,4.34726,85.2791
-171.467,15.838,-635.702,-1.10819,-4.7525,-166.715,-166.7,0.322839,4.3479,85.2901
-171.467,15.8237,-635.099,-1.10903,-4.75224,-166.715,-166.699,0.0786982,4.34806,85.2901
-171.467,15.8086,-634.38,-1.04868,-4.75205,-166.715,-166.697,-0.775794,4.34651,85.2901
-171.467,15.7903,-633.66,-0.989235,-4.75225,-166.714,-166.696,0.261804,4.34704,85.2901
-171.467,15.772,-632.943,-0.9332,-4.75258,-166.714,-166.696,0.200769,4.34743,85.2846
-171.467,15.7538,-632.249,-0.890607,-4.75301,-166.714,-166.696,0.383874,4.3482,85.2791
-171.467,15.7362,-631.688,-0.918075,-4.75347,-166.713,-166.699,-0.104407,4.34798,85.2846
-171.467,15.7223,-631.037,-0.898322,-4.75358,-166.713,-166.697,-0.165442,4.34765,85.2846
-171.467,15.706,-630.39,-0.881034,-4.75393,-166.713,-166.697,0.0176631,4.34769,85.2846
-171.467,15.6897,-629.672,-0.826879,-4.75432,-166.712,-166.694,0.56698,4.34883,85.2846
-171.467,15.6714,-628.899,-0.745741,-4.75497,-166.711,-166.692,0.139733,4.34911,85.2901
-171.467,15.6517,-628.166,-0.687095,-4.75592,-166.71,-166.692,-0.409583,4.34828,85.2956
-171.467,15.633,-627.366,-0.595145,-4.75689,-166.709,-166.69,-0.226478,4.34783,85.2956
-171.467,15.6125,-626.611,-0.52906,-4.7582,-166.707,-166.69,0.261804,4.34836,85.2846
-171.467,15.5933,-625.842,-0.457081,-4.75954,-166.706,-166.688,0.383874,4.34912,85.2846
-171.467,15.5737,-625.162,-0.43379,-4.76107,-166.705,-166.689,-0.287513,4.34855,85.2901
-171.467,15.5565,-624.549,-0.445938,-4.76243,-166.703,-166.689,-0.165442,4.34823,85.2846
-171.467,15.5412,-624.009,-0.496022,-4.76362,-166.702,-166.69,0.139733,4.34851,85.2846
-171.467,15.528,-623.515,-0.569095,-4.76455,-166.702,-166.69,0.322839,4.34915,85.2901
-171.467,15.516,-623.056,-0.658695,-4.76522,-166.701,-166.69,0.383874,4.34992,85.2846
-171.467,15.505,-622.73,-0.815462,-4.76563,-166.702,-166.693,-0.409583,4.3491,85.2956
-171.467,15.4977,-622.38,-0.956114,-4.76541,-166.702,-166.693,-0.287513,4.34853,85.2901
-171.467,15.4896,-622.013,-1.08465,-4.76496,-166.703,-166.693,0.0176631,4.34857,85.2901
-171.467,15.4812,-621.529,-1.14863,-4.76428,-166.703,-166.69,-0.165442,4.34824,85.2901
-171.467,15.4694,-620.938,-1.15549,-4.76373,-166.704,-166.688,-0.165442,4.34791,85.2901
-171.467,15.4547,-620.349,-1.16272,-4.76341,-166.704,-166.689,-0.287513,4.34733,85.2901
-171.467,15.44,-619.758,-1.16948,-4.76309,-166.704,-166.689,0.139733,4.3476,85.2846
-171.467,15.4253,-619.182,-1.18306,-4.76275,-166.705,-166.69,0.0786982,4.34776,85.2846
-171.467,15.4109,-618.799,-1.29755,-4.76235,-166.706,-166.695,-0.226478,4.34731,85.2956
-171.467,15.402,-618.262,-1.32844,-4.76127,-166.707,-166.692,0.0176631,4.34735,85.2846
-171.467,15.3887,-617.804,-1.40032,-4.76048,-166.708,-166.695,0.0176631,4.34739,85.2901
-171.467,15.3777,-617.298,-1.44487,-4.75936,-166.709,-166.695,-0.104407,4.34718,85.2846
-171.467,15.3653,-616.851,-1.5194,-4.75825,-166.71,-166.697,-0.348548,4.34648,85.2846
-171.467,15.3545,-616.354,-1.56541,-4.75686,-166.711,-166.697,-0.531653,4.34541,85.2901
-171.467,15.3423,-615.79,-1.57569,-4.75549,-166.713,-166.697,-0.226478,4.34495,85.2846
-171.467,15.3283,-615.089,-1.51412,-4.75425,-166.714,-166.695,0.200769,4.34536,85.2901
-171.467,15.3105,-614.353,-1.43517,-4.75346,-166.714,-166.695,0.0176631,4.3454,85.2901
-171.467,15.2917,-613.589,-1.34405,-4.7529,-166.714,-166.695,-0.104407,4.34519,85.2901
-171.467,15.2721,-612.888,-1.28736,-4.7526,-166.715,-166.697,-0.165442,4.34487,85.2901
-171.467,15.2543,-612.072,-1.17226,-4.75227,-166.715,-166.694,0.139733,4.34515,85.2846
-171.467,15.2333,-611.367,-1.11828,-4.75243,-166.715,-166.697,0.68905,4.34653,85.2791
-171.467,15.2154,-610.684,-1.07681,-4.75246,-166.714,-166.697,-0.104407,4.34632,85.2956
-171.467,15.1981,-609.977,-1.02371,-4.75251,-166.714,-166.697,-0.409583,4.3455,85.2956
-171.467,15.1801,-609.285,-0.979492,-4.75273,-166.714,-166.697,0.0176631,4.34554,85.2901
-171.467,15.1626,-608.501,-0.888939,-4.75301,-166.713,-166.694,0.322839,4.34619,85.2846
-171.467,15.1425,-607.849,-0.869055,-4.75367,-166.713,-166.697,0.0176631,4.34622,85.2846
-171.467,15.1261,-607.126,-0.812647,-4.75409,-166.712,-166.695,0.0786982,4.34637,85.2901
-171.467,15.1077,-606.427,-0.769992,-4.75478,-166.711,-166.694,-0.470618,4.34542,85.2901
-171.467,15.09,-605.752,-0.741597,-4.75551,-166.711,-166.694,-0.287513,4.34484,85.2901
-171.467,15.073,-605.103,-0.726831,-4.75623,-166.71,-166.694,-0.104407,4.34464,85.2846
-171.467,15.0567,-604.492,-0.732942,-4.75693,-166.709,-166.695,-0.287513,4.34406,85.2846
-171.467,15.0414,-603.917,-0.757472,-4.75753,-166.709,-166.695,0.139733,4.34435,85.2846
-171.467,15.0272,-603.371,-0.79631,-4.75799,-166.709,-166.695,0.322839,4.34499,85.2846
-171.467,15.0137,-602.831,-0.837605,-4.75831,-166.708,-166.695,0.261804,4.34551,85.2846
-171.467,15.0004,-602.309,-0.887747,-4.75852,-166.708,-166.695,0.0786982,4.34567,85.2846
-171.467,14.9876,-601.801,-0.943422,-4.75861,-166.708,-166.695,-0.287513,4.34509,85.2901
-171.467,14.9752,-601.192,-0.945015,-4.75854,-166.708,-166.693,-0.104407,4.34488,85.2846
-171.467,14.96,-600.697,-1.00633,-4.7587,-166.709,-166.696,-0.348548,4.34418,85.2846
-171.467,14.9479,-600.2,-1.0656,-4.75847,-166.709,-166.696,-0.0433721,4.34409,85.2901
-171.467,14.9359,-599.591,-1.06423,-4.75813,-166.709,-166.693,-0.0433721,4.344,85.2956
-171.467,14.9206,-598.963,-1.05308,-4.75805,-166.709,-166.693,0.444909,4.3449,85.2956
-171.467,14.9049,-598.319,-1.03405,-4.75803,-166.709,-166.693,0.139733,4.34518,85.2901
-171.467,14.8887,-597.588,-0.969481,-4.75809,-166.708,-166.69,-0.348548,4.34448,85.2901
-171.467,14.87,-596.956,-0.958946,-4.75848,-166.708,-166.692,0.0176631,4.34451,85.2901
-171.467,14.8542,-596.334,-0.953451,-4.75866,-166.708,-166.693,0.0786982,4.34467,85.2956
-171.467,14.8386,-595.705,-0.944735,-4.75884,-166.708,-166.692,0.200769,4.34507,85.2956
-171.467,14.8228,-595.072,-0.933997,-4.75904,-166.708,-166.692,-0.0433721,4.34498,85.2956
-171.467,14.8069,-594.437,-0.922129,-4.75928,-166.707,-166.692,0.0786982,4.34513,85.2956
-171.467,14.791,-593.832,-0.92655,-4.75955,-166.707,-166.692,-0.287513,4.34455,85.2846
-171.467,14.7759,-593.252,-0.944343,-4.75974,-166.707,-166.693,0.139733,4.34483,85.2901
-171.467,14.7615,-592.586,-0.916277,-4.75984,-166.707,-166.69,0.0176631,4.34487,85.2846
-171.467,14.7447,-591.958,-0.908548,-4.76019,-166.707,-166.691,0.383874,4.34564,85.2846
-171.467,14.7289,-591.361,-0.917852,-4.76046,-166.706,-166.691,0.0786982,4.34579,85.2846
-171.467,14.7141,-590.685,-0.885428,-4.76066,-166.706,-166.689,-0.897864,4.34398,85.2846
-171.467,14.697,-590.053,-0.876539,-4.76109,-166.706,-166.69,-0.165442,4.34364,85.2901
-171.467,14.6811,-589.352,-0.831978,-4.76145,-166.705,-166.688,-0.348548,4.34294,85.2901
-171.467,14.6633,-588.689,-0.808731,-4.76205,-166.704,-166.688,-0.592689,4.34175,85.2901
-171.467,14.6467,-588.063,-0.804879,-4.76261,-166.704,-166.688,0.139733,4.34204,85.2901
-171.467,14.631,-587.668,-0.922329,-4.7631,-166.704,-166.694,0.139733,4.34232,85.2901
-171.467,14.6217,-587.168,-0.981962,-4.76281,-166.704,-166.691,0.322839,4.34297,85.2846
-171.467,14.6095,-586.682,-1.04717,-4.76265,-166.705,-166.692,-0.226478,4.34251,85.2846
-171.467,14.5977,-586.108,-1.06535,-4.76232,-166.705,-166.69,-0.409583,4.34169,85.2846
-171.467,14.5835,-585.552,-1.09205,-4.76216,-166.705,-166.691,0.261804,4.34221,85.2846
-171.467,14.5697,-584.977,-1.10827,-4.7619,-166.705,-166.69,-0.409583,4.3414,85.2956
-171.467,14.5554,-584.384,-1.11483,-4.76164,-166.706,-166.69,0.383874,4.34217,85.2846
-171.467,14.5407,-583.713,-1.08026,-4.76141,-166.706,-166.689,0.0786982,4.34234,85.2901
-171.467,14.5237,-583.056,-1.05381,-4.76143,-166.706,-166.689,-0.104407,4.34213,85.2901
-171.467,14.5071,-582.505,-1.08327,-4.76148,-166.706,-166.692,-0.226478,4.34166,85.2901
-171.467,14.4935,-582.041,-1.15744,-4.76122,-166.706,-166.694,0.444909,4.34256,85.2901
-171.467,14.4823,-581.55,-1.21604,-4.76061,-166.707,-166.694,0.261804,4.34309,85.2846
-171.467,14.4703,-581.046,-1.26646,-4.75995,-166.708,-166.694,0.139733,4.34337,85.2846
-171.467,14.458,-580.525,-1.30664,-4.75921,-166.709,-166.695,-0.836829,4.34169,85.2846
-171.467,14.4452,-579.864,-1.27201,-4.75843,-166.709,-166.692,-0.470618,4.34075,85.2956
-171.467,14.4285,-579.205,-1.23988,-4.75803,-166.709,-166.692,0.444909,4.34164,85.2846
-171.467,14.4119,-578.551,-1.21102,-4.7577,-166.71,-166.693,-0.165442,4.3413,85.2846
-171.467,14.3954,-577.902,-1.18536,-4.75742,-166.71,-166.693,-0.104407,4.34109,85.2901
-171.467,14.379,-577.243,-1.15525,-4.75717,-166.71,-166.693,0.444909,4.34199,85.2846
-171.467,14.3624,-576.501,-1.08237,-4.75701,-166.71,-166.691,0.261804,4.34252,85.2846
-171.467,14.3435,-575.587,-0.92148,-4.75719,-166.709,-166.687,-0.165442,4.34219,85.2901
-171.467,14.3198,-574.727,-0.792573,-4.75809,-166.708,-166.687,-0.348548,4.34149,85.2846
-171.467,14.2976,-574.033,-0.753519,-4.75914,-166.707,-166.69,0.200769,4.34189,85.2956
-171.467,14.28,-573.362,-0.727229,-4.75989,-166.706,-166.69,0.261804,4.34242,85.2956
-171.467,14.2631,-572.712,-0.713407,-4.76064,-166.706,-166.69,-0.348548,4.34172,85.2956
-171.467,14.2468,-572.009,-0.67164,-4.76137,-166.705,-166.688,-0.348548,4.34102,85.2901
-171.467,14.2289,-571.357,-0.657868,-4.76229,-166.704,-166.688,0.0176631,4.34106,85.2846
-171.467,14.2126,-570.768,-0.677027,-4.76314,-166.703,-166.689,0.0786982,4.34122,85.2846
-171.467,14.1979,-570.232,-0.723544,-4.76381,-166.703,-166.69,-0.0433721,4.34114,85.2846
-171.467,14.1847,-569.831,-0.839667,-4.76426,-166.703,-166.693,0.0786982,4.34129,85.2846
-171.467,14.1753,-569.412,-0.943738,-4.76417,-166.703,-166.692,0.444909,4.34218,85.2846
-171.467,14.1654,-569.001,-1.04922,-4.76389,-166.704,-166.693,0.139733,4.34247,85.2846
-171.467,14.1557,-568.494,-1.10221,-4.76339,-166.704,-166.691,-0.226478,4.34202,85.2956
-171.467,14.1433,-567.963,-1.14127,-4.76299,-166.704,-166.691,-0.592689,4.34083,85.2846
-171.467,14.1302,-567.531,-1.23098,-4.76257,-166.705,-166.693,0.505944,4.34185,85.2846
-171.467,14.1199,-567.065,-1.30108,-4.76173,-166.706,-166.693,0.261804,4.34237,85.2901
-171.467,14.1087,-566.564,-1.35064,-4.76083,-166.707,-166.693,-0.165442,4.34203,85.2956
-171.467,14.0964,-566.01,-1.37145,-4.75992,-166.708,-166.693,0.139733,4.34231,85.2846
-171.467,14.0827,-565.438,-1.38245,-4.75907,-166.709,-166.693,0.68905,4.34369,85.2846
-171.467,14.0684,-564.941,-1.43212,-4.75825,-166.71,-166.696,0.200769,4.3441,85.2846
-171.467,14.0563,-564.393,-1.45387,-4.75716,-166.711,-166.696,-0.287513,4.34352,85.2846
-171.467,14.0427,-563.812,-1.45791,-4.75613,-166.712,-166.696,-0.226478,4.34307,85.2901
-171.467,14.0282,-563.185,-1.43795,-4.75518,-166.713,-166.696,-0.165442,4.34274,85.2846
-171.467,14.0125,-562.535,-1.40577,-4.75437,-166.713,-166.696,-0.165442,4.3424,85.2901
-171.467,13.9961,-561.848,-1.35553,-4.75367,-166.714,-166.696,-0.165442,4.34207,85.2901
-171.467,13.9786,-561.242,-1.34853,-4.75317,-166.714,-166.698,0.0786982,4.34222,85.2846
-171.467,13.9635,-560.61,-1.32819,-4.7525,-166.715,-166.698,-0.104407,4.34202,85.2846
-171.467,13.9476,-559.956,-1.29679,-4.75193,-166.716,-166.698,0.261804,4.34255,85.2846
-171.467,13.9311,-559.377,-1.3051,-4.75146,-166.716,-166.701,0.200769,4.34295,85.2901
-171.467,13.9166,-558.659,-1.2408,-4.75082,-166.716,-166.698,0.200769,4.34335,85.2901
-171.467,13.8983,-557.736,-1.07087,-4.75062,-166.716,-166.693,0.68905,4.34473,85.2901
-171.467,13.8744,-556.93,-0.966213,-4.75123,-166.715,-166.695,0.628015,4.34599,85.2901
-171.467,13.8537,-556.141,-0.872529,-4.75179,-166.714,-166.695,0.200769,4.34639,85.2901
-171.467,13.8334,-555.374,-0.7932,-4.75251,-166.714,-166.695,-0.348548,4.34569,85.2791
-171.467,13.8138,-554.758,-0.794383,-4.75335,-166.713,-166.698,0.139733,4.34598,85.2791
-171.467,13.7984,-554.132,-0.790523,-4.75383,-166.713,-166.697,0.261804,4.3465,85.2846
-171.467,13.7827,-553.53,-0.79941,-4.75434,-166.712,-166.697,0.750085,4.34801,85.2846
-171.467,13.7677,-552.856,-0.770533,-4.75478,-166.712,-166.695,0.322839,4.34864,85.2846
-171.467,13.7507,-552.218,-0.761189,-4.75545,-166.711,-166.695,-0.409583,4.34782,85.2791
-171.467,13.7347,-551.721,-0.825611,-4.75605,-166.711,-166.698,-0.165442,4.34748,85.2791
-171.467,13.7226,-551.23,-0.891859,-4.7562,-166.711,-166.698,0.383874,4.34826,85.2846
-171.467,13.7107,-550.648,-0.908833,-4.7562,-166.711,-166.696,0.0176631,4.3483,85.2901
-171.467,13.6963,-549.973,-0.876878,-4.75638,-166.71,-166.693,-0.226478,4.34784,85.2846
-171.467,13.6792,-549.331,-0.862561,-4.75683,-166.71,-166.694,0.383874,4.34861,85.2956
-171.467,13.6631,-548.503,-0.752116,-4.75724,-166.709,-166.689,0.200769,4.349,85.2956
-171.467,13.6418,-547.745,-0.680307,-4.75829,-166.708,-166.689,0.0176631,4.34904,85.2901
-171.467,13.6224,-547.037,-0.636944,-4.75933,-166.707,-166.69,0.505944,4.35005,85.2901
-171.467,13.6045,-546.379,-0.620501,-4.76034,-166.706,-166.69,0.505944,4.35107,85.2956
-171.467,13.5879,-545.752,-0.620788,-4.76128,-166.705,-166.69,-0.226478,4.35061,85.2901
-171.467,13.5722,-545.168,-0.643567,-4.76214,-166.704,-166.69,0.0786982,4.35077,85.2901
-171.467,13.5578,-544.636,-0.693346,-4.76287,-166.704,-166.691,0.139733,4.35105,85.2901
-171.467,13.5447,-544.132,-0.75599,-4.76336,-166.703,-166.691,0.139733,4.35132,85.2901
-171.467,13.5324,-543.646,-0.826973,-4.76367,-166.703,-166.691,0.68905,4.3527,85.2956
-171.467,13.5206,-543.156,-0.89402,-4.7638,-166.703,-166.691,0.200769,4.35311,85.2846
-171.467,13.5087,-542.687,-0.97039,-4.76378,-166.703,-166.691,-0.897864,4.3513,85.2846
-171.467,13.4974,-542.229,-1.05109,-4.76357,-166.704,-166.692,-0.287513,4.35073,85.2901
-171.467,13.4864,-541.668,-1.0754,-4.76316,-166.704,-166.69,0.444909,4.35162,85.2901
-171.467,13.4725,-541.107,-1.09967,-4.76294,-166.704,-166.69,-0.0433721,4.35153,85.2901
-171.467,13.4586,-540.545,-1.1225,-4.76266,-166.705,-166.69,-0.470618,4.35058,85.2901
-171.467,13.4447,-540.071,-1.19104,-4.76235,-166.705,-166.693,0.0786982,4.35074,85.2901
-171.467,13.4332,-539.589,-1.25341,-4.76169,-166.706,-166.693,-0.104407,4.35054,85.2846
-171.467,13.4215,-539.093,-1.30665,-4.76093,-166.707,-166.693,-0.470618,4.3496,85.2846
-171.467,13.4094,-538.578,-1.349,-4.7601,-166.708,-166.694,0.200769,4.35001,85.2956
-171.467,13.3968,-538.011,-1.36307,-4.75921,-166.709,-166.693,0.0176631,4.35004,85.2901
-171.467,13.3827,-537.412,-1.36021,-4.75842,-166.709,-166.693,0.56698,4.35119,85.2901
-171.467,13.3677,-536.785,-1.34249,-4.7577,-166.71,-166.693,0.0786982,4.35134,85.2846
-171.467,13.3519,-536.149,-1.3201,-4.75709,-166.71,-166.694,-0.0433721,4.35125,85.2956
-171.467,13.3359,-535.474,-1.27829,-4.75654,-166.711,-166.693,-0.409583,4.35043,85.2846
-171.467,13.3188,-534.799,-1.23774,-4.75618,-166.711,-166.694,0.139733,4.35072,85.2901
-171.467,13.3018,-534.112,-1.19141,-4.75589,-166.711,-166.694,-0.165442,4.35039,85.2901
-171.467,13.2843,-533.417,-1.14225,-4.75572,-166.711,-166.694,-0.104407,4.35018,85.2846
-171.467,13.2667,-532.735,-1.10044,-4.75567,-166.711,-166.694,0.322839,4.35083,85.2901
-171.467,13.2494,-532.049,-1.05851,-4.75568,-166.711,-166.694,0.505944,4.35184,85.2791
-171.467,13.2321,-531.397,-1.03443,-4.75578,-166.711,-166.695,-0.165442,4.3515,85.2846
-171.467,13.2156,-530.666,-0.970253,-4.75586,-166.711,-166.693,0.200769,4.35191,85.2846
-171.467,13.197,-529.875,-0.876233,-4.75624,-166.71,-166.691,-0.0433721,4.35183,85.2901
-171.467,13.1767,-529.119,-0.802747,-4.75695,-166.709,-166.691,-0.287513,4.35125,85.2901
-171.467,13.1575,-528.401,-0.750718,-4.75775,-166.708,-166.691,-0.226478,4.3508,85.2846
-171.467,13.1392,-527.735,-0.727482,-4.75855,-166.708,-166.692,0.0176631,4.35084,85.2901
-171.467,13.1224,-527.103,-0.722256,-4.75929,-166.707,-166.692,0.322839,4.35149,85.2901
-171.467,13.1066,-526.609,-0.789567,-4.75996,-166.707,-166.694,0.505944,4.35251,85.2846
-171.467,13.0946,-526.135,-0.865661,-4.76018,-166.707,-166.695,0.322839,4.35316,85.2956
-171.467,13.0831,-525.734,-0.978365,-4.76019,-166.707,-166.697,-0.165442,4.35283,85.2791
-171.467,13.0737,-525.432,-1.13966,-4.75981,-166.708,-166.7,-0.409583,4.35201,85.2846
-171.467,13.067,-525.091,-1.27655,-4.75887,-166.709,-166.699,0.139733,4.35229,85.2846
-171.467,13.0592,-524.611,-1.33769,-4.75773,-166.71,-166.697,0.0786982,4.35244,85.2846
-171.467,13.0476,-524.006,-1.33194,-4.75679,-166.711,-166.695,-0.348548,4.35174,85.2846
-171.467,13.0324,-523.479,-1.36724,-4.75615,-166.712,-166.697,-0.226478,4.35128,85.2901
-171.467,13.0194,-522.904,-1.37666,-4.75525,-166.713,-166.697,0.261804,4.35181,85.2901
-171.467,13.0051,-522.38,-1.41188,-4.75444,-166.714,-166.699,-0.104407,4.35161,85.2901
-171.467,12.9922,-521.815,-1.42487,-4.75344,-166.714,-166.699,-0.409583,4.35079,85.2846
-171.467,12.9782,-521.211,-1.41729,-4.75251,-166.715,-166.699,0.0176631,4.35082,85.2846
-171.467,12.963,-520.573,-1.39243,-4.75169,-166.716,-166.699,0.56698,4.35195,85.2901
-171.467,12.947,-519.893,-1.3454,-4.751,-166.716,-166.699,0.444909,4.35284,85.2901
-171.467,12.9297,-519.177,-1.28123,-4.75051,-166.717,-166.698,0.0176631,4.35287,85.2901
-171.467,12.9115,-518.451,-1.21325,-4.75022,-166.717,-166.698,0.0786982,4.35303,85.2846
-171.467,12.893,-517.721,-1.14465,-4.7501,-166.717,-166.698,-0.226478,4.35258,85.2956
-171.467,12.8744,-516.871,-1.01487,-4.75012,-166.716,-166.695,-0.104407,4.35237,85.2846
-171.467,12.8525,-516.052,-0.904785,-4.7507,-166.716,-166.695,0.139733,4.35265,85.2846
-171.467,12.8314,-515.363,-0.865281,-4.75142,-166.715,-166.698,-0.165442,4.35231,85.2846
-171.467,12.814,-514.574,-0.774308,-4.75193,-166.714,-166.695,0.0786982,4.35247,85.2846
-171.467,12.7937,-513.923,-0.757954,-4.75284,-166.714,-166.698,0.200769,4.35287,85.2846
-171.467,12.7774,-513.3,-0.756625,-4.75348,-166.713,-166.698,-0.287513,4.3523,85.2901
-171.467,12.7618,-512.596,-0.712732,-4.75406,-166.712,-166.695,-0.226478,4.35185,85.2901
-171.467,12.7439,-511.92,-0.684539,-4.7549,-166.711,-166.695,-0.409583,4.35103,85.2901
-171.467,12.7269,-511.272,-0.671952,-4.75575,-166.71,-166.695,0.139733,4.35131,85.2901
-171.467,12.7106,-510.651,-0.674029,-4.75656,-166.71,-166.695,0.200769,4.35171,85.2956
-171.467,12.6951,-509.948,-0.632916,-4.7573,-166.709,-166.692,0.139733,4.35198,85.2846
-171.467,12.6773,-509.396,-0.671965,-4.75831,-166.708,-166.695,-0.104407,4.35178,85.2846
-171.467,12.6637,-508.878,-0.727788,-4.75889,-166.708,-166.695,-0.165442,4.35145,85.2846
-171.467,12.651,-508.263,-0.731811,-4.75929,-166.707,-166.692,-0.0433721,4.35137,85.2846
-171.467,12.6356,-507.783,-0.806185,-4.7599,-166.707,-166.695,-0.470618,4.35042,85.2846
-171.467,12.624,-507.319,-0.887201,-4.76005,-166.707,-166.695,0.444909,4.35132,85.2846
-171.467,12.6129,-506.863,-0.970197,-4.76,-166.707,-166.695,0.383874,4.35208,85.2901
-171.467,12.6019,-506.391,-1.04305,-4.75975,-166.708,-166.695,0.322839,4.35273,85.2901
-171.467,12.5905,-506.083,-1.19996,-4.7594,-166.709,-166.7,0.139733,4.353,85.2901
-171.467,12.5836,-505.624,-1.27393,-4.75835,-166.71,-166.697,-0.104407,4.3528,85.2901
-171.467,12.5725,-505.121,-1.32278,-4.75749,-166.71,-166.697,-0.104407,4.3526,85.2846
-171.467,12.5602,-504.589,-1.35553,-4.75663,-166.711,-166.697,0.322839,4.35324,85.2901
-171.467,12.5471,-504.013,-1.36442,-4.75576,-166.712,-166.697,0.68905,4.35461,85.2901
-171.467,12.5328,-503.32,-1.3119,-4.75499,-166.712,-166.694,0.0176631,4.35465,85.2846
-171.467,12.5152,-502.623,-1.25865,-4.75459,-166.713,-166.695,0.139733,4.35493,85.2846
-171.467,12.4975,-501.834,-1.15869,-4.7543,-166.713,-166.693,-0.531653,4.35386,85.2956
-171.467,12.4772,-500.945,-1.00867,-4.75444,-166.712,-166.69,-0.531653,4.35281,85.2846
-171.467,12.4542,-500.107,-0.888679,-4.75511,-166.711,-166.691,0.0176631,4.35284,85.2846
-171.467,12.4326,-499.399,-0.840065,-4.75592,-166.71,-166.693,0.200769,4.35324,85.2846
-171.467,12.4147,-498.73,-0.812858,-4.75652,-166.71,-166.693,0.750085,4.35474,85.2956
-171.467,12.3978,-498.067,-0.789434,-4.75708,-166.709,-166.693,0.444909,4.35564,85.2901
-171.467,12.3811,-497.428,-0.778955,-4.75768,-166.709,-166.693,-0.104407,4.35543,85.2901
-171.467,12.365,-496.811,-0.780552,-4.75825,-166.708,-166.693,-0.104407,4.35522,85.2901
-171.467,12.3496,-496.23,-0.800941,-4.75877,-166.708,-166.693,-0.104407,4.35501,85.2956
-171.467,12.3352,-495.648,-0.820586,-4.75917,-166.707,-166.693,-0.226478,4.35456,85.2846
-171.467,12.3207,-495.096,-0.855217,-4.75952,-166.707,-166.693,-0.0433721,4.35448,85.2846
-171.467,12.3071,-494.568,-0.901096,-4.75974,-166.707,-166.694,0.139733,4.35476,85.2956
-171.467,12.2941,-494.024,-0.938301,-4.75981,-166.707,-166.693,0.56698,4.35589,85.2956
-171.467,12.2808,-493.389,-0.926651,-4.75984,-166.707,-166.691,0.444909,4.35678,85.2956
-171.467,12.2648,-492.755,-0.915859,-4.7601,-166.707,-166.691,-0.165442,4.35645,85.2956
-171.467,12.2489,-492.124,-0.906751,-4.76037,-166.706,-166.691,-0.470618,4.35551,85.2901
-171.467,12.2331,-491.511,-0.907417,-4.76066,-166.706,-166.691,-0.104407,4.35531,85.2846
-171.467,12.2177,-491.022,-0.973163,-4.7609,-166.706,-166.694,-0.0433721,4.35521,85.2846
-171.467,12.2059,-490.632,-1.08893,-4.76072,-166.707,-166.696,0.261804,4.35573,85.2901
-171.467,12.1967,-490.117,-1.13624,-4.76008,-166.707,-166.694,0.56698,4.35687,85.2846
-171.467,12.1841,-489.597,-1.17985,-4.75963,-166.708,-166.694,0.505944,4.35788,85.2846
-171.467,12.1713,-488.977,-1.17021,-4.75911,-166.708,-166.692,-0.0433721,4.3578,85.2846
-171.467,12.1558,-488.364,-1.16442,-4.75884,-166.708,-166.693,-0.287513,4.35723,85.2846
-171.467,12.1404,-487.756,-1.16155,-4.75855,-166.709,-166.693,0.0786982,4.35739,85.2846
-171.467,12.1252,-487.245,-1.20923,-4.75827,-166.709,-166.696,0.628015,4.35865,85.2901
-171.467,12.1127,-486.611,-1.19176,-4.75766,-166.71,-166.693,0.322839,4.35929,85.2901
-171.467,12.0968,-485.967,-1.1688,-4.75738,-166.71,-166.693,0.872155,4.36104,85.2846
-171.467,12.0806,-485.421,-1.19799,-4.75716,-166.71,-166.696,0.200769,4.36145,85.2846
-171.467,12.0671,-484.94,-1.26038,-4.75665,-166.711,-166.698,-0.958899,4.35953,85.2846
-171.467,12.0554,-484.429,-1.30579,-4.75587,-166.712,-166.698,-0.531653,4.35847,85.2846
-171.467,12.0429,-483.796,-1.2861,-4.75507,-166.712,-166.696,0.0176631,4.3585,85.2846
-171.467,12.0269,-483.152,-1.26096,-4.75458,-166.713,-166.696,0.444909,4.3594,85.2901
-171.467,12.0107,-482.576,-1.27201,-4.75417,-166.713,-166.698,0.750085,4.3609,85.2901
-171.467,11.9964,-481.993,-1.2791,-4.75358,-166.714,-166.699,-0.226478,4.36044,85.2901
-171.467,11.9819,-481.279,-1.21783,-4.75299,-166.714,-166.696,0.0176631,4.36048,85.2901
-171.467,11.9637,-480.46,-1.10275,-4.75283,-166.714,-166.693,-0.287513,4.35991,85.2901
-171.467,11.9426,-479.653,-0.996628,-4.75314,-166.713,-166.693,-0.0433721,4.35983,85.2846
-171.467,11.9219,-478.972,-0.959568,-4.75365,-166.713,-166.696,0.0786982,4.35999,85.2846
-171.467,11.9047,-478.188,-0.869003,-4.75393,-166.712,-166.693,-0.409583,4.35916,85.2956
-171.467,11.8846,-477.416,-0.787392,-4.75464,-166.711,-166.693,0.383874,4.35992,85.2846
-171.467,11.8648,-476.787,-0.782134,-4.75549,-166.711,-166.696,0.0786982,4.36007,85.2846
-171.467,11.8491,-476.28,-0.840715,-4.75602,-166.711,-166.698,-0.104407,4.35986,85.2956
-171.467,11.8367,-475.658,-0.837874,-4.75616,-166.71,-166.695,0.139733,4.36015,85.2956
-171.467,11.8211,-474.954,-0.792776,-4.75657,-166.71,-166.693,-0.470618,4.3592,85.2846
-171.467,11.8033,-474.295,-0.771527,-4.75725,-166.709,-166.693,-0.348548,4.3585,85.2901
-171.467,11.7867,-473.66,-0.764018,-4.75788,-166.709,-166.693,0.200769,4.3589,85.2791
-171.467,11.7708,-473.172,-0.833314,-4.75847,-166.708,-166.696,0.322839,4.35955,85.2846
-171.467,11.7589,-472.696,-0.907122,-4.75858,-166.708,-166.696,0.200769,4.35994,85.2846
-171.467,11.7474,-472.208,-0.972982,-4.75851,-166.709,-166.696,-0.287513,4.35937,85.2901
-171.467,11.7355,-471.704,-1.02912,-4.75833,-166.709,-166.696,-0.775794,4.35782,85.2846
-171.467,11.7233,-471.291,-1.13101,-4.75807,-166.71,-166.698,-0.592689,4.35664,85.2901
-171.467,11.7135,-470.744,-1.16084,-4.7574,-166.71,-166.696,0.0176631,4.35667,85.2846
-171.467,11.7,-470.189,-1.18544,-4.75698,-166.71,-166.696,0.139733,4.35695,85.2846
-171.467,11.6862,-469.608,-1.19594,-4.75653,-166.711,-166.696,0.383874,4.35772,85.2846
-171.467,11.6718,-469.112,-1.25022,-4.75611,-166.712,-166.698,0.322839,4.35836,85.2846
-171.467,11.6596,-468.68,-1.33707,-4.75538,-166.713,-166.701,0.139733,4.35865,85.2901
-171.467,11.6493,-468.186,-1.38923,-4.75433,-166.714,-166.7,-0.104407,4.35845,85.2901
-171.467,11.6373,-467.541,-1.36124,-4.75332,-166.714,-166.697,-0.226478,4.35799,85.2901
-171.467,11.621,-466.876,-1.32321,-4.75271,-166.715,-166.697,-0.653724,4.35668,85.2846
-171.467,11.6042,-466.195,-1.27793,-4.75221,-166.715,-166.697,0.0786982,4.35683,85.2956
-171.467,11.5869,-465.473,-1.21211,-4.75186,-166.715,-166.697,0.56698,4.35797,85.2901
-171.467,11.5685,-464.736,-1.13972,-4.75172,-166.715,-166.697,0.200769,4.35837,85.2901
-171.467,11.5497,-463.991,-1.06543,-4.75178,-166.715,-166.696,0.0176631,4.3584,85.2901
-171.467,11.5307,-463.339,-1.04119,-4.752,-166.715,-166.698,-0.775794,4.35686,85.2901
-171.467,11.5143,-462.674,-1.01108,-4.75205,-166.715,-166.698,-0.714759,4.35544,85.2846
-171.467,11.4975,-462.11,-1.03416,-4.7522,-166.715,-166.7,0.139733,4.35572,85.2846
-171.467,11.4835,-461.536,-1.05162,-4.75208,-166.715,-166.7,0.383874,4.35648,85.2846
-171.467,11.4693,-460.952,-1.06333,-4.75194,-166.715,-166.7,0.68905,4.35786,85.2846
-171.467,11.4547,-460.327,-1.05371,-4.7518,-166.715,-166.699,0.505944,4.35887,85.2846
-171.467,11.4391,-459.7,-1.04264,-4.75178,-166.715,-166.699,-0.592689,4.35768,85.2901
-171.467,11.4233,-458.963,-0.974891,-4.75178,-166.715,-166.697,-0.226478,4.35724,85.2956
-171.467,11.4045,-458.217,-0.903745,-4.75216,-166.714,-166.696,-0.287513,4.35667,85.2956
-171.467,11.3855,-457.501,-0.850053,-4.75272,-166.714,-166.696,-0.165442,4.35633,85.2846
-171.467,11.3673,-456.815,-0.813682,-4.75332,-166.713,-166.696,0.505944,4.35735,85.2901
-171.467,11.35,-455.961,-0.690149,-4.75392,-166.712,-166.691,0.628015,4.35861,85.2846
-171.467,11.3279,-455.269,-0.654103,-4.75516,-166.711,-166.694,0.0786982,4.35876,85.2846
-171.467,11.3104,-454.625,-0.644512,-4.75611,-166.71,-166.695,-0.165442,4.35843,85.2846
-171.467,11.2943,-453.934,-0.610535,-4.75697,-166.709,-166.692,-0.348548,4.35774,85.2846
-171.467,11.2768,-453.286,-0.599886,-4.75801,-166.708,-166.693,-0.165442,4.35742,85.2846
-171.467,11.2605,-452.692,-0.617894,-4.75896,-166.707,-166.693,-0.348548,4.35671,85.2901
-171.467,11.2458,-452.13,-0.65208,-4.75975,-166.707,-166.693,0.0176631,4.35675,85.2956
-171.467,11.2319,-451.487,-0.643134,-4.76041,-166.706,-166.69,0.0786982,4.3569,85.2846
-171.467,11.2157,-450.993,-0.712725,-4.76127,-166.705,-166.693,0.444909,4.35779,85.2846
-171.467,11.2038,-450.5,-0.780394,-4.76164,-166.705,-166.693,0.200769,4.35819,85.2846
-171.467,11.1918,-450.031,-0.859638,-4.76187,-166.705,-166.693,-0.470618,4.35726,85.2901
-171.467,11.1805,-449.563,-0.937263,-4.76189,-166.705,-166.693,0.139733,4.35754,85.2846
-171.467,11.1692,-449.104,-1.01778,-4.76173,-166.706,-166.694,0.200769,4.35794,85.2901
-171.467,11.1581,-448.631,-1.08905,-4.76141,-166.706,-166.694,-0.104407,4.35772,85.2901
-171.467,11.1467,-448.153,-1.15633,-4.76096,-166.707,-166.694,0.0786982,4.35787,85.2956
-171.467,11.1351,-447.452,-1.10498,-4.76038,-166.707,-166.689,0.0786982,4.35803,85.2846
-171.467,11.1173,-446.873,-1.11855,-4.76042,-166.707,-166.692,-0.409583,4.35721,85.2846
-171.467,11.1029,-446.302,-1.13597,-4.76016,-166.707,-166.692,-0.470618,4.35628,85.2846
-171.467,11.0887,-445.736,-1.15576,-4.75985,-166.708,-166.693,-0.470618,4.35534,85.2846
-171.467,11.0747,-445.049,-1.11194,-4.75948,-166.708,-166.69,-0.165442,4.355,85.2846
-171.467,11.0573,-444.479,-1.13004,-4.75948,-166.708,-166.693,0.322839,4.35564,85.2901
-171.467,11.0431,-443.897,-1.14151,-4.75917,-166.708,-166.693,0.139733,4.35592,85.2956
-171.467,11.0287,-443.288,-1.13865,-4.75887,-166.708,-166.693,0.322839,4.35656,85.2846
-171.467,11.0134,-442.595,-1.09153,-4.75863,-166.708,-166.691,-0.0433721,4.35648,85.2846
-171.467,10.9958,-441.726,-0.953819,-4.75869,-166.708,-166.686,-0.714759,4.35505,85.2901
-171.467,10.9734,-440.812,-0.796467,-4.75943,-166.706,-166.684,-0.348548,4.35436,85.2901
-171.467,10.9497,-440.062,-0.727962,-4.76059,-166.705,-166.687,0.0176631,4.35439,85.2846
-171.467,10.9306,-439.471,-0.74476,-4.76152,-166.705,-166.69,0.261804,4.35491,85.2846
-171.467,10.9159,-438.924,-0.783916,-4.76205,-166.705,-166.691,0.505944,4.35593,85.2846
-171.467,10.9024,-438.412,-0.840389,-4.76239,-166.704,-166.692,0.0176631,4.35597,85.2901
-171.467,10.8899,-437.818,-0.852603,-4.76254,-166.704,-166.689,-0.104407,4.35576,85.2846
-171.467,10.8751,-437.262,-0.88446,-4.76286,-166.704,-166.69,-0.287513,4.35519,85.2846
-171.467,10.8614,-436.736,-0.931554,-4.76302,-166.704,-166.691,-0.226478,4.35473,85.2901
-171.467,10.8485,-436.218,-0.981441,-4.76302,-166.704,-166.691,-0.0433721,4.35464,85.2901
-171.467,10.8358,-435.809,-1.08707,-4.7629,-166.705,-166.694,-0.226478,4.35418,85.2846
-171.467,10.8261,-435.39,-1.18507,-4.76231,-166.705,-166.694,0.383874,4.35494,85.2791
-171.467,10.8162,-434.969,-1.27954,-4.76154,-166.706,-166.695,-0.348548,4.35424,85.2846
-171.467,10.8061,-434.429,-1.3094,-4.76059,-166.707,-166.693,-0.226478,4.35379,85.2846
-171.467,10.7928,-433.968,-1.38,-4.75984,-166.708,-166.695,0.0786982,4.35394,85.2846
-171.467,10.7817,-433.353,-1.36777,-4.75877,-166.709,-166.693,-0.226478,4.35348,85.2846
-171.467,10.7662,-432.818,-1.39842,-4.75807,-166.71,-166.695,-0.104407,4.35327,85.2846
-171.467,10.7531,-432.256,-1.41368,-4.75713,-166.711,-166.696,-0.165442,4.35294,85.2901
-171.467,10.7391,-431.652,-1.40635,-4.75622,-166.712,-166.695,-0.226478,4.35248,85.2901
-171.467,10.724,-431.01,-1.37979,-4.75542,-166.712,-166.695,-0.104407,4.35227,85.2901
-171.467,10.7078,-430.445,-1.39364,-4.75477,-166.713,-166.698,-0.0433721,4.35218,85.2846
-171.467,10.6937,-429.756,-1.3423,-4.75391,-166.714,-166.696,-0.287513,4.35161,85.2846
-171.467,10.6763,-429.056,-1.28683,-4.75343,-166.714,-166.696,0.0176631,4.35165,85.2901
-171.467,10.6585,-428.243,-1.17348,-4.75309,-166.714,-166.693,0.139733,4.35193,85.2846
-171.467,10.6376,-427.451,-1.0738,-4.75324,-166.713,-166.694,0.68905,4.35331,85.2846
-171.467,10.6172,-426.701,-0.998136,-4.75355,-166.713,-166.694,0.383874,4.35408,85.2846
-171.467,10.5981,-425.977,-0.938055,-4.75392,-166.713,-166.695,-0.0433721,4.354,85.2846
-171.467,10.5796,-425.28,-0.894035,-4.75436,-166.712,-166.695,-0.653724,4.35269,85.2846
-171.467,10.562,-424.612,-0.865974,-4.75482,-166.712,-166.695,-0.592689,4.3515,85.2901
-171.467,10.5451,-424.049,-0.893319,-4.75527,-166.712,-166.697,-0.165442,4.35117,85.2901
-171.467,10.5312,-423.404,-0.877104,-4.75544,-166.711,-166.695,0.322839,4.35181,85.2901
-171.467,10.515,-422.676,-0.818106,-4.75582,-166.71,-166.693,0.68905,4.3532,85.2901
-171.467,10.4965,-421.976,-0.775438,-4.75652,-166.71,-166.693,-0.287513,4.35262,85.2901
-171.467,10.4787,-421.214,-0.701028,-4.75723,-166.709,-166.69,-0.470618,4.35168,85.2901
-171.467,10.4593,-420.5,-0.653442,-4.75824,-166.708,-166.691,-0.226478,4.35122,85.2901
-171.467,10.4412,-419.923,-0.679438,-4.75923,-166.707,-166.693,-0.0433721,4.35114,85.2846
-171.467,10.4269,-419.387,-0.725617,-4.75986,-166.707,-166.694,-0.165442,4.35081,85.2791
-171.467,10.4137,-418.99,-0.84337,-4.7603,-166.707,-166.697,0.200769,4.35121,85.2956
-171.467,10.4044,-418.379,-0.846642,-4.76018,-166.706,-166.691,0.0786982,4.35136,85.2956
-171.467,10.3891,-417.772,-0.852106,-4.76055,-166.706,-166.691,0.200769,4.35177,85.2956
-171.467,10.374,-417.2,-0.875423,-4.76089,-166.706,-166.692,-0.165442,4.35144,85.2956
-171.467,10.3598,-416.626,-0.897069,-4.76111,-166.706,-166.691,-0.226478,4.35098,85.2846
-171.467,10.3455,-416.078,-0.932516,-4.76128,-166.706,-166.692,-0.226478,4.35053,85.2901
-171.467,10.3321,-415.537,-0.969922,-4.76132,-166.706,-166.692,-0.470618,4.34958,85.2846
-171.467,10.3187,-415.012,-1.0154,-4.76128,-166.706,-166.692,0.261804,4.3501,85.2846
-171.467,10.3058,-414.483,-1.05725,-4.76111,-166.706,-166.692,0.200769,4.35049,85.2846
-171.467,10.2928,-413.961,-1.10172,-4.76085,-166.706,-166.693,-0.0433721,4.3504,85.2846
-171.467,10.28,-413.44,-1.14622,-4.76049,-166.707,-166.693,-0.0433721,4.35031,85.2901
-171.467,10.2672,-412.809,-1.13184,-4.76004,-166.707,-166.691,-0.653724,4.34901,85.2846
-171.467,10.2514,-412.286,-1.17389,-4.75986,-166.708,-166.694,-0.165442,4.34868,85.2846
-171.467,10.2385,-411.756,-1.21125,-4.75936,-166.708,-166.694,0.322839,4.34932,85.2846
-171.467,10.2255,-411.124,-1.19466,-4.7588,-166.708,-166.692,0.261804,4.34984,85.2901
-171.467,10.2096,-410.39,-1.12543,-4.7585,-166.708,-166.69,0.81112,4.35146,85.2846
-171.467,10.1909,-409.592,-1.02392,-4.75857,-166.708,-166.688,-0.775794,4.34991,85.2846
-171.467,10.1704,-408.84,-0.948996,-4.759,-166.708,-166.689,-0.775794,4.34836,85.2846
-171.467,10.1512,-408.026,-0.843653,-4.75948,-166.707,-166.687,-0.287513,4.34778,85.2846
-171.467,10.1303,-407.277,-0.774843,-4.76031,-166.706,-166.688,-0.226478,4.34733,85.2846
-171.467,10.1112,-406.592,-0.740843,-4.76115,-166.705,-166.688,0.139733,4.3476,85.3011
-171.467,10.0939,-405.918,-0.714164,-4.7619,-166.704,-166.688,0.322839,4.34824,85.2956
-171.467,10.0769,-405.183,-0.655641,-4.76268,-166.703,-166.686,0.322839,4.34889,85.2956
-171.467,10.0582,-404.509,-0.630853,-4.76372,-166.702,-166.686,0.0176631,4.34892,85.2846
-171.467,10.0412,-403.815,-0.596356,-4.76467,-166.701,-166.685,-0.287513,4.34834,85.2956
-171.467,10.0236,-403.172,-0.588848,-4.76574,-166.7,-166.685,-0.714759,4.34691,85.2956
-171.467,10.0075,-402.482,-0.557465,-4.76671,-166.699,-166.683,-0.104407,4.3467,85.2846
-171.467,9.99007,-402.065,-0.669415,-4.76784,-166.699,-166.689,0.444909,4.34759,85.2846
-171.467,9.98022,-401.672,-0.791327,-4.76813,-166.699,-166.689,0.628015,4.34884,85.2846
-171.467,9.97104,-401.397,-0.972301,-4.76811,-166.7,-166.692,0.322839,4.34949,85.2846
-171.467,9.96514,-401.116,-1.14524,-4.76746,-166.701,-166.692,0.0786982,4.34964,85.2901
-171.467,9.95903,-400.89,-1.34285,-4.76646,-166.702,-166.695,-0.409583,4.34883,85.2956
-171.467,9.95443,-400.584,-1.4938,-4.76493,-166.704,-166.694,-0.653724,4.34752,85.2956
-171.467,9.9476,-400.318,-1.66178,-4.76328,-166.706,-166.697,-0.348548,4.34683,85.2956
-171.467,9.94186,-399.944,-1.76919,-4.76119,-166.708,-166.696,0.322839,4.34747,85.2956
-171.467,9.93309,-399.464,-1.81889,-4.75913,-166.71,-166.696,0.322839,4.3481,85.2956
-171.467,9.9214,-398.795,-1.76824,-4.7572,-166.711,-166.693,0.444909,4.349,85.2846
-171.467,9.90443,-398.088,-1.69851,-4.75581,-166.712,-166.693,0.0176631,4.34903,85.2846
-171.467,9.8864,-397.349,-1.61439,-4.75464,-166.713,-166.694,-0.348548,4.34833,85.2901
-171.467,9.86752,-396.574,-1.51286,-4.75373,-166.714,-166.694,-0.653724,4.34702,85.2846
-171.467,9.84761,-395.88,-1.45636,-4.7531,-166.715,-166.696,-0.470618,4.34608,85.2901
-171.467,9.82999,-395.059,-1.3344,-4.7524,-166.715,-166.694,0.505944,4.34709,85.2846
-171.467,9.80882,-394.245,-1.21929,-4.75225,-166.715,-166.694,0.322839,4.34773,85.2846
-171.467,9.78787,-393.447,-1.11508,-4.75232,-166.714,-166.694,0.444909,4.34862,85.2901
-171.467,9.76736,-392.654,-1.01647,-4.75257,-166.714,-166.694,0.0176631,4.34866,85.2846
-171.467,9.74702,-391.8,-0.887722,-4.75301,-166.713,-166.692,-0.836829,4.34698,85.2956
-171.467,9.72497,-390.965,-0.772506,-4.75384,-166.712,-166.692,-0.897864,4.34518,85.2956
-171.467,9.70348,-390.159,-0.674994,-4.75486,-166.711,-166.692,0.383874,4.34595,85.2956
-171.467,9.68279,-389.495,-0.65424,-4.75602,-166.71,-166.694,0.139733,4.34623,85.2846
-171.467,9.66607,-388.877,-0.658452,-4.7569,-166.709,-166.694,0.505944,4.34724,85.2901
-171.467,9.65064,-388.286,-0.676361,-4.75766,-166.709,-166.694,0.383874,4.34801,85.2846
-171.467,9.63595,-387.734,-0.714083,-4.75833,-166.708,-166.695,-0.592689,4.34682,85.2846
-171.467,9.62233,-387.212,-0.76693,-4.75884,-166.708,-166.695,-0.287513,4.34625,85.2846
-171.467,9.60955,-386.698,-0.822741,-4.75917,-166.708,-166.695,-0.0433721,4.34617,85.2846
-171.467,9.597,-386.202,-0.886761,-4.75936,-166.708,-166.695,-0.226478,4.34571,85.2846
-171.467,9.58494,-385.718,-0.954857,-4.75937,-166.708,-166.695,-0.226478,4.34526,85.2846
-171.467,9.57318,-385.236,-1.02299,-4.75922,-166.708,-166.696,0.139733,4.34554,85.2901
-171.467,9.56151,-384.645,-1.03224,-4.75893,-166.708,-166.693,0.200769,4.34594,85.2901
-171.467,9.54678,-383.96,-0.992177,-4.75888,-166.708,-166.691,-0.0433721,4.34585,85.2846
-171.467,9.52944,-383.398,-1.01761,-4.75911,-166.708,-166.694,-0.409583,4.34503,85.2901
-171.467,9.51553,-382.74,-0.991652,-4.75902,-166.708,-166.691,-0.653724,4.34372,85.2846
-171.467,9.49893,-382.108,-0.980637,-4.75919,-166.708,-166.692,0.200769,4.34412,85.2901
-171.467,9.48308,-381.394,-0.926697,-4.75933,-166.707,-166.69,0.0176631,4.34415,85.2901
-171.467,9.46494,-380.815,-0.944492,-4.75977,-166.707,-166.693,0.383874,4.34492,85.2846
-171.467,9.45055,-380.256,-0.972529,-4.75986,-166.707,-166.693,0.139733,4.3452,85.2956
-171.467,9.43673,-379.59,-0.943788,-4.75985,-166.707,-166.69,-0.348548,4.3445,85.2846
-171.467,9.41992,-378.959,-0.93399,-4.76014,-166.707,-166.691,-0.287513,4.34392,85.2901
-171.467,9.40408,-378.343,-0.932578,-4.76037,-166.706,-166.691,-0.287513,4.34335,85.2901
-171.467,9.38867,-377.741,-0.938507,-4.76057,-166.706,-166.691,0.0786982,4.34351,85.2846
-171.467,9.37366,-377.166,-0.958329,-4.76072,-166.706,-166.692,0.81112,4.34513,85.2846
-171.467,9.35938,-376.705,-1.03715,-4.76078,-166.707,-166.695,0.322839,4.34577,85.2901
-171.467,9.34827,-376.225,-1.10452,-4.76041,-166.707,-166.694,0.0786982,4.34594,85.2846
-171.467,9.33665,-375.647,-1.11861,-4.75995,-166.707,-166.692,-0.226478,4.34548,85.2846
-171.467,9.32227,-375.076,-1.136,-4.75967,-166.708,-166.693,-0.470618,4.34454,85.2846
-171.467,9.30809,-374.508,-1.15492,-4.75936,-166.708,-166.693,-0.0433721,4.34445,85.2956
-171.467,9.294,-373.911,-1.15764,-4.75899,-166.708,-166.693,0.383874,4.34522,85.2846
-171.467,9.27908,-373.318,-1.16252,-4.75869,-166.709,-166.693,0.322839,4.34587,85.2846
-171.467,9.26428,-372.819,-1.21663,-4.75836,-166.709,-166.696,0.0176631,4.34591,85.2846
-171.467,9.25211,-372.287,-1.25201,-4.7577,-166.71,-166.696,0.200769,4.34632,85.2901
-171.467,9.239,-371.722,-1.26938,-4.75706,-166.711,-166.696,-0.0433721,4.34623,85.2901
-171.467,9.22498,-371.127,-1.27057,-4.75646,-166.711,-166.695,-0.348548,4.34553,85.2846
-171.467,9.21013,-370.52,-1.26525,-4.75592,-166.712,-166.696,-0.165442,4.3452,85.2846
-171.467,9.19493,-369.993,-1.3021,-4.75541,-166.712,-166.698,0.0176631,4.34524,85.2846
-171.467,9.18197,-369.438,-1.32314,-4.75464,-166.713,-166.698,0.261804,4.34576,85.2901
-171.467,9.16821,-368.84,-1.32118,-4.75391,-166.714,-166.698,0.261804,4.34628,85.2846
-171.467,9.15326,-368.218,-1.30687,-4.75327,-166.714,-166.698,-0.287513,4.34571,85.2846
-171.467,9.13765,-367.485,-1.23453,-4.75271,-166.714,-166.696,-0.226478,4.34526,85.2901
-171.467,9.11894,-366.646,-1.10894,-4.75255,-166.714,-166.693,-0.165442,4.34493,85.2901
-171.467,9.09731,-365.836,-1.00124,-4.7529,-166.714,-166.694,-0.0433721,4.34484,85.2901
-171.467,9.07649,-365.045,-0.905989,-4.7534,-166.713,-166.693,0.139733,4.34512,85.2846
-171.467,9.05619,-364.386,-0.882355,-4.75406,-166.713,-166.696,0.383874,4.34589,85.2846
-171.467,9.03959,-363.842,-0.919345,-4.75445,-166.712,-166.699,0.200769,4.34628,85.2846
-171.467,9.02619,-363.301,-0.956855,-4.75452,-166.712,-166.699,-0.104407,4.34608,85.2846
-171.467,9.01286,-362.652,-0.9368,-4.75449,-166.712,-166.696,-0.409583,4.34526,85.2846
-171.467,8.99651,-362.02,-0.926786,-4.75477,-166.712,-166.696,-0.165442,4.34493,85.2846
-171.467,8.98067,-361.498,-0.97397,-4.75501,-166.712,-166.699,-0.0433721,4.34484,85.2956
-171.467,8.96786,-360.849,-0.954095,-4.75492,-166.712,-166.696,0.68905,4.34622,85.2846
-171.467,8.95154,-360.311,-0.992221,-4.75515,-166.712,-166.698,0.81112,4.34786,85.2846
-171.467,8.93828,-359.678,-0.980056,-4.75505,-166.712,-166.696,0.261804,4.34838,85.2846
-171.467,8.92239,-359.058,-0.975201,-4.75519,-166.712,-166.696,-0.714759,4.34695,85.2956
-171.467,8.90687,-358.42,-0.960655,-4.75531,-166.711,-166.695,-0.592689,4.34576,85.2846
-171.467,8.89083,-357.798,-0.955169,-4.75551,-166.711,-166.696,-0.348548,4.34506,85.2901
-171.467,8.87526,-357.176,-0.949546,-4.75567,-166.711,-166.696,-0.165442,4.34474,85.2901
-171.467,8.85967,-356.539,-0.936216,-4.75585,-166.711,-166.695,0.0176631,4.34477,85.2901
-171.467,8.84367,-355.906,-0.92575,-4.75609,-166.711,-166.695,0.56698,4.34591,85.2846
-171.467,8.8278,-355.294,-0.925931,-4.75634,-166.71,-166.695,0.628015,4.34717,85.2901
-171.467,8.81248,-354.684,-0.927526,-4.75654,-166.71,-166.695,-0.470618,4.34623,85.2901
-171.467,8.79724,-353.985,-0.882248,-4.75673,-166.71,-166.692,-0.409583,4.34542,85.2901
-171.467,8.77951,-353.322,-0.857171,-4.75723,-166.709,-166.693,-0.653724,4.34411,85.2846
-171.467,8.76279,-352.785,-0.898925,-4.75769,-166.709,-166.696,0.200769,4.34452,85.2901
-171.467,8.7496,-352.153,-0.889754,-4.75777,-166.709,-166.693,0.56698,4.34565,85.2846
-171.467,8.73375,-351.549,-0.89541,-4.7581,-166.709,-166.694,0.322839,4.3463,85.2956
-171.467,8.71868,-350.938,-0.897302,-4.75835,-166.708,-166.693,0.139733,4.34658,85.2956
-171.467,8.70341,-350.353,-0.912351,-4.75861,-166.708,-166.694,-0.409583,4.34576,85.2956
-171.467,8.68884,-349.666,-0.874318,-4.75878,-166.708,-166.691,-0.470618,4.34482,85.2901
-171.467,8.67147,-349.097,-0.898946,-4.75926,-166.708,-166.693,-0.287513,4.34424,85.2956
-171.467,8.65738,-348.428,-0.870257,-4.75943,-166.707,-166.691,0.139733,4.34452,85.2901
-171.467,8.64049,-347.783,-0.855191,-4.75988,-166.707,-166.691,0.68905,4.3459,85.2901
-171.467,8.62428,-347.269,-0.908961,-4.7603,-166.707,-166.694,0.81112,4.34753,85.2846
-171.467,8.61172,-346.678,-0.921052,-4.76031,-166.707,-166.692,0.139733,4.3478,85.2846
-171.467,8.597,-346.113,-0.946326,-4.76048,-166.706,-166.692,-0.470618,4.34686,85.2846
-171.467,8.583,-345.66,-1.02962,-4.76053,-166.707,-166.695,-0.653724,4.34555,85.2791
-171.467,8.57211,-345.31,-1.16504,-4.76016,-166.708,-166.698,-0.226478,4.34509,85.2791
-171.467,8.5641,-344.913,-1.27217,-4.75928,-166.709,-166.698,0.750085,4.3466,85.2956
-171.467,8.55475,-344.357,-1.29391,-4.75828,-166.709,-166.695,0.505944,4.34761,85.2846
-171.467,8.54098,-343.786,-1.30694,-4.7576,-166.71,-166.695,0.200769,4.34801,85.2956
-171.467,8.52678,-343.169,-1.29549,-4.75693,-166.711,-166.694,-0.165442,4.34768,85.2846
-171.467,8.51129,-342.542,-1.27923,-4.75638,-166.711,-166.695,-0.958899,4.34576,85.2846
-171.467,8.49554,-341.907,-1.25911,-4.7559,-166.712,-166.695,-0.836829,4.34408,85.2846
-171.467,8.47956,-341.173,-1.18811,-4.75548,-166.712,-166.693,-0.104407,4.34387,85.2846
-171.467,8.46086,-340.454,-1.12611,-4.75542,-166.712,-166.693,-0.104407,4.34367,85.2901
-171.467,8.44254,-339.735,-1.06588,-4.75546,-166.711,-166.693,0.505944,4.34468,85.2901
-171.467,8.42426,-339.022,-1.01019,-4.75563,-166.711,-166.693,0.505944,4.34569,85.2901
-171.467,8.40614,-338.258,-0.928927,-4.75589,-166.711,-166.692,-0.287513,4.34511,85.2956
-171.467,8.38659,-337.503,-0.854984,-4.75643,-166.71,-166.691,-0.836829,4.34343,85.2846
-171.467,8.36733,-336.888,-0.855517,-4.7571,-166.71,-166.694,-0.592689,4.34225,85.2846
-171.467,8.35195,-336.207,-0.821558,-4.75746,-166.709,-166.692,-0.348548,4.34155,85.2846
-171.467,8.33473,-335.659,-0.858022,-4.75803,-166.709,-166.695,0.0786982,4.3417,85.2846
-171.467,8.32122,-335.113,-0.894744,-4.75822,-166.709,-166.695,0.93319,4.34358,85.2846
-171.467,8.30776,-334.582,-0.938451,-4.75835,-166.709,-166.695,0.872155,4.34532,85.2846
-171.467,8.29471,-334.06,-0.986158,-4.75835,-166.709,-166.695,0.139733,4.3456,85.2846
-171.467,8.28193,-333.543,-1.03495,-4.75822,-166.709,-166.696,-0.653724,4.34428,85.2846
-171.467,8.26927,-333.025,-1.082,-4.75799,-166.709,-166.696,-0.653724,4.34297,85.2846
-171.467,8.25657,-332.395,-1.06927,-4.75766,-166.709,-166.693,-0.714759,4.34153,85.2901
-171.467,8.24074,-331.855,-1.10425,-4.75762,-166.71,-166.696,0.505944,4.34254,85.2846
-171.467,8.22744,-331.311,-1.13584,-4.7573,-166.71,-166.696,0.750085,4.34405,85.2846
-171.467,8.214,-330.852,-1.21124,-4.75691,-166.711,-166.698,0.200769,4.34445,85.2846
-171.467,8.20294,-330.365,-1.27019,-4.75619,-166.712,-166.698,-0.470618,4.34351,85.2846
-171.467,8.19108,-329.848,-1.31168,-4.7554,-166.712,-166.698,-0.531653,4.34244,85.2846
-171.467,8.17837,-329.299,-1.33586,-4.75459,-166.713,-166.698,-0.470618,4.3415,85.2901
-171.467,8.1648,-328.613,-1.28758,-4.75381,-166.714,-166.696,0.0786982,4.34166,85.2846
-171.467,8.1474,-327.92,-1.23708,-4.75344,-166.714,-166.696,0.628015,4.34292,85.2846
-171.467,8.12982,-327.225,-1.18636,-4.7532,-166.714,-166.696,0.0786982,4.34308,85.2846
-171.467,8.11218,-326.624,-1.18622,-4.75306,-166.714,-166.699,-0.348548,4.34238,85.2846
-171.467,8.09716,-326.01,-1.17876,-4.75271,-166.715,-166.699,-0.470618,4.34144,85.2846
-171.467,8.08176,-325.383,-1.16501,-4.75239,-166.715,-166.699,-0.348548,4.34074,85.2846
-171.467,8.06602,-324.838,-1.19478,-4.75215,-166.715,-166.701,-0.165442,4.34041,85.2901
-171.467,8.05257,-324.16,-1.15394,-4.75164,-166.715,-166.698,0.139733,4.34069,85.2901
-171.467,8.03541,-323.479,-1.11239,-4.75153,-166.715,-166.698,0.444909,4.34158,85.2901
-171.467,8.01816,-322.783,-1.06427,-4.75152,-166.715,-166.698,0.628015,4.34284,85.2901
-171.467,8.00051,-322.079,-1.0131,-4.75163,-166.715,-166.697,0.200769,4.34324,85.2846
-171.467,7.98264,-321.387,-0.969345,-4.75186,-166.715,-166.698,-0.287513,4.34266,85.2901
-171.467,7.96511,-320.695,-0.926661,-4.75216,-166.714,-166.697,-0.775794,4.34111,85.2901
-171.467,7.94758,-320.022,-0.894848,-4.75254,-166.714,-166.697,-0.409583,4.34029,85.2791
-171.467,7.93057,-319.476,-0.930308,-4.75295,-166.714,-166.7,0.139733,4.34057,85.2846
-171.467,7.91711,-318.928,-0.9638,-4.75299,-166.714,-166.7,0.56698,4.34171,85.2846
-171.467,7.90358,-318.468,-1.04249,-4.75298,-166.714,-166.702,0.56698,4.34284,85.2846
-171.467,7.8925,-317.982,-1.10607,-4.7526,-166.715,-166.702,0.0786982,4.34299,85.2846
-171.467,7.88071,-317.378,-1.10583,-4.75215,-166.715,-166.699,-0.592689,4.3418,85.2846
-171.467,7.86559,-316.764,-1.10081,-4.75197,-166.715,-166.699,-0.653724,4.34049,85.2846
-171.467,7.85023,-316.05,-1.04345,-4.75182,-166.715,-166.697,0.444909,4.34139,85.2846
-171.467,7.83207,-315.348,-0.993647,-4.75201,-166.715,-166.697,0.68905,4.34277,85.2901
-171.467,7.81425,-314.553,-0.896813,-4.75228,-166.714,-166.695,0.750085,4.34427,85.2901
-171.467,7.79387,-313.797,-0.82227,-4.75296,-166.713,-166.695,0.322839,4.34492,85.2846
-171.467,7.77456,-312.988,-0.722358,-4.75372,-166.712,-166.693,0.139733,4.3452,85.2901
-171.467,7.75381,-312.223,-0.64764,-4.75478,-166.711,-166.693,-0.104407,4.34499,85.2901
-171.467,7.73427,-311.504,-0.59836,-4.7559,-166.71,-166.693,-0.714759,4.34356,85.2956
-171.467,7.716,-310.721,-0.517809,-4.75702,-166.709,-166.69,0.322839,4.34421,85.2956
-171.467,7.696,-310.112,-0.529615,-4.75846,-166.708,-166.693,0.0786982,4.34438,85.2846
-171.467,7.68081,-309.558,-0.570103,-4.75947,-166.707,-166.693,-0.104407,4.34417,85.2901
-171.467,7.66716,-309.035,-0.625943,-4.76027,-166.706,-166.693,0.505944,4.34518,85.2901
-171.467,7.65437,-308.443,-0.644586,-4.76089,-166.705,-166.691,-0.531653,4.34412,85.2846
-171.467,7.63966,-307.902,-0.688921,-4.76163,-166.705,-166.692,-0.470618,4.34318,85.2846
-171.467,7.62635,-307.37,-0.737561,-4.76216,-166.704,-166.691,-0.470618,4.34224,85.2901
-171.467,7.61331,-306.768,-0.748035,-4.76257,-166.704,-166.689,0.200769,4.34264,85.2846
-171.467,7.59829,-306.121,-0.735015,-4.76311,-166.703,-166.687,0.139733,4.34292,85.2846
-171.467,7.58204,-305.532,-0.752652,-4.7638,-166.703,-166.688,0.628015,4.34418,85.2901
-171.467,7.5674,-304.976,-0.787293,-4.7643,-166.702,-166.689,0.383874,4.34494,85.2901
-171.467,7.55369,-304.555,-0.891534,-4.76466,-166.702,-166.692,-0.104407,4.34474,85.2901
-171.467,7.54371,-304.225,-1.04039,-4.76449,-166.703,-166.694,-0.775794,4.34318,85.2956
-171.467,7.53623,-303.758,-1.11437,-4.76382,-166.704,-166.691,-0.592689,4.34199,85.2846
-171.467,7.52495,-303.291,-1.18682,-4.76332,-166.704,-166.692,-0.0433721,4.34191,85.2846
-171.467,7.51368,-302.91,-1.30237,-4.76266,-166.705,-166.695,0.261804,4.34243,85.2846
-171.467,7.50479,-302.375,-1.33428,-4.76157,-166.706,-166.692,0.444909,4.34332,85.2846
-171.467,7.49158,-301.92,-1.40716,-4.76077,-166.707,-166.695,0.261804,4.34384,85.2901
-171.467,7.4806,-301.416,-1.45269,-4.75963,-166.708,-166.695,0.0786982,4.344,85.2846
-171.467,7.46826,-300.88,-1.48021,-4.75851,-166.71,-166.695,-0.653724,4.34269,85.2956
-171.467,7.45501,-300.28,-1.47389,-4.7574,-166.711,-166.694,-1.08097,4.34052,85.2956
-171.467,7.44,-299.747,-1.50272,-4.75646,-166.712,-166.697,0.0176631,4.34056,85.2901
-171.467,7.42685,-299.067,-1.45335,-4.7553,-166.712,-166.694,0.383874,4.34133,85.2901
-171.467,7.40959,-298.354,-1.38829,-4.75458,-166.713,-166.694,0.750085,4.34283,85.2846
-171.467,7.39143,-297.633,-1.32082,-4.75407,-166.713,-166.695,0.322839,4.34347,85.2846
-171.467,7.37307,-296.91,-1.25355,-4.75372,-166.713,-166.695,-0.165442,4.34314,85.2846
-171.467,7.35464,-296.281,-1.23724,-4.7535,-166.714,-166.698,-0.897864,4.34134,85.2956
-171.467,7.33885,-295.518,-1.15089,-4.7531,-166.714,-166.694,-0.226478,4.34089,85.2901
-171.467,7.31931,-294.754,-1.06662,-4.7532,-166.714,-166.694,0.0786982,4.34105,85.2846
-171.467,7.29978,-294.013,-0.995887,-4.75346,-166.713,-166.695,-0.165442,4.34072,85.2956
-171.467,7.28087,-293.359,-0.972601,-4.75381,-166.713,-166.697,0.56698,4.34186,85.2956
-171.467,7.2644,-292.627,-0.908933,-4.75402,-166.712,-166.694,0.139733,4.34214,85.2901
-171.467,7.24575,-291.911,-0.855531,-4.75454,-166.712,-166.694,-1.142,4.33984,85.2956
-171.467,7.22757,-291.109,-0.758008,-4.75512,-166.711,-166.691,-0.226478,4.33939,85.2901
-171.467,7.20697,-290.442,-0.733864,-4.75611,-166.71,-166.694,0.200769,4.33979,85.2846
-171.467,7.19017,-289.909,-0.780199,-4.75683,-166.71,-166.697,-0.165442,4.33946,85.2846
-171.467,7.17708,-289.517,-0.899219,-4.75716,-166.71,-166.7,0.0786982,4.33962,85.2956
-171.467,7.16791,-288.99,-0.944676,-4.75691,-166.71,-166.697,0.322839,4.34026,85.2901
-171.467,7.15497,-288.359,-0.935184,-4.75689,-166.71,-166.694,-0.0433721,4.34018,85.2901
-171.467,7.13915,-287.643,-0.881057,-4.75712,-166.709,-166.692,-0.470618,4.33924,85.2846
-171.467,7.12096,-286.967,-0.849303,-4.75765,-166.709,-166.692,-0.287513,4.33867,85.2846
-171.467,7.10389,-286.329,-0.837982,-4.75816,-166.708,-166.693,0.0176631,4.3387,85.2846
-171.467,7.08786,-285.725,-0.8452,-4.75861,-166.708,-166.693,0.322839,4.33935,85.2846
-171.467,7.07281,-285.152,-0.867697,-4.75896,-166.708,-166.693,0.200769,4.33975,85.2846
-171.467,7.05857,-284.694,-0.950263,-4.75919,-166.708,-166.696,0.383874,4.34053,85.2846
-171.467,7.04756,-284.143,-0.982303,-4.759,-166.708,-166.694,0.139733,4.34081,85.2846
-171.467,7.03396,-283.511,-0.971214,-4.75895,-166.708,-166.692,-0.470618,4.33987,85.2956
-171.467,7.0181,-282.873,-0.95732,-4.75911,-166.708,-166.692,-0.592689,4.33868,85.2846
-171.467,7.00208,-282.263,-0.958075,-4.75932,-166.708,-166.692,0.0176631,4.33871,85.2846
-171.467,6.98682,-281.675,-0.970887,-4.75945,-166.707,-166.693,0.56698,4.33984,85.2901
-171.467,6.97221,-281.092,-0.985359,-4.75951,-166.707,-166.693,0.68905,4.34122,85.2901
-171.467,6.95769,-280.51,-1.00033,-4.75952,-166.707,-166.693,0.261804,4.34175,85.2846
-171.467,6.94322,-280.036,-1.0716,-4.75951,-166.708,-166.695,0.0786982,4.34191,85.2956
-171.467,6.93176,-279.525,-1.12149,-4.7591,-166.708,-166.695,-0.165442,4.34158,85.2846
-171.467,6.91925,-279.1,-1.21504,-4.75867,-166.709,-166.698,-0.531653,4.34052,85.2846
-171.467,6.90912,-278.646,-1.29113,-4.75786,-166.71,-166.698,0.322839,4.34117,85.2846
-171.467,6.89818,-278.251,-1.39648,-4.75695,-166.711,-166.7,0.261804,4.34169,85.2901
-171.467,6.88889,-277.697,-1.41561,-4.7557,-166.712,-166.697,0.261804,4.34222,85.2846
-171.467,6.87514,-277.017,-1.36885,-4.75477,-166.713,-166.695,-0.104407,4.34201,85.2846
-171.467,6.85791,-276.326,-1.31729,-4.75422,-166.713,-166.695,-0.592689,4.34082,85.2901
-171.467,6.84037,-275.521,-1.20719,-4.7538,-166.713,-166.693,-0.0433721,4.34073,85.2901
-171.467,6.81966,-274.72,-1.10197,-4.75387,-166.713,-166.693,0.0786982,4.34089,85.2846
-171.467,6.79908,-274.038,-1.06158,-4.75414,-166.713,-166.696,0.0786982,4.34105,85.2901
-171.467,6.78183,-273.261,-0.972511,-4.75422,-166.712,-166.693,0.139733,4.34133,85.2846
-171.467,6.76193,-272.611,-0.952094,-4.75471,-166.712,-166.696,0.0786982,4.34148,85.2846
-171.467,6.74558,-271.887,-0.892914,-4.75495,-166.712,-166.694,0.139733,4.34177,85.2846
-171.467,6.72714,-271.197,-0.853424,-4.75548,-166.711,-166.694,-0.226478,4.34131,85.2846
-171.467,6.70968,-270.633,-0.880841,-4.75601,-166.711,-166.697,-0.531653,4.34024,85.2956
-171.467,6.69573,-269.96,-0.850672,-4.7562,-166.71,-166.694,-0.348548,4.33954,85.2956
-171.467,6.67875,-269.29,-0.822384,-4.75669,-166.71,-166.693,0.383874,4.34031,85.2956
-171.467,6.66182,-268.625,-0.797902,-4.75724,-166.709,-166.693,0.56698,4.34145,85.2956
-171.467,6.64507,-267.984,-0.786389,-4.75783,-166.709,-166.693,0.444909,4.34234,85.2901
-171.467,6.62898,-267.366,-0.787256,-4.75839,-166.708,-166.693,-0.165442,4.34201,85.2846
-171.467,6.61353,-266.784,-0.806654,-4.75889,-166.708,-166.693,-0.287513,4.34144,85.2846
-171.467,6.59906,-266.139,-0.793074,-4.75928,-166.707,-166.691,0.139733,4.34172,85.2846
-171.467,6.58286,-265.536,-0.801736,-4.75982,-166.707,-166.692,-0.0433721,4.34163,85.2846
-171.467,6.56783,-264.969,-0.828736,-4.76026,-166.706,-166.692,0.261804,4.34216,85.2846
-171.467,6.55378,-264.431,-0.870537,-4.76056,-166.706,-166.693,0.383874,4.34294,85.2956
-171.467,6.54054,-263.792,-0.858891,-4.76071,-166.706,-166.69,0.200769,4.34333,85.2846
-171.467,6.52452,-263.193,-0.867751,-4.76111,-166.706,-166.691,-0.165442,4.343,85.2901
-171.467,6.50957,-262.612,-0.886236,-4.76141,-166.705,-166.691,-0.470618,4.34205,85.2901
-171.467,6.49514,-262.061,-0.920003,-4.76163,-166.705,-166.691,-0.104407,4.34184,85.2846
-171.467,6.48154,-261.533,-0.965028,-4.76171,-166.705,-166.692,-0.104407,4.34163,85.2791
-171.467,6.46859,-261.129,-1.07348,-4.76164,-166.706,-166.695,0.68905,4.34301,85.2956
-171.467,6.45906,-260.682,-1.15685,-4.76107,-166.707,-166.695,0.505944,4.34403,85.2846
-171.467,6.44832,-260.221,-1.23116,-4.76042,-166.707,-166.695,-0.104407,4.34381,85.2846
-171.467,6.43721,-259.649,-1.24529,-4.75966,-166.708,-166.693,0.0786982,4.34397,85.2846
-171.467,6.42298,-259.163,-1.30449,-4.75911,-166.709,-166.696,-0.165442,4.34363,85.2846
-171.467,6.41117,-258.653,-1.34901,-4.75825,-166.71,-166.696,-0.165442,4.34331,85.2846
-171.467,6.39866,-258.115,-1.3781,-4.75736,-166.711,-166.696,0.0176631,4.34334,85.2846
-171.467,6.38538,-257.55,-1.39211,-4.75648,-166.711,-166.696,-0.0433721,4.34326,85.2846
-171.467,6.37133,-256.942,-1.38357,-4.75561,-166.712,-166.696,0.0786982,4.34341,85.2846
-171.467,6.3561,-256.312,-1.36368,-4.75488,-166.713,-166.696,0.505944,4.34442,85.2846
-171.467,6.34027,-255.664,-1.33469,-4.75422,-166.713,-166.696,-0.470618,4.34348,85.2901
-171.467,6.32392,-254.894,-1.24239,-4.75367,-166.713,-166.694,-0.470618,4.34254,85.2846
-171.467,6.30418,-254.134,-1.15791,-4.75359,-166.713,-166.694,0.0176631,4.34257,85.2846
-171.467,6.28475,-253.482,-1.13157,-4.75366,-166.713,-166.697,0.0786982,4.34273,85.2901
-171.467,6.2683,-252.723,-1.05003,-4.75354,-166.713,-166.694,0.68905,4.34411,85.2846
-171.467,6.24889,-252.08,-1.03133,-4.75383,-166.713,-166.697,0.872155,4.34586,85.2901
-171.467,6.23273,-251.245,-0.912672,-4.75388,-166.712,-166.692,0.0176631,4.3459,85.2901
-171.467,6.21123,-250.443,-0.814021,-4.75462,-166.711,-166.692,-0.653724,4.34458,85.2901
-171.467,6.19064,-249.663,-0.729303,-4.75549,-166.71,-166.692,-0.714759,4.34315,85.2901
-171.467,6.17068,-248.927,-0.66941,-4.75649,-166.709,-166.692,-0.592689,4.34196,85.2846
-171.467,6.15194,-248.249,-0.641885,-4.7575,-166.709,-166.692,0.200769,4.34236,85.2956
-171.467,6.13484,-247.596,-0.62771,-4.75844,-166.708,-166.692,0.93319,4.34423,85.2846
-171.467,6.11842,-246.997,-0.642553,-4.75936,-166.707,-166.692,0.56698,4.34537,85.2846
-171.467,6.10352,-246.523,-0.72189,-4.76011,-166.707,-166.695,-0.0433721,4.34528,85.2846
-171.467,6.09207,-246.07,-0.811128,-4.76042,-166.706,-166.695,-0.409583,4.34445,85.2846
-171.467,6.08123,-245.724,-0.953209,-4.76049,-166.707,-166.698,-0.0433721,4.34436,85.2901
-171.467,6.07331,-245.255,-1.02817,-4.76004,-166.707,-166.695,0.0176631,4.34439,85.2901
-171.467,6.06199,-244.768,-1.09178,-4.75971,-166.708,-166.695,0.200769,4.34479,85.2901
-171.467,6.05016,-244.275,-1.15046,-4.75929,-166.708,-166.695,0.444909,4.34568,85.2846
-171.467,6.03814,-243.862,-1.25005,-4.75876,-166.709,-166.698,-0.226478,4.34523,85.2846
-171.467,6.02837,-243.509,-1.37776,-4.75784,-166.71,-166.7,-0.531653,4.34416,85.2846
-171.467,6.02021,-243.099,-1.47341,-4.75653,-166.712,-166.7,0.0176631,4.34419,85.2846
-171.467,6.01051,-242.725,-1.58463,-4.75515,-166.714,-166.702,-0.348548,4.34349,85.2846
-171.467,6.00175,-242.181,-1.60497,-4.75346,-166.715,-166.7,-0.592689,4.3423,85.2846
-171.467,5.98829,-241.491,-1.54787,-4.75212,-166.716,-166.697,-0.0433721,4.34221,85.2956
-171.467,5.97075,-240.555,-1.36361,-4.75123,-166.716,-166.692,0.81112,4.34384,85.2846
-171.467,5.94637,-239.732,-1.24296,-4.75128,-166.716,-166.695,0.505944,4.34485,85.2846
-171.467,5.92517,-238.921,-1.13165,-4.75133,-166.715,-166.695,0.261804,4.34538,85.2846
-171.467,5.90431,-238.222,-1.08138,-4.75156,-166.715,-166.698,-0.653724,4.34407,85.2846
-171.467,5.88657,-237.529,-1.03542,-4.75164,-166.715,-166.698,-0.897864,4.34227,85.2791
-171.467,5.869,-236.859,-1.0029,-4.7518,-166.715,-166.698,-0.104407,4.34205,85.2901
-171.467,5.85209,-236.183,-0.967536,-4.75198,-166.715,-166.698,0.56698,4.34319,85.2846
-171.467,5.83499,-235.519,-0.939769,-4.75224,-166.714,-166.698,0.56698,4.34433,85.2846
-171.467,5.81825,-234.854,-0.911567,-4.75253,-166.714,-166.698,0.444909,4.34523,85.2846
-171.467,5.80146,-234.205,-0.893045,-4.75288,-166.714,-166.698,0.0176631,4.34527,85.2901
-171.467,5.78514,-233.558,-0.875555,-4.75324,-166.713,-166.697,-0.531653,4.34419,85.2956
-171.467,5.76886,-232.807,-0.804371,-4.75362,-166.713,-166.694,-0.592689,4.343,85.2846
-171.467,5.7497,-232.098,-0.757112,-4.75439,-166.712,-166.695,0.0786982,4.34316,85.2846
-171.467,5.73172,-231.308,-0.668686,-4.75515,-166.711,-166.692,0.628015,4.34442,85.2901
-171.467,5.7115,-230.567,-0.607709,-4.75628,-166.71,-166.692,0.81112,4.34605,85.2901
-171.467,5.69262,-229.874,-0.573526,-4.75743,-166.708,-166.692,0.444909,4.34694,85.2846
-171.467,5.6751,-229.243,-0.572779,-4.75854,-166.707,-166.692,0.0786982,4.3471,85.2846
-171.467,5.65931,-228.575,-0.552766,-4.75951,-166.706,-166.691,-0.653724,4.34578,85.2846
-171.467,5.64249,-227.958,-0.559678,-4.7606,-166.705,-166.691,-0.592689,4.34459,85.2901
-171.467,5.62708,-227.385,-0.589777,-4.76157,-166.705,-166.691,0.200769,4.34499,85.2956
-171.467,5.6129,-226.743,-0.583027,-4.76238,-166.704,-166.688,0.383874,4.34576,85.2901
-171.467,5.5968,-226.246,-0.652248,-4.76336,-166.703,-166.691,0.56698,4.3469,85.2956
-171.467,5.58473,-225.759,-0.725453,-4.76387,-166.703,-166.691,0.0176631,4.34694,85.2956
-171.467,5.57294,-225.293,-0.807304,-4.76419,-166.703,-166.691,-0.104407,4.34673,85.2846
-171.467,5.56171,-224.851,-0.90038,-4.7643,-166.703,-166.691,-0.714759,4.34529,85.2901
-171.467,5.55116,-224.41,-0.990934,-4.76417,-166.703,-166.692,-0.592689,4.34411,85.2846
-171.467,5.5406,-223.974,-1.08266,-4.76385,-166.704,-166.692,0.0786982,4.34427,85.2846
-171.467,5.5302,-223.629,-1.21927,-4.76333,-166.705,-166.695,0.81112,4.34589,85.2846
-171.467,5.5223,-223.224,-1.32139,-4.76232,-166.706,-166.694,0.93319,4.34776,85.2901
-171.467,5.51273,-222.773,-1.39686,-4.76124,-166.707,-166.694,-0.165442,4.34743,85.2846
-171.467,5.50187,-222.198,-1.40564,-4.76011,-166.708,-166.692,-0.165442,4.3471,85.2846
-171.467,5.48756,-221.699,-1.45398,-4.75925,-166.709,-166.695,-0.470618,4.34615,85.2901
-171.467,5.47536,-221.243,-1.52324,-4.75811,-166.71,-166.697,-0.409583,4.34533,85.2901
-171.467,5.46434,-220.814,-1.60476,-4.75673,-166.712,-166.699,-0.165442,4.345,85.2901
-171.467,5.45405,-220.304,-1.64241,-4.75514,-166.713,-166.699,0.68905,4.34638,85.2901
-171.467,5.44153,-219.72,-1.63978,-4.75363,-166.715,-166.699,0.56698,4.34752,85.2901
-171.467,5.42692,-218.976,-1.55409,-4.75231,-166.715,-166.696,0.750085,4.34902,85.2846
-171.467,5.4079,-218.118,-1.41038,-4.75153,-166.716,-166.694,0.0176631,4.34905,85.2846
-171.467,5.38569,-217.357,-1.32114,-4.75131,-166.716,-166.696,-0.592689,4.34786,85.2956
-171.467,5.36621,-216.562,-1.21608,-4.75105,-166.716,-166.696,-0.104407,4.34765,85.2846
-171.467,5.34578,-215.776,-1.11831,-4.75108,-166.716,-166.696,0.0786982,4.34781,85.2846
-171.467,5.32562,-215.005,-1.03075,-4.75128,-166.715,-166.696,0.444909,4.3487,85.2846
-171.467,5.30588,-214.255,-0.956543,-4.75164,-166.715,-166.696,0.322839,4.34935,85.2846
-171.467,5.28675,-213.622,-0.945018,-4.75209,-166.715,-166.699,0.0176631,4.3494,85.2901
-171.467,5.27086,-212.89,-0.881892,-4.75231,-166.714,-166.696,0.200769,4.34979,85.2901
-171.467,5.25221,-212.172,-0.827895,-4.75288,-166.713,-166.696,-0.226478,4.34934,85.2846
-171.467,5.23397,-211.488,-0.792631,-4.75352,-166.713,-166.696,-0.714759,4.3479,85.2846
-171.467,5.21667,-210.835,-0.775091,-4.75417,-166.712,-166.696,0.139733,4.34818,85.2846
-171.467,5.20026,-210.183,-0.758016,-4.75477,-166.712,-166.696,0.68905,4.34957,85.2901
-171.467,5.18385,-209.549,-0.750933,-4.75541,-166.711,-166.695,0.139733,4.34984,85.2846
-171.467,5.16795,-208.948,-0.761459,-4.75602,-166.71,-166.696,0.322839,4.35049,85.2846
-171.467,5.15298,-208.376,-0.786634,-4.75654,-166.71,-166.696,-0.104407,4.35027,85.2846
-171.467,5.1388,-207.919,-0.871543,-4.75694,-166.71,-166.698,-0.653724,4.34896,85.2846
-171.467,5.12782,-207.446,-0.945996,-4.7569,-166.71,-166.698,-0.470618,4.34801,85.2791
-171.467,5.11639,-206.985,-1.02454,-4.75675,-166.711,-166.699,-0.0433721,4.34793,85.2901
-171.467,5.10526,-206.587,-1.13484,-4.75641,-166.711,-166.701,0.383874,4.3487,85.2956
-171.467,5.09592,-206.127,-1.20934,-4.7557,-166.712,-166.7,0.322839,4.34935,85.2846
-171.467,5.08481,-205.635,-1.26573,-4.75497,-166.713,-166.7,-0.470618,4.34841,85.2846
-171.467,5.07282,-204.988,-1.23992,-4.75421,-166.713,-166.696,-0.897864,4.3466,85.2846
-171.467,5.05653,-204.427,-1.25903,-4.75385,-166.714,-166.699,-0.226478,4.34615,85.2846
-171.467,5.0426,-203.842,-1.26529,-4.75327,-166.714,-166.699,0.322839,4.3468,85.2956
-171.467,5.02801,-203.204,-1.24388,-4.75272,-166.715,-166.698,0.322839,4.34745,85.2846
-171.467,5.01196,-202.646,-1.26447,-4.75234,-166.715,-166.7,0.383874,4.34822,85.2846
-171.467,4.99812,-202.073,-1.27722,-4.75172,-166.716,-166.701,0.139733,4.3485,85.2956
-171.467,4.98389,-201.441,-1.25849,-4.75112,-166.716,-166.7,0.0786982,4.34866,85.2956
-171.467,4.968,-200.667,-1.16556,-4.75068,-166.716,-166.697,-0.531653,4.34759,85.2846
-171.467,4.94814,-199.993,-1.12789,-4.75077,-166.716,-166.699,-0.470618,4.34664,85.2846
-171.467,4.93112,-199.316,-1.08915,-4.7507,-166.716,-166.699,0.139733,4.34693,85.2846
-171.467,4.91399,-198.624,-1.04321,-4.75071,-166.716,-166.699,0.628015,4.34819,85.2846
-171.467,4.89643,-198.03,-1.04971,-4.75086,-166.716,-166.701,0.68905,4.34958,85.2901
-171.467,4.88161,-197.41,-1.04287,-4.75077,-166.716,-166.7,0.200769,4.34998,85.2846
-171.467,4.86609,-196.785,-1.03338,-4.75075,-166.716,-166.7,0.0176631,4.35001,85.2846
-171.467,4.85041,-196.248,-1.07013,-4.75077,-166.716,-166.703,-0.714759,4.34857,85.2846
-171.467,4.83719,-195.783,-1.14328,-4.75051,-166.717,-166.705,-0.409583,4.34775,85.2901
-171.467,4.82594,-195.171,-1.13834,-4.74993,-166.717,-166.702,0.322839,4.3484,85.2846
-171.467,4.81064,-194.45,-1.07627,-4.7497,-166.717,-166.699,0.628015,4.34965,85.2956
-171.467,4.79228,-193.612,-0.954561,-4.74985,-166.716,-166.696,0.444909,4.35054,85.2846
-171.467,4.77068,-192.9,-0.901736,-4.75051,-166.716,-166.698,-0.104407,4.35033,85.2846
-171.467,4.7526,-192.285,-0.900703,-4.75098,-166.716,-166.7,-0.226478,4.34987,85.2901
-171.467,4.73721,-191.568,-0.846416,-4.75124,-166.715,-166.698,-0.592689,4.34868,85.2901
-171.467,4.71899,-190.862,-0.799647,-4.75184,-166.714,-166.697,-0.653724,4.34737,85.2901
-171.467,4.7011,-190.172,-0.761906,-4.75253,-166.714,-166.697,0.0176631,4.3474,85.2846
-171.467,4.68363,-189.607,-0.79076,-4.75325,-166.713,-166.699,0.56698,4.34854,85.2846
-171.467,4.66965,-189.055,-0.82568,-4.75362,-166.713,-166.699,0.444909,4.34943,85.2846
-171.467,4.65603,-188.42,-0.816303,-4.75389,-166.713,-166.697,-0.226478,4.34898,85.2901
-171.467,4.6401,-187.701,-0.763428,-4.75437,-166.712,-166.694,-0.592689,4.34779,85.2846
-171.467,4.62184,-187.025,-0.734037,-4.75515,-166.711,-166.695,-0.531653,4.34672,85.2846
-171.467,4.60476,-186.389,-0.726446,-4.7559,-166.71,-166.695,0.200769,4.34712,85.2846
-171.467,4.58881,-185.789,-0.738158,-4.75657,-166.71,-166.695,0.383874,4.34789,85.2846
-171.467,4.57387,-185.129,-0.717931,-4.75713,-166.709,-166.693,0.628015,4.34915,85.2846
-171.467,4.55724,-184.513,-0.721526,-4.75787,-166.708,-166.693,0.0176631,4.34919,85.2846
-171.467,4.54185,-183.936,-0.745556,-4.7585,-166.708,-166.694,-0.226478,4.34873,85.2956
-171.467,4.52756,-183.362,-0.770448,-4.75899,-166.708,-166.693,-0.165442,4.3484,85.2956
-171.467,4.51333,-182.712,-0.754941,-4.75943,-166.707,-166.691,-0.348548,4.3477,85.2791
-171.467,4.49699,-182.123,-0.77183,-4.76007,-166.706,-166.692,-0.470618,4.34675,85.2846
-171.467,4.48235,-181.664,-0.85595,-4.76053,-166.706,-166.695,0.261804,4.34728,85.2846
-171.467,4.4713,-181.215,-0.943661,-4.76053,-166.707,-166.695,0.628015,4.34854,85.2846
-171.467,4.46054,-180.768,-1.03009,-4.76033,-166.707,-166.695,0.139733,4.34881,85.2846
-171.467,4.44982,-180.407,-1.15987,-4.75995,-166.708,-166.698,-0.531653,4.34775,85.2846
-171.467,4.4415,-180.016,-1.26992,-4.7591,-166.709,-166.698,-0.226478,4.34729,85.2846
-171.467,4.4323,-179.495,-1.30993,-4.7581,-166.71,-166.696,-0.226478,4.34684,85.2901
-171.467,4.4195,-178.935,-1.32873,-4.75731,-166.71,-166.695,0.0176631,4.34687,85.2846
-171.467,4.40563,-178.448,-1.38489,-4.75657,-166.711,-166.698,0.139733,4.34715,85.2846
-171.467,4.39376,-178.016,-1.46797,-4.75555,-166.713,-166.7,0.56698,4.34829,85.2846
-171.467,4.3834,-177.619,-1.56775,-4.75424,-166.714,-166.703,0.261804,4.34881,85.2901
-171.467,4.37403,-177.133,-1.61817,-4.75264,-166.716,-166.702,-0.226478,4.34836,85.2956
-171.467,4.36216,-176.548,-1.61594,-4.75113,-166.717,-166.701,-0.287513,4.34777,85.2901
-171.467,4.34755,-175.892,-1.57637,-4.74986,-166.718,-166.7,-0.653724,4.34646,85.2901
-171.467,4.33096,-175.16,-1.49812,-4.74884,-166.719,-166.7,-0.348548,4.34575,85.2901
-171.467,4.31226,-174.383,-1.39814,-4.74814,-166.719,-166.699,0.200769,4.34616,85.2791
-171.467,4.29233,-173.698,-1.34821,-4.74776,-166.72,-166.702,0.444909,4.34705,85.2846
-171.467,4.27493,-172.984,-1.28458,-4.74727,-166.72,-166.702,0.0786982,4.34721,85.2901
-171.467,4.25675,-172.143,-1.15626,-4.74697,-166.72,-166.699,0.56698,4.34835,85.2901
-171.467,4.23506,-171.297,-1.02851,-4.74723,-166.719,-166.698,-0.226478,4.34789,85.2901
-171.467,4.21324,-170.366,-0.859268,-4.74776,-166.718,-166.696,-0.592689,4.34669,85.2846
-171.467,4.18907,-169.578,-0.768776,-4.74883,-166.717,-166.698,0.261804,4.34722,85.2846
-171.467,4.16888,-168.921,-0.748686,-4.74975,-166.717,-166.701,0.81112,4.34885,85.2956
-171.467,4.15232,-168.162,-0.67611,-4.75042,-166.716,-166.697,0.56698,4.34999,85.2956
-171.467,4.13294,-167.417,-0.613207,-4.75148,-166.714,-166.697,-0.0433721,4.3499,85.2901
-171.467,4.11399,-166.709,-0.570409,-4.75262,-166.713,-166.696,-0.0433721,4.34981,85.2846
-171.467,4.09604,-166.051,-0.55537,-4.75377,-166.712,-166.697,-0.592689,4.34862,85.2901
-171.467,4.0795,-165.427,-0.558158,-4.75484,-166.711,-166.696,-0.775794,4.34707,85.2901
-171.467,4.06389,-164.832,-0.576659,-4.75582,-166.71,-166.696,0.0176631,4.3471,85.2901
-171.467,4.04911,-164.264,-0.608527,-4.75669,-166.71,-166.696,0.444909,4.348,85.2846
-171.467,4.03507,-163.734,-0.659317,-4.75745,-166.709,-166.696,0.56698,4.34914,85.2846
-171.467,4.02207,-163.325,-0.772321,-4.75801,-166.709,-166.699,-0.0433721,4.34905,85.2901
-171.467,4.01243,-162.811,-0.827639,-4.75806,-166.709,-166.696,-1.01993,4.347,85.2846
-171.467,3.99986,-162.311,-0.889497,-4.75824,-166.709,-166.696,-0.714759,4.34557,85.2846
-171.467,3.9877,-161.912,-1.00233,-4.75827,-166.709,-166.699,-0.165442,4.34523,85.2846
-171.467,3.97832,-161.589,-1.15197,-4.75783,-166.71,-166.701,-0.104407,4.34502,85.2901
-171.467,3.97104,-161.117,-1.21997,-4.75691,-166.711,-166.698,0.93319,4.34689,85.2846
-171.467,3.9596,-160.619,-1.27283,-4.7562,-166.712,-166.698,1.05526,4.349,85.2846
-171.467,3.94743,-160.091,-1.30921,-4.75544,-166.712,-166.698,-0.226478,4.34855,85.2846
-171.467,3.93445,-159.505,-1.31353,-4.75466,-166.713,-166.697,-0.897864,4.34675,85.2846
-171.467,3.91982,-158.896,-1.30648,-4.75402,-166.714,-166.698,-1.08097,4.34458,85.2846
-171.467,3.90458,-158.361,-1.33743,-4.75343,-166.714,-166.7,0.200769,4.34498,85.2846
-171.467,3.89136,-157.789,-1.34878,-4.75261,-166.715,-166.7,0.444909,4.34587,85.2846
-171.467,3.87714,-157.184,-1.34241,-4.75186,-166.716,-166.7,-0.104407,4.34566,85.2846
-171.467,3.86199,-156.442,-1.2649,-4.75119,-166.716,-166.697,0.200769,4.34607,85.2846
-171.467,3.84305,-155.606,-1.13958,-4.751,-166.716,-166.695,-0.165442,4.34573,85.2846
-171.467,3.82148,-154.791,-1.02851,-4.75127,-166.715,-166.695,-0.104407,4.34553,85.2846
-171.467,3.80052,-154.004,-0.935009,-4.75174,-166.715,-166.695,-0.226478,4.34507,85.2956
-171.467,3.78036,-153.22,-0.844914,-4.75232,-166.714,-166.695,-0.287513,4.34449,85.2956
-171.467,3.76026,-152.446,-0.762366,-4.75309,-166.713,-166.694,-0.165442,4.34416,85.2846
-171.467,3.74046,-151.72,-0.706831,-4.754,-166.712,-166.695,0.261804,4.34469,85.2846
-171.467,3.722,-151.04,-0.677381,-4.75492,-166.711,-166.695,0.383874,4.34546,85.2956
-171.467,3.70485,-150.375,-0.655991,-4.75578,-166.71,-166.694,0.0176631,4.34549,85.2791
-171.467,3.6881,-149.772,-0.667435,-4.75665,-166.71,-166.695,-0.165442,4.34516,85.2791
-171.467,3.67306,-149.206,-0.698573,-4.75736,-166.709,-166.695,-0.287513,4.34458,85.2846
-171.467,3.65908,-148.673,-0.745554,-4.75792,-166.709,-166.696,-0.165442,4.34426,85.2901
-171.467,3.64598,-148.056,-0.747957,-4.75832,-166.708,-166.693,0.628015,4.34552,85.2956
-171.467,3.63056,-147.356,-0.706865,-4.75891,-166.707,-166.69,0.872155,4.34726,85.2901
-171.467,3.61283,-146.605,-0.640454,-4.75977,-166.706,-166.688,0.139733,4.34753,85.2901
-171.467,3.5937,-145.927,-0.613584,-4.76087,-166.705,-166.689,-0.470618,4.34659,85.2901
-171.467,3.5766,-145.3,-0.61408,-4.76187,-166.704,-166.689,-0.531653,4.34553,85.2901
-171.467,3.56091,-144.626,-0.590224,-4.76275,-166.703,-166.687,-0.958899,4.3436,85.2846
-171.467,3.54392,-144.118,-0.65341,-4.76378,-166.703,-166.69,0.0176631,4.34364,85.2901
-171.467,3.53153,-143.638,-0.729985,-4.76432,-166.702,-166.69,0.322839,4.34429,85.2901
-171.467,3.51993,-143.101,-0.77473,-4.76462,-166.702,-166.689,0.200769,4.34469,85.2846
-171.467,3.50673,-142.512,-0.791496,-4.76496,-166.702,-166.687,0.200769,4.3451,85.2901
-171.467,3.49208,-141.956,-0.825281,-4.76538,-166.701,-166.688,0.200769,4.3455,85.2956
-171.467,3.47836,-141.32,-0.816203,-4.76567,-166.701,-166.685,-0.409583,4.34468,85.2901
-171.467,3.4624,-140.633,-0.781009,-4.76616,-166.7,-166.683,-0.470618,4.34373,85.2901
-171.467,3.44504,-140,-0.774478,-4.76683,-166.7,-166.684,-0.287513,4.34316,85.2846
-171.467,3.42916,-139.429,-0.800683,-4.76739,-166.699,-166.685,-0.0433721,4.34308,85.2791
-171.467,3.41501,-139.017,-0.909595,-4.76776,-166.699,-166.689,0.628015,4.34434,85.2901
-171.467,3.40529,-138.516,-0.969594,-4.76754,-166.7,-166.687,0.139733,4.34461,85.2901
-171.467,3.3931,-138.028,-1.0346,-4.7674,-166.7,-166.687,-0.0433721,4.34453,85.2901
-171.467,3.38125,-137.729,-1.19675,-4.7671,-166.701,-166.692,-1.08097,4.34236,85.2846
-171.467,3.37464,-137.314,-1.29436,-4.76604,-166.702,-166.69,-0.958899,4.34043,85.2791
-171.467,3.36479,-136.99,-1.43695,-4.76504,-166.703,-166.694,-0.165442,4.34009,85.2846
-171.467,3.35745,-136.528,-1.5042,-4.76354,-166.705,-166.692,0.139733,4.34038,85.2846
-171.467,3.34628,-136.033,-1.55235,-4.76221,-166.706,-166.692,0.628015,4.34164,85.2846
-171.467,3.33418,-135.581,-1.62141,-4.76086,-166.708,-166.695,0.750085,4.34315,85.2901
-171.467,3.32325,-135.062,-1.65391,-4.75928,-166.709,-166.695,-0.287513,4.34258,85.2846
-171.467,3.31047,-134.495,-1.66056,-4.75777,-166.711,-166.695,-0.653724,4.34126,85.2901
-171.467,3.29635,-133.868,-1.63553,-4.75637,-166.712,-166.695,0.200769,4.34166,85.2846
-171.467,3.28056,-133.296,-1.64019,-4.75515,-166.713,-166.697,-0.0433721,4.34157,85.2846
-171.467,3.26633,-132.553,-1.5546,-4.7538,-166.714,-166.694,0.261804,4.34209,85.2791
-171.467,3.2473,-131.806,-1.46932,-4.75302,-166.715,-166.695,0.81112,4.34372,85.2956
-171.467,3.2282,-130.924,-1.31507,-4.75242,-166.715,-166.692,0.505944,4.34473,85.2846
-171.467,3.20532,-130.06,-1.17435,-4.75245,-166.714,-166.693,-0.165442,4.3444,85.2901
-171.467,3.18299,-129.301,-1.092,-4.75272,-166.714,-166.695,-0.531653,4.34333,85.2901
-171.467,3.16359,-128.362,-0.91712,-4.75292,-166.713,-166.69,-0.714759,4.34189,85.2846
-171.467,3.13917,-127.576,-0.826726,-4.75389,-166.712,-166.693,0.261804,4.34242,85.2846
-171.467,3.11903,-126.929,-0.811492,-4.7547,-166.712,-166.696,0.81112,4.34405,85.2846
-171.467,3.10278,-126.311,-0.811528,-4.75522,-166.711,-166.696,0.93319,4.34592,85.2846
-171.467,3.08733,-125.718,-0.824499,-4.75567,-166.711,-166.696,0.139733,4.3462,85.2846
-171.467,3.07256,-125.146,-0.848405,-4.75604,-166.711,-166.696,-0.165442,4.34588,85.2901
-171.467,3.05839,-124.484,-0.824633,-4.75631,-166.71,-166.694,-0.470618,4.34493,85.2791
-171.467,3.04171,-123.965,-0.875803,-4.75684,-166.71,-166.697,-0.592689,4.34373,85.2846
-171.467,3.02898,-123.361,-0.881993,-4.75694,-166.71,-166.695,-0.226478,4.34328,85.2846
-171.467,3.01392,-122.687,-0.851308,-4.75721,-166.709,-166.693,0.505944,4.3443,85.2846
-171.467,2.99691,-122.112,-0.872728,-4.75772,-166.709,-166.695,0.872155,4.34605,85.2846
-171.467,2.98263,-121.464,-0.856063,-4.75795,-166.709,-166.693,0.68905,4.34743,85.2846
-171.467,2.96635,-120.758,-0.809253,-4.75837,-166.708,-166.691,-0.470618,4.34649,85.2846
-171.467,2.94844,-120.008,-0.74033,-4.75903,-166.707,-166.689,-0.592689,4.34529,85.2901
-171.467,2.92931,-119.305,-0.697813,-4.75993,-166.706,-166.689,-0.0433721,4.3452,85.2901
-171.467,2.91149,-118.647,-0.680223,-4.76082,-166.705,-166.689,0.56698,4.34634,85.2901
-171.467,2.89494,-118.032,-0.685274,-4.76164,-166.705,-166.69,1.05526,4.34846,85.2846
-171.467,2.87957,-117.561,-0.765992,-4.76235,-166.704,-166.693,0.261804,4.34899,85.2846
-171.467,2.86824,-117.115,-0.85741,-4.76255,-166.704,-166.693,0.0176631,4.34903,85.2901
-171.467,2.85756,-116.668,-0.946071,-4.76253,-166.705,-166.693,-0.104407,4.34881,85.2901
-171.467,2.84685,-116.32,-1.08448,-4.76231,-166.705,-166.696,-0.0433721,4.34872,85.2901
-171.467,2.83889,-115.845,-1.15276,-4.76158,-166.706,-166.693,-0.0433721,4.34863,85.2791
-171.467,2.82736,-115.284,-1.17504,-4.76101,-166.706,-166.692,-0.104407,4.34841,85.2846
-171.467,2.81347,-114.633,-1.14962,-4.76059,-166.707,-166.69,0.383874,4.34919,85.2846
-171.467,2.79708,-114,-1.13406,-4.76042,-166.707,-166.69,0.322839,4.34984,85.2846
-171.467,2.78117,-113.276,-1.07118,-4.76025,-166.707,-166.688,0.200769,4.35023,85.2846
-171.467,2.76274,-112.586,-1.02777,-4.76041,-166.706,-166.689,-0.592689,4.34904,85.2846
-171.467,2.74526,-111.93,-1.0028,-4.76059,-166.706,-166.69,-0.287513,4.34846,85.2846
-171.467,2.72871,-111.396,-1.04269,-4.76074,-166.706,-166.693,-0.287513,4.34789,85.2846
-171.467,2.71558,-110.87,-1.08552,-4.76052,-166.707,-166.693,0.383874,4.34866,85.2846
-171.467,2.70266,-110.346,-1.12871,-4.7602,-166.707,-166.693,1.05526,4.35078,85.2901
-171.467,2.68981,-109.714,-1.11389,-4.7598,-166.707,-166.691,0.0786982,4.35094,85.2901
-171.467,2.67392,-109.082,-1.09941,-4.75966,-166.707,-166.691,-0.592689,4.34975,85.2901
-171.467,2.65803,-108.358,-1.03759,-4.75955,-166.707,-166.689,-0.714759,4.34832,85.2846
-171.467,2.63961,-107.67,-0.995782,-4.75978,-166.707,-166.69,-0.226478,4.34785,85.2846
-171.467,2.62219,-107,-0.964811,-4.76001,-166.707,-166.69,-0.165442,4.34752,85.2846
-171.467,2.60528,-106.457,-1.0008,-4.76027,-166.707,-166.693,0.261804,4.34805,85.2846
-171.467,2.5919,-105.834,-0.993844,-4.76016,-166.707,-166.691,0.750085,4.34955,85.2846
-171.467,2.57628,-105.328,-1.04849,-4.76026,-166.707,-166.694,-0.226478,4.3491,85.2846
-171.467,2.56393,-104.917,-1.15118,-4.75997,-166.708,-166.697,-0.287513,4.34852,85.2846
-171.467,2.5542,-104.377,-1.18375,-4.75926,-166.708,-166.694,-0.592689,4.34732,85.2846
-171.467,2.54086,-103.738,-1.16416,-4.75877,-166.708,-166.692,-0.287513,4.34674,85.2846
-171.467,2.52479,-103.108,-1.15008,-4.75855,-166.709,-166.692,0.0786982,4.3469,85.2846
-171.467,2.50899,-102.487,-1.14054,-4.75833,-166.709,-166.693,0.200769,4.34731,85.2846
-171.467,2.49341,-101.874,-1.13513,-4.75811,-166.709,-166.693,0.56698,4.34845,85.2846
-171.467,2.47805,-101.235,-1.11693,-4.7579,-166.709,-166.693,0.81112,4.35007,85.2846
-171.467,2.462,-100.516,-1.05708,-4.75777,-166.709,-166.691,-0.165442,4.34974,85.2846
-171.467,2.44371,-99.9184,-1.0618,-4.75795,-166.709,-166.694,-0.775794,4.34818,85.2901
-171.467,2.42878,-99.3139,-1.06303,-4.75784,-166.709,-166.694,-0.287513,4.3476,85.2846
-171.467,2.41368,-98.8119,-1.1178,-4.75775,-166.71,-166.697,0.261804,4.34813,85.2846
-171.467,2.40142,-98.391,-1.21358,-4.75731,-166.71,-166.699,0.628015,4.34939,85.3011
-171.467,2.39142,-97.7994,-1.21781,-4.75649,-166.711,-166.695,0.444909,4.35028,85.2901
-171.467,2.37665,-97.1841,-1.20955,-4.75605,-166.711,-166.695,-0.348548,4.34958,85.2846
-171.467,2.36123,-96.6564,-1.24719,-4.75568,-166.712,-166.698,-0.531653,4.34851,85.2956
-171.467,2.34825,-96.075,-1.25584,-4.75504,-166.712,-166.697,-0.165442,4.34818,85.2956
-171.467,2.33377,-95.5687,-1.3035,-4.75449,-166.713,-166.7,0.139733,4.34846,85.2901
-171.467,2.32137,-95.0131,-1.32416,-4.75369,-166.714,-166.699,0.0176631,4.34849,85.2956
-171.467,2.3076,-94.3049,-1.2646,-4.75295,-166.714,-166.696,0.261804,4.34903,85.2901
-171.467,2.28959,-93.578,-1.19664,-4.75268,-166.714,-166.696,0.444909,4.34993,85.2901
-171.467,2.27106,-92.9483,-1.18107,-4.7526,-166.715,-166.698,-0.226478,4.34947,85.2846
-171.467,2.25524,-92.2933,-1.15267,-4.75232,-166.715,-166.698,-0.592689,4.34828,85.2901
-171.467,2.23872,-91.6185,-1.11456,-4.75216,-166.715,-166.698,-1.142,4.34599,85.2846
-171.467,2.22165,-90.9447,-1.07793,-4.75212,-166.715,-166.698,-0.348548,4.34529,85.2846
-171.467,2.20461,-90.3665,-1.09211,-4.75215,-166.715,-166.7,0.628015,4.34655,85.2901
-171.467,2.19024,-89.8532,-1.13987,-4.75193,-166.716,-166.702,0.444909,4.34745,85.2901
-171.467,2.17766,-89.1897,-1.10791,-4.75146,-166.716,-166.699,0.628015,4.34871,85.2956
-171.467,2.16091,-88.4934,-1.05961,-4.75141,-166.715,-166.698,-0.470618,4.34777,85.2846
-171.467,2.14325,-87.8035,-1.01583,-4.75153,-166.715,-166.698,-0.470618,4.34682,85.2901
-171.467,2.12577,-87.1082,-0.970322,-4.75172,-166.715,-166.698,-0.287513,4.34624,85.2901
-171.467,2.10814,-86.3201,-0.877395,-4.75202,-166.714,-166.695,0.0176631,4.34628,85.2901
-171.467,2.08794,-85.5852,-0.81452,-4.75273,-166.714,-166.696,0.139733,4.34656,85.2846
-171.467,2.06923,-84.979,-0.820527,-4.75344,-166.713,-166.698,0.56698,4.3477,85.2846
-171.467,2.0541,-84.483,-0.883924,-4.75385,-166.713,-166.701,0.383874,4.34848,85.2846
-171.467,2.04203,-83.9826,-0.943555,-4.75388,-166.713,-166.7,-0.104407,4.34827,85.2846
-171.467,2.02983,-83.4742,-0.997542,-4.7538,-166.713,-166.7,-0.409583,4.34745,85.2846
-171.467,2.01741,-82.8622,-0.996083,-4.75362,-166.713,-166.698,-0.592689,4.34625,85.2846
-171.467,2.0021,-82.3473,-1.04544,-4.75367,-166.714,-166.7,-0.348548,4.34555,85.2846
-171.467,1.98949,-81.7256,-1.03776,-4.75342,-166.714,-166.698,0.56698,4.3467,85.2846
-171.467,1.97391,-81.199,-1.07992,-4.75342,-166.714,-166.7,0.444909,4.34759,85.2846
-171.467,1.96097,-80.6562,-1.11264,-4.75312,-166.714,-166.7,-0.104407,4.34738,85.2846
-171.467,1.94757,-80.0039,-1.08732,-4.75277,-166.714,-166.698,0.200769,4.34778,85.2846
-171.467,1.93113,-79.3532,-1.06344,-4.75273,-166.714,-166.698,-0.348548,4.34708,85.2791
-171.467,1.91474,-78.6284,-1.00143,-4.75275,-166.714,-166.696,-0.287513,4.3465,85.2846
-171.467,1.89629,-77.9241,-0.951594,-4.75306,-166.714,-166.696,-0.0433721,4.34641,85.2901
-171.467,1.87842,-77.1338,-0.858096,-4.75343,-166.713,-166.693,-0.226478,4.34596,85.2901
-171.467,1.85816,-76.4799,-0.838144,-4.75418,-166.712,-166.696,0.81112,4.34759,85.2956
-171.467,1.8417,-75.7288,-0.767934,-4.75466,-166.711,-166.693,0.93319,4.34946,85.2901
-171.467,1.82254,-74.9187,-0.668615,-4.75551,-166.71,-166.691,-0.165442,4.34913,85.2846
-171.467,1.80175,-74.1768,-0.607389,-4.75669,-166.709,-166.691,-0.775794,4.34758,85.2901
-171.467,1.78286,-73.4853,-0.574084,-4.75786,-166.708,-166.692,0.0786982,4.34774,85.2901
-171.467,1.76538,-72.9495,-0.623005,-4.75896,-166.707,-166.694,-0.470618,4.34679,85.2901
-171.467,1.75224,-72.5286,-0.730829,-4.75962,-166.707,-166.697,0.0176631,4.34682,85.2846
-171.467,1.74227,-72.1195,-0.842247,-4.75978,-166.707,-166.697,0.93319,4.34869,85.2846
-171.467,1.73263,-71.8049,-1.00035,-4.7597,-166.708,-166.699,0.444909,4.34959,85.2846
-171.467,1.7256,-71.4634,-1.1406,-4.75907,-166.709,-166.699,-0.287513,4.34902,85.2846
-171.467,1.71782,-71.0866,-1.2589,-4.75821,-166.71,-166.699,-0.531653,4.34795,85.2846
-171.467,1.70903,-70.853,-1.44918,-4.7572,-166.712,-166.704,-0.348548,4.34725,85.2846
-171.467,1.70421,-70.5368,-1.59158,-4.75546,-166.713,-166.704,0.0176631,4.34728,85.2901
-171.467,1.69708,-70.0279,-1.62972,-4.75363,-166.715,-166.7,0.139733,4.34756,85.2901
-171.467,1.68458,-69.3493,-1.5782,-4.75216,-166.716,-166.698,0.872155,4.34931,85.2901
-171.467,1.66736,-68.5424,-1.4608,-4.75118,-166.716,-166.695,0.139733,4.34959,85.2846
-171.467,1.64658,-67.8197,-1.39023,-4.75072,-166.717,-166.698,-0.165442,4.34926,85.2846
-171.467,1.62816,-67.0794,-1.31207,-4.75023,-166.717,-166.698,-0.775794,4.3477,85.2901
-171.467,1.60924,-66.3144,-1.22285,-4.74993,-166.717,-166.698,-0.836829,4.34602,85.2846
-171.467,1.58965,-65.5499,-1.13605,-4.74988,-166.717,-166.698,-0.348548,4.34532,85.2846
-171.467,1.57008,-64.7779,-1.04741,-4.75,-166.717,-166.697,0.505944,4.34634,85.2901
-171.467,1.55031,-64.0069,-0.961489,-4.75031,-166.716,-166.697,0.261804,4.34687,85.2846
-171.467,1.53058,-63.2591,-0.889725,-4.75081,-166.716,-166.697,-0.165442,4.34654,85.2846
-171.467,1.5115,-62.7227,-0.930245,-4.75139,-166.716,-166.702,0.0176631,4.34657,85.2901
-171.467,1.4983,-62.0715,-0.909766,-4.75142,-166.715,-166.699,-0.0433721,4.34648,85.2901
-171.467,1.48191,-61.4316,-0.895692,-4.75175,-166.715,-166.699,-0.226478,4.34602,85.2956
-171.467,1.46583,-60.7734,-0.872443,-4.75208,-166.714,-166.698,-0.104407,4.34582,85.2901
-171.467,1.44925,-60.1179,-0.851185,-4.7525,-166.714,-166.698,0.628015,4.34708,85.2901
-171.467,1.43274,-59.4672,-0.832994,-4.75295,-166.714,-166.698,0.872155,4.34883,85.2736
-171.467,1.41637,-58.8686,-0.842483,-4.75343,-166.713,-166.698,0.0176631,4.34887,85.2736
-171.467,1.40145,-58.1621,-0.795388,-4.75377,-166.713,-166.695,-0.714759,4.34743,85.2901
-171.467,1.38353,-57.4765,-0.760411,-4.75445,-166.712,-166.695,-0.897864,4.34563,85.2901
-171.467,1.3662,-56.7217,-0.69014,-4.75516,-166.711,-166.693,-0.165442,4.34529,85.2846
-171.467,1.34695,-56.1155,-0.699328,-4.75618,-166.71,-166.695,0.444909,4.34619,85.2846
-171.467,1.33183,-55.5443,-0.726576,-4.75683,-166.71,-166.696,0.505944,4.3472,85.2846
-171.467,1.31768,-55.0015,-0.768074,-4.75735,-166.709,-166.696,0.0176631,4.34724,85.2901
-171.467,1.30433,-54.4663,-0.812531,-4.75772,-166.709,-166.696,0.0176631,4.34728,85.2956
-171.467,1.29117,-54.0116,-0.898015,-4.75798,-166.709,-166.697,-0.592689,4.34609,85.2846
-171.467,1.28025,-53.5558,-0.98088,-4.75788,-166.709,-166.698,-0.531653,4.34502,85.2846
-171.467,1.2693,-53.093,-1.05809,-4.75762,-166.71,-166.698,-0.0433721,4.34493,85.2846
-171.467,1.25814,-52.4944,-1.06245,-4.75721,-166.71,-166.695,0.139733,4.34522,85.2846
-171.467,1.2432,-51.9033,-1.07062,-4.7571,-166.71,-166.695,0.628015,4.34648,85.2956
-171.467,1.22847,-51.287,-1.06541,-4.75697,-166.71,-166.694,0.200769,4.34688,85.2846
-171.467,1.21303,-50.6798,-1.06508,-4.7569,-166.71,-166.695,0.0786982,4.34704,85.2901
-171.467,1.19785,-50.0645,-1.06055,-4.7568,-166.71,-166.695,-0.348548,4.34633,85.2901
-171.467,1.18245,-49.4428,-1.05275,-4.75673,-166.71,-166.694,-0.226478,4.34587,85.2901
-171.467,1.16686,-48.8163,-1.04262,-4.75671,-166.71,-166.694,0.0176631,4.34591,85.2901
-171.467,1.15115,-48.2789,-1.07929,-4.75671,-166.711,-166.697,-0.0433721,4.34582,85.2846
-171.467,1.13791,-47.5515,-1.01576,-4.75642,-166.71,-166.692,0.139733,4.3461,85.2901
-171.467,1.11939,-46.9308,-1.0096,-4.75671,-166.71,-166.695,0.0176631,4.34613,85.2901
-171.467,1.10384,-46.3236,-1.0106,-4.75676,-166.71,-166.695,0.0786982,4.34629,85.2956
-171.467,1.08866,-45.6053,-0.953515,-4.75678,-166.71,-166.692,-0.165442,4.34596,85.2901
-171.467,1.0704,-44.814,-0.859679,-4.75717,-166.709,-166.69,-0.470618,4.34501,85.2846
-171.467,1.05011,-44.0769,-0.79648,-4.75792,-166.708,-166.69,0.0786982,4.34516,85.2901
-171.467,1.03134,-43.2855,-0.706521,-4.75867,-166.707,-166.688,0.322839,4.34581,85.2901
-171.467,1.01107,-42.6418,-0.695938,-4.75974,-166.706,-166.691,0.750085,4.34731,85.2846
-171.467,0.994912,-42.0491,-0.71231,-4.76049,-166.706,-166.691,0.322839,4.34796,85.2846
-171.467,0.98017,-41.4999,-0.751055,-4.76109,-166.705,-166.692,-0.104407,4.34775,85.2846
-171.467,0.966636,-40.9861,-0.807413,-4.76152,-166.705,-166.692,-0.409583,4.34693,85.2901
-171.467,0.954084,-40.4825,-0.867764,-4.76173,-166.705,-166.692,-0.104407,4.34672,85.2901
-171.467,0.941809,-39.9994,-0.937332,-4.76182,-166.705,-166.693,0.383874,4.34749,85.2846
-171.467,0.930095,-39.5275,-1.01111,-4.76171,-166.706,-166.693,0.261804,4.34801,85.2956
-171.467,0.918688,-39.0287,-1.06908,-4.76142,-166.706,-166.693,0.139733,4.34829,85.2846
-171.467,0.906529,-38.5321,-1.12675,-4.76108,-166.706,-166.693,0.200769,4.34869,85.2901
-171.467,0.894423,-37.9249,-1.12522,-4.76061,-166.707,-166.691,-0.0433721,4.34861,85.2901
-171.467,0.879238,-37.315,-1.1223,-4.7604,-166.707,-166.691,-0.0433721,4.34852,85.2846
-171.467,0.863979,-36.718,-1.12618,-4.76019,-166.707,-166.692,-0.348548,4.34782,85.2901
-171.467,0.849079,-36.208,-1.17538,-4.75995,-166.708,-166.694,0.322839,4.34847,85.2901
-171.467,0.836594,-35.582,-1.16278,-4.75941,-166.708,-166.692,0.200769,4.34887,85.2846
-171.467,0.820882,-35.0581,-1.20376,-4.75917,-166.708,-166.695,-0.226478,4.34842,85.2846
-171.467,0.808006,-34.4009,-1.17415,-4.75861,-166.709,-166.692,-0.165442,4.34808,85.2846
-171.467,0.791426,-33.8474,-1.19937,-4.7584,-166.709,-166.695,-0.470618,4.34714,85.2901
-171.467,0.777728,-33.1785,-1.16364,-4.75791,-166.709,-166.692,-0.226478,4.34669,85.2846
-171.467,0.76082,-32.5219,-1.13521,-4.75776,-166.709,-166.693,0.0786982,4.34684,85.2846
-171.467,0.744259,-31.9695,-1.16187,-4.75764,-166.71,-166.695,0.444909,4.34774,85.2846
-171.467,0.730594,-31.395,-1.17637,-4.75723,-166.71,-166.695,0.505944,4.34875,85.2846
-171.467,0.716315,-30.8147,-1.1874,-4.75683,-166.711,-166.695,0.139733,4.34904,85.2846
-171.467,0.70187,-30.3197,-1.24273,-4.75642,-166.711,-166.698,0.200769,4.34944,85.2846
-171.467,0.689796,-29.7984,-1.28295,-4.75571,-166.712,-166.698,-0.348548,4.34874,85.2901
-171.467,0.676986,-29.1423,-1.25173,-4.75497,-166.712,-166.695,0.0176631,4.34877,85.2901
-171.467,0.660427,-28.4809,-1.21844,-4.7546,-166.713,-166.696,-0.287513,4.34818,85.2846
-171.467,0.643722,-27.8168,-1.18452,-4.75432,-166.713,-166.696,0.444909,4.34908,85.2846
-171.467,0.626945,-27.1522,-1.15112,-4.75411,-166.713,-166.696,0.444909,4.34996,85.2901
-171.467,0.610156,-26.3823,-1.06353,-4.75398,-166.713,-166.693,0.0786982,4.35013,85.2846
-171.467,0.590446,-25.6382,-0.99153,-4.75426,-166.712,-166.694,0.0176631,4.35017,85.2846
-171.467,0.571461,-24.8914,-0.91988,-4.75463,-166.712,-166.693,0.0176631,4.3502,85.2846
-171.467,0.552409,-24.1795,-0.868221,-4.75515,-166.711,-166.694,-0.531653,4.34914,85.2956
-171.467,0.534332,-23.3807,-0.772399,-4.7557,-166.71,-166.691,0.0176631,4.34917,85.2846
-171.467,0.513844,-22.7327,-0.757767,-4.75664,-166.71,-166.694,0.93319,4.35104,85.2956
-171.467,0.497558,-22.1851,-0.795987,-4.75727,-166.709,-166.696,-0.348548,4.35035,85.2956
-171.467,0.484063,-21.6579,-0.843972,-4.7576,-166.709,-166.696,-0.104407,4.35014,85.2901
-171.467,0.471131,-21.1301,-0.890537,-4.75777,-166.709,-166.696,-0.104407,4.34993,85.2901
-171.467,0.45818,-20.5986,-0.934027,-4.75786,-166.709,-166.696,0.322839,4.35058,85.2846
-171.467,0.445121,-20.1675,-1.02893,-4.75786,-166.71,-166.698,0.200769,4.35098,85.2846
-171.467,0.434847,-19.8132,-1.16163,-4.75743,-166.71,-166.701,0.261804,4.3515,85.2846
-171.467,0.426697,-19.235,-1.17412,-4.75656,-166.711,-166.696,0.139733,4.35178,85.2846
-171.467,0.412313,-18.558,-1.13467,-4.75618,-166.711,-166.694,0.139733,4.35206,85.2846
-171.467,0.395183,-17.9847,-1.15029,-4.75611,-166.711,-166.696,0.139733,4.35235,85.2791
-171.467,0.380936,-17.4193,-1.16973,-4.75576,-166.712,-166.697,-0.226478,4.35189,85.2901
-171.467,0.366911,-16.6441,-1.07899,-4.75537,-166.711,-166.692,-0.348548,4.35119,85.2901
-171.467,0.347051,-15.7754,-0.941636,-4.75563,-166.711,-166.689,0.0176631,4.35123,85.2846
-171.467,0.324603,-14.9626,-0.836809,-4.75639,-166.71,-166.69,0.93319,4.3531,85.2846
-171.467,0.303721,-14.2073,-0.764573,-4.75724,-166.709,-166.691,0.200769,4.3535,85.2901
-171.467,0.284445,-13.4927,-0.715451,-4.7581,-166.708,-166.691,0.0176631,4.35353,85.2846
-171.467,0.26631,-12.834,-0.696744,-4.75898,-166.707,-166.691,0.0786982,4.35369,85.2846
-171.467,0.249731,-12.2112,-0.697336,-4.75975,-166.707,-166.691,-0.104407,4.35348,85.2956
-171.467,0.234154,-11.5133,-0.658692,-4.76045,-166.706,-166.689,-0.531653,4.35241,85.2846
-171.467,0.216489,-10.8798,-0.654706,-4.76141,-166.705,-166.689,-0.165442,4.35208,85.2846
-171.467,0.200618,-10.3032,-0.680608,-4.76221,-166.704,-166.69,0.68905,4.35347,85.2846
-171.467,0.186329,-9.7749,-0.731179,-4.76284,-166.704,-166.691,0.750085,4.35497,85.2846
-171.467,0.17338,-9.17737,-0.74438,-4.76325,-166.703,-166.689,0.139733,4.35526,85.2846
-171.467,0.158502,-8.62923,-0.78311,-4.7638,-166.703,-166.689,-0.0433721,4.35518,85.2846
-171.467,0.144996,-8.12082,-0.841694,-4.76415,-166.703,-166.69,-0.0433721,4.35508,85.2846
-171.467,0.13259,-7.6414,-0.914029,-4.76429,-166.703,-166.691,-0.104407,4.35487,85.2846
-171.467,0.120985,-7.27472,-1.04353,-4.76422,-166.703,-166.693,-0.470618,4.35393,85.2846
-171.467,0.112505,-6.97622,-1.2055,-4.76362,-166.704,-166.696,0.383874,4.35469,85.2901
-171.467,0.105908,-6.6278,-1.33742,-4.76254,-166.706,-166.696,0.68905,4.35607,85.2846
-171.467,0.0979074,-6.23911,-1.44505,-4.7613,-166.707,-166.696,-0.104407,4.35586,85.2901
-171.467,0.0887751,-5.69741,-1.47005,-4.75993,-166.708,-166.693,-0.165442,4.35552,85.2901
-171.467,0.0753803,-5.1133,-1.47222,-4.75887,-166.709,-166.693,-0.287513,4.35495,85.2901
-171.467,0.0608043,-4.50503,-1.46164,-4.75788,-166.71,-166.694,-0.531653,4.35388,85.2846
-171.467,0.0455564,-3.78295,-1.39178,-4.75698,-166.71,-166.692,-0.104407,4.35367,85.2846
-171.467,0.0271462,-3.1532,-1.37181,-4.75649,-166.711,-166.695,-0.226478,4.35322,85.2846
-171.467,0.0113086,-2.50843,-1.34442,-4.75582,-166.712,-166.695,0.0786982,4.35337,85.2846
-171.467,-0.00494522,-1.94418,-1.35971,-4.75525,-166.713,-166.697,0.505944,4.35439,85.2846
-171.467,-0.0189588,-1.24518,-1.30418,-4.75445,-166.713,-166.695,0.200769,4.35479,85.2901
-171.467,-0.0367188,-0.527392,-1.24014,-4.75409,-166.713,-166.695,-0.0433721,4.3547,85.2901
-171.467,-0.0549958,0.202208,-1.17144,-4.75389,-166.713,-166.695,-0.653724,4.35339,85.2846
-171.467,-0.0735951,0.828731,-1.15826,-4.75387,-166.713,-166.697,-0.409583,4.35256,85.2901
-171.467,-0.0893236,1.47619,-1.13443,-4.75363,-166.713,-166.697,-0.470618,4.35163,85.2901
-171.467,-0.105633,2.04688,-1.15127,-4.7535,-166.714,-166.699,0.139733,4.3519,85.2901
-171.467,-0.119806,2.64763,-1.15198,-4.75314,-166.714,-166.699,0.68905,4.35329,85.2901
-171.467,-0.134817,3.27469,-1.13891,-4.75286,-166.714,-166.698,0.505944,4.3543,85.2846
-171.467,-0.150559,3.90766,-1.12305,-4.75266,-166.714,-166.698,-0.409583,4.35347,85.2901
-171.467,-0.166463,4.56048,-1.09718,-4.75251,-166.715,-166.698,-0.836829,4.3518,85.2901
-171.467,-0.182919,5.21385,-1.07164,-4.75246,-166.715,-166.698,-0.409583,4.35097,85.2846
-171.467,-0.199387,5.86507,-1.04785,-4.75246,-166.714,-166.698,0.383874,4.35174,85.2791
-171.467,-0.215792,6.49803,-1.03416,-4.7525,-166.714,-166.698,0.383874,4.35251,85.2846
-171.467,-0.231688,7.03705,-1.06989,-4.75253,-166.715,-166.701,-0.0433721,4.35242,85.2901
-171.467,-0.244973,7.6072,-1.08848,-4.75227,-166.715,-166.7,0.56698,4.35356,85.2901
-171.467,-0.259126,8.38941,-0.995805,-4.75205,-166.714,-166.695,0.200769,4.35396,85.2846
-171.467,-0.279173,9.23605,-0.871725,-4.7525,-166.714,-166.693,-0.104407,4.35375,85.2846
-171.467,-0.301002,10.0338,-0.776211,-4.75335,-166.713,-166.693,-0.0433721,4.35366,85.2956
-171.467,-0.321462,10.9025,-0.646029,-4.75429,-166.711,-166.691,0.505944,4.35467,85.2791
-171.467,-0.343881,11.4957,-0.662971,-4.75566,-166.711,-166.696,1.05526,4.35679,85.2791
-171.467,-0.358634,12.0546,-0.697509,-4.75635,-166.71,-166.696,-0.0433721,4.35671,85.2901
-171.467,-0.372434,12.6935,-0.689462,-4.7569,-166.709,-166.694,-0.531653,4.35564,85.2956
-171.467,-0.38846,13.32,-0.688114,-4.75765,-166.709,-166.693,0.0786982,4.35579,85.2901
-171.467,-0.404141,13.8268,-0.749403,-4.75837,-166.708,-166.696,0.200769,4.3562,85.2901
-171.467,-0.416495,14.3277,-0.81233,-4.7587,-166.708,-166.696,0.139733,4.35648,85.2901
-171.467,-0.428691,14.813,-0.881895,-4.75888,-166.708,-166.696,-0.104407,4.35627,85.2846
-171.467,-0.44046,15.3826,-0.905751,-4.75888,-166.708,-166.694,0.200769,4.35668,85.2901
-171.467,-0.454578,16.0397,-0.883322,-4.75903,-166.708,-166.691,0.628015,4.35794,85.2901
-171.467,-0.471129,16.5836,-0.920647,-4.75943,-166.708,-166.694,0.0786982,4.3581,85.2901
-171.467,-0.484531,17.2187,-0.909394,-4.75948,-166.707,-166.691,-0.104407,4.35789,85.2901
-171.467,-0.500472,17.8227,-0.914701,-4.75977,-166.707,-166.692,0.261804,4.35842,85.2846
-171.467,-0.515547,18.308,-0.981887,-4.75997,-166.707,-166.695,0.322839,4.35906,85.2901
-171.467,-0.527325,18.8051,-1.04128,-4.75977,-166.708,-166.695,0.0176631,4.3591,85.2956
-171.467,-0.539438,19.4252,-1.03498,-4.75947,-166.708,-166.692,0.444909,4.35999,85.2846
-171.467,-0.554973,20.026,-1.03893,-4.75947,-166.708,-166.692,-0.0433721,4.35991,85.2846
-171.467,-0.56997,20.6117,-1.05064,-4.75941,-166.708,-166.693,0.0786982,4.36006,85.2956
-171.467,-0.58455,21.2157,-1.05253,-4.7593,-166.708,-166.692,-0.0433721,4.35997,85.2956
-171.467,-0.599638,21.8352,-1.04623,-4.75923,-166.708,-166.692,-0.226478,4.35952,85.2956
-171.467,-0.61516,22.4682,-1.03306,-4.75921,-166.708,-166.692,-0.0433721,4.35943,85.2846
-171.467,-0.631053,22.8961,-1.12737,-4.75923,-166.708,-166.697,0.68905,4.36081,85.2846
-171.467,-0.641246,23.3438,-1.20899,-4.75861,-166.709,-166.697,0.68905,4.36219,85.2846
-171.467,-0.652001,23.8168,-1.27541,-4.75786,-166.71,-166.697,-0.287513,4.36161,85.2846
-171.467,-0.663465,24.3182,-1.32531,-4.75702,-166.711,-166.697,-0.287513,4.36103,85.2901
-171.467,-0.675726,24.9565,-1.30243,-4.75616,-166.711,-166.695,-0.226478,4.36057,85.2846
-171.467,-0.691796,25.5111,-1.32381,-4.75566,-166.712,-166.697,-0.348548,4.35988,85.2846
-171.467,-0.705537,26.0909,-1.33144,-4.75492,-166.713,-166.697,-0.0433721,4.35979,85.2846
-171.467,-0.719981,26.6949,-1.32622,-4.75422,-166.713,-166.697,0.261804,4.36031,85.2846
-171.467,-0.735098,27.2275,-1.35839,-4.75359,-166.714,-166.7,0.139733,4.36059,85.2901
-171.467,-0.74823,27.9039,-1.31455,-4.75273,-166.715,-166.697,-0.226478,4.36013,85.2901
-171.467,-0.765364,28.6244,-1.24872,-4.75228,-166.715,-166.696,-0.287513,4.35956,85.2956
-171.467,-0.783717,29.3465,-1.18362,-4.75208,-166.715,-166.697,-0.531653,4.35849,85.2846
-171.467,-0.802109,29.973,-1.17,-4.75201,-166.715,-166.699,-0.226478,4.35803,85.3011
-171.467,-0.81784,30.6564,-1.12696,-4.75175,-166.715,-166.698,0.322839,4.35868,85.2846
-171.467,-0.83515,31.3393,-1.08523,-4.75171,-166.715,-166.698,0.68905,4.36006,85.2901
-171.467,-0.852441,32.0335,-1.03862,-4.75175,-166.715,-166.698,0.750085,4.36157,85.2901
-171.467,-0.870042,32.7185,-0.997901,-4.75191,-166.715,-166.698,-0.0433721,4.36149,85.2956
-171.467,-0.887385,33.4224,-0.948359,-4.75213,-166.714,-166.697,-0.348548,4.36078,85.2846
-171.467,-0.905246,34.1069,-0.910132,-4.7525,-166.714,-166.697,-0.348548,4.36009,85.2956
-171.467,-0.922565,34.9857,-0.771307,-4.7529,-166.713,-166.692,-0.165442,4.35975,85.2956
-171.467,-0.945281,35.8313,-0.653286,-4.75403,-166.712,-166.691,0.505944,4.36076,85.2956
-171.467,-0.967058,36.5142,-0.623185,-4.75533,-166.711,-166.694,0.505944,4.36178,85.2846
-171.467,-0.984304,37.1461,-0.620526,-4.75631,-166.71,-166.695,0.0786982,4.36194,85.2846
-171.467,-1.00013,37.64,-0.690085,-4.75719,-166.709,-166.697,-0.348548,4.36124,85.2956
-171.467,-1.01212,38.2359,-0.704708,-4.75761,-166.709,-166.694,-0.104407,4.36103,85.2901
-171.467,-1.02695,38.8109,-0.729963,-4.75822,-166.708,-166.694,-0.287513,4.36046,85.2901
-171.467,-1.0412,39.3526,-0.772042,-4.75874,-166.708,-166.694,0.0786982,4.36062,85.2846
-171.467,-1.05453,39.8691,-0.82632,-4.7591,-166.708,-166.695,0.0176631,4.36065,85.2901
-171.467,-1.06716,40.29,-0.929239,-4.75929,-166.708,-166.697,-0.165442,4.36032,85.2901
-171.467,-1.07714,40.7307,-1.01929,-4.75906,-166.708,-166.697,0.139733,4.36059,85.2846
-171.467,-1.08768,41.2735,-1.05386,-4.75867,-166.709,-166.695,0.0176631,4.36063,85.2846
-171.467,-1.10106,41.921,-1.03289,-4.75846,-166.708,-166.692,-0.531653,4.35956,85.2956
-171.467,-1.11736,42.6699,-0.959402,-4.75852,-166.708,-166.689,-0.714759,4.35813,85.2846
-171.467,-1.13648,43.3759,-0.910155,-4.75898,-166.708,-166.69,-0.165442,4.35779,85.2846
-171.467,-1.15439,44.0405,-0.883722,-4.75943,-166.707,-166.691,0.56698,4.35893,85.2901
-171.467,-1.17115,44.6826,-0.869734,-4.75984,-166.707,-166.691,0.139733,4.35921,85.2901
-171.467,-1.18728,45.3955,-0.819083,-4.76022,-166.706,-166.689,0.322839,4.35986,85.2846
-171.467,-1.20538,46.1477,-0.749216,-4.76087,-166.705,-166.687,-0.226478,4.35941,85.2901
-171.467,-1.22457,46.7549,-0.756828,-4.76176,-166.705,-166.69,-0.592689,4.35821,85.2846
-171.467,-1.23972,47.3159,-0.78842,-4.76231,-166.704,-166.69,-0.409583,4.35739,85.2901
-171.467,-1.25358,47.8549,-0.830782,-4.76268,-166.704,-166.691,-0.0433721,4.35731,85.2901
-171.467,-1.26684,48.3773,-0.880839,-4.76291,-166.704,-166.691,0.0786982,4.35747,85.2846
-171.467,-1.27964,48.7821,-0.991132,-4.76301,-166.704,-166.694,0.628015,4.35873,85.2901
-171.467,-1.28917,49.2046,-1.08949,-4.76261,-166.705,-166.694,0.261804,4.35925,85.2901
-171.467,-1.29921,49.5579,-1.22164,-4.76205,-166.706,-166.696,-0.0433721,4.35916,85.2846
-171.467,-1.30734,49.8499,-1.38252,-4.76105,-166.707,-166.699,-0.592689,4.35797,85.2846
-171.467,-1.31377,50.3213,-1.44575,-4.75959,-166.709,-166.695,-0.287513,4.35739,85.2791
-171.467,-1.32521,50.7229,-1.54383,-4.7584,-166.71,-166.698,0.200769,4.35779,85.2901
-171.467,-1.33471,51.2919,-1.55194,-4.75686,-166.711,-166.696,0.444909,4.35868,85.2846
-171.467,-1.34887,51.9909,-1.49188,-4.75568,-166.712,-166.694,0.383874,4.35946,85.2956
-171.467,-1.36665,52.6438,-1.45733,-4.75493,-166.713,-166.695,-0.165442,4.35913,85.2956
-171.467,-1.38314,53.2263,-1.4603,-4.75414,-166.714,-166.698,-0.470618,4.35818,85.2791
-171.467,-1.39767,53.7374,-1.50044,-4.75318,-166.715,-166.701,-0.104407,4.35798,85.2901
-171.467,-1.41022,54.409,-1.45566,-4.75198,-166.716,-166.698,0.0176631,4.35801,85.2901
-171.467,-1.42723,55.123,-1.38974,-4.75123,-166.716,-166.698,0.139733,4.35829,85.2901
-171.467,-1.44542,55.9621,-1.26,-4.75071,-166.716,-166.695,0.0786982,4.35844,85.2901
-171.467,-1.46708,56.6971,-1.1878,-4.75075,-166.716,-166.698,0.56698,4.35958,85.2956
-171.467,-1.48583,57.4616,-1.1019,-4.7507,-166.716,-166.697,-0.0433721,4.35949,85.2901
-171.467,-1.5054,58.3211,-0.968427,-4.75089,-166.715,-166.694,0.0176631,4.35952,85.2846
-171.467,-1.52759,59.142,-0.858402,-4.75157,-166.715,-166.695,-0.592689,4.35834,85.2901
-171.467,-1.54871,59.9344,-0.765944,-4.75239,-166.714,-166.694,-0.104407,4.35813,85.2901
-171.467,-1.56901,60.6935,-0.693163,-4.75333,-166.713,-166.694,0.0176631,4.35816,85.2956
-171.467,-1.58839,61.523,-0.585457,-4.75436,-166.711,-166.692,0.0786982,4.35833,85.2846
-171.467,-1.60971,62.1855,-0.567674,-4.75575,-166.71,-166.694,-0.104407,4.35812,85.2791
-171.467,-1.62638,62.5956,-0.682232,-4.7568,-166.71,-166.7,-0.226478,4.35767,85.2901
-171.467,-1.63604,63.0144,-0.789571,-4.75705,-166.71,-166.699,0.139733,4.35795,85.2901
-171.467,-1.64595,63.5411,-0.837953,-4.75709,-166.71,-166.697,-0.409583,4.35713,85.2846
-171.467,-1.65887,64.0538,-0.892482,-4.75728,-166.71,-166.697,-0.714759,4.35569,85.2901
-171.467,-1.6714,64.5745,-0.941498,-4.75732,-166.71,-166.696,0.383874,4.35646,85.2791
-171.467,-1.68416,64.9831,-1.04796,-4.75728,-166.71,-166.699,0.81112,4.35808,85.2956
-171.467,-1.69381,65.5355,-1.07665,-4.75678,-166.71,-166.696,0.261804,4.3586,85.2956
-171.467,-1.70747,65.9983,-1.15149,-4.75653,-166.711,-166.699,0.139733,4.35888,85.2901
-171.467,-1.71863,66.5003,-1.20401,-4.75593,-166.712,-166.698,-0.531653,4.35781,85.2846
-171.467,-1.7309,67.0259,-1.24287,-4.75531,-166.712,-166.698,-0.348548,4.35711,85.2956
-171.467,-1.74382,67.6057,-1.25243,-4.75467,-166.713,-166.698,-0.226478,4.35666,85.2846
-171.467,-1.75826,68.2037,-1.25219,-4.75414,-166.713,-166.698,-0.165442,4.35633,85.2846
-171.467,-1.77321,68.8179,-1.2435,-4.75365,-166.714,-166.698,0.261804,4.35685,85.2901
-171.467,-1.7886,69.4622,-1.21928,-4.75321,-166.714,-166.697,0.872155,4.3586,85.2901
-171.467,-1.80483,70.1311,-1.18271,-4.75288,-166.714,-166.697,0.505944,4.35961,85.2901
-171.467,-1.82174,70.8183,-1.13747,-4.75269,-166.714,-166.697,-0.287513,4.35904,85.2846
-171.467,-1.83916,71.5028,-1.09471,-4.75264,-166.714,-166.697,-0.592689,4.35785,85.2846
-171.467,-1.85649,72.1814,-1.05607,-4.75266,-166.714,-166.697,-0.0433721,4.35776,85.2956
-171.467,-1.87366,72.9743,-0.958613,-4.75276,-166.714,-166.694,-0.287513,4.35718,85.2901
-171.467,-1.894,73.7485,-0.873353,-4.75331,-166.713,-166.694,0.444909,4.35807,85.2901
-171.467,-1.91382,74.498,-0.803092,-4.75399,-166.712,-166.694,0.383874,4.35884,85.2846
-171.467,-1.93293,75.2968,-0.708765,-4.75475,-166.711,-166.692,-0.104407,4.35863,85.2846
-171.467,-1.95341,75.9421,-0.697005,-4.75583,-166.71,-166.695,-0.0433721,4.35855,85.2846
-171.467,-1.96962,76.5472,-0.706619,-4.75658,-166.71,-166.695,-0.348548,4.35784,85.2846
-171.467,-1.98471,77.1168,-0.734561,-4.75723,-166.709,-166.695,-0.165442,4.35751,85.2846
-171.467,-1.99881,77.6574,-0.777017,-4.75773,-166.709,-166.696,0.383874,4.35828,85.2846
-171.467,-2.01211,78.1766,-0.829699,-4.75807,-166.709,-166.696,0.0786982,4.35843,85.2846
-171.467,-2.02481,78.5873,-0.937793,-4.75827,-166.709,-166.698,0.261804,4.35895,85.2846
-171.467,-2.03451,78.9153,-1.08647,-4.75799,-166.71,-166.701,-0.0433721,4.35887,85.2846
-171.467,-2.04192,79.3716,-1.16449,-4.75721,-166.71,-166.698,-0.409583,4.35804,85.2846
-171.467,-2.05291,79.9434,-1.18027,-4.75657,-166.711,-166.696,0.0786982,4.3582,85.2791
-171.467,-2.06711,80.5087,-1.19901,-4.75616,-166.711,-166.696,0.200769,4.3586,85.2791
-171.467,-2.08114,81.0091,-1.25121,-4.7557,-166.712,-166.699,0.628015,4.35986,85.2956
-171.467,-2.09337,81.4756,-1.31978,-4.75497,-166.713,-166.7,0.383874,4.36063,85.2956
-171.467,-2.10466,82.013,-1.34961,-4.75404,-166.714,-166.699,0.139733,4.36091,85.2901
-171.467,-2.11792,82.6004,-1.35258,-4.75321,-166.714,-166.699,0.383874,4.36168,85.2901
-171.467,-2.13258,83.2317,-1.33242,-4.75249,-166.715,-166.698,-0.592689,4.36049,85.2901
-171.467,-2.14846,83.8856,-1.30092,-4.7519,-166.716,-166.698,-0.897864,4.35869,85.2956
-171.467,-2.16496,84.4944,-1.2937,-4.75143,-166.716,-166.7,-0.0433721,4.3586,85.2846
-171.467,-2.18021,85.1295,-1.27288,-4.75087,-166.717,-166.7,-0.165442,4.35827,85.2901
-171.467,-2.19619,85.8011,-1.23344,-4.75042,-166.717,-166.7,0.322839,4.35891,85.2846
-171.467,-2.21319,86.4862,-1.18792,-4.75014,-166.717,-166.699,0.139733,4.35919,85.2846
-171.467,-2.23055,87.1804,-1.13871,-4.74997,-166.717,-166.699,-0.287513,4.35862,85.2846
-171.467,-2.24816,87.9701,-1.04075,-4.74993,-166.717,-166.697,-0.531653,4.35755,85.2846
-171.467,-2.26842,88.7405,-0.955269,-4.7503,-166.716,-166.697,0.200769,4.35795,85.2846
-171.467,-2.28814,89.4867,-0.884496,-4.75081,-166.716,-166.697,0.56698,4.35909,85.2791
-171.467,-2.30717,90.2829,-0.789377,-4.75141,-166.715,-166.695,0.261804,4.35962,85.2791
-171.467,-2.32759,91.1569,-0.655933,-4.75231,-166.713,-166.692,-0.226478,4.35916,85.2901
-171.467,-2.35016,91.9756,-0.55468,-4.75366,-166.712,-166.693,-0.165442,4.35883,85.2846
-171.467,-2.37118,92.7213,-0.49411,-4.7551,-166.71,-166.693,-0.0433721,4.35874,85.2846
-171.467,-2.39016,93.3967,-0.47184,-4.75649,-166.709,-166.693,-0.226478,4.35829,85.2901
-171.467,-2.40718,94.114,-0.428318,-4.75777,-166.708,-166.691,-0.470618,4.35735,85.2901
-171.467,-2.42536,94.7679,-0.419045,-4.75923,-166.706,-166.691,-0.287513,4.35677,85.2956
-171.467,-2.44178,95.3788,-0.432532,-4.76057,-166.705,-166.691,-0.0433721,4.35668,85.2846
-171.467,-2.457,95.8282,-0.530216,-4.76179,-166.705,-166.694,0.322839,4.35732,85.2846
-171.467,-2.46774,96.3307,-0.597832,-4.76243,-166.704,-166.692,0.322839,4.35797,85.2956
-171.467,-2.47995,96.9116,-0.622915,-4.76306,-166.703,-166.689,0.200769,4.35837,85.2956
-171.467,-2.49436,97.4522,-0.668489,-4.76381,-166.703,-166.689,-0.165442,4.35803,85.2901
-171.467,-2.50764,97.9601,-0.730121,-4.76438,-166.702,-166.69,-0.409583,4.35721,85.2791
-171.467,-2.52002,98.229,-0.915126,-4.76475,-166.703,-166.695,0.261804,4.35773,85.2846
-171.467,-2.52577,98.6032,-1.04067,-4.76419,-166.703,-166.693,0.628015,4.35899,85.2846
-171.467,-2.53446,98.985,-1.15924,-4.76362,-166.704,-166.694,0.505944,4.36001,85.2846
-171.467,-2.54337,99.4923,-1.20926,-4.76281,-166.705,-166.691,-0.165442,4.35967,85.2846
-171.467,-2.55578,100.003,-1.25607,-4.7622,-166.705,-166.692,-0.287513,4.3591,85.2901
-171.467,-2.5683,100.538,-1.28937,-4.7615,-166.706,-166.692,-0.470618,4.35815,85.2901
-171.467,-2.58148,101.005,-1.35744,-4.76079,-166.707,-166.694,0.0176631,4.35819,85.2846
-171.467,-2.59278,101.499,-1.40922,-4.75978,-166.708,-166.695,0.261804,4.35872,85.2846
-171.467,-2.60485,102.039,-1.43583,-4.75873,-166.709,-166.695,0.383874,4.35949,85.2956
-171.467,-2.6182,102.638,-1.43088,-4.75772,-166.71,-166.694,0.139733,4.35977,85.2956
-171.467,-2.63319,103.288,-1.39934,-4.75686,-166.711,-166.694,-0.348548,4.35906,85.2846
-171.467,-2.64959,103.859,-1.41002,-4.75618,-166.712,-166.696,-0.165442,4.35873,85.2846
-171.467,-2.66379,104.366,-1.45377,-4.75529,-166.713,-166.699,-0.287513,4.35816,85.2846
-171.467,-2.67622,104.733,-1.56959,-4.75417,-166.714,-166.704,-0.226478,4.3577,85.2901
-171.467,-2.68475,105.286,-1.58518,-4.75249,-166.716,-166.7,0.322839,4.35834,85.2956
-171.467,-2.69847,105.924,-1.55541,-4.7512,-166.717,-166.7,0.383874,4.35911,85.2846
-171.467,-2.71458,106.699,-1.4556,-4.75018,-166.717,-166.697,0.444909,4.36001,85.2846
-171.467,-2.73445,107.488,-1.35002,-4.74967,-166.718,-166.697,0.139733,4.36028,85.2846
-171.467,-2.75474,108.285,-1.24358,-4.74941,-166.718,-166.697,-0.592689,4.3591,85.2901
-171.467,-2.77521,109.186,-1.08472,-4.74939,-166.717,-166.695,-0.409583,4.35827,85.2846
-171.467,-2.79858,110.055,-0.946542,-4.74993,-166.716,-166.695,-0.104407,4.35806,85.2956
-171.467,-2.82105,110.915,-0.816781,-4.75068,-166.715,-166.694,0.0786982,4.35822,85.2901
-171.467,-2.84323,111.831,-0.660753,-4.75168,-166.714,-166.692,0.505944,4.35922,85.2901
-171.467,-2.86697,112.472,-0.651915,-4.75313,-166.713,-166.698,0.383874,4.35999,85.2901
-171.467,-2.88306,113,-0.702534,-4.75396,-166.713,-166.7,-0.287513,4.35942,85.2846
-171.467,-2.89601,113.513,-0.760388,-4.75443,-166.712,-166.7,-0.653724,4.3581,85.2846
-171.467,-2.90852,114.015,-0.821925,-4.75474,-166.712,-166.699,-0.226478,4.35765,85.2846
-171.467,-2.92076,114.605,-0.836275,-4.7549,-166.712,-166.697,0.0176631,4.35768,85.2846
-171.467,-2.93544,115.285,-0.803459,-4.75525,-166.711,-166.694,-0.287513,4.35711,85.2846
-171.467,-2.95262,115.929,-0.789989,-4.75586,-166.711,-166.695,0.383874,4.35787,85.2901
-171.467,-2.9688,116.555,-0.786139,-4.75642,-166.71,-166.695,0.139733,4.35815,85.2956
-171.467,-2.98449,117.273,-0.734733,-4.75694,-166.709,-166.692,-0.165442,4.35782,85.2901
-171.467,-3.00272,117.955,-0.703696,-4.75777,-166.708,-166.692,0.139733,4.3581,85.2901
-171.467,-3.01993,118.707,-0.636155,-4.75859,-166.707,-166.689,0.200769,4.35851,85.2846
-171.467,-3.03912,119.298,-0.655029,-4.75971,-166.707,-166.692,0.628015,4.35976,85.2901
-171.467,-3.05379,119.766,-0.737456,-4.76042,-166.706,-166.695,-0.0433721,4.35968,85.2791
-171.467,-3.06507,120.105,-0.885245,-4.76068,-166.707,-166.698,-0.470618,4.35872,85.2901
-171.467,-3.07277,120.47,-1.016,-4.76034,-166.707,-166.697,0.261804,4.35925,85.2901
-171.467,-3.0812,120.853,-1.13432,-4.7598,-166.708,-166.697,0.0176631,4.35929,85.2956
-171.467,-3.09014,121.385,-1.17176,-4.75904,-166.708,-166.694,-0.165442,4.35896,85.2901
-171.467,-3.10324,121.847,-1.24502,-4.75857,-166.709,-166.697,-0.287513,4.35838,85.2846
-171.467,-3.11439,122.334,-1.303,-4.75777,-166.71,-166.697,-0.104407,4.35817,85.2846
-171.467,-3.12626,122.757,-1.39318,-4.75693,-166.711,-166.699,0.383874,4.35894,85.2846
-171.467,-3.13634,123.336,-1.39977,-4.75574,-166.712,-166.697,0.200769,4.35934,85.2846
-171.467,-3.15076,123.942,-1.39184,-4.75489,-166.713,-166.697,0.0786982,4.35949,85.2846
-171.467,-3.16595,124.665,-1.32317,-4.75413,-166.713,-166.695,0.383874,4.36026,85.2846
-171.467,-3.18437,125.298,-1.30297,-4.75377,-166.714,-166.697,0.0786982,4.36042,85.2846
-171.467,-3.20029,126.039,-1.22655,-4.75325,-166.714,-166.695,0.139733,4.3607,85.2846
-171.467,-3.21922,126.667,-1.21142,-4.75314,-166.714,-166.698,-0.226478,4.36025,85.2901
-171.467,-3.23498,127.413,-1.13464,-4.7528,-166.714,-166.695,-0.287513,4.35968,85.2846
-171.467,-3.25404,128.146,-1.06645,-4.75288,-166.714,-166.695,0.505944,4.36068,85.2846
-171.467,-3.27274,128.863,-1.0086,-4.75307,-166.714,-166.696,-0.0433721,4.36059,85.2846
-171.467,-3.29096,129.745,-0.86604,-4.75335,-166.713,-166.691,-0.104407,4.36038,85.2846
-171.467,-3.31376,130.569,-0.756986,-4.75429,-166.712,-166.692,0.322839,4.36103,85.2846
-171.467,-3.33495,131.333,-0.682039,-4.75533,-166.711,-166.692,0.444909,4.36193,85.2901
-171.467,-3.35446,132.053,-0.631689,-4.75638,-166.71,-166.692,-0.104407,4.36172,85.2846
-171.467,-3.37275,132.623,-0.661445,-4.75743,-166.709,-166.695,0.0786982,4.36188,85.2846
-171.467,-3.38685,133.249,-0.661081,-4.75809,-166.708,-166.693,0.383874,4.36265,85.2846
-171.467,-3.40251,133.829,-0.684905,-4.75887,-166.707,-166.693,0.0786982,4.3628,85.2846
-171.467,-3.41689,134.369,-0.728679,-4.75949,-166.707,-166.694,-0.104407,4.3626,85.2846
-171.467,-3.43018,134.879,-0.787706,-4.75995,-166.707,-166.694,-0.104407,4.36238,85.2901
-171.467,-3.44262,135.381,-0.849262,-4.7602,-166.707,-166.694,0.0176631,4.36242,85.2901
-171.467,-3.45485,135.881,-0.910469,-4.76031,-166.707,-166.694,0.261804,4.36295,85.2901
-171.467,-3.46702,136.475,-0.920838,-4.7603,-166.707,-166.692,0.505944,4.36397,85.2846
-171.467,-3.48183,137.043,-0.944434,-4.76048,-166.706,-166.692,0.261804,4.36449,85.2901
-171.467,-3.49592,137.698,-0.922588,-4.76055,-166.706,-166.69,-0.409583,4.36367,85.2846
-171.467,-3.5124,138.315,-0.920643,-4.76086,-166.706,-166.69,-0.0433721,4.36359,85.2901
-171.467,-3.52785,138.916,-0.927178,-4.76109,-166.706,-166.691,-0.470618,4.36264,85.2901
-171.467,-3.54285,139.489,-0.948716,-4.76127,-166.706,-166.691,-0.714759,4.36121,85.2846
-171.467,-3.55704,140.038,-0.981803,-4.76134,-166.706,-166.692,-0.226478,4.36076,85.2846
-171.467,-3.5706,140.478,-1.07132,-4.76128,-166.706,-166.695,0.261804,4.36128,85.2846
-171.467,-3.58112,140.833,-1.20269,-4.76079,-166.707,-166.697,-0.0433721,4.3612,85.2956
-171.467,-3.5893,141.344,-1.24977,-4.75985,-166.708,-166.694,-0.409583,4.36037,85.2956
-171.467,-3.6018,141.884,-1.27996,-4.75915,-166.709,-166.694,-0.226478,4.35992,85.2846
-171.467,-3.61515,142.439,-1.30181,-4.75847,-166.709,-166.694,-0.226478,4.35946,85.2901
-171.467,-3.6289,143.025,-1.30709,-4.75777,-166.71,-166.694,-0.287513,4.35888,85.2846
-171.467,-3.64351,143.532,-1.35344,-4.75713,-166.711,-166.697,0.444909,4.35977,85.2846
-171.467,-3.65592,144.07,-1.38233,-4.75622,-166.712,-166.697,0.200769,4.36017,85.2846
-171.467,-3.6692,144.654,-1.38635,-4.75531,-166.712,-166.697,0.0176631,4.3602,85.2956
-171.467,-3.68377,145.295,-1.36047,-4.75451,-166.713,-166.696,-0.287513,4.35962,85.2846
-171.467,-3.69993,145.954,-1.32592,-4.75389,-166.714,-166.696,0.139733,4.3599,85.2956
-171.467,-3.71657,146.656,-1.26916,-4.75339,-166.714,-166.696,-0.104407,4.35969,85.2901
-171.467,-3.73443,147.377,-1.2042,-4.7531,-166.714,-166.696,-0.836829,4.35802,85.2901
-171.467,-3.75279,148.11,-1.1349,-4.75298,-166.714,-166.695,0.139733,4.3583,85.2846
-171.467,-3.77146,148.923,-1.02491,-4.75303,-166.713,-166.693,0.383874,4.35907,85.2846
-171.467,-3.79238,149.611,-0.982956,-4.7535,-166.713,-166.696,0.200769,4.35947,85.2846
-171.467,-3.80981,150.19,-0.999529,-4.75376,-166.713,-166.699,0.322839,4.36012,85.2846
-171.467,-3.82418,150.753,-1.02328,-4.75373,-166.713,-166.699,0.0786982,4.36028,85.2791
-171.467,-3.83814,151.444,-0.979965,-4.75362,-166.713,-166.696,-0.0433721,4.36019,85.2846
-171.467,-3.85565,152.208,-0.899564,-4.75389,-166.712,-166.694,0.0176631,4.36022,85.2901
-171.467,-3.87518,152.95,-0.832638,-4.75449,-166.712,-166.694,-0.165442,4.35989,85.2901
-171.467,-3.89409,153.666,-0.781112,-4.75519,-166.711,-166.694,0.0176631,4.35992,85.2901
-171.467,-3.91226,154.354,-0.745462,-4.75593,-166.71,-166.694,0.444909,4.36081,85.2901
-171.467,-3.92965,154.905,-0.781972,-4.75668,-166.71,-166.696,0.139733,4.36109,85.2846
-171.467,-3.94325,155.436,-0.828291,-4.75704,-166.71,-166.696,-0.531653,4.36002,85.2901
-171.467,-3.95629,155.967,-0.873232,-4.75725,-166.71,-166.696,-0.409583,4.3592,85.2901
-171.467,-3.96934,156.502,-0.915421,-4.75738,-166.71,-166.696,0.0786982,4.35935,85.2846
-171.467,-3.98249,156.935,-1.00962,-4.75743,-166.71,-166.699,0.139733,4.35964,85.2846
-171.467,-3.99282,157.506,-1.02971,-4.75705,-166.71,-166.695,-0.287513,4.35906,85.2901
-171.467,-4.00698,158.087,-1.04371,-4.75694,-166.71,-166.695,0.0176631,4.35909,85.2846
-171.467,-4.02144,158.664,-1.05989,-4.75683,-166.71,-166.696,0.0786982,4.35924,85.2846
-171.467,-4.03577,159.146,-1.12532,-4.75668,-166.711,-166.698,-0.0433721,4.35915,85.2846
-171.467,-4.04746,159.553,-1.22813,-4.75618,-166.712,-166.7,0.0176631,4.35919,85.2846
-171.467,-4.05708,160.015,-1.29952,-4.75529,-166.713,-166.7,0.322839,4.35984,85.2846
-171.467,-4.06825,160.424,-1.3969,-4.75439,-166.714,-166.702,0.261804,4.36036,85.2846
-171.467,-4.07794,160.799,-1.5098,-4.75316,-166.715,-166.704,0.383874,4.36113,85.2846
-171.467,-4.0867,161.249,-1.58034,-4.75163,-166.717,-166.704,0.322839,4.36177,85.2956
-171.467,-4.09757,161.895,-1.54697,-4.75012,-166.718,-166.7,0.0176631,4.36181,85.2956
-171.467,-4.11387,162.707,-1.42738,-4.74913,-166.718,-166.697,0.0176631,4.36184,85.2846
-171.467,-4.1348,163.53,-1.30529,-4.74876,-166.718,-166.697,0.139733,4.36212,85.2901
-171.467,-4.156,164.275,-1.22624,-4.74866,-166.718,-166.699,-0.226478,4.36167,85.2846
-171.467,-4.17505,165.027,-1.146,-4.74855,-166.718,-166.699,-0.226478,4.36122,85.2956
-171.467,-4.19426,165.9,-1.00429,-4.74862,-166.718,-166.696,0.322839,4.36187,85.2956
-171.467,-4.21684,166.756,-0.874723,-4.74926,-166.717,-166.696,0.628015,4.36312,85.2846
-171.467,-4.23894,167.571,-0.77021,-4.75014,-166.716,-166.696,0.0786982,4.36328,85.2956
-171.467,-4.25986,168.278,-0.724375,-4.75112,-166.715,-166.698,-0.409583,4.36246,85.2956
-171.467,-4.27779,168.98,-0.681946,-4.75195,-166.714,-166.697,0.200769,4.36287,85.2901
-171.467,-4.2956,169.75,-0.605539,-4.75287,-166.713,-166.695,0.261804,4.36339,85.2901
-171.467,-4.31526,170.461,-0.562189,-4.75409,-166.712,-166.695,-0.104407,4.36319,85.2901
-171.467,-4.33326,171.129,-0.541563,-4.75526,-166.711,-166.695,-0.226478,4.36273,85.2846
-171.467,-4.35011,171.744,-0.550124,-4.75638,-166.71,-166.695,0.261804,4.36325,85.2901
-171.467,-4.36544,172.325,-0.575942,-4.75736,-166.709,-166.695,0.322839,4.3639,85.2846
-171.467,-4.37984,172.954,-0.575956,-4.75821,-166.708,-166.693,-0.0433721,4.36381,85.2846
-171.467,-4.39558,173.529,-0.604091,-4.75917,-166.707,-166.693,-0.348548,4.36312,85.2901
-171.467,-4.40984,174.074,-0.647593,-4.75995,-166.706,-166.693,-0.287513,4.36254,85.2846
-171.467,-4.42324,174.579,-0.710855,-4.76057,-166.706,-166.694,0.200769,4.36295,85.2901
-171.467,-4.43555,175.162,-0.732235,-4.76097,-166.705,-166.691,0.56698,4.36408,85.2846
-171.467,-4.45001,175.703,-0.774738,-4.7615,-166.705,-166.692,0.0176631,4.36411,85.2846
-171.467,-4.46332,176.227,-0.825222,-4.76186,-166.705,-166.692,-0.409583,4.36329,85.2846
-171.467,-4.47616,176.631,-0.937064,-4.76206,-166.705,-166.695,-0.409583,4.36247,85.2846
-171.467,-4.48567,176.943,-1.09445,-4.76178,-166.706,-166.697,-0.0433721,4.36238,85.2956
-171.467,-4.49263,177.407,-1.16889,-4.76094,-166.707,-166.694,0.0786982,4.36254,85.2846
-171.467,-4.50382,177.882,-1.23505,-4.76031,-166.707,-166.695,-0.592689,4.36135,85.2846
-171.467,-4.51535,178.391,-1.28218,-4.75958,-166.708,-166.694,-0.0433721,4.36126,85.2956
-171.467,-4.52782,178.949,-1.30259,-4.75881,-166.709,-166.694,0.0176631,4.3613,85.2846
-171.467,-4.54164,179.613,-1.26692,-4.75811,-166.709,-166.692,-0.287513,4.36072,85.2956
-171.467,-4.55843,180.304,-1.21806,-4.75775,-166.709,-166.692,-0.287513,4.36015,85.2901
-171.467,-4.57595,180.907,-1.21636,-4.75753,-166.71,-166.694,-0.104407,4.35994,85.2901
-171.467,-4.59103,181.635,-1.14903,-4.75712,-166.71,-166.691,-0.165442,4.35961,85.2846
-171.467,-4.60959,182.344,-1.09398,-4.75713,-166.71,-166.692,0.505944,4.36063,85.2901
-171.467,-4.62759,183.045,-1.04362,-4.75721,-166.71,-166.692,0.200769,4.36102,85.2846
-171.467,-4.6454,183.722,-1.00767,-4.75738,-166.709,-166.692,-0.0433721,4.36094,85.2846
-171.467,-4.6625,184.281,-1.03374,-4.75757,-166.71,-166.695,-0.0433721,4.36085,85.2846
-171.467,-4.67634,184.836,-1.06142,-4.75743,-166.71,-166.695,0.200769,4.36125,85.2846
-171.467,-4.69007,185.483,-1.04073,-4.75723,-166.71,-166.693,0.0176631,4.36129,85.2901
-171.467,-4.70634,186.127,-1.02139,-4.75728,-166.71,-166.693,0.0786982,4.36146,85.2901
-171.467,-4.72257,186.769,-1.00392,-4.75736,-166.71,-166.693,0.139733,4.36174,85.2846
-171.467,-4.73871,187.3,-1.04523,-4.75747,-166.71,-166.696,0.261804,4.36226,85.2846
-171.467,-4.75175,187.955,-1.02045,-4.75724,-166.71,-166.693,0.322839,4.36291,85.2901
-171.467,-4.76826,188.606,-0.998509,-4.75735,-166.709,-166.693,0.139733,4.36319,85.2846
-171.467,-4.78464,189.235,-0.988052,-4.7575,-166.709,-166.693,-0.0433721,4.36311,85.2846
-171.467,-4.80044,189.938,-0.939704,-4.75762,-166.709,-166.692,-0.470618,4.36216,85.2901
-171.467,-4.81827,190.713,-0.854675,-4.75801,-166.708,-166.689,-0.531653,4.36109,85.2901
-171.467,-4.83811,191.557,-0.736114,-4.75873,-166.707,-166.687,-0.104407,4.36088,85.2791
-171.467,-4.85983,192.308,-0.668447,-4.75985,-166.706,-166.688,0.261804,4.3614,85.2901
-171.467,-4.87899,193.005,-0.631372,-4.7609,-166.705,-166.688,0.0786982,4.36156,85.2846
-171.467,-4.89661,193.541,-0.67885,-4.7619,-166.705,-166.691,-0.165442,4.36123,85.2846
-171.467,-4.90978,194.037,-0.746263,-4.76243,-166.704,-166.692,-0.592689,4.36005,85.2846
-171.467,-4.92183,194.41,-0.876597,-4.76275,-166.704,-166.695,-0.104407,4.35984,85.2846
-171.467,-4.93046,194.781,-1.00435,-4.7625,-166.705,-166.695,-0.104407,4.35963,85.2901
-171.467,-4.93907,195.178,-1.11581,-4.76199,-166.706,-166.695,0.505944,4.36064,85.2901
-171.467,-4.9484,195.606,-1.20828,-4.76132,-166.706,-166.695,0.200769,4.36104,85.2846
-171.467,-4.9586,196.054,-1.28782,-4.76053,-166.707,-166.695,-0.226478,4.36058,85.2846
-171.467,-4.96937,196.529,-1.35163,-4.75962,-166.708,-166.695,0.0176631,4.36062,85.2901
-171.467,-4.98089,197.14,-1.3426,-4.75863,-166.709,-166.693,0.139733,4.36091,85.2791
-171.467,-4.9962,197.745,-1.33654,-4.75798,-166.71,-166.694,0.322839,4.36155,85.2901
-171.467,-5.01136,198.47,-1.2683,-4.75732,-166.71,-166.691,-0.104407,4.36135,85.2901
-171.467,-5.02983,199.291,-1.15148,-4.75709,-166.71,-166.689,0.139733,4.36163,85.2901
-171.467,-5.05097,200.092,-1.04785,-4.75731,-166.709,-166.689,0.261804,4.36215,85.2846
-171.467,-5.07154,200.852,-0.968054,-4.75769,-166.709,-166.69,0.322839,4.36279,85.2846
-171.467,-5.09097,201.57,-0.912089,-4.75814,-166.708,-166.691,0.200769,4.3632,85.2846
-171.467,-5.10923,202.248,-0.87882,-4.75862,-166.708,-166.691,-0.165442,4.36287,85.2901
-171.467,-5.12635,202.902,-0.858444,-4.75907,-166.707,-166.691,-0.0433721,4.36278,85.2901
-171.467,-5.14283,203.519,-0.858223,-4.75951,-166.707,-166.692,0.0176631,4.36282,85.2846
-171.467,-5.15825,204.103,-0.875144,-4.75986,-166.707,-166.692,-0.0433721,4.36273,85.2956
-171.467,-5.17277,204.691,-0.889993,-4.76011,-166.707,-166.692,0.68905,4.36411,85.2956
-171.467,-5.18738,205.281,-0.902819,-4.76033,-166.706,-166.692,0.444909,4.365,85.2956
-171.467,-5.20208,205.874,-0.91395,-4.76053,-166.706,-166.691,0.200769,4.36541,85.2956
-171.467,-5.21686,206.44,-0.939132,-4.76072,-166.706,-166.692,-0.226478,4.36496,85.2846
-171.467,-5.23087,206.892,-1.02318,-4.76079,-166.707,-166.695,-0.958899,4.36304,85.2901
-171.467,-5.24173,207.455,-1.04741,-4.76044,-166.707,-166.692,0.0786982,4.3632,85.2901
-171.467,-5.25566,208.021,-1.06908,-4.76029,-166.707,-166.692,0.68905,4.36457,85.2956
-171.467,-5.26971,208.608,-1.07983,-4.7601,-166.707,-166.692,0.261804,4.36509,85.2956
-171.467,-5.2843,209.182,-1.09649,-4.75993,-166.707,-166.692,0.322839,4.36574,85.2901
-171.467,-5.29857,209.763,-1.10908,-4.7597,-166.708,-166.693,-0.287513,4.36517,85.2901
-171.467,-5.31304,210.445,-1.0689,-4.75945,-166.707,-166.69,-0.531653,4.3641,85.2846
-171.467,-5.3303,211.101,-1.04343,-4.75952,-166.707,-166.691,0.383874,4.36487,85.2846
-171.467,-5.34682,211.64,-1.07945,-4.75959,-166.708,-166.694,0.383874,4.36564,85.2846
-171.467,-5.3601,212.283,-1.06016,-4.75932,-166.708,-166.691,0.444909,4.36653,85.2901
-171.467,-5.37628,212.922,-1.04359,-4.75932,-166.708,-166.691,0.139733,4.36681,85.2846
-171.467,-5.39234,213.54,-1.03835,-4.75934,-166.708,-166.692,0.200769,4.36721,85.2956
-171.467,-5.40782,214.262,-0.97882,-4.75933,-166.707,-166.689,-0.287513,4.36663,85.2846
-171.467,-5.42619,215.037,-0.893254,-4.75969,-166.707,-166.688,-0.531653,4.36557,85.2846
-171.467,-5.44601,215.755,-0.83896,-4.76033,-166.706,-166.688,-0.104407,4.36536,85.2846
-171.467,-5.46428,216.421,-0.813786,-4.76096,-166.705,-166.689,-0.104407,4.36515,85.2901
-171.467,-5.48106,217.054,-0.806647,-4.76152,-166.705,-166.689,0.261804,4.36566,85.2846
-171.467,-5.49692,217.549,-0.871524,-4.76201,-166.705,-166.692,0.505944,4.36667,85.2846
-171.467,-5.50895,217.932,-0.993193,-4.76206,-166.705,-166.695,0.505944,4.36769,85.2846
-171.467,-5.51789,218.231,-1.15595,-4.76161,-166.706,-166.698,-0.104407,4.36748,85.2956
-171.467,-5.5245,218.597,-1.27995,-4.76063,-166.707,-166.697,-0.470618,4.36654,85.2846
-171.467,-5.53297,219.001,-1.38069,-4.75955,-166.709,-166.697,0.139733,4.36682,85.2846
-171.467,-5.54253,219.448,-1.4565,-4.75835,-166.71,-166.697,-0.104407,4.3666,85.2846
-171.467,-5.5533,219.941,-1.50654,-4.75709,-166.711,-166.697,0.383874,4.36737,85.2846
-171.467,-5.56534,220.602,-1.4675,-4.75583,-166.712,-166.694,0.56698,4.3685,85.2846
-171.467,-5.58205,221.19,-1.46749,-4.75504,-166.713,-166.697,-0.165442,4.36817,85.2901
-171.467,-5.59673,221.826,-1.44217,-4.75409,-166.714,-166.697,-0.653724,4.36686,85.2846
-171.467,-5.61276,222.488,-1.40393,-4.75329,-166.714,-166.697,-0.531653,4.36579,85.2901
-171.467,-5.6295,223.093,-1.39601,-4.75264,-166.715,-166.699,-0.104407,4.36558,85.2901
-171.467,-5.64467,223.731,-1.37168,-4.75186,-166.716,-166.699,0.444909,4.36647,85.2846
-171.467,-5.66071,224.302,-1.38239,-4.7512,-166.717,-166.701,0.200769,4.36687,85.2846
-171.467,-5.67493,225.005,-1.32377,-4.75038,-166.717,-166.699,-0.287513,4.36629,85.2901
-171.467,-5.69281,225.924,-1.15405,-4.74999,-166.717,-166.694,-0.0433721,4.3662,85.2901
-171.467,-5.71667,226.918,-0.948604,-4.75042,-166.716,-166.691,-0.165442,4.36587,85.2901
-171.467,-5.74263,227.867,-0.772285,-4.75146,-166.714,-166.691,-0.0433721,4.36578,85.2846
-171.467,-5.76729,228.653,-0.685566,-4.75275,-166.713,-166.694,-0.0433721,4.36569,85.2901
-171.467,-5.7874,229.398,-0.622044,-4.75384,-166.712,-166.694,-0.0433721,4.36561,85.2846
-171.467,-5.80638,230.087,-0.589582,-4.75497,-166.711,-166.695,0.444909,4.3665,85.2846
-171.467,-5.82378,230.722,-0.585745,-4.75604,-166.71,-166.695,0.505944,4.36752,85.2846
-171.467,-5.83971,231.202,-0.663416,-4.75699,-166.71,-166.698,-0.0433721,4.36743,85.2901
-171.467,-5.85131,231.677,-0.74178,-4.75743,-166.709,-166.697,-0.409583,4.36661,85.2846
-171.467,-5.86278,232.139,-0.825297,-4.7577,-166.709,-166.698,-0.348548,4.36591,85.2901
-171.467,-5.87389,232.61,-0.902043,-4.75777,-166.709,-166.697,0.0786982,4.36607,85.2901
-171.467,-5.88526,233.186,-0.921684,-4.7577,-166.709,-166.695,0.505944,4.36708,85.2901
-171.467,-5.89957,233.654,-0.997805,-4.75784,-166.709,-166.697,0.81112,4.3687,85.2901
-171.467,-5.91086,234.144,-1.06058,-4.75757,-166.71,-166.697,0.322839,4.36935,85.2901
-171.467,-5.92276,234.75,-1.06095,-4.75721,-166.71,-166.694,-0.165442,4.36902,85.2901
-171.467,-5.93791,235.363,-1.05766,-4.75713,-166.71,-166.694,-0.592689,4.36784,85.2846
-171.467,-5.95326,235.874,-1.10775,-4.75706,-166.71,-166.697,-0.531653,4.36677,85.2846
-171.467,-5.96577,236.396,-1.15099,-4.75667,-166.711,-166.697,-0.226478,4.36632,85.2901
-171.467,-5.97858,236.947,-1.17773,-4.7562,-166.711,-166.697,0.444909,4.36721,85.2901
-171.467,-5.99222,237.526,-1.18921,-4.75575,-166.712,-166.697,0.56698,4.36835,85.2846
-171.467,-6.00663,238.023,-1.24359,-4.75534,-166.712,-166.699,0.0176631,4.36838,85.2846
-171.467,-6.01875,238.641,-1.23321,-4.75463,-166.713,-166.697,-0.470618,4.36744,85.2846
-171.467,-6.03425,239.391,-1.15377,-4.75422,-166.713,-166.694,-0.470618,4.36651,85.2901
-171.467,-6.05343,240.234,-1.02827,-4.75428,-166.712,-166.691,0.200769,4.36691,85.2901
-171.467,-6.07515,240.958,-0.967531,-4.7548,-166.712,-166.694,0.139733,4.36719,85.2846
-171.467,-6.09358,241.561,-0.971672,-4.75518,-166.712,-166.697,0.0176631,4.36722,85.2901
-171.467,-6.10863,242.169,-0.972918,-4.75527,-166.712,-166.696,-0.104407,4.36701,85.2901
-171.467,-6.12383,242.782,-0.971895,-4.75537,-166.712,-166.696,0.383874,4.36779,85.2846
-171.467,-6.13916,243.198,-1.07329,-4.75548,-166.712,-166.701,0.444909,4.36868,85.2901
-171.467,-6.14903,243.75,-1.10181,-4.75493,-166.712,-166.698,-0.348548,4.36799,85.2901
-171.467,-6.16266,244.418,-1.06847,-4.75463,-166.712,-166.695,-0.226478,4.36753,85.2846
-171.467,-6.17955,245.076,-1.04126,-4.75467,-166.712,-166.696,0.0786982,4.36768,85.2846
-171.467,-6.19614,245.738,-1.01274,-4.75474,-166.712,-166.695,-0.165442,4.36735,85.2901
-171.467,-6.21284,246.493,-0.936394,-4.75488,-166.712,-166.693,0.383874,4.36812,85.2846
-171.467,-6.23212,247.12,-0.928954,-4.75538,-166.711,-166.696,0.261804,4.36866,85.2901
-171.467,-6.24783,247.744,-0.922835,-4.75561,-166.711,-166.696,-0.0433721,4.36858,85.2846
-171.467,-6.26347,248.351,-0.926135,-4.75586,-166.711,-166.696,-0.775794,4.36702,85.2846
-171.467,-6.27863,248.957,-0.929649,-4.75605,-166.711,-166.696,-0.409583,4.3662,85.2846
-171.467,-6.29376,249.639,-0.89326,-4.75623,-166.71,-166.693,0.0176631,4.36623,85.2956
-171.467,-6.31102,250.412,-0.810372,-4.75667,-166.71,-166.691,0.93319,4.3681,85.2846
-171.467,-6.33079,251.039,-0.805828,-4.75747,-166.709,-166.694,0.261804,4.36862,85.2901
-171.467,-6.3465,251.648,-0.810966,-4.75796,-166.709,-166.694,-0.104407,4.36841,85.2901
-171.467,-6.3617,252.226,-0.832001,-4.7584,-166.708,-166.694,-0.287513,4.36784,85.2901
-171.467,-6.37605,252.794,-0.858164,-4.75872,-166.708,-166.694,-0.592689,4.36665,85.2901
-171.467,-6.39011,253.261,-0.936171,-4.75896,-166.708,-166.696,-0.653724,4.36534,85.2846
-171.467,-6.40137,253.635,-1.0611,-4.75881,-166.709,-166.699,0.444909,4.36623,85.2956
-171.467,-6.41005,254.063,-1.15439,-4.7582,-166.709,-166.698,0.750085,4.36773,85.2956
-171.467,-6.42026,254.531,-1.22462,-4.75751,-166.71,-166.698,0.444909,4.36862,85.2846
-171.467,-6.43159,255.026,-1.27937,-4.75678,-166.711,-166.698,0.0176631,4.36866,85.2901
-171.467,-6.44365,255.564,-1.31003,-4.75598,-166.712,-166.697,-0.653724,4.36734,85.2846
-171.467,-6.45692,256.128,-1.32615,-4.75523,-166.712,-166.697,-0.592689,4.36616,85.2791
-171.467,-6.47093,256.794,-1.28854,-4.75451,-166.713,-166.696,0.139733,4.36644,85.2791
-171.467,-6.48778,257.483,-1.24002,-4.7541,-166.713,-166.695,0.383874,4.36721,85.2846
-171.467,-6.50525,258.173,-1.1918,-4.75384,-166.713,-166.696,0.93319,4.36908,85.2846
-171.467,-6.52276,258.861,-1.14585,-4.75367,-166.713,-166.696,0.200769,4.36948,85.2846
-171.467,-6.54021,259.544,-1.10381,-4.75361,-166.713,-166.696,-0.409583,4.36866,85.2901
-171.467,-6.5575,260.235,-1.05856,-4.75361,-166.713,-166.696,-0.531653,4.3676,85.2901
-171.467,-6.57501,260.822,-1.06911,-4.75372,-166.713,-166.698,-0.104407,4.3674,85.2846
-171.467,-6.58961,261.413,-1.07659,-4.75357,-166.714,-166.698,-0.470618,4.36645,85.2846
-171.467,-6.60436,262.01,-1.08107,-4.75342,-166.714,-166.698,0.444909,4.36734,85.2901
-171.467,-6.61926,262.535,-1.12302,-4.75327,-166.714,-166.7,0.505944,4.36836,85.2846
-171.467,-6.63216,263.081,-1.15328,-4.75287,-166.715,-166.7,-0.104407,4.36814,85.2846
-171.467,-6.64563,263.647,-1.17212,-4.75246,-166.715,-166.7,0.0176631,4.36818,85.2846
-171.467,-6.65967,264.233,-1.17982,-4.75205,-166.715,-166.7,0.0176631,4.36822,85.2846
-171.467,-6.67428,264.744,-1.22631,-4.75168,-166.716,-166.702,-0.836829,4.36655,85.2846
-171.467,-6.68682,265.199,-1.30136,-4.75104,-166.717,-166.704,-0.348548,4.36585,85.2846
-171.467,-6.69778,265.706,-1.34706,-4.75011,-166.718,-166.704,0.261804,4.36636,85.2846
-171.467,-6.71021,266.371,-1.3094,-4.74921,-166.718,-166.701,0.750085,4.36786,85.2901
-171.467,-6.72701,267.167,-1.20389,-4.74874,-166.718,-166.698,0.68905,4.36924,85.2901
-171.467,-6.74747,267.975,-1.09503,-4.7488,-166.718,-166.698,0.200769,4.36964,85.2901
-171.467,-6.76823,268.783,-0.988522,-4.7491,-166.717,-166.697,-0.714759,4.36821,85.2846
-171.467,-6.789,269.567,-0.896952,-4.74962,-166.717,-166.697,-0.348548,4.36752,85.2846
-171.467,-6.8091,270.337,-0.814915,-4.75027,-166.716,-166.697,0.0786982,4.36767,85.2956
-171.467,-6.8288,271.195,-0.689465,-4.75107,-166.715,-166.694,0.322839,4.36832,85.2846
-171.467,-6.85091,271.99,-0.599371,-4.75231,-166.713,-166.694,0.0176631,4.36834,85.2846
-171.467,-6.87129,272.724,-0.544071,-4.75361,-166.712,-166.695,0.0786982,4.3685,85.2846
-171.467,-6.88994,273.396,-0.52189,-4.75488,-166.711,-166.695,-0.165442,4.36817,85.2846
-171.467,-6.90689,274.028,-0.521642,-4.75605,-166.71,-166.695,-0.409583,4.36736,85.2846
-171.467,-6.9227,274.608,-0.548968,-4.75713,-166.709,-166.695,0.0786982,4.36751,85.2956
-171.467,-6.93706,275.172,-0.583558,-4.75803,-166.708,-166.695,-0.287513,4.36694,85.2791
-171.467,-6.95099,275.494,-0.743885,-4.75883,-166.708,-166.7,0.0176631,4.36698,85.2901
-171.467,-6.95821,275.93,-0.840605,-4.75874,-166.708,-166.697,0.56698,4.36811,85.2901
-171.467,-6.96861,276.271,-0.984935,-4.75872,-166.709,-166.7,0.628015,4.36937,85.2846
-171.467,-6.97637,276.636,-1.11342,-4.75818,-166.71,-166.7,-0.470618,4.36842,85.2846
-171.467,-6.9848,276.94,-1.27019,-4.75743,-166.711,-166.702,-0.714759,4.367,85.2901
-171.467,-6.99157,277.316,-1.3858,-4.75623,-166.712,-166.701,-0.592689,4.36581,85.2901
-171.467,-7.00034,277.764,-1.46067,-4.75495,-166.713,-166.701,-0.348548,4.3651,85.2901
-171.467,-7.01113,278.375,-1.44866,-4.75367,-166.714,-166.698,0.505944,4.36611,85.2846
-171.467,-7.02646,279.018,-1.42033,-4.7528,-166.715,-166.698,0.56698,4.36724,85.2846
-171.467,-7.04266,279.595,-1.42684,-4.75206,-166.716,-166.7,0.322839,4.36789,85.2901
-171.467,-7.05704,280.228,-1.40425,-4.75116,-166.717,-166.7,-0.165442,4.36756,85.2846
-171.467,-7.07296,280.983,-1.31762,-4.75044,-166.717,-166.697,-0.958899,4.36564,85.2846
-171.467,-7.0923,281.747,-1.22913,-4.75016,-166.717,-166.697,-0.531653,4.36457,85.2901
-171.467,-7.11185,282.525,-1.13518,-4.7501,-166.717,-166.697,0.200769,4.36497,85.2901
-171.467,-7.13179,283.308,-1.04097,-4.75025,-166.716,-166.697,0.750085,4.36647,85.2901
-171.467,-7.15186,284.087,-0.951017,-4.7506,-166.716,-166.697,0.628015,4.36772,85.2956
-171.467,-7.17181,284.869,-0.861294,-4.75113,-166.715,-166.696,0.261804,4.36825,85.2956
-171.467,-7.19186,285.616,-0.792574,-4.75186,-166.714,-166.696,-0.226478,4.3678,85.2901
-171.467,-7.21091,286.432,-0.689372,-4.75265,-166.713,-166.694,-0.836829,4.36612,85.2846
-171.467,-7.23187,287.096,-0.668394,-4.75381,-166.712,-166.696,-0.714759,4.36469,85.2846
-171.467,-7.24858,287.627,-0.716986,-4.75466,-166.712,-166.699,0.383874,4.36546,85.2901
-171.467,-7.26162,288.157,-0.765568,-4.75511,-166.712,-166.698,0.383874,4.36623,85.2901
-171.467,-7.2746,288.687,-0.812446,-4.75545,-166.711,-166.698,0.139733,4.3665,85.2901
-171.467,-7.28762,289.221,-0.856253,-4.7557,-166.711,-166.698,0.322839,4.36715,85.2956
-171.467,-7.30075,289.684,-0.936048,-4.75586,-166.711,-166.699,0.0786982,4.36732,85.2846
-171.467,-7.31191,290.063,-1.05824,-4.75571,-166.712,-166.702,-0.104407,4.36711,85.2846
-171.467,-7.32073,290.474,-1.16062,-4.75511,-166.713,-166.701,-0.531653,4.36605,85.2846
-171.467,-7.33045,290.936,-1.23356,-4.75437,-166.713,-166.701,0.322839,4.36669,85.2901
-171.467,-7.34161,291.45,-1.27777,-4.75361,-166.714,-166.7,0.93319,4.36857,85.2846
-171.467,-7.35421,291.997,-1.30319,-4.75287,-166.715,-166.7,0.0786982,4.36873,85.2791
-171.467,-7.36775,292.47,-1.36722,-4.75216,-166.716,-166.703,-0.775794,4.36717,85.2846
-171.467,-7.37922,292.994,-1.40271,-4.75113,-166.717,-166.703,-0.714759,4.36575,85.2846
-171.467,-7.39211,293.567,-1.41148,-4.75016,-166.718,-166.702,0.200769,4.36615,85.2846
-171.467,-7.40639,294.276,-1.349,-4.74929,-166.718,-166.7,0.56698,4.36729,85.2956
-171.467,-7.42444,295.128,-1.21338,-4.74885,-166.718,-166.696,-0.104407,4.36708,85.2846
-171.467,-7.44645,295.876,-1.13572,-4.74902,-166.718,-166.699,0.56698,4.36822,85.2791
-171.467,-7.46554,296.698,-1.02094,-4.7491,-166.717,-166.697,0.56698,4.36935,85.2791
-171.467,-7.4867,297.603,-0.865474,-4.74959,-166.716,-166.694,-0.104407,4.36914,85.2846
-171.467,-7.51016,298.641,-0.644243,-4.75059,-166.715,-166.69,-0.714759,4.36771,85.2846
-171.467,-7.5373,299.494,-0.525506,-4.75235,-166.713,-166.693,-0.165442,4.36738,85.2901
-171.467,-7.55926,300.376,-0.394024,-4.75392,-166.711,-166.691,0.0176631,4.36741,85.2901
-171.467,-7.58204,301.268,-0.260782,-4.75583,-166.709,-166.688,0.750085,4.36891,85.2901
-171.467,-7.60508,301.953,-0.239174,-4.75805,-166.707,-166.692,0.68905,4.37029,85.2846
-171.467,-7.62235,302.456,-0.313304,-4.75982,-166.706,-166.694,0.0176631,4.37032,85.2901
-171.467,-7.63456,302.915,-0.408746,-4.76104,-166.705,-166.694,0.0786982,4.37048,85.2901
-171.467,-7.64555,303.341,-0.519354,-4.76195,-166.704,-166.694,-0.470618,4.36953,85.2791
-171.467,-7.65562,303.808,-0.606033,-4.76257,-166.704,-166.693,0.0176631,4.36957,85.2791
-171.467,-7.66684,304.359,-0.64663,-4.7631,-166.703,-166.69,-0.348548,4.36887,85.2846
-171.467,-7.68041,304.768,-0.760354,-4.76374,-166.703,-166.693,0.322839,4.36951,85.2846
-171.467,-7.69004,305.065,-0.929982,-4.76382,-166.704,-166.696,0.93319,4.37138,85.2846
-171.467,-7.69657,305.374,-1.08905,-4.76331,-166.704,-166.696,0.322839,4.37204,85.2901
-171.467,-7.70345,305.722,-1.22376,-4.76249,-166.706,-166.696,0.322839,4.37269,85.2901
-171.467,-7.71144,306.118,-1.33048,-4.76148,-166.707,-166.695,-0.592689,4.3715,85.2846
-171.467,-7.72076,306.548,-1.41633,-4.76035,-166.708,-166.696,-0.836829,4.36982,85.2846
-171.467,-7.73105,307.019,-1.47928,-4.75914,-166.709,-166.696,0.261804,4.37034,85.2901
-171.467,-7.74246,307.638,-1.46264,-4.75788,-166.71,-166.693,0.68905,4.37172,85.2846
-171.467,-7.75802,308.278,-1.43596,-4.75701,-166.711,-166.694,0.261804,4.37224,85.2846
-171.467,-7.77413,309.041,-1.34506,-4.75623,-166.711,-166.691,0.0786982,4.3724,85.2846
-171.467,-7.79369,309.889,-1.21228,-4.75592,-166.711,-166.69,-0.104407,4.37219,85.2956
-171.467,-7.81558,310.828,-1.03502,-4.75607,-166.71,-166.687,-0.409583,4.37138,85.2846
-171.467,-7.83999,311.707,-0.893474,-4.75679,-166.709,-166.688,-0.226478,4.37092,85.2956
-171.467,-7.86272,312.643,-0.725381,-4.75768,-166.708,-166.686,-0.226478,4.37047,85.2956
-171.467,-7.88703,313.505,-0.600128,-4.75903,-166.707,-166.686,0.444909,4.37135,85.2846
-171.467,-7.90926,314.368,-0.477705,-4.76048,-166.705,-166.685,0.81112,4.37297,85.2846
-171.467,-7.9315,315.125,-0.41332,-4.76217,-166.703,-166.686,0.261804,4.3735,85.2846
-171.467,-7.9508,315.692,-0.450175,-4.76376,-166.702,-166.689,-0.409583,4.37268,85.2901
-171.467,-7.9648,316.204,-0.514833,-4.76484,-166.701,-166.689,-0.592689,4.37149,85.2901
-171.467,-7.97727,316.765,-0.552476,-4.76566,-166.7,-166.687,-0.409583,4.37067,85.2956
-171.467,-7.99112,317.291,-0.60779,-4.76652,-166.7,-166.687,0.139733,4.37094,85.2846
-171.467,-8.00398,317.666,-0.740365,-4.76717,-166.7,-166.69,0.383874,4.37171,85.2846
-171.467,-8.01267,318.017,-0.882385,-4.76721,-166.7,-166.691,0.200769,4.37211,85.2846
-171.467,-8.02069,318.267,-1.07427,-4.76691,-166.701,-166.694,0.139733,4.37239,85.2846
-171.467,-8.0259,318.768,-1.12965,-4.76598,-166.701,-166.688,0.139733,4.37267,85.2901
-171.467,-8.03814,319.274,-1.18113,-4.76552,-166.702,-166.689,-0.165442,4.37234,85.2846
-171.467,-8.05052,319.775,-1.23415,-4.76496,-166.703,-166.689,-0.470618,4.37139,85.2846
-171.467,-8.06275,320.185,-1.33353,-4.76428,-166.704,-166.692,0.261804,4.37191,85.2901
-171.467,-8.07246,320.635,-1.40941,-4.76318,-166.705,-166.692,0.68905,4.37329,85.2901
-171.467,-8.08329,321.235,-1.40456,-4.76202,-166.706,-166.69,0.383874,4.37405,85.2956
-171.467,-8.09832,321.873,-1.38041,-4.76122,-166.706,-166.69,-0.226478,4.37359,85.2901
-171.467,-8.11438,322.619,-1.30014,-4.76055,-166.707,-166.687,-0.531653,4.37252,85.2901
-171.467,-8.13345,323.268,-1.27282,-4.76029,-166.707,-166.69,-0.836829,4.37084,85.2901
-171.467,-8.1498,323.925,-1.24164,-4.75986,-166.707,-166.69,-0.165442,4.37051,85.2901
-171.467,-8.16639,324.588,-1.2081,-4.75952,-166.708,-166.691,0.56698,4.37164,85.2901
-171.467,-8.18314,325.161,-1.22219,-4.75926,-166.708,-166.693,0.139733,4.37192,85.2956
-171.467,-8.19739,325.677,-1.2662,-4.75877,-166.709,-166.695,0.200769,4.37233,85.2846
-171.467,-8.21003,326.211,-1.29957,-4.75806,-166.71,-166.695,0.444909,4.37322,85.2901
-171.467,-8.22319,326.78,-1.31357,-4.75732,-166.71,-166.695,-0.0433721,4.37314,85.2901
-171.467,-8.23733,327.381,-1.31007,-4.75664,-166.711,-166.695,-0.653724,4.37184,85.2956
-171.467,-8.25238,328.12,-1.23537,-4.75604,-166.711,-166.692,-0.470618,4.37089,85.2956
-171.467,-8.27123,328.876,-1.15319,-4.7559,-166.711,-166.692,0.56698,4.37202,85.2956
-171.467,-8.29056,329.64,-1.0685,-4.75597,-166.711,-166.692,0.56698,4.37316,85.2846
-171.467,-8.31012,330.376,-1.00101,-4.75623,-166.71,-166.692,0.505944,4.37418,85.2846
-171.467,-8.32886,331.08,-0.951434,-4.75656,-166.71,-166.693,0.261804,4.3747,85.2846
-171.467,-8.34674,331.753,-0.919347,-4.75693,-166.71,-166.693,-0.714759,4.37327,85.2901
-171.467,-8.36374,332.32,-0.943871,-4.75728,-166.71,-166.695,-0.653724,4.37196,85.2956
-171.467,-8.37778,332.904,-0.958277,-4.75735,-166.71,-166.695,-0.348548,4.37126,85.2901
-171.467,-8.39232,333.582,-0.923532,-4.75743,-166.709,-166.692,0.322839,4.3719,85.2901
-171.467,-8.40946,334.136,-0.954445,-4.75779,-166.709,-166.695,0.322839,4.37255,85.2956
-171.467,-8.42315,334.803,-0.92599,-4.7578,-166.709,-166.692,0.200769,4.37295,85.2846
-171.467,-8.43996,335.439,-0.91395,-4.75813,-166.709,-166.693,-0.287513,4.37238,85.2956
-171.467,-8.45593,336.17,-0.852569,-4.75842,-166.708,-166.69,-0.958899,4.37045,85.2846
-171.467,-8.47454,336.852,-0.818235,-4.75904,-166.707,-166.691,-0.348548,4.36976,85.2846
-171.467,-8.49179,337.505,-0.800474,-4.75963,-166.707,-166.691,0.444909,4.37065,85.2956
-171.467,-8.5082,338.143,-0.790472,-4.76019,-166.706,-166.691,0.0786982,4.3708,85.2846
-171.467,-8.52422,338.738,-0.803475,-4.76074,-166.706,-166.691,0.505944,4.37182,85.2846
-171.467,-8.53903,339.296,-0.835548,-4.76116,-166.706,-166.692,-0.0433721,4.37173,85.2846
-171.467,-8.55281,339.823,-0.882581,-4.76143,-166.705,-166.692,-0.409583,4.37091,85.2846
-171.467,-8.56576,340.33,-0.939711,-4.76153,-166.706,-166.693,-0.714759,4.36948,85.2846
-171.467,-8.57811,340.914,-0.954788,-4.76146,-166.705,-166.691,-0.348548,4.36878,85.2901
-171.467,-8.59264,341.672,-0.878351,-4.76154,-166.705,-166.686,0.0176631,4.36881,85.2956
-171.467,-8.61201,342.401,-0.819221,-4.76219,-166.704,-166.686,0.505944,4.36982,85.2956
-171.467,-8.63056,343.099,-0.777828,-4.76288,-166.703,-166.686,0.81112,4.37145,85.2956
-171.467,-8.64824,343.736,-0.769457,-4.76359,-166.703,-166.687,-0.165442,4.37112,85.2901
-171.467,-8.66421,344.241,-0.830334,-4.76418,-166.703,-166.69,-0.104407,4.37091,85.2846
-171.467,-8.67651,344.715,-0.905469,-4.76433,-166.703,-166.691,-0.409583,4.37009,85.2956
-171.467,-8.68798,345.201,-0.972906,-4.76426,-166.703,-166.69,-0.287513,4.36952,85.2901
-171.467,-8.69977,345.686,-1.03927,-4.76408,-166.703,-166.691,0.261804,4.37003,85.2901
-171.467,-8.71154,346.069,-1.15732,-4.76377,-166.704,-166.694,0.322839,4.37068,85.2846
-171.467,-8.72047,346.376,-1.31203,-4.76298,-166.705,-166.696,0.383874,4.37144,85.2901
-171.467,-8.72732,346.742,-1.43208,-4.76169,-166.707,-166.696,0.261804,4.37197,85.2846
-171.467,-8.73582,347.155,-1.52445,-4.7603,-166.708,-166.696,-0.592689,4.37079,85.2956
-171.467,-8.74565,347.743,-1.52363,-4.75883,-166.709,-166.693,-0.104407,4.37058,85.2956
-171.467,-8.76032,348.372,-1.50059,-4.75775,-166.71,-166.693,-0.165442,4.37025,85.2846
-171.467,-8.77617,348.931,-1.51505,-4.75682,-166.711,-166.696,0.0176631,4.37028,85.2846
-171.467,-8.79005,349.527,-1.51002,-4.7557,-166.712,-166.696,0.444909,4.37117,85.2956
-171.467,-8.80495,350.278,-1.42341,-4.75467,-166.713,-166.693,0.200769,4.37158,85.2846
-171.467,-8.82418,351.034,-1.33659,-4.75418,-166.713,-166.694,0.200769,4.37198,85.2846
-171.467,-8.84353,351.804,-1.24483,-4.75387,-166.713,-166.694,-0.287513,4.37141,85.2901
-171.467,-8.86324,352.485,-1.20098,-4.75377,-166.713,-166.696,-0.775794,4.36985,85.2846
-171.467,-8.88051,353.26,-1.10963,-4.75357,-166.713,-166.694,-0.165442,4.36951,85.2901
-171.467,-8.90036,354.028,-1.02387,-4.75377,-166.713,-166.694,0.200769,4.3699,85.2846
-171.467,-8.92002,354.769,-0.954493,-4.75413,-166.712,-166.694,0.750085,4.37141,85.2846
-171.467,-8.93892,355.495,-0.894669,-4.75456,-166.712,-166.694,0.322839,4.37206,85.2901
-171.467,-8.95738,356.109,-0.894663,-4.7551,-166.712,-166.696,-0.531653,4.37099,85.2846
-171.467,-8.97274,356.706,-0.903656,-4.75537,-166.711,-166.696,-0.470618,4.37004,85.2901
-171.467,-8.98762,357.396,-0.863921,-4.75559,-166.711,-166.694,-0.775794,4.36849,85.2846
-171.467,-9.00509,357.96,-0.890814,-4.75609,-166.711,-166.697,-0.409583,4.36766,85.2846
-171.467,-9.01905,358.62,-0.867421,-4.75626,-166.71,-166.694,0.139733,4.36794,85.2846
-171.467,-9.03566,359.341,-0.812084,-4.75669,-166.71,-166.692,1.48251,4.37091,85.2791
-171.467,-9.054,360.002,-0.789821,-4.75738,-166.709,-166.693,0.200769,4.37131,85.2846
-171.467,-9.07065,360.623,-0.788891,-4.75798,-166.708,-166.693,-0.653724,4.36999,85.2846
-171.467,-9.08619,361.302,-0.758009,-4.75848,-166.708,-166.691,-0.531653,4.36893,85.2846
-171.467,-9.10333,361.933,-0.752878,-4.75918,-166.707,-166.692,-0.348548,4.36823,85.2901
-171.467,-9.11914,362.628,-0.714258,-4.75978,-166.706,-166.69,0.0786982,4.36839,85.2956
-171.467,-9.13673,363.387,-0.642961,-4.76061,-166.705,-166.687,0.505944,4.36941,85.2956
-171.467,-9.15612,364.009,-0.64555,-4.76173,-166.704,-166.689,0.872155,4.37115,85.2901
-171.467,-9.17166,364.589,-0.670014,-4.76254,-166.704,-166.69,0.628015,4.37241,85.2901
-171.467,-9.18604,365.118,-0.720307,-4.7632,-166.703,-166.69,-0.104407,4.3722,85.2846
-171.467,-9.19901,365.608,-0.79018,-4.76363,-166.703,-166.691,-0.653724,4.37089,85.2846
-171.467,-9.21089,366.068,-0.873815,-4.76384,-166.703,-166.691,-0.897864,4.36909,85.2846
-171.467,-9.22196,366.51,-0.964702,-4.7638,-166.703,-166.692,0.261804,4.36961,85.2901
-171.467,-9.23254,366.96,-1.04974,-4.76354,-166.704,-166.692,0.750085,4.37111,85.2901
-171.467,-9.24332,367.423,-1.12569,-4.76311,-166.704,-166.692,0.750085,4.37261,85.2846
-171.467,-9.25448,367.889,-1.19782,-4.76257,-166.705,-166.693,0.139733,4.37289,85.2901
-171.467,-9.26576,368.473,-1.20674,-4.76189,-166.706,-166.69,-0.165442,4.37256,85.2901
-171.467,-9.2803,369.066,-1.21064,-4.76145,-166.706,-166.69,-0.592689,4.37138,85.2846
-171.467,-9.29511,369.654,-1.2175,-4.76102,-166.706,-166.691,-0.775794,4.36982,85.2846
-171.467,-9.30975,370.452,-1.11421,-4.76057,-166.706,-166.686,0.139733,4.37009,85.2846
-171.467,-9.33024,371.206,-1.03613,-4.76082,-166.706,-166.687,0.872155,4.37183,85.2901
-171.467,-9.34951,371.838,-1.02363,-4.76112,-166.706,-166.69,0.93319,4.37371,85.2791
-171.467,-9.36539,372.429,-1.03331,-4.76117,-166.706,-166.691,-0.409583,4.37289,85.2901
-171.467,-9.3801,372.923,-1.09296,-4.76111,-166.706,-166.693,-0.775794,4.37134,85.2901
-171.467,-9.39214,373.311,-1.20669,-4.7607,-166.707,-166.696,-0.836829,4.36966,85.2846
-171.467,-9.40123,373.729,-1.30248,-4.75981,-166.708,-166.697,0.200769,4.37006,85.2846
-171.467,-9.41115,374.364,-1.28202,-4.7588,-166.709,-166.692,0.322839,4.37071,85.2901
-171.467,-9.42712,375.014,-1.25388,-4.75832,-166.709,-166.692,0.750085,4.3722,85.2901
-171.467,-9.44353,375.677,-1.21993,-4.75794,-166.709,-166.692,0.750085,4.3737,85.2901
-171.467,-9.46028,376.349,-1.18229,-4.75765,-166.71,-166.692,0.261804,4.37423,85.2846
-171.467,-9.47727,377.01,-1.15086,-4.75747,-166.71,-166.693,-0.409583,4.37341,85.2791
-171.467,-9.49396,377.738,-1.08568,-4.75734,-166.71,-166.691,-0.836829,4.37174,85.2846
-171.467,-9.51249,378.44,-1.03554,-4.75747,-166.709,-166.692,-0.592689,4.37055,85.2901
-171.467,-9.5303,379.222,-0.944542,-4.75766,-166.709,-166.689,-0.165442,4.37022,85.2901
-171.467,-9.55034,379.849,-0.936834,-4.75822,-166.709,-166.693,0.750085,4.37172,85.2846
-171.467,-9.56606,380.359,-0.990473,-4.75844,-166.709,-166.696,0.750085,4.37322,85.2956
-171.467,-9.57853,380.989,-0.979981,-4.75828,-166.709,-166.693,-0.470618,4.37227,85.2901
-171.467,-9.59434,381.613,-0.973117,-4.75842,-166.708,-166.693,-0.653724,4.37095,85.2901
-171.467,-9.60998,382.23,-0.970072,-4.75855,-166.708,-166.693,-0.897864,4.36915,85.2901
-171.467,-9.62542,382.718,-1.03444,-4.75867,-166.709,-166.696,-0.165442,4.36882,85.2956
-171.467,-9.63727,383.241,-1.079,-4.75837,-166.709,-166.695,0.56698,4.36996,85.2846
-171.467,-9.65011,383.767,-1.12078,-4.75806,-166.709,-166.696,0.81112,4.37159,85.2901
-171.467,-9.66304,384.407,-1.10179,-4.75766,-166.709,-166.693,0.750085,4.37309,85.2846
-171.467,-9.67915,384.944,-1.13767,-4.75757,-166.71,-166.696,0.0786982,4.37326,85.2846
-171.467,-9.69236,385.488,-1.16845,-4.75717,-166.71,-166.696,-0.653724,4.37195,85.2901
-171.467,-9.7058,386.058,-1.18527,-4.75672,-166.711,-166.696,-1.01993,4.3699,85.2956
-171.467,-9.71995,386.759,-1.13293,-4.7563,-166.711,-166.693,-0.348548,4.3692,85.2901
-171.467,-9.73775,387.459,-1.08213,-4.75628,-166.711,-166.693,0.628015,4.37046,85.2846
-171.467,-9.75553,388.048,-1.09091,-4.75637,-166.711,-166.696,0.750085,4.37196,85.2846
-171.467,-9.77021,388.637,-1.09973,-4.75618,-166.711,-166.696,-0.287513,4.37138,85.2846
-171.467,-9.78487,389.225,-1.10833,-4.75597,-166.711,-166.696,-0.714759,4.36996,85.2846
-171.467,-9.79953,389.815,-1.11587,-4.75575,-166.711,-166.696,-0.409583,4.36914,85.2901
-171.467,-9.81424,390.422,-1.11424,-4.75552,-166.712,-166.696,-0.0433721,4.36905,85.2846
-171.467,-9.82942,391.03,-1.11234,-4.75533,-166.712,-166.696,0.200769,4.36946,85.2846
-171.467,-9.84462,391.746,-1.05382,-4.75514,-166.712,-166.694,0.505944,4.37047,85.2846
-171.467,-9.86284,392.442,-1.00766,-4.75531,-166.711,-166.694,0.628015,4.37172,85.2956
-171.467,-9.88046,393.145,-0.958406,-4.75555,-166.711,-166.694,0.505944,4.37273,85.2846
-171.467,-9.89831,393.637,-1.02088,-4.75589,-166.711,-166.699,-0.0433721,4.37265,85.2846
-171.467,-9.91027,394.139,-1.07651,-4.75563,-166.712,-166.699,-0.897864,4.37085,85.2846
-171.467,-9.92252,394.655,-1.12349,-4.75527,-166.712,-166.699,-0.958899,4.36893,85.2846
-171.467,-9.93517,395.187,-1.16061,-4.75485,-166.713,-166.699,-0.165442,4.3686,85.2846
-171.467,-9.94828,395.738,-1.18727,-4.75439,-166.713,-166.699,0.505944,4.36961,85.2846
-171.467,-9.96191,396.307,-1.20372,-4.75392,-166.714,-166.699,0.93319,4.37149,85.2846
-171.467,-9.97604,396.894,-1.21021,-4.75346,-166.714,-166.699,0.444909,4.37237,85.2846
-171.467,-9.99068,397.513,-1.19995,-4.75302,-166.714,-166.698,-0.409583,4.37156,85.2846
-171.467,-10.0062,398.145,-1.18347,-4.75268,-166.715,-166.698,-1.01993,4.36951,85.2846
-171.467,-10.0221,398.786,-1.16231,-4.7524,-166.715,-166.698,-0.592689,4.36833,85.2846
-171.467,-10.0382,399.342,-1.18597,-4.75219,-166.715,-166.701,0.261804,4.36885,85.2901
-171.467,-10.052,400.029,-1.14086,-4.75174,-166.715,-166.698,0.872155,4.37059,85.2901
-171.467,-10.0694,400.608,-1.15293,-4.75167,-166.716,-166.701,0.93319,4.37246,85.2956
-171.467,-10.0838,401.237,-1.13888,-4.75133,-166.716,-166.7,0.0786982,4.37262,85.2846
-171.467,-10.0996,401.783,-1.16808,-4.75113,-166.716,-166.702,-0.409583,4.37181,85.2901
-171.467,-10.1131,402.463,-1.12697,-4.7507,-166.716,-166.699,-0.531653,4.37075,85.2846
-171.467,-10.1303,403.146,-1.08488,-4.75064,-166.716,-166.699,-0.348548,4.37005,85.2846
-171.467,-10.1476,403.736,-1.09261,-4.75068,-166.716,-166.701,-0.287513,4.36947,85.2846
-171.467,-10.1623,404.341,-1.09258,-4.75049,-166.717,-166.701,0.628015,4.37072,85.2901
-171.467,-10.1774,404.974,-1.07766,-4.75034,-166.717,-166.701,1.2994,4.37333,85.2901
-171.467,-10.1933,405.629,-1.05132,-4.75029,-166.717,-166.7,-0.165442,4.373,85.2846
-171.467,-10.2098,406.379,-0.976523,-4.75033,-166.716,-166.698,-1.08097,4.37083,85.2846
-171.467,-10.229,407.017,-0.961615,-4.75074,-166.716,-166.7,-0.775794,4.36928,85.2901
-171.467,-10.245,407.667,-0.941187,-4.75093,-166.716,-166.7,-0.348548,4.36858,85.2901
-171.467,-10.2614,408.324,-0.917344,-4.75119,-166.715,-166.699,0.505944,4.3696,85.2846
-171.467,-10.2779,408.877,-0.948512,-4.75152,-166.715,-166.701,0.68905,4.37098,85.2846
-171.467,-10.2916,409.437,-0.975289,-4.75154,-166.715,-166.701,-0.0433721,4.37089,85.2846
-171.467,-10.3054,410.004,-0.997494,-4.75153,-166.715,-166.701,0.0786982,4.37105,85.2901
-171.467,-10.3195,410.687,-0.958855,-4.75149,-166.715,-166.698,-0.165442,4.37071,85.2901
-171.467,-10.3368,411.372,-0.920044,-4.75179,-166.715,-166.698,-0.714759,4.36928,85.2846
-171.467,-10.3541,412.039,-0.891449,-4.75217,-166.714,-166.698,-0.592689,4.36809,85.2846
-171.467,-10.371,412.597,-0.921073,-4.75257,-166.714,-166.7,0.505944,4.3691,85.2846
-171.467,-10.3847,413.17,-0.941577,-4.75266,-166.714,-166.7,0.93319,4.37097,85.2901
-171.467,-10.399,413.665,-1.00227,-4.75275,-166.714,-166.702,0.628015,4.37223,85.2901
-171.467,-10.411,414.193,-1.04466,-4.75253,-166.715,-166.701,-0.165442,4.37191,85.2791
-171.467,-10.424,414.722,-1.08573,-4.7523,-166.715,-166.701,-0.531653,4.37084,85.2846
-171.467,-10.437,415.177,-1.16366,-4.75198,-166.716,-166.703,-0.165442,4.37051,85.2846
-171.467,-10.448,415.686,-1.21191,-4.75134,-166.716,-166.703,0.200769,4.37091,85.2846
-171.467,-10.4604,416.138,-1.28897,-4.75072,-166.717,-166.705,0.200769,4.37131,85.2846
-171.467,-10.4713,416.734,-1.28866,-4.74982,-166.718,-166.702,0.750085,4.37281,85.2846
-171.467,-10.4862,417.362,-1.27149,-4.74925,-166.718,-166.702,0.383874,4.37358,85.2846
-171.467,-10.502,418.017,-1.24066,-4.74878,-166.719,-166.702,-0.165442,4.37326,85.2846
-171.467,-10.5185,418.8,-1.14351,-4.74844,-166.718,-166.699,-0.592689,4.37206,85.2901
-171.467,-10.5386,419.685,-0.995693,-4.74859,-166.718,-166.696,-0.592689,4.37087,85.2846
-171.467,-10.5615,420.443,-0.917669,-4.74928,-166.717,-166.698,-0.165442,4.37054,85.2901
-171.467,-10.5809,421.193,-0.845482,-4.74984,-166.716,-166.698,0.0786982,4.37069,85.2846
-171.467,-10.6,422.007,-0.741977,-4.75052,-166.715,-166.696,0.383874,4.37146,85.2846
-171.467,-10.6209,422.773,-0.666275,-4.75156,-166.714,-166.696,0.750085,4.37297,85.2901
-171.467,-10.6405,423.503,-0.610988,-4.75265,-166.713,-166.696,-0.470618,4.37203,85.2791
-171.467,-10.659,424.167,-0.591886,-4.75377,-166.712,-166.696,-1.01993,4.36998,85.2846
-171.467,-10.6758,424.876,-0.549194,-4.75478,-166.711,-166.694,-0.531653,4.36891,85.2901
-171.467,-10.6937,425.542,-0.530898,-4.75598,-166.71,-166.694,-0.409583,4.36809,85.2901
-171.467,-10.7105,426.15,-0.542855,-4.75712,-166.709,-166.694,0.444909,4.36898,85.2846
-171.467,-10.7256,426.615,-0.629492,-4.7581,-166.708,-166.697,0.628015,4.37024,85.2901
-171.467,-10.7368,427.072,-0.71829,-4.75858,-166.708,-166.697,0.322839,4.37089,85.2846
-171.467,-10.7478,427.605,-0.765142,-4.75885,-166.708,-166.695,-0.226478,4.37044,85.2846
-171.467,-10.7609,428.02,-0.872328,-4.75921,-166.708,-166.697,-0.531653,4.36937,85.2846
-171.467,-10.7707,428.559,-0.91242,-4.75907,-166.708,-166.694,-0.592689,4.36819,85.2846
-171.467,-10.784,429.084,-0.959122,-4.75914,-166.708,-166.695,0.505944,4.3692,85.2846
-171.467,-10.7968,429.507,-1.05743,-4.75907,-166.708,-166.697,0.994226,4.37118,85.2846
-171.467,-10.8069,429.946,-1.1455,-4.75858,-166.709,-166.697,0.81112,4.37281,85.2846
-171.467,-10.8174,430.406,-1.22018,-4.75794,-166.71,-166.697,0.383874,4.37357,85.2846
-171.467,-10.8285,430.907,-1.2717,-4.75719,-166.711,-166.697,-0.165442,4.37325,85.2846
-171.467,-10.8407,431.434,-1.30847,-4.75643,-166.711,-166.697,-0.287513,4.37267,85.2901
-171.467,-10.8537,432.002,-1.32242,-4.75566,-166.712,-166.697,-0.470618,4.37173,85.2846
-171.467,-10.8678,432.594,-1.32392,-4.75495,-166.713,-166.697,-0.0433721,4.37164,85.2846
-171.467,-10.8826,433.299,-1.26614,-4.75429,-166.713,-166.695,0.200769,4.37204,85.2846
-171.467,-10.9005,434.112,-1.15336,-4.754,-166.713,-166.692,0.994226,4.37403,85.2901
-171.467,-10.9214,435.006,-1.00037,-4.75419,-166.712,-166.69,0.383874,4.37481,85.2956
-171.467,-10.9446,435.881,-0.861767,-4.75489,-166.711,-166.69,-0.226478,4.37436,85.2901
-171.467,-10.9672,436.801,-0.702715,-4.75583,-166.71,-166.688,-1.01993,4.37231,85.2901
-171.467,-10.9911,437.653,-0.583482,-4.7572,-166.708,-166.688,-1.01993,4.37026,85.2901
-171.467,-11.013,438.418,-0.512095,-4.75865,-166.707,-166.689,-0.104407,4.37006,85.2846
-171.467,-11.0325,439.102,-0.485442,-4.76005,-166.706,-166.69,0.750085,4.37156,85.2846
-171.467,-11.0498,439.71,-0.498792,-4.76132,-166.705,-166.69,0.628015,4.37281,85.2956
-171.467,-11.0649,440.283,-0.530128,-4.76239,-166.704,-166.69,0.139733,4.3731,85.2901
-171.467,-11.0791,440.812,-0.584069,-4.76332,-166.703,-166.69,-0.104407,4.37289,85.2901
-171.467,-11.0921,441.412,-0.599735,-4.76403,-166.702,-166.688,-0.470618,4.37195,85.2901
-171.467,-11.107,441.871,-0.688577,-4.76488,-166.702,-166.69,-0.409583,4.37113,85.2846
-171.467,-11.118,442.294,-0.794109,-4.76522,-166.702,-166.691,-0.104407,4.37091,85.2901
-171.467,-11.128,442.617,-0.949565,-4.76526,-166.702,-166.694,0.0176631,4.37094,85.2846
-171.467,-11.1353,443.037,-1.04992,-4.76475,-166.703,-166.692,1.05526,4.37306,85.2846
-171.467,-11.1453,443.458,-1.14811,-4.76426,-166.703,-166.692,0.68905,4.37444,85.2956
-171.467,-11.1553,443.917,-1.2237,-4.76358,-166.704,-166.692,-0.348548,4.37374,85.2846
-171.467,-11.1663,444.294,-1.34034,-4.76283,-166.705,-166.695,-1.142,4.37145,85.2901
-171.467,-11.1751,444.721,-1.42773,-4.76165,-166.707,-166.694,-0.470618,4.37051,85.2846
-171.467,-11.1853,445.186,-1.49329,-4.76041,-166.708,-166.695,0.56698,4.37164,85.2846
-171.467,-11.1966,445.799,-1.48005,-4.75911,-166.709,-166.692,0.750085,4.37315,85.2901
-171.467,-11.212,446.445,-1.44939,-4.75818,-166.71,-166.692,0.628015,4.3744,85.2956
-171.467,-11.2283,447.136,-1.39612,-4.75739,-166.71,-166.692,0.0176631,4.37444,85.2846
-171.467,-11.2458,447.831,-1.34185,-4.75682,-166.711,-166.693,-0.409583,4.37362,85.2846
-171.467,-11.2635,448.527,-1.28829,-4.75637,-166.711,-166.693,-0.653724,4.37232,85.2846
-171.467,-11.2811,449.222,-1.2371,-4.75602,-166.711,-166.693,-0.287513,4.37174,85.2846
-171.467,-11.2988,449.818,-1.23818,-4.75578,-166.712,-166.696,0.200769,4.37215,85.2901
-171.467,-11.3137,450.441,-1.22546,-4.75531,-166.712,-166.696,0.200769,4.37255,85.2901
-171.467,-11.3293,451.178,-1.15327,-4.75493,-166.712,-166.693,0.322839,4.3732,85.2846
-171.467,-11.3481,451.9,-1.09095,-4.75496,-166.712,-166.694,0.261804,4.37373,85.2846
-171.467,-11.3665,452.603,-1.03966,-4.75508,-166.712,-166.694,-0.0433721,4.37364,85.2846
-171.467,-11.3843,453.286,-1.00001,-4.75526,-166.712,-166.694,-0.470618,4.37269,85.2901
-171.467,-11.4016,453.965,-0.963842,-4.75548,-166.711,-166.694,-0.714759,4.37126,85.2956
-171.467,-11.4188,454.65,-0.924918,-4.75575,-166.711,-166.694,-0.165442,4.37092,85.2956
-171.467,-11.4361,455.431,-0.837303,-4.75612,-166.71,-166.691,0.93319,4.37279,85.2956
-171.467,-11.4561,456.16,-0.778778,-4.7569,-166.709,-166.692,0.994226,4.37478,85.2846
-171.467,-11.4747,456.839,-0.748081,-4.75768,-166.709,-166.692,-0.0433721,4.3747,85.2846
-171.467,-11.4918,457.562,-0.694608,-4.7584,-166.708,-166.69,-0.470618,4.37375,85.2846
-171.467,-11.5102,458.134,-0.721873,-4.75933,-166.707,-166.693,-0.409583,4.37293,85.2901
-171.467,-11.5243,458.776,-0.71177,-4.75986,-166.706,-166.691,-0.714759,4.37149,85.2901
-171.467,-11.5405,459.369,-0.727765,-4.76057,-166.706,-166.691,0.0786982,4.37164,85.2956
-171.467,-11.5552,459.857,-0.798117,-4.76115,-166.706,-166.693,1.05526,4.37375,85.2846
-171.467,-11.567,460.231,-0.926263,-4.76132,-166.706,-166.696,0.628015,4.37501,85.2846
-171.467,-11.5757,460.704,-0.999699,-4.76098,-166.706,-166.694,0.200769,4.37542,85.2846
-171.467,-11.5872,461.082,-1.12128,-4.76072,-166.707,-166.697,-0.714759,4.37398,85.2846
-171.467,-11.5959,461.375,-1.28393,-4.75999,-166.708,-166.7,-1.142,4.37169,85.2846
-171.467,-11.6024,461.72,-1.41538,-4.75873,-166.71,-166.7,-0.531653,4.37062,85.2901
-171.467,-11.6103,462.23,-1.45746,-4.75732,-166.711,-166.697,0.81112,4.37225,85.2846
-171.467,-11.6228,462.779,-1.47825,-4.7562,-166.712,-166.697,1.2994,4.37486,85.2846
-171.467,-11.6364,463.271,-1.52764,-4.75514,-166.713,-166.699,0.200769,4.37525,85.2846
-171.467,-11.6485,463.817,-1.54825,-4.75384,-166.714,-166.699,-0.775794,4.3737,85.2846
-171.467,-11.662,464.413,-1.54192,-4.75261,-166.715,-166.699,-0.958899,4.37178,85.2901
-171.467,-11.6769,465.068,-1.50453,-4.75152,-166.716,-166.699,-0.653724,4.37047,85.2846
-171.467,-11.6935,465.759,-1.44945,-4.75063,-166.717,-166.699,-0.104407,4.37026,85.2846
-171.467,-11.711,466.478,-1.38135,-4.74995,-166.718,-166.699,0.200769,4.37066,85.2846
-171.467,-11.7293,467.338,-1.2405,-4.74945,-166.717,-166.696,0.872155,4.37241,85.2846
-171.467,-11.7516,468.186,-1.10978,-4.74958,-166.717,-166.696,0.505944,4.37343,85.2846
-171.467,-11.7734,468.919,-1.04225,-4.74995,-166.717,-166.698,-0.287513,4.37286,85.2901
-171.467,-11.7921,469.656,-0.97383,-4.75019,-166.716,-166.698,-0.836829,4.37118,85.2901
-171.467,-11.8109,470.392,-0.907924,-4.75059,-166.716,-166.698,-0.409583,4.37036,85.2901
-171.467,-11.8297,471.12,-0.847845,-4.75111,-166.715,-166.697,-0.0433721,4.37027,85.2846
-171.467,-11.8482,471.728,-0.852372,-4.75174,-166.715,-166.7,0.444909,4.37116,85.2846
-171.467,-11.8634,472.325,-0.862143,-4.75208,-166.715,-166.7,1.1163,4.3734,85.2846
-171.467,-11.8783,472.912,-0.876467,-4.75238,-166.714,-166.7,0.628015,4.37466,85.2901
-171.467,-11.8929,473.509,-0.885976,-4.75262,-166.714,-166.699,-0.409583,4.37384,85.2901
-171.467,-11.9077,474.097,-0.899482,-4.75287,-166.714,-166.699,-0.714759,4.37241,85.2846
-171.467,-11.9224,474.679,-0.916045,-4.75307,-166.714,-166.699,-0.470618,4.37146,85.2901
-171.467,-11.9368,475.364,-0.878646,-4.75322,-166.713,-166.696,0.444909,4.37236,85.2846
-171.467,-11.9542,476.024,-0.854798,-4.75369,-166.713,-166.697,1.05526,4.37447,85.2846
-171.467,-11.9708,476.66,-0.844461,-4.75415,-166.712,-166.697,0.56698,4.37561,85.2846
-171.467,-11.9868,477.396,-0.781946,-4.75458,-166.712,-166.694,-0.0433721,4.37552,85.2846
-171.467,-12.0055,478.088,-0.74399,-4.75536,-166.711,-166.694,-0.348548,4.37483,85.2846
-171.467,-12.023,478.645,-0.777691,-4.75612,-166.71,-166.697,-0.897864,4.37303,85.2846
-171.467,-12.0368,479.089,-0.869513,-4.7565,-166.711,-166.699,-0.714759,4.37159,85.2956
-171.467,-12.0474,479.567,-0.94118,-4.75643,-166.711,-166.698,0.505944,4.37261,85.2956
-171.467,-12.059,480.065,-1.00074,-4.7563,-166.711,-166.698,0.872155,4.37435,85.2846
-171.467,-12.0711,480.57,-1.05548,-4.75609,-166.711,-166.698,0.628015,4.37561,85.2901
-171.467,-12.0834,481.007,-1.14423,-4.75579,-166.712,-166.7,-0.165442,4.37527,85.2846
-171.467,-12.0939,481.473,-1.21538,-4.75515,-166.713,-166.7,-0.531653,4.37421,85.2846
-171.467,-12.1052,481.972,-1.26794,-4.75443,-166.713,-166.7,-1.08097,4.37204,85.2846
-171.467,-12.1173,482.504,-1.30207,-4.75367,-166.714,-166.7,-0.348548,4.37134,85.2956
-171.467,-12.1304,483.098,-1.30223,-4.75292,-166.715,-166.699,0.505944,4.37236,85.2846
-171.467,-12.1453,483.625,-1.33797,-4.75232,-166.715,-166.701,0.444909,4.37325,85.2901
-171.467,-12.1583,484.206,-1.34418,-4.75149,-166.716,-166.701,0.56698,4.37438,85.2956
-171.467,-12.1727,484.852,-1.31652,-4.75077,-166.717,-166.7,0.383874,4.37516,85.2956
-171.467,-12.189,485.429,-1.3254,-4.75025,-166.717,-166.702,-0.958899,4.37324,85.2846
-171.467,-12.2034,486.135,-1.26668,-4.74955,-166.718,-166.7,-1.01993,4.37119,85.2956
-171.467,-12.2214,486.885,-1.18664,-4.74928,-166.718,-166.699,-0.592689,4.37001,85.2846
-171.467,-12.2405,487.635,-1.10824,-4.74926,-166.718,-166.699,0.56698,4.37115,85.2846
-171.467,-12.2597,488.287,-1.08306,-4.74941,-166.718,-166.701,1.1163,4.37338,85.2846
-171.467,-12.2761,488.838,-1.11095,-4.74939,-166.718,-166.704,0.505944,4.3744,85.2901
-171.467,-12.2897,489.431,-1.11654,-4.74907,-166.718,-166.703,0.0786982,4.37456,85.2846
-171.467,-12.3045,489.951,-1.15956,-4.74884,-166.719,-166.705,-0.470618,4.37363,85.2901
-171.467,-12.3173,490.616,-1.12635,-4.74836,-166.719,-166.702,-0.958899,4.3717,85.2956
-171.467,-12.3341,491.414,-1.02407,-4.74828,-166.718,-166.698,0.322839,4.37235,85.2956
-171.467,-12.3546,492.196,-0.933266,-4.7487,-166.718,-166.698,0.81112,4.37397,85.2846
-171.467,-12.3746,492.954,-0.85674,-4.74928,-166.717,-166.698,0.383874,4.37474,85.2846
-171.467,-12.394,493.592,-0.844649,-4.74996,-166.717,-166.701,0.139733,4.37502,85.2846
-171.467,-12.41,494.219,-0.838773,-4.7504,-166.716,-166.701,0.0176631,4.37506,85.2846
-171.467,-12.4257,494.835,-0.838957,-4.75082,-166.716,-166.701,-0.409583,4.37425,85.2846
-171.467,-12.4411,495.44,-0.844496,-4.75122,-166.715,-166.7,-0.653724,4.37293,85.2901
-171.467,-12.4562,496.144,-0.798599,-4.75157,-166.715,-166.698,-0.409583,4.37211,85.2901
-171.467,-12.4741,496.833,-0.76142,-4.75224,-166.714,-166.697,0.261804,4.37263,85.2846
-171.467,-12.4915,497.491,-0.74202,-4.75296,-166.713,-166.697,0.505944,4.37365,85.2901
-171.467,-12.5081,498.04,-0.779234,-4.75365,-166.713,-166.699,0.200769,4.37405,85.2901
-171.467,-12.5216,498.7,-0.758355,-4.75402,-166.712,-166.696,-0.226478,4.3736,85.2846
-171.467,-12.5382,499.419,-0.706891,-4.75467,-166.711,-166.694,-0.348548,4.3729,85.2846
-171.467,-12.5565,499.997,-0.73022,-4.75557,-166.711,-166.697,-0.470618,4.37195,85.2846
-171.467,-12.5708,500.549,-0.766774,-4.75611,-166.71,-166.697,-0.104407,4.37174,85.2956
-171.467,-12.5844,501.203,-0.749182,-4.7565,-166.71,-166.694,0.261804,4.37227,85.2956
-171.467,-12.6009,501.817,-0.752817,-4.75717,-166.709,-166.694,0.505944,4.37328,85.2846
-171.467,-12.6162,502.397,-0.774074,-4.75773,-166.709,-166.695,0.322839,4.37393,85.2846
-171.467,-12.6306,502.949,-0.809723,-4.75817,-166.709,-166.695,-0.165442,4.3736,85.2901
-171.467,-12.6442,503.494,-0.848184,-4.75847,-166.708,-166.695,-0.592689,4.37241,85.2901
-171.467,-12.6577,503.943,-0.935948,-4.75867,-166.708,-166.697,-0.531653,4.37134,85.2901
-171.467,-12.6684,504.287,-1.07629,-4.75848,-166.709,-166.7,-0.104407,4.37113,85.2901
-171.467,-12.6763,504.677,-1.18909,-4.75777,-166.71,-166.699,0.56698,4.37226,85.2846
-171.467,-12.6854,505.011,-1.32885,-4.75693,-166.711,-166.702,1.05526,4.37438,85.2956
-171.467,-12.693,505.431,-1.41945,-4.75567,-166.713,-166.701,0.0176631,4.37442,85.2846
-171.467,-12.703,505.907,-1.47945,-4.75443,-166.714,-166.701,-1.38615,4.37164,85.2846
-171.467,-12.7146,506.436,-1.50959,-4.75318,-166.715,-166.7,-0.897864,4.36984,85.2956
-171.467,-12.7276,507.139,-1.44832,-4.75201,-166.716,-166.697,-0.226478,4.36939,85.2846
-171.467,-12.7455,507.863,-1.37726,-4.75135,-166.716,-166.697,0.56698,4.37053,85.2901
-171.467,-12.764,508.617,-1.29244,-4.75089,-166.716,-166.697,0.93319,4.3724,85.2846
-171.467,-12.7833,509.374,-1.20767,-4.75067,-166.716,-166.697,0.750085,4.3739,85.2846
-171.467,-12.8027,510.145,-1.1182,-4.75063,-166.716,-166.697,0.139733,4.37418,85.2846
-171.467,-12.8224,510.81,-1.08559,-4.75081,-166.716,-166.699,-0.592689,4.373,85.2846
-171.467,-12.8392,511.385,-1.10116,-4.75081,-166.716,-166.702,-0.714759,4.37156,85.2901
-171.467,-12.8535,512.085,-1.05127,-4.75056,-166.716,-166.699,-0.226478,4.37111,85.2901
-171.467,-12.8712,512.794,-0.997827,-4.75071,-166.716,-166.698,0.139733,4.37139,85.2901
-171.467,-12.8892,513.506,-0.943714,-4.75098,-166.716,-166.698,0.750085,4.37289,85.2846
-171.467,-12.9073,514.108,-0.948435,-4.75138,-166.715,-166.7,0.0786982,4.37305,85.2956
-171.467,-12.9224,514.832,-0.889655,-4.75152,-166.715,-166.697,-0.226478,4.37259,85.2846
-171.467,-12.9408,515.622,-0.797548,-4.75205,-166.714,-166.695,-0.714759,4.37115,85.2846
-171.467,-12.961,516.368,-0.730991,-4.75292,-166.713,-166.695,-0.714759,4.36972,85.2846
-171.467,-12.98,517.069,-0.689655,-4.75384,-166.712,-166.695,-0.0433721,4.36964,85.2846
-171.467,-12.9978,517.633,-0.720624,-4.75473,-166.712,-166.698,-0.226478,4.36918,85.2846
-171.467,-13.0117,518.175,-0.762674,-4.75525,-166.711,-166.698,0.322839,4.36981,85.2846
-171.467,-13.0251,518.607,-0.860684,-4.75563,-166.711,-166.7,0.750085,4.37131,85.2846
-171.467,-13.0354,519.139,-0.904445,-4.75556,-166.711,-166.698,0.0786982,4.37148,85.2846
-171.467,-13.0484,519.789,-0.885728,-4.75563,-166.711,-166.695,-0.592689,4.37029,85.2901
-171.467,-13.0648,520.429,-0.872538,-4.756,-166.711,-166.695,-0.897864,4.36849,85.2846
-171.467,-13.0809,520.951,-0.921405,-4.75638,-166.711,-166.697,-0.287513,4.36791,85.2846
-171.467,-13.0937,521.469,-0.971061,-4.75639,-166.711,-166.697,0.383874,4.36868,85.2901
-171.467,-13.1063,522.095,-0.963138,-4.75628,-166.711,-166.695,1.05526,4.3708,85.2901
-171.467,-13.122,522.719,-0.956258,-4.75645,-166.71,-166.695,0.505944,4.37181,85.2846
-171.467,-13.1377,523.232,-1.00762,-4.75663,-166.711,-166.697,-0.775794,4.37026,85.2901
-171.467,-13.1502,523.857,-0.999385,-4.75643,-166.71,-166.695,-1.08097,4.36809,85.2846
-171.467,-13.1659,524.375,-1.04746,-4.75652,-166.711,-166.697,-0.531653,4.36702,85.2901
-171.467,-13.1786,524.914,-1.08286,-4.75626,-166.711,-166.697,-0.592689,4.36583,85.2901
-171.467,-13.1919,525.476,-1.10589,-4.75597,-166.711,-166.697,0.322839,4.36648,85.2846
-171.467,-13.2058,526.135,-1.0773,-4.7557,-166.711,-166.695,0.994226,4.36847,85.2901
-171.467,-13.2224,526.798,-1.04771,-4.7557,-166.711,-166.694,0.322839,4.36911,85.2901
-171.467,-13.2392,527.461,-1.01827,-4.75576,-166.711,-166.694,-0.287513,4.36854,85.2901
-171.467,-13.2559,528.123,-0.990396,-4.7559,-166.711,-166.694,-0.531653,4.36747,85.2901
-171.467,-13.2726,528.674,-1.02154,-4.75609,-166.711,-166.697,-0.775794,4.36592,85.2956
-171.467,-13.2862,529.255,-1.03566,-4.75596,-166.711,-166.696,0.0786982,4.36608,85.2846
-171.467,-13.3007,529.741,-1.09938,-4.75586,-166.712,-166.699,1.05526,4.3682,85.2901
-171.467,-13.3125,530.259,-1.14441,-4.75542,-166.712,-166.698,0.872155,4.36995,85.2846
-171.467,-13.3252,530.795,-1.17935,-4.75497,-166.713,-166.698,-0.0433721,4.36986,85.2846
-171.467,-13.3384,531.365,-1.19575,-4.75448,-166.713,-166.698,-0.348548,4.36916,85.2846
-171.467,-13.3525,531.951,-1.20331,-4.75403,-166.713,-166.698,-0.775794,4.36761,85.2956
-171.467,-13.3671,532.581,-1.18709,-4.75361,-166.714,-166.697,-0.592689,4.36642,85.2846
-171.467,-13.383,533.128,-1.21528,-4.75332,-166.714,-166.7,0.56698,4.36756,85.2846
-171.467,-13.3965,533.698,-1.23042,-4.75279,-166.715,-166.7,0.56698,4.36869,85.2846
-171.467,-13.4107,534.292,-1.23281,-4.75227,-166.715,-166.7,0.505944,4.3697,85.2846
-171.467,-13.4255,534.906,-1.22417,-4.7518,-166.716,-166.7,0.444909,4.37059,85.2901
-171.467,-13.4409,535.555,-1.19804,-4.75141,-166.716,-166.699,-0.409583,4.36977,85.2846
-171.467,-13.4572,536.215,-1.16635,-4.75113,-166.716,-166.699,-1.08097,4.36761,85.2901
-171.467,-13.4739,536.899,-1.12334,-4.75096,-166.716,-166.699,-0.470618,4.36667,85.2901
-171.467,-13.4912,537.706,-1.01656,-4.75092,-166.716,-166.696,0.0786982,4.36683,85.2846
-171.467,-13.512,538.394,-0.974934,-4.75138,-166.715,-166.698,0.56698,4.36797,85.2956
-171.467,-13.5294,539.008,-0.973039,-4.75165,-166.715,-166.7,1.05526,4.37008,85.2846
-171.467,-13.5447,539.527,-1.02028,-4.75176,-166.715,-166.702,0.383874,4.37085,85.2846
-171.467,-13.5575,540.156,-1.00915,-4.75156,-166.715,-166.699,-0.958899,4.36893,85.2846
-171.467,-13.5733,540.786,-0.998295,-4.75163,-166.715,-166.699,-1.32511,4.36627,85.2846
-171.467,-13.5891,541.32,-1.03707,-4.75172,-166.715,-166.702,0.322839,4.36692,85.2901
-171.467,-13.6022,541.979,-1.01011,-4.75152,-166.715,-166.699,0.444909,4.36781,85.2956
-171.467,-13.6188,542.754,-0.922934,-4.75165,-166.715,-166.696,0.261804,4.36832,85.2956
-171.467,-13.6387,543.436,-0.886699,-4.75224,-166.714,-166.697,0.628015,4.36958,85.2956
-171.467,-13.6559,544.096,-0.862585,-4.75269,-166.714,-166.698,-0.226478,4.36913,85.2956
-171.467,-13.6726,544.766,-0.834323,-4.75314,-166.713,-166.697,-1.08097,4.36696,85.2901
-171.467,-13.6895,545.425,-0.8121,-4.75366,-166.713,-166.697,-1.142,4.36467,85.2901
-171.467,-13.7061,546.073,-0.796622,-4.75421,-166.712,-166.696,-0.165442,4.36434,85.2846
-171.467,-13.7223,546.785,-0.747892,-4.75475,-166.711,-166.694,0.505944,4.36536,85.2846
-171.467,-13.7404,547.468,-0.715258,-4.75555,-166.711,-166.694,0.68905,4.36673,85.2901
-171.467,-13.7577,548.122,-0.698612,-4.75635,-166.71,-166.694,0.383874,4.3675,85.2846
-171.467,-13.7741,548.734,-0.704857,-4.75712,-166.709,-166.694,0.139733,4.36778,85.2901
-171.467,-13.7894,549.323,-0.722782,-4.75777,-166.709,-166.694,-1.08097,4.36562,85.2956
-171.467,-13.804,549.908,-0.742561,-4.75835,-166.708,-166.694,-0.714759,4.36418,85.2956
-171.467,-13.8186,550.688,-0.659802,-4.75887,-166.707,-166.688,0.0176631,4.36422,85.2846
-171.467,-13.8385,551.302,-0.665783,-4.76,-166.706,-166.691,0.139733,4.3645,85.2956
-171.467,-13.8538,551.805,-0.729738,-4.76074,-166.706,-166.693,0.322839,4.36514,85.2846
-171.467,-13.8661,552.279,-0.807049,-4.76109,-166.706,-166.694,0.139733,4.36542,85.2846
-171.467,-13.8776,552.827,-0.844376,-4.76123,-166.706,-166.692,-0.287513,4.36484,85.2846
-171.467,-13.891,553.348,-0.894846,-4.76145,-166.705,-166.692,-0.714759,4.36341,85.2901
-171.467,-13.9038,553.864,-0.94663,-4.7615,-166.706,-166.692,-0.592689,4.36222,85.2846
-171.467,-13.9164,554.272,-1.05327,-4.76145,-166.706,-166.695,-0.104407,4.36201,85.2846
-171.467,-13.9261,554.692,-1.1517,-4.76093,-166.707,-166.695,0.261804,4.36254,85.2791
-171.467,-13.936,555.022,-1.29429,-4.76023,-166.708,-166.698,0.93319,4.36441,85.2791
-171.467,-13.9435,555.398,-1.40925,-4.75904,-166.709,-166.698,0.68905,4.36579,85.2846
-171.467,-13.9523,555.826,-1.49442,-4.75772,-166.711,-166.698,-0.226478,4.36533,85.2901
-171.467,-13.9625,556.323,-1.54154,-4.75634,-166.712,-166.698,-0.653724,4.36402,85.2901
-171.467,-13.9747,556.792,-1.60145,-4.75501,-166.713,-166.7,-0.531653,4.36296,85.2846
-171.467,-13.9861,557.325,-1.62701,-4.75351,-166.715,-166.7,-0.0433721,4.36287,85.2846
-171.467,-13.9993,557.794,-1.68495,-4.75209,-166.717,-166.703,0.383874,4.36363,85.2956
-171.467,-14.0107,558.464,-1.63675,-4.75041,-166.718,-166.7,0.81112,4.36526,85.2901
-171.467,-14.0276,559.287,-1.50913,-4.74929,-166.718,-166.697,0.444909,4.36615,85.2901
-171.467,-14.0489,560.141,-1.36881,-4.74878,-166.718,-166.697,-0.409583,4.36532,85.2846
-171.467,-14.0709,560.995,-1.23185,-4.74863,-166.718,-166.697,-0.592689,4.36414,85.2846
-171.467,-14.093,561.837,-1.1038,-4.74876,-166.718,-166.697,-0.775794,4.36259,85.2901
-171.467,-14.1148,562.676,-0.981092,-4.74913,-166.717,-166.697,-0.104407,4.36237,85.2846
-171.467,-14.1364,563.392,-0.925329,-4.74974,-166.717,-166.699,0.261804,4.36289,85.2901
-171.467,-14.1546,564.2,-0.823251,-4.75018,-166.716,-166.696,0.81112,4.36452,85.2901
-171.467,-14.1753,564.982,-0.736868,-4.75104,-166.715,-166.696,0.93319,4.36639,85.2901
-171.467,-14.1953,565.841,-0.612518,-4.75202,-166.714,-166.693,-0.531653,4.36533,85.2956
-171.467,-14.2175,566.659,-0.512571,-4.75343,-166.712,-166.693,-0.470618,4.36439,85.2901
-171.467,-14.2385,567.324,-0.49507,-4.75495,-166.711,-166.695,0.0786982,4.36455,85.2901
-171.467,-14.2552,567.947,-0.500247,-4.75616,-166.71,-166.695,0.444909,4.36544,85.2846
-171.467,-14.2708,568.516,-0.533427,-4.75727,-166.709,-166.695,0.68905,4.36683,85.2846
-171.467,-14.2848,569.039,-0.589714,-4.75818,-166.708,-166.696,0.750085,4.36833,85.2846
-171.467,-14.2977,569.435,-0.711745,-4.75888,-166.708,-166.698,0.444909,4.36922,85.2846
-171.467,-14.3069,569.822,-0.835067,-4.75903,-166.708,-166.698,-0.470618,4.36828,85.2901
-171.467,-14.3159,570.319,-0.897638,-4.75891,-166.708,-166.695,-0.897864,4.36648,85.2846
-171.467,-14.328,570.716,-1.01173,-4.75891,-166.709,-166.698,-0.226478,4.36602,85.2846
-171.467,-14.3373,571.236,-1.05824,-4.75844,-166.709,-166.695,0.56698,4.36716,85.2956
-171.467,-14.3501,571.788,-1.08707,-4.75817,-166.709,-166.695,1.1163,4.36939,85.2846
-171.467,-14.3637,572.247,-1.16371,-4.75791,-166.71,-166.697,0.994226,4.37139,85.2846
-171.467,-14.3748,572.727,-1.22753,-4.75728,-166.71,-166.698,0.56698,4.37252,85.2846
-171.467,-14.3865,573.323,-1.2289,-4.75657,-166.711,-166.695,-0.165442,4.37219,85.2846
-171.467,-14.4014,574.035,-1.16989,-4.75612,-166.711,-166.693,-0.958899,4.37027,85.2901
-171.467,-14.4195,574.749,-1.11146,-4.75605,-166.711,-166.693,-0.592689,4.36907,85.2901
-171.467,-14.4376,575.459,-1.05611,-4.75611,-166.711,-166.693,0.68905,4.37046,85.2846
-171.467,-14.4557,576.054,-1.06213,-4.75627,-166.711,-166.696,0.750085,4.37196,85.2846
-171.467,-14.4705,576.645,-1.07024,-4.75616,-166.711,-166.696,0.68905,4.37334,85.2846
-171.467,-14.4852,577.341,-1.02345,-4.75602,-166.711,-166.693,0.200769,4.37374,85.2846
-171.467,-14.5029,578.015,-0.989299,-4.75622,-166.711,-166.694,-0.531653,4.37268,85.2846
-171.467,-14.5199,578.666,-0.967764,-4.75643,-166.71,-166.694,-0.653724,4.37137,85.2846
-171.467,-14.5363,579.296,-0.957701,-4.75664,-166.71,-166.694,-0.104407,4.37116,85.2956
-171.467,-14.5521,579.938,-0.941718,-4.75682,-166.71,-166.694,0.322839,4.37181,85.2956
-171.467,-14.5683,580.465,-0.986451,-4.75706,-166.71,-166.697,0.56698,4.37295,85.2846
-171.467,-14.5812,581.083,-0.982697,-4.75695,-166.71,-166.694,0.261804,4.37347,85.2846
-171.467,-14.5966,581.684,-0.987174,-4.75705,-166.71,-166.695,-0.287513,4.3729,85.2901
-171.467,-14.6117,582.288,-0.990426,-4.7571,-166.71,-166.695,-0.775794,4.37134,85.2846
-171.467,-14.6267,582.879,-1.00061,-4.75716,-166.71,-166.695,-0.409583,4.37053,85.2846
-171.467,-14.6415,583.366,-1.06469,-4.75716,-166.71,-166.697,-0.836829,4.36884,85.2901
-171.467,-14.6533,583.88,-1.11318,-4.75679,-166.711,-166.697,0.200769,4.36924,85.2846
-171.467,-14.6659,584.405,-1.15431,-4.75638,-166.711,-166.697,1.05526,4.37135,85.2846
-171.467,-14.6788,584.852,-1.23537,-4.75592,-166.712,-166.7,0.56698,4.37248,85.2846
-171.467,-14.6895,585.242,-1.34444,-4.75511,-166.713,-166.702,-0.104407,4.37227,85.2846
-171.467,-14.6987,585.794,-1.36638,-4.75395,-166.714,-166.699,-0.897864,4.37047,85.2901
-171.467,-14.7123,586.394,-1.36193,-4.75312,-166.715,-166.699,-1.142,4.36818,85.2901
-171.467,-14.7274,587.222,-1.23915,-4.7524,-166.715,-166.694,0.261804,4.36871,85.2901
-171.467,-14.7487,587.956,-1.16785,-4.75246,-166.715,-166.696,0.56698,4.36985,85.2846
-171.467,-14.7674,588.683,-1.10219,-4.75245,-166.714,-166.696,0.872155,4.37159,85.2846
-171.467,-14.786,589.414,-1.03615,-4.75255,-166.714,-166.696,0.139733,4.37186,85.2901
-171.467,-14.8046,590.142,-0.972836,-4.7528,-166.714,-166.696,0.0176631,4.3719,85.2901
-171.467,-14.8231,590.77,-0.963526,-4.75317,-166.714,-166.698,-0.226478,4.37144,85.2846
-171.467,-14.8389,591.39,-0.958932,-4.75333,-166.714,-166.698,-0.714759,4.37001,85.2846
-171.467,-14.8544,592.002,-0.958394,-4.75348,-166.713,-166.698,-0.531653,4.36895,85.2846
-171.467,-14.8697,592.514,-1.01005,-4.75362,-166.714,-166.7,0.56698,4.37008,85.2846
-171.467,-14.8822,592.946,-1.10225,-4.75343,-166.714,-166.703,1.1163,4.37233,85.2901
-171.467,-14.8925,593.334,-1.21519,-4.75286,-166.715,-166.704,0.383874,4.37309,85.2901
-171.467,-14.9016,593.696,-1.3391,-4.75195,-166.716,-166.706,-0.104407,4.37288,85.2956
-171.467,-14.91,594.248,-1.36066,-4.75074,-166.717,-166.702,-0.775794,4.37133,85.2956
-171.467,-14.9237,594.857,-1.35161,-4.74992,-166.718,-166.702,-0.226478,4.37088,85.2846
-171.467,-14.939,595.501,-1.3248,-4.74925,-166.718,-166.701,0.505944,4.3719,85.2846
-171.467,-14.9552,596.266,-1.23519,-4.7487,-166.718,-166.699,0.81112,4.37352,85.2791
-171.467,-14.9748,596.927,-1.20214,-4.74862,-166.719,-166.702,0.750085,4.37503,85.2846
-171.467,-14.9915,597.513,-1.20913,-4.74837,-166.719,-166.704,-0.287513,4.37445,85.2846
-171.467,-15.0061,598.145,-1.19153,-4.74794,-166.719,-166.703,-0.348548,4.37375,85.2846
-171.467,-15.022,598.801,-1.16198,-4.74764,-166.72,-166.703,-0.653724,4.37245,85.2846
-171.467,-15.0385,599.476,-1.12331,-4.74746,-166.72,-166.702,-0.287513,4.37186,85.2956
-171.467,-15.0556,600.194,-1.06313,-4.74741,-166.719,-166.701,0.383874,4.37263,85.2846
-171.467,-15.0739,600.912,-1.00412,-4.74757,-166.719,-166.701,0.261804,4.37316,85.2846
-171.467,-15.0921,601.626,-0.948796,-4.74786,-166.719,-166.701,0.56698,4.37429,85.2956
-171.467,-15.1103,602.362,-0.883602,-4.74825,-166.718,-166.7,0.139733,4.37457,85.2846
-171.467,-15.129,603.078,-0.829829,-4.74883,-166.718,-166.7,-0.287513,4.374,85.2846
-171.467,-15.1472,603.866,-0.740648,-4.74947,-166.717,-166.698,-0.409583,4.37318,85.2846
-171.467,-15.1674,604.518,-0.723805,-4.75045,-166.716,-166.7,-0.287513,4.37261,85.2846
-171.467,-15.1838,605.147,-0.720051,-4.75116,-166.715,-166.7,0.200769,4.37301,85.2956
-171.467,-15.1995,605.783,-0.712497,-4.75183,-166.714,-166.699,0.56698,4.37414,85.2846
-171.467,-15.2155,606.3,-0.767452,-4.75253,-166.714,-166.701,0.444909,4.37502,85.2791
-171.467,-15.2281,606.797,-0.831769,-4.75284,-166.714,-166.702,0.261804,4.37554,85.2956
-171.467,-15.2402,607.327,-0.877159,-4.75298,-166.714,-166.701,-0.653724,4.37423,85.2956
-171.467,-15.2532,607.78,-0.961579,-4.7531,-166.714,-166.702,-1.01993,4.37219,85.2901
-171.467,-15.2641,608.268,-1.02572,-4.75287,-166.714,-166.702,-0.165442,4.37186,85.2846
-171.467,-15.276,608.683,-1.12646,-4.75258,-166.715,-166.704,0.444909,4.37275,85.2901
-171.467,-15.2858,609.245,-1.1476,-4.75193,-166.715,-166.701,0.322839,4.3734,85.2901
-171.467,-15.2998,609.935,-1.10172,-4.75156,-166.715,-166.698,0.750085,4.3749,85.2901
-171.467,-15.3173,610.638,-1.05048,-4.75159,-166.715,-166.698,0.200769,4.37531,85.2901
-171.467,-15.3351,611.438,-0.949159,-4.75174,-166.715,-166.695,-0.531653,4.37424,85.2846
-171.467,-15.3556,612.297,-0.819734,-4.75232,-166.714,-166.693,-0.531653,4.37318,85.2901
-171.467,-15.3778,613.209,-0.665995,-4.75331,-166.712,-166.691,0.68905,4.37456,85.2846
-171.467,-15.4014,614.042,-0.557006,-4.75473,-166.711,-166.691,0.994226,4.37655,85.2846
-171.467,-15.4228,614.689,-0.547796,-4.75619,-166.71,-166.694,0.56698,4.37769,85.2901
-171.467,-15.4391,615.206,-0.607324,-4.75725,-166.709,-166.697,0.505944,4.3787,85.2846
-171.467,-15.4517,615.784,-0.633497,-4.7579,-166.708,-166.694,0.200769,4.3791,85.2956
-171.467,-15.466,616.443,-0.616165,-4.75862,-166.707,-166.692,-0.409583,4.37828,85.2901
-171.467,-15.4826,616.97,-0.668885,-4.75956,-166.707,-166.694,-0.470618,4.37734,85.2901
-171.467,-15.4955,617.463,-0.738051,-4.7601,-166.707,-166.694,-0.226478,4.37689,85.2901
-171.467,-15.5075,617.947,-0.810068,-4.76041,-166.706,-166.694,0.261804,4.37741,85.2846
-171.467,-15.5192,618.413,-0.889904,-4.76056,-166.706,-166.695,0.261804,4.37793,85.2846
-171.467,-15.5304,618.778,-1.02084,-4.76051,-166.707,-166.697,0.0786982,4.3781,85.2846
-171.467,-15.5389,619.252,-1.09109,-4.75995,-166.707,-166.695,-0.775794,4.37654,85.2846
-171.467,-15.5504,619.842,-1.09959,-4.75949,-166.708,-166.693,-0.409583,4.37571,85.2846
-171.467,-15.565,620.33,-1.16088,-4.75929,-166.708,-166.695,-0.287513,4.37514,85.2956
-171.467,-15.5769,621.045,-1.10202,-4.75873,-166.708,-166.69,-0.470618,4.37419,85.2846
-171.467,-15.5951,621.733,-1.05859,-4.75881,-166.708,-166.691,0.383874,4.37496,85.2956
-171.467,-15.6125,622.426,-1.01398,-4.75892,-166.708,-166.69,0.750085,4.37646,85.2956
-171.467,-15.6301,623.088,-0.986434,-4.75913,-166.708,-166.691,0.505944,4.37748,85.2846
-171.467,-15.6468,623.72,-0.974712,-4.75932,-166.708,-166.692,-0.226478,4.37702,85.2846
-171.467,-15.6627,624.329,-0.976187,-4.75947,-166.707,-166.692,-0.836829,4.37534,85.2846
-171.467,-15.6779,624.915,-0.989131,-4.75956,-166.707,-166.693,-0.592689,4.37416,85.2846
-171.467,-15.6925,625.392,-1.059,-4.75958,-166.708,-166.695,-0.592689,4.37297,85.2846
-171.467,-15.704,625.781,-1.17259,-4.75919,-166.709,-166.698,0.0176631,4.37301,85.2846
-171.467,-15.7131,626.108,-1.31622,-4.75839,-166.71,-166.7,0.322839,4.37366,85.2791
-171.467,-15.7205,626.473,-1.43669,-4.75714,-166.711,-166.701,-0.165442,4.37332,85.2956
-171.467,-15.729,627.021,-1.4585,-4.75574,-166.712,-166.697,-0.409583,4.3725,85.2901
-171.467,-15.7426,627.621,-1.45223,-4.7547,-166.713,-166.697,-0.409583,4.37168,85.2901
-171.467,-15.7576,628.267,-1.42191,-4.7538,-166.714,-166.697,-0.226478,4.37123,85.2956
-171.467,-15.7739,628.968,-1.36395,-4.75306,-166.714,-166.696,0.383874,4.372,85.2846
-171.467,-15.7917,629.68,-1.30116,-4.75257,-166.715,-166.696,0.68905,4.37338,85.2901
-171.467,-15.8098,630.507,-1.18011,-4.75223,-166.715,-166.694,0.200769,4.37378,85.2846
-171.467,-15.8311,631.129,-1.16913,-4.7524,-166.715,-166.699,0.56698,4.37491,85.2846
-171.467,-15.8467,631.777,-1.14465,-4.75213,-166.715,-166.698,0.139733,4.3752,85.2846
-171.467,-15.8631,632.522,-1.0697,-4.75197,-166.715,-166.696,-0.592689,4.37401,85.2846
-171.467,-15.8821,633.253,-1.00469,-4.75219,-166.714,-166.696,-0.592689,4.37282,85.2901
-171.467,-15.9007,633.978,-0.943511,-4.7525,-166.714,-166.696,0.0786982,4.37298,85.2901
-171.467,-15.9192,634.696,-0.888321,-4.75292,-166.714,-166.696,0.444909,4.37387,85.2901
-171.467,-15.9374,635.399,-0.841504,-4.75344,-166.713,-166.696,0.322839,4.37452,85.2901
-171.467,-15.9553,636.088,-0.803986,-4.75403,-166.712,-166.695,0.261804,4.37504,85.2901
-171.467,-15.9727,636.85,-0.728982,-4.75466,-166.711,-166.693,0.261804,4.37557,85.2901
-171.467,-15.9921,637.573,-0.675772,-4.75561,-166.71,-166.693,-0.409583,4.37475,85.2901
-171.467,-16.0105,638.258,-0.644099,-4.75658,-166.709,-166.693,-0.165442,4.37442,85.2901
-171.467,-16.0278,638.905,-0.633174,-4.75753,-166.709,-166.693,0.322839,4.37507,85.2901
-171.467,-16.0441,639.424,-0.68933,-4.75842,-166.708,-166.695,0.261804,4.3756,85.2901
-171.467,-16.0568,640.023,-0.702371,-4.75889,-166.707,-166.693,0.56698,4.37673,85.2846
-171.467,-16.0717,640.489,-0.785001,-4.75952,-166.707,-166.696,0.139733,4.37701,85.2901
-171.467,-16.0829,641.047,-0.817132,-4.75969,-166.707,-166.693,-1.08097,4.37484,85.2901
-171.467,-16.0967,641.486,-0.911064,-4.75999,-166.707,-166.696,-0.531653,4.37378,85.2901
-171.467,-16.1071,641.846,-1.04396,-4.75982,-166.708,-166.698,-0.287513,4.3732,85.2846
-171.467,-16.1154,642.32,-1.1136,-4.75921,-166.708,-166.696,0.56698,4.37434,85.2901
-171.467,-16.1269,642.821,-1.16779,-4.75872,-166.709,-166.696,0.68905,4.37572,85.2901
-171.467,-16.1392,643.258,-1.25431,-4.75817,-166.71,-166.698,0.444909,4.37662,85.2901
-171.467,-16.1496,643.726,-1.32184,-4.7573,-166.711,-166.698,-0.287513,4.37603,85.2846
-171.467,-16.1609,644.229,-1.37002,-4.75637,-166.712,-166.698,-0.104407,4.37583,85.2846
-171.467,-16.1732,644.767,-1.39847,-4.75541,-166.713,-166.698,0.200769,4.37623,85.2791
-171.467,-16.1865,645.324,-1.41607,-4.75448,-166.713,-166.698,-0.165442,4.3759,85.2901
-171.467,-16.2004,645.839,-1.45505,-4.75355,-166.715,-166.7,-0.0433721,4.37582,85.2901
-171.467,-16.213,646.418,-1.45992,-4.75245,-166.716,-166.7,0.505944,4.37683,85.2846
-171.467,-16.2274,646.946,-1.49125,-4.75148,-166.717,-166.702,0.383874,4.3776,85.2846
-171.467,-16.2405,647.62,-1.44517,-4.75033,-166.717,-166.7,-0.287513,4.37702,85.2846
-171.467,-16.2575,648.325,-1.38415,-4.7496,-166.718,-166.699,-0.592689,4.37583,85.2956
-171.467,-16.2755,649.083,-1.29706,-4.74909,-166.718,-166.699,-0.0433721,4.37575,85.2956
-171.467,-16.2949,649.756,-1.25582,-4.74887,-166.718,-166.701,0.444909,4.37664,85.2846
-171.467,-16.3119,650.45,-1.20516,-4.74854,-166.719,-166.701,0.139733,4.37692,85.2901
-171.467,-16.3295,651.264,-1.09287,-4.74836,-166.718,-166.698,0.200769,4.37733,85.2846
-171.467,-16.3505,652.063,-0.991161,-4.74869,-166.718,-166.698,0.81112,4.37895,85.2846
-171.467,-16.371,652.841,-0.902857,-4.74918,-166.717,-166.698,0.261804,4.37948,85.2846
-171.467,-16.3909,653.592,-0.830464,-4.74981,-166.716,-166.698,-0.897864,4.37768,85.2846
-171.467,-16.4101,654.405,-0.727605,-4.75053,-166.715,-166.696,-0.592689,4.3765,85.2846
-171.467,-16.431,655.169,-0.6531,-4.7516,-166.714,-166.696,0.444909,4.37739,85.2846
-171.467,-16.4505,655.974,-0.559143,-4.75271,-166.713,-166.694,0.628015,4.37865,85.2901
-171.467,-16.4711,656.726,-0.495025,-4.7541,-166.711,-166.694,0.872155,4.3804,85.2901
-171.467,-16.4903,657.425,-0.4606,-4.75551,-166.71,-166.694,0.444909,4.38128,85.2846
-171.467,-16.5079,658.056,-0.462161,-4.75686,-166.709,-166.694,-0.165442,4.38095,85.2846
-171.467,-16.5237,658.628,-0.494911,-4.75806,-166.708,-166.694,0.200769,4.38135,85.2846
-171.467,-16.5379,659.149,-0.553308,-4.75906,-166.707,-166.695,-0.409583,4.38054,85.2901
-171.467,-16.5506,659.644,-0.624113,-4.75982,-166.707,-166.695,-0.287513,4.37996,85.2901
-171.467,-16.5626,660.014,-0.758897,-4.76038,-166.707,-166.697,0.56698,4.3811,85.2846
-171.467,-16.5711,660.38,-0.892126,-4.76037,-166.707,-166.697,0.750085,4.38261,85.2846
-171.467,-16.5796,660.662,-1.06617,-4.76008,-166.708,-166.7,-0.0433721,4.38252,85.2846
-171.467,-16.5857,660.979,-1.21747,-4.75925,-166.709,-166.7,-0.287513,4.38194,85.2901
-171.467,-16.5928,661.449,-1.28539,-4.75818,-166.71,-166.697,-0.714759,4.38051,85.2901
-171.467,-16.6042,661.947,-1.33647,-4.75732,-166.711,-166.697,-0.714759,4.37908,85.2846
-171.467,-16.6164,662.569,-1.32203,-4.75642,-166.711,-166.695,0.200769,4.37948,85.2901
-171.467,-16.632,663.218,-1.29359,-4.75583,-166.712,-166.695,0.750085,4.38098,85.2846
-171.467,-16.6484,663.875,-1.26187,-4.75537,-166.712,-166.695,0.872155,4.38273,85.2901
-171.467,-16.665,664.459,-1.26875,-4.75499,-166.713,-166.697,-0.104407,4.38251,85.2901
-171.467,-16.6795,665.076,-1.25804,-4.75443,-166.713,-166.697,-0.897864,4.3807,85.2901
-171.467,-16.695,665.722,-1.23268,-4.75396,-166.713,-166.697,-0.653724,4.37939,85.2846
-171.467,-16.7113,666.376,-1.2037,-4.75362,-166.714,-166.697,-0.104407,4.37919,85.2846
-171.467,-16.7278,667.128,-1.12434,-4.75335,-166.714,-166.695,-0.104407,4.37898,85.2901
-171.467,-16.747,667.97,-0.999493,-4.75347,-166.713,-166.692,-0.287513,4.3784,85.2901
-171.467,-16.7687,668.894,-0.83476,-4.75404,-166.712,-166.689,-0.287513,4.37782,85.2956
-171.467,-16.7927,669.78,-0.694261,-4.75515,-166.711,-166.689,0.139733,4.3781,85.2846
-171.467,-16.8156,670.589,-0.59762,-4.75646,-166.709,-166.69,-0.226478,4.37764,85.2846
-171.467,-16.8363,671.136,-0.639724,-4.75779,-166.709,-166.695,-0.653724,4.37633,85.2901
-171.467,-16.8498,671.756,-0.642989,-4.75843,-166.708,-166.693,-0.226478,4.37588,85.2901
-171.467,-16.8653,672.344,-0.663349,-4.75923,-166.707,-166.693,0.261804,4.37641,85.2791
-171.467,-16.8799,672.781,-0.761812,-4.75992,-166.707,-166.696,0.505944,4.37742,85.2901
-171.467,-16.8903,673.312,-0.808832,-4.76005,-166.707,-166.693,0.56698,4.37855,85.2901
-171.467,-16.9033,673.741,-0.908034,-4.76031,-166.707,-166.696,0.0176631,4.37859,85.2956
-171.467,-16.9135,674.292,-0.941172,-4.76014,-166.707,-166.693,-0.226478,4.37813,85.2956
-171.467,-16.9271,674.841,-0.974354,-4.76016,-166.707,-166.693,-0.348548,4.37744,85.2901
-171.467,-16.9407,675.391,-1.00646,-4.76012,-166.707,-166.693,0.383874,4.37822,85.2901
-171.467,-16.9543,675.943,-1.03611,-4.76003,-166.707,-166.693,0.750085,4.37972,85.2956
-171.467,-16.9679,676.609,-1.00612,-4.75988,-166.707,-166.69,0.383874,4.38049,85.2846
-171.467,-16.9847,677.245,-0.992291,-4.76004,-166.707,-166.691,-0.348548,4.37978,85.2846
-171.467,-17.0007,677.885,-0.977129,-4.76016,-166.707,-166.691,-0.165442,4.37944,85.2901
-171.467,-17.0168,678.511,-0.969353,-4.76033,-166.707,-166.691,-0.165442,4.37911,85.2956
-171.467,-17.0325,679.231,-0.9124,-4.76048,-166.706,-166.688,-0.104407,4.37891,85.2846
-171.467,-17.0508,679.904,-0.881533,-4.76096,-166.706,-166.689,-0.0433721,4.37883,85.2846
-171.467,-17.0678,680.534,-0.874448,-4.76139,-166.705,-166.69,0.139733,4.37911,85.2846
-171.467,-17.0836,681.246,-0.82408,-4.76175,-166.705,-166.687,0.0786982,4.37926,85.2846
-171.467,-17.1016,681.901,-0.804969,-4.76239,-166.704,-166.688,0.200769,4.37966,85.2846
-171.467,-17.1181,682.413,-0.860978,-4.76294,-166.704,-166.691,0.0786982,4.37981,85.2846
-171.467,-17.1306,682.9,-0.929114,-4.76305,-166.704,-166.692,-0.409583,4.37899,85.2901
-171.467,-17.1424,683.385,-0.995894,-4.76296,-166.704,-166.692,-0.409583,4.37818,85.2901
-171.467,-17.1542,683.876,-1.05852,-4.76273,-166.705,-166.692,-0.104407,4.37798,85.2901
-171.467,-17.1662,684.376,-1.11458,-4.76239,-166.705,-166.692,0.261804,4.3785,85.2846
-171.467,-17.1784,684.876,-1.16982,-4.76195,-166.706,-166.692,0.56698,4.37963,85.2956
-171.467,-17.1906,685.501,-1.15777,-4.76141,-166.706,-166.69,0.200769,4.38003,85.2956
-171.467,-17.2063,686.049,-1.18667,-4.76117,-166.706,-166.692,0.0786982,4.38019,85.2956
-171.467,-17.2198,686.596,-1.21484,-4.7607,-166.707,-166.692,-0.592689,4.37901,85.2901
-171.467,-17.2333,687.07,-1.28073,-4.76016,-166.708,-166.695,-0.165442,4.37868,85.2956
-171.467,-17.2448,687.689,-1.26953,-4.75933,-166.708,-166.692,-0.287513,4.37811,85.2901
-171.467,-17.2603,688.323,-1.25041,-4.75885,-166.709,-166.692,0.0786982,4.37826,85.2901
-171.467,-17.2763,688.97,-1.225,-4.75844,-166.709,-166.692,0.81112,4.37988,85.2901
-171.467,-17.2926,689.612,-1.2027,-4.75811,-166.709,-166.693,0.200769,4.38028,85.2846
-171.467,-17.3087,690.249,-1.18371,-4.75783,-166.709,-166.693,-0.287513,4.3797,85.2846
-171.467,-17.3247,690.881,-1.16769,-4.75755,-166.71,-166.693,-0.165442,4.37937,85.2956
-171.467,-17.3406,691.445,-1.18709,-4.75731,-166.71,-166.695,-0.470618,4.37843,85.2846
-171.467,-17.3546,692.018,-1.2018,-4.75687,-166.711,-166.696,-0.470618,4.37749,85.2846
-171.467,-17.3689,692.508,-1.2596,-4.75642,-166.711,-166.698,0.322839,4.37815,85.2956
-171.467,-17.3808,693.149,-1.23685,-4.75566,-166.712,-166.695,0.628015,4.3794,85.2846
-171.467,-17.3969,693.794,-1.21237,-4.75529,-166.712,-166.695,0.750085,4.3809,85.2846
-171.467,-17.4132,694.349,-1.23558,-4.75499,-166.713,-166.698,0.261804,4.38143,85.2846
-171.467,-17.4269,694.925,-1.24755,-4.75443,-166.713,-166.698,-0.348548,4.38073,85.2846
-171.467,-17.4413,695.519,-1.24935,-4.75389,-166.714,-166.698,-0.348548,4.38004,85.2846
-171.467,-17.4561,696.132,-1.24155,-4.75339,-166.714,-166.698,-0.104407,4.37983,85.2901
-171.467,-17.4714,696.775,-1.21764,-4.75295,-166.714,-166.698,0.200769,4.38023,85.2901
-171.467,-17.4877,697.444,-1.1811,-4.75262,-166.715,-166.697,0.505944,4.38124,85.2901
-171.467,-17.5046,698.132,-1.1356,-4.75243,-166.715,-166.697,0.200769,4.38164,85.2901
-171.467,-17.522,698.818,-1.09202,-4.75238,-166.715,-166.697,-0.104407,4.38143,85.2846
-171.467,-17.5394,699.406,-1.10056,-4.7524,-166.715,-166.7,-0.287513,4.38086,85.2956
-171.467,-17.554,700.036,-1.08755,-4.7522,-166.715,-166.699,-0.226478,4.38042,85.2901
-171.467,-17.5698,700.775,-1.01706,-4.75212,-166.715,-166.696,0.68905,4.3818,85.2846
-171.467,-17.5887,701.588,-0.910138,-4.75243,-166.714,-166.694,0.56698,4.38293,85.2846
-171.467,-17.6096,702.36,-0.827142,-4.75313,-166.713,-166.694,0.261804,4.38345,85.2956
-171.467,-17.6293,703.12,-0.752655,-4.75391,-166.712,-166.694,0.0176631,4.38348,85.2901
-171.467,-17.6487,703.938,-0.649724,-4.75481,-166.711,-166.691,-0.348548,4.38279,85.2791
-171.467,-17.6697,704.671,-0.59339,-4.75605,-166.71,-166.692,-0.226478,4.38233,85.2846
-171.467,-17.6884,705.249,-0.619559,-4.75721,-166.709,-166.695,-0.104407,4.38213,85.2846
-171.467,-17.7027,705.695,-0.714159,-4.75796,-166.709,-166.698,0.505944,4.38315,85.2846
-171.467,-17.7134,706.128,-0.81324,-4.75822,-166.709,-166.698,0.322839,4.38379,85.2901
-171.467,-17.7237,706.573,-0.903778,-4.75825,-166.709,-166.697,-0.165442,4.38346,85.2846
-171.467,-17.7343,707.021,-0.991016,-4.75811,-166.709,-166.698,-0.165442,4.38312,85.2956
-171.467,-17.7451,707.506,-1.05593,-4.75781,-166.71,-166.697,0.322839,4.38377,85.2956
-171.467,-17.7569,708.001,-1.1145,-4.75746,-166.71,-166.697,0.200769,4.38418,85.2846
-171.467,-17.7689,708.417,-1.21315,-4.75701,-166.711,-166.699,-0.470618,4.38323,85.2846
-171.467,-17.7788,708.868,-1.29085,-4.75618,-166.712,-166.699,-0.287513,4.38265,85.2901
-171.467,-17.7896,709.372,-1.33885,-4.75526,-166.713,-166.699,0.505944,4.38367,85.2956
-171.467,-17.802,710.034,-1.30317,-4.75437,-166.713,-166.696,0.68905,4.38504,85.2956
-171.467,-17.8187,710.629,-1.30337,-4.75392,-166.714,-166.698,-0.0433721,4.38495,85.2956
-171.467,-17.8336,711.276,-1.27631,-4.75331,-166.714,-166.697,-0.592689,4.38376,85.2846
-171.467,-17.8499,711.936,-1.24286,-4.75287,-166.714,-166.697,-0.653724,4.38245,85.2846
-171.467,-17.8665,712.607,-1.20485,-4.75253,-166.715,-166.697,-0.287513,4.38188,85.2956
-171.467,-17.8835,713.313,-1.14895,-4.7523,-166.715,-166.697,0.0176631,4.38191,85.2956
-171.467,-17.9015,713.924,-1.1446,-4.75225,-166.715,-166.699,0.261804,4.38243,85.2791
-171.467,-17.9167,714.437,-1.19083,-4.75201,-166.716,-166.702,0.261804,4.38295,85.2846
-171.467,-17.9293,714.982,-1.21963,-4.75145,-166.716,-166.702,0.0176631,4.38298,85.2846
-171.467,-17.9428,715.465,-1.28025,-4.7509,-166.717,-166.704,-0.226478,4.38253,85.2956
-171.467,-17.9545,716.116,-1.25128,-4.75008,-166.717,-166.7,-0.653724,4.38122,85.2956
-171.467,-17.971,716.802,-1.20502,-4.74971,-166.717,-166.7,-0.287513,4.38065,85.2956
-171.467,-17.9883,717.529,-1.13797,-4.74951,-166.717,-166.699,0.322839,4.38129,85.2846
-171.467,-18.0069,718.349,-1.02457,-4.74954,-166.717,-166.697,0.383874,4.38206,85.2956
-171.467,-18.028,719.266,-0.862597,-4.75001,-166.716,-166.694,-0.104407,4.38184,85.2846
-171.467,-18.0518,719.944,-0.829688,-4.75105,-166.715,-166.699,-0.104407,4.38163,85.2846
-171.467,-18.0689,720.601,-0.808835,-4.7516,-166.715,-166.699,0.628015,4.38289,85.2901
-171.467,-18.0854,721.251,-0.791605,-4.75215,-166.714,-166.698,0.68905,4.38427,85.2901
-171.467,-18.1018,721.986,-0.731067,-4.75272,-166.713,-166.696,-0.0433721,4.38418,85.2846
-171.467,-18.1205,722.584,-0.743017,-4.75361,-166.713,-166.698,-0.226478,4.38373,85.2901
-171.467,-18.1354,723.176,-0.758642,-4.75415,-166.712,-166.698,0.139733,4.384,85.2901
-171.467,-18.1501,723.744,-0.785718,-4.75466,-166.712,-166.698,0.750085,4.3855,85.2846
-171.467,-18.1642,724.295,-0.821146,-4.75505,-166.712,-166.698,0.93319,4.38737,85.2846
-171.467,-18.1778,724.833,-0.862765,-4.75534,-166.711,-166.698,0.505944,4.38839,85.2846
-171.467,-18.191,725.363,-0.907588,-4.75551,-166.711,-166.698,-0.653724,4.38707,85.2846
-171.467,-18.204,725.889,-0.953305,-4.75556,-166.711,-166.698,-0.592689,4.38589,85.2846
-171.467,-18.2169,726.416,-0.99793,-4.75551,-166.712,-166.698,-0.226478,4.38544,85.2901
-171.467,-18.2299,726.961,-1.03137,-4.75537,-166.712,-166.698,0.68905,4.38681,85.2901
-171.467,-18.2433,727.526,-1.0539,-4.75521,-166.712,-166.697,-0.226478,4.38635,85.2901
-171.467,-18.2573,728.109,-1.06635,-4.75504,-166.712,-166.697,-0.226478,4.38589,85.2846
-171.467,-18.2718,728.786,-1.02938,-4.75489,-166.712,-166.695,-0.470618,4.38495,85.2846
-171.467,-18.2889,729.447,-1.00145,-4.75503,-166.712,-166.695,-0.592689,4.38377,85.2846
-171.467,-18.3056,730.093,-0.982611,-4.75519,-166.712,-166.695,0.0786982,4.38393,85.2901
-171.467,-18.3219,730.645,-1.01277,-4.75536,-166.712,-166.698,-0.348548,4.38323,85.2846
-171.467,-18.3355,731.291,-0.99311,-4.75525,-166.712,-166.695,0.0176631,4.38326,85.2736
-171.467,-18.3518,731.892,-0.997772,-4.7554,-166.712,-166.696,0.139733,4.38354,85.2736
-171.467,-18.3668,732.501,-0.998122,-4.75542,-166.712,-166.696,-0.348548,4.38284,85.2901
-171.467,-18.382,733.207,-0.947414,-4.75548,-166.711,-166.694,-0.348548,4.38214,85.2956
-171.467,-18.3999,733.916,-0.897111,-4.75586,-166.711,-166.693,-0.287513,4.38157,85.2846
-171.467,-18.4179,734.59,-0.865718,-4.75634,-166.71,-166.694,0.261804,4.3821,85.2956
-171.467,-18.4349,735.17,-0.884481,-4.7568,-166.71,-166.695,-0.0433721,4.38201,85.2956
-171.467,-18.4493,735.747,-0.903934,-4.75702,-166.71,-166.695,0.0786982,4.38217,85.2791
-171.467,-18.4637,736.201,-0.987734,-4.7572,-166.71,-166.698,0.0786982,4.38233,85.2901
-171.467,-18.4746,736.772,-1.00806,-4.75691,-166.71,-166.696,-0.226478,4.38188,85.2956
-171.467,-18.4888,737.46,-0.967313,-4.75686,-166.71,-166.693,0.0786982,4.38204,85.2901
-171.467,-18.5061,738.134,-0.934014,-4.75714,-166.71,-166.693,-0.592689,4.38085,85.2901
-171.467,-18.5232,738.78,-0.916681,-4.75747,-166.709,-166.693,-0.287513,4.38028,85.2846
-171.467,-18.5394,739.399,-0.913818,-4.75777,-166.709,-166.693,-0.104407,4.38007,85.2846
-171.467,-18.5549,739.902,-0.971908,-4.75802,-166.709,-166.696,0.505944,4.38108,85.2956
-171.467,-18.5672,740.433,-1.01345,-4.75788,-166.709,-166.696,-0.0433721,4.38099,85.2901
-171.467,-18.5803,740.978,-1.04724,-4.75772,-166.709,-166.695,-0.287513,4.38042,85.2901
-171.467,-18.5937,741.521,-1.08078,-4.75751,-166.71,-166.696,-0.226478,4.37997,85.2956
-171.467,-18.6071,742.097,-1.09637,-4.75724,-166.71,-166.695,0.0176631,4.38001,85.2846
-171.467,-18.6214,742.673,-1.11158,-4.75701,-166.71,-166.695,0.0176631,4.38004,85.2901
-171.467,-18.6357,743.265,-1.11798,-4.75675,-166.71,-166.695,0.139733,4.38032,85.2846
-171.467,-18.6505,743.857,-1.12451,-4.75652,-166.711,-166.695,0.444909,4.38121,85.2846
-171.467,-18.6652,744.357,-1.17881,-4.75627,-166.711,-166.698,0.139733,4.38148,85.2901
-171.467,-18.6774,744.892,-1.21299,-4.7557,-166.712,-166.698,-0.226478,4.38103,85.2901
-171.467,-18.6907,745.463,-1.22835,-4.75514,-166.712,-166.697,-0.226478,4.38057,85.2846
-171.467,-18.7048,746.141,-1.18665,-4.75463,-166.713,-166.695,-0.409583,4.37976,85.2901
-171.467,-18.722,746.833,-1.13919,-4.75445,-166.713,-166.695,-0.287513,4.37919,85.2901
-171.467,-18.7395,747.438,-1.13775,-4.7544,-166.713,-166.697,0.0786982,4.37934,85.2901
-171.467,-18.7547,747.972,-1.17364,-4.75415,-166.713,-166.699,0.322839,4.37999,85.2901
-171.467,-18.7678,748.542,-1.19011,-4.75367,-166.714,-166.699,0.261804,4.38051,85.2846
-171.467,-18.782,749.037,-1.24516,-4.75324,-166.714,-166.701,-0.348548,4.37982,85.2846
-171.467,-18.7941,749.567,-1.28031,-4.75251,-166.715,-166.701,-0.165442,4.37949,85.2846
-171.467,-18.8071,750.147,-1.28876,-4.7518,-166.716,-166.7,-0.348548,4.37879,85.2956
-171.467,-18.8216,750.878,-1.21786,-4.75119,-166.716,-166.697,-0.0433721,4.37871,85.2901
-171.467,-18.8402,751.626,-1.13996,-4.75107,-166.716,-166.697,0.0786982,4.37887,85.2846
-171.467,-18.8593,752.366,-1.06814,-4.75115,-166.716,-166.697,0.505944,4.37988,85.2901
-171.467,-18.8782,753.2,-0.948695,-4.75135,-166.715,-166.694,0.322839,4.38053,85.2901
-171.467,-18.8997,754.012,-0.84423,-4.75202,-166.714,-166.694,-0.348548,4.37983,85.2901
-171.467,-18.9205,754.886,-0.709506,-4.75286,-166.713,-166.692,-0.470618,4.37889,85.2846
-171.467,-18.9431,755.692,-0.613446,-4.7541,-166.712,-166.692,-0.409583,4.37806,85.2846
-171.467,-18.9638,756.431,-0.555132,-4.75538,-166.71,-166.693,0.444909,4.37896,85.2901
-171.467,-18.9826,757.12,-0.524398,-4.75664,-166.709,-166.693,0.322839,4.3796,85.2901
-171.467,-19,757.745,-0.527591,-4.75784,-166.708,-166.693,0.261804,4.38012,85.2901
-171.467,-19.0156,758.421,-0.504122,-4.75889,-166.707,-166.691,-0.104407,4.37991,85.2846
-171.467,-19.0327,758.936,-0.566019,-4.76011,-166.706,-166.694,0.261804,4.38043,85.2956
-171.467,-19.0452,759.531,-0.584137,-4.76083,-166.705,-166.691,0.0786982,4.38059,85.2956
-171.467,-19.06,760.086,-0.622909,-4.76171,-166.705,-166.691,-0.531653,4.37952,85.2901
-171.467,-19.0737,760.594,-0.685775,-4.7624,-166.704,-166.692,-0.287513,4.37895,85.2846
-171.467,-19.0861,761.063,-0.7668,-4.76287,-166.704,-166.692,0.68905,4.38033,85.2846
-171.467,-19.0974,761.507,-0.85964,-4.76307,-166.704,-166.693,0.139733,4.3806,85.2901
-171.467,-19.108,761.858,-0.998505,-4.76303,-166.704,-166.695,-0.226478,4.38013,85.2846
-171.467,-19.116,762.22,-1.1281,-4.76249,-166.705,-166.695,0.200769,4.38054,85.2846
-171.467,-19.1244,762.604,-1.24331,-4.76171,-166.706,-166.696,-0.226478,4.38009,85.2846
-171.467,-19.1334,762.925,-1.38878,-4.76074,-166.708,-166.698,-0.104407,4.37988,85.2846
-171.467,-19.1406,763.299,-1.50232,-4.75933,-166.709,-166.698,0.261804,4.38041,85.2846
-171.467,-19.1494,763.733,-1.58246,-4.75781,-166.711,-166.698,0.0176631,4.38044,85.2901
-171.467,-19.1597,764.241,-1.62158,-4.75627,-166.712,-166.698,0.261804,4.38096,85.2901
-171.467,-19.1722,764.803,-1.63103,-4.75481,-166.714,-166.698,-0.226478,4.38051,85.2901
-171.467,-19.1862,765.432,-1.60538,-4.75346,-166.715,-166.698,-0.0433721,4.38043,85.2846
-171.467,-19.2021,766.104,-1.55838,-4.75231,-166.716,-166.698,-0.104407,4.38022,85.2846
-171.467,-19.2191,766.81,-1.49421,-4.75135,-166.716,-166.698,-0.104407,4.38002,85.2901
-171.467,-19.237,767.557,-1.40964,-4.7506,-166.717,-166.697,0.0176631,4.38006,85.2901
-171.467,-19.2562,768.335,-1.31136,-4.75012,-166.717,-166.697,0.56698,4.38119,85.2956
-171.467,-19.2761,769.147,-1.19775,-4.74992,-166.717,-166.696,-0.226478,4.38073,85.2846
-171.467,-19.297,769.949,-1.09221,-4.75003,-166.717,-166.697,-0.348548,4.38003,85.2846
-171.467,-19.3176,770.733,-0.998204,-4.75033,-166.716,-166.697,-0.104407,4.37982,85.2901
-171.467,-19.3377,771.509,-0.910685,-4.75078,-166.716,-166.696,-0.348548,4.37913,85.2901
-171.467,-19.3576,772.271,-0.833169,-4.75139,-166.715,-166.696,-0.226478,4.37868,85.2956
-171.467,-19.377,773.118,-0.712404,-4.75213,-166.714,-166.693,0.139733,4.37896,85.2956
-171.467,-19.3989,773.935,-0.610615,-4.75331,-166.712,-166.693,0.383874,4.37972,85.2956
-171.467,-19.4199,774.623,-0.579243,-4.75463,-166.711,-166.695,-0.165442,4.37938,85.2846
-171.467,-19.4372,775.164,-0.625007,-4.75572,-166.711,-166.698,-0.0433721,4.3793,85.2846
-171.467,-19.4505,775.583,-0.73311,-4.75638,-166.71,-166.7,-0.165442,4.37897,85.2846
-171.467,-19.4605,776.001,-0.840029,-4.75654,-166.711,-166.7,0.0176631,4.379,85.2901
-171.467,-19.4703,776.439,-0.933157,-4.75648,-166.711,-166.699,0.0786982,4.37916,85.2846
-171.467,-19.4808,776.795,-1.06724,-4.75627,-166.711,-166.702,0.0786982,4.37932,85.2846
-171.467,-19.489,777.278,-1.13186,-4.7556,-166.712,-166.699,0.0176631,4.37934,85.2846
-171.467,-19.5007,777.782,-1.18367,-4.75508,-166.712,-166.699,-0.0433721,4.37925,85.2846
-171.467,-19.513,778.31,-1.22186,-4.75451,-166.713,-166.699,0.383874,4.38002,85.2901
-171.467,-19.526,778.785,-1.28657,-4.75391,-166.714,-166.701,-0.409583,4.3792,85.2901
-171.467,-19.5375,779.315,-1.32105,-4.75306,-166.715,-166.7,-0.470618,4.37826,85.2901
-171.467,-19.5506,779.988,-1.27975,-4.75227,-166.715,-166.698,0.139733,4.37855,85.2901
-171.467,-19.5676,780.673,-1.23296,-4.75189,-166.715,-166.698,0.0786982,4.37871,85.2846
-171.467,-19.585,781.274,-1.23187,-4.75163,-166.716,-166.7,0.322839,4.37935,85.2901
-171.467,-19.6,782.003,-1.16346,-4.75118,-166.716,-166.697,-0.0433721,4.37926,85.2846
-171.467,-19.6186,782.729,-1.09838,-4.75116,-166.716,-166.697,-0.226478,4.3788,85.2846
-171.467,-19.6371,783.446,-1.03907,-4.75127,-166.715,-166.697,-0.470618,4.37787,85.2846
-171.467,-19.6554,784.153,-0.987087,-4.75149,-166.715,-166.698,-0.165442,4.37754,85.2901
-171.467,-19.6733,784.859,-0.936381,-4.75179,-166.715,-166.697,-0.0433721,4.37746,85.2846
-171.467,-19.6912,785.547,-0.897019,-4.75219,-166.714,-166.697,0.0786982,4.37762,85.2956
-171.467,-19.7086,786.336,-0.805329,-4.75262,-166.714,-166.694,0.200769,4.37802,85.2901
-171.467,-19.7288,787.002,-0.780427,-4.75348,-166.713,-166.697,0.261804,4.37854,85.2901
-171.467,-19.7456,787.544,-0.820407,-4.75411,-166.713,-166.699,-0.104407,4.37833,85.2901
-171.467,-19.759,788.093,-0.856348,-4.75437,-166.712,-166.699,-0.0433721,4.37824,85.2901
-171.467,-19.7725,788.649,-0.887797,-4.75458,-166.712,-166.698,-0.0433721,4.37816,85.2901
-171.467,-19.7863,789.213,-0.914011,-4.75473,-166.712,-166.698,-0.531653,4.37709,85.2846
-171.467,-19.8002,789.77,-0.943264,-4.75485,-166.712,-166.698,0.0786982,4.37725,85.2846
-171.467,-19.814,790.339,-0.965641,-4.75489,-166.712,-166.698,0.383874,4.37802,85.2901
-171.467,-19.8281,790.827,-1.03012,-4.75492,-166.712,-166.7,0.139733,4.37829,85.2901
-171.467,-19.84,791.344,-1.07732,-4.75462,-166.713,-166.699,-0.0433721,4.3782,85.2846
-171.467,-19.8526,791.876,-1.1158,-4.75429,-166.713,-166.699,-0.531653,4.37714,85.2901
-171.467,-19.8657,792.44,-1.13706,-4.75392,-166.713,-166.699,-0.226478,4.37669,85.2901
-171.467,-19.8797,793.017,-1.15021,-4.75358,-166.714,-166.699,-0.0433721,4.37661,85.2846
-171.467,-19.8941,793.608,-1.15627,-4.75325,-166.714,-166.699,-0.104407,4.37639,85.2901
-171.467,-19.9088,794.226,-1.1476,-4.75294,-166.714,-166.698,0.0176631,4.37642,85.2901
-171.467,-19.9243,794.868,-1.12704,-4.75271,-166.714,-166.698,0.0786982,4.37658,85.2846
-171.467,-19.9404,795.513,-1.10501,-4.75257,-166.714,-166.698,-0.287513,4.37601,85.2846
-171.467,-19.9567,796.068,-1.1309,-4.75249,-166.715,-166.7,-0.226478,4.37556,85.2901
-171.467,-19.9704,796.563,-1.187,-4.75215,-166.715,-166.702,-0.470618,4.37462,85.2956
-171.467,-19.9825,797.214,-1.16036,-4.75154,-166.716,-166.699,-0.165442,4.3743,85.2846
-171.467,-19.9989,797.874,-1.12986,-4.75135,-166.716,-166.699,0.628015,4.37556,85.2846
-171.467,-20.0156,798.723,-1.00136,-4.75124,-166.715,-166.694,0.0176631,4.37558,85.2846
-171.467,-20.0375,799.658,-0.83081,-4.75183,-166.714,-166.691,-0.470618,4.37463,85.2901
-171.467,-20.0618,800.636,-0.642282,-4.75296,-166.712,-166.689,-0.409583,4.37381,85.2846
-171.467,-20.0872,801.431,-0.553773,-4.75459,-166.711,-166.692,-0.165442,4.37349,85.2846
-171.467,-20.1076,802.061,-0.553592,-4.75597,-166.71,-166.695,0.200769,4.37389,85.2901
-171.467,-20.1234,802.657,-0.571446,-4.75698,-166.709,-166.695,0.0786982,4.37404,85.2901
-171.467,-20.1382,803.115,-0.661019,-4.75787,-166.709,-166.697,-0.0433721,4.37396,85.2846
-171.467,-20.1492,803.461,-0.806819,-4.75827,-166.709,-166.7,0.200769,4.37436,85.2846
-171.467,-20.1571,803.818,-0.943779,-4.7581,-166.709,-166.7,0.139733,4.37464,85.2846
-171.467,-20.1652,804.101,-1.11557,-4.75769,-166.71,-166.702,-0.287513,4.37406,85.2846
-171.467,-20.1714,804.523,-1.21109,-4.75676,-166.711,-166.7,-0.165442,4.37373,85.2846
-171.467,-20.1814,805.101,-1.22235,-4.75594,-166.712,-166.696,0.0786982,4.37389,85.2846
-171.467,-20.1958,805.692,-1.22657,-4.75546,-166.712,-166.697,0.200769,4.3743,85.2901
-171.467,-20.2106,806.402,-1.16838,-4.755,-166.712,-166.694,0.81112,4.37593,85.2846
-171.467,-20.2286,807.102,-1.11692,-4.75493,-166.712,-166.694,0.139733,4.3762,85.2901
-171.467,-20.2464,807.897,-1.01732,-4.75495,-166.712,-166.692,0.444909,4.37709,85.2901
-171.467,-20.2668,808.656,-0.938658,-4.75538,-166.711,-166.692,-0.348548,4.3764,85.2846
-171.467,-20.2862,809.377,-0.881832,-4.7559,-166.711,-166.693,-0.0433721,4.37632,85.2956
-171.467,-20.3045,809.998,-0.878587,-4.75645,-166.71,-166.695,0.0786982,4.37648,85.2846
-171.467,-20.3201,810.411,-0.984277,-4.75678,-166.711,-166.7,-0.104407,4.37627,85.2901
-171.467,-20.3298,810.764,-1.11882,-4.75641,-166.711,-166.702,0.139733,4.37654,85.2901
-171.467,-20.3379,811.063,-1.27813,-4.75563,-166.713,-166.704,0.139733,4.37682,85.2901
-171.467,-20.3446,811.44,-1.39285,-4.7544,-166.714,-166.703,0.200769,4.37722,85.2901
-171.467,-20.3534,811.894,-1.46434,-4.75312,-166.715,-166.702,-0.287513,4.37665,85.2846
-171.467,-20.3643,812.408,-1.50288,-4.75186,-166.716,-166.702,-0.226478,4.3762,85.2846
-171.467,-20.3769,812.978,-1.51068,-4.75066,-166.717,-166.702,-0.104407,4.37599,85.2846
-171.467,-20.3912,813.708,-1.43547,-4.74956,-166.718,-166.699,-0.409583,4.37517,85.2956
-171.467,-20.4098,814.491,-1.33368,-4.74899,-166.718,-166.698,0.200769,4.37556,85.2901
-171.467,-20.4299,815.389,-1.1743,-4.74874,-166.718,-166.695,0.505944,4.37657,85.2956
-171.467,-20.4532,816.295,-1.01483,-4.7491,-166.717,-166.695,0.383874,4.37734,85.2846
-171.467,-20.4767,817.163,-0.878884,-4.7498,-166.716,-166.695,-0.287513,4.37677,85.2846
-171.467,-20.4991,817.986,-0.769537,-4.75068,-166.715,-166.695,-0.409583,4.37595,85.2846
-171.467,-20.5203,818.669,-0.736381,-4.75169,-166.715,-166.698,-0.226478,4.3755,85.2846
-171.467,-20.5375,819.32,-0.720628,-4.75245,-166.714,-166.698,0.261804,4.37603,85.2901
-171.467,-20.5539,820.05,-0.664634,-4.75316,-166.713,-166.695,-0.165442,4.37569,85.2846
-171.467,-20.5724,820.73,-0.635577,-4.75417,-166.712,-166.696,-0.287513,4.37511,85.2846
-171.467,-20.5896,821.364,-0.631132,-4.75512,-166.711,-166.696,-0.0433721,4.37502,85.2956
-171.467,-20.6055,821.895,-0.681269,-4.75598,-166.71,-166.698,-0.165442,4.37469,85.2956
-171.467,-20.6185,822.524,-0.678634,-4.7565,-166.71,-166.695,-0.0433721,4.37461,85.2846
-171.467,-20.6343,823.112,-0.697438,-4.75725,-166.709,-166.695,-0.104407,4.3744,85.2901
-171.467,-20.6489,823.681,-0.725923,-4.75787,-166.709,-166.695,0.200769,4.3748,85.2901
-171.467,-20.663,824.234,-0.762189,-4.75839,-166.708,-166.695,0.444909,4.37568,85.2846
-171.467,-20.6766,824.759,-0.81219,-4.7588,-166.708,-166.695,0.383874,4.37645,85.2901
-171.467,-20.6895,825.371,-0.815565,-4.75904,-166.708,-166.692,-0.104407,4.37624,85.2846
-171.467,-20.7048,825.949,-0.836845,-4.75948,-166.707,-166.693,-0.226478,4.37579,85.2901
-171.467,-20.7191,826.514,-0.864363,-4.7598,-166.707,-166.693,-0.409583,4.37497,85.2901
-171.467,-20.7331,827.161,-0.848044,-4.76001,-166.707,-166.691,-0.470618,4.37403,85.2901
-171.467,-20.7494,827.784,-0.845334,-4.76046,-166.706,-166.691,0.261804,4.37456,85.2901
-171.467,-20.7649,828.384,-0.854218,-4.76086,-166.706,-166.691,0.56698,4.37569,85.2846
-171.467,-20.7799,828.95,-0.880862,-4.76119,-166.706,-166.691,-0.0433721,4.37559,85.2956
-171.467,-20.7939,829.611,-0.857236,-4.76138,-166.705,-166.689,-0.348548,4.3749,85.2956
-171.467,-20.8106,830.133,-0.906305,-4.76184,-166.705,-166.692,-0.409583,4.37408,85.2901
-171.467,-20.8234,830.652,-0.956722,-4.76189,-166.705,-166.692,-0.409583,4.37326,85.2846
-171.467,-20.8361,831.061,-1.06259,-4.76182,-166.706,-166.695,-0.226478,4.37281,85.2956
-171.467,-20.8458,831.419,-1.19308,-4.76128,-166.707,-166.697,0.0786982,4.37297,85.2901
-171.467,-20.854,831.822,-1.29625,-4.76035,-166.708,-166.696,0.444909,4.37386,85.2901
-171.467,-20.8635,832.167,-1.42772,-4.75933,-166.709,-166.699,0.0786982,4.37401,85.2846
-171.467,-20.8714,832.569,-1.52621,-4.7579,-166.711,-166.699,-0.348548,4.37332,85.2901
-171.467,-20.8809,833.137,-1.53499,-4.75639,-166.712,-166.696,-0.287513,4.37274,85.2846
-171.467,-20.8951,833.744,-1.52327,-4.75525,-166.713,-166.696,-0.348548,4.37205,85.2901
-171.467,-20.9103,834.401,-1.48596,-4.75422,-166.714,-166.696,-0.0433721,4.37196,85.2901
-171.467,-20.9269,835.206,-1.37206,-4.75337,-166.714,-166.693,0.444909,4.37285,85.2846
-171.467,-20.9476,836.006,-1.26311,-4.7531,-166.714,-166.694,0.505944,4.37386,85.2846
-171.467,-20.9682,836.795,-1.16267,-4.75305,-166.714,-166.694,0.505944,4.37488,85.2901
-171.467,-20.9885,837.674,-1.01809,-4.75317,-166.713,-166.691,-0.287513,4.37431,85.2901
-171.467,-21.0112,838.522,-0.892444,-4.7538,-166.712,-166.692,-0.897864,4.37252,85.2901
-171.467,-21.0331,839.335,-0.788945,-4.75462,-166.711,-166.692,-0.226478,4.37206,85.2846
-171.467,-21.0539,839.999,-0.765421,-4.75556,-166.711,-166.695,0.261804,4.37259,85.2791
-171.467,-21.0707,840.611,-0.769726,-4.75622,-166.71,-166.695,0.383874,4.37336,85.2846
-171.467,-21.086,841.193,-0.789664,-4.75673,-166.71,-166.695,0.872155,4.3751,85.2846
-171.467,-21.1004,841.75,-0.82234,-4.75714,-166.71,-166.696,0.628015,4.37636,85.2846
-171.467,-21.1142,842.409,-0.800683,-4.75743,-166.709,-166.693,-0.470618,4.37542,85.2901
-171.467,-21.1308,843.137,-0.743671,-4.75801,-166.708,-166.69,-0.897864,4.37363,85.2846
-171.467,-21.1493,843.809,-0.716988,-4.75885,-166.707,-166.691,0.0786982,4.37379,85.2901
-171.467,-21.1662,844.445,-0.710351,-4.75963,-166.707,-166.691,-0.104407,4.37357,85.2901
-171.467,-21.1822,845.048,-0.721036,-4.76033,-166.706,-166.691,-0.0433721,4.37348,85.2901
-171.467,-21.1972,845.514,-0.802766,-4.76093,-166.706,-166.694,0.505944,4.37449,85.2901
-171.467,-21.2084,845.979,-0.883375,-4.76105,-166.706,-166.694,0.200769,4.37489,85.2846
-171.467,-21.2196,846.525,-0.91969,-4.76101,-166.706,-166.692,-0.165442,4.37456,85.2846
-171.467,-21.2331,846.959,-1.01404,-4.76108,-166.706,-166.695,-0.470618,4.37362,85.2846
-171.467,-21.2434,847.397,-1.10357,-4.7607,-166.707,-166.695,-0.0433721,4.37354,85.2846
-171.467,-21.2539,847.97,-1.12052,-4.76014,-166.707,-166.692,0.750085,4.37505,85.2901
-171.467,-21.2681,848.459,-1.18079,-4.75985,-166.708,-166.695,0.628015,4.3763,85.2956
-171.467,-21.28,849.083,-1.16888,-4.75925,-166.708,-166.692,-0.470618,4.37535,85.2846
-171.467,-21.2957,849.699,-1.16146,-4.75899,-166.708,-166.692,-0.775794,4.37379,85.2846
-171.467,-21.3112,850.309,-1.15783,-4.75872,-166.709,-166.693,-0.287513,4.37322,85.2846
-171.467,-21.3264,850.913,-1.15708,-4.75844,-166.709,-166.693,-0.165442,4.37289,85.2846
-171.467,-21.3415,851.513,-1.15829,-4.75816,-166.709,-166.694,-0.0433721,4.3728,85.2846
-171.467,-21.3565,852.018,-1.2091,-4.75786,-166.71,-166.696,0.261804,4.37333,85.2846
-171.467,-21.3688,852.541,-1.24939,-4.75724,-166.71,-166.696,0.261804,4.37385,85.2956
-171.467,-21.3817,853.114,-1.26231,-4.75658,-166.711,-166.696,-0.165442,4.37351,85.2956
-171.467,-21.396,853.825,-1.20333,-4.75601,-166.711,-166.693,-0.104407,4.3733,85.2846
-171.467,-21.414,854.525,-1.1511,-4.75587,-166.711,-166.693,0.0786982,4.37347,85.2846
-171.467,-21.4318,855.12,-1.15509,-4.75582,-166.711,-166.696,-0.226478,4.37302,85.2901
-171.467,-21.4466,855.734,-1.14857,-4.75552,-166.712,-166.696,-0.714759,4.37158,85.2901
-171.467,-21.462,856.458,-1.08526,-4.75527,-166.712,-166.693,-0.104407,4.37137,85.2901
-171.467,-21.4805,857.162,-1.03387,-4.75541,-166.711,-166.694,0.383874,4.37214,85.2846
-171.467,-21.4983,857.845,-0.994651,-4.7556,-166.711,-166.694,0.68905,4.37352,85.2846
-171.467,-21.5156,858.506,-0.967895,-4.75583,-166.711,-166.694,0.139733,4.3738,85.2956
-171.467,-21.5323,859.176,-0.936742,-4.75607,-166.711,-166.694,-0.0433721,4.37371,85.2901
-171.467,-21.5492,859.744,-0.96023,-4.75638,-166.711,-166.696,-0.897864,4.37192,85.2901
-171.467,-21.5633,860.211,-1.03561,-4.75641,-166.711,-166.699,-0.470618,4.37097,85.2846
-171.467,-21.5746,860.599,-1.1501,-4.75605,-166.712,-166.701,0.56698,4.37211,85.2846
-171.467,-21.5837,861.024,-1.24271,-4.75529,-166.713,-166.701,0.56698,4.37324,85.2846
-171.467,-21.5938,861.49,-1.312,-4.75441,-166.714,-166.701,-0.0433721,4.37315,85.2846
-171.467,-21.605,862.09,-1.30943,-4.75348,-166.714,-166.698,-0.104407,4.37294,85.2846
-171.467,-21.62,862.62,-1.34308,-4.75287,-166.715,-166.701,-0.470618,4.372,85.2901
-171.467,-21.6331,863.111,-1.39633,-4.75204,-166.716,-166.702,-0.165442,4.37167,85.2846
-171.467,-21.6451,863.746,-1.37333,-4.751,-166.717,-166.7,0.261804,4.37219,85.2956
-171.467,-21.6611,864.439,-1.31998,-4.75034,-166.717,-166.699,0.505944,4.3732,85.2956
-171.467,-21.6787,865.274,-1.19438,-4.74992,-166.717,-166.696,0.505944,4.37422,85.2956
-171.467,-21.7002,866.094,-1.07939,-4.75008,-166.717,-166.696,0.0786982,4.37437,85.2846
-171.467,-21.7213,866.892,-0.978406,-4.75045,-166.716,-166.696,0.0176631,4.3744,85.2846
-171.467,-21.7418,867.663,-0.894186,-4.75097,-166.715,-166.696,-0.226478,4.37395,85.2846
-171.467,-21.7615,868.403,-0.828018,-4.7516,-166.715,-166.697,-0.104407,4.37375,85.2901
-171.467,-21.7804,869.218,-0.724782,-4.7523,-166.714,-166.694,-0.592689,4.37256,85.2901
-171.467,-21.8013,869.884,-0.701523,-4.75337,-166.713,-166.697,-0.104407,4.37234,85.2956
-171.467,-21.8181,870.544,-0.681962,-4.75417,-166.712,-166.696,0.383874,4.37311,85.2901
-171.467,-21.8347,871.18,-0.675548,-4.75499,-166.711,-166.696,0.0176631,4.37314,85.2901
-171.467,-21.8507,871.793,-0.681686,-4.75576,-166.711,-166.696,-0.897864,4.37134,85.2846
-171.467,-21.866,872.37,-0.70653,-4.75648,-166.71,-166.696,-0.226478,4.37089,85.2846
-171.467,-21.8803,873.023,-0.690699,-4.75705,-166.709,-166.693,0.383874,4.37166,85.2846
-171.467,-21.8967,873.538,-0.747402,-4.75783,-166.709,-166.696,-0.165442,4.37133,85.2846
-171.467,-21.9093,874.033,-0.813705,-4.75818,-166.709,-166.696,0.0786982,4.37148,85.2846
-171.467,-21.9213,874.514,-0.885442,-4.75835,-166.709,-166.696,0.322839,4.37212,85.2956
-171.467,-21.933,875.204,-0.846343,-4.75833,-166.708,-166.691,0.261804,4.37265,85.2956
-171.467,-21.9504,875.851,-0.830377,-4.75888,-166.708,-166.692,-0.0433721,4.37257,85.2956
-171.467,-21.9667,876.49,-0.819038,-4.75936,-166.707,-166.691,-0.714759,4.37114,85.2846
-171.467,-21.9827,877.091,-0.828478,-4.75985,-166.707,-166.692,-0.409583,4.37032,85.2901
-171.467,-21.9977,877.58,-0.895789,-4.76023,-166.707,-166.694,-0.0433721,4.37023,85.2901
-171.467,-22.0096,878.073,-0.959523,-4.76022,-166.707,-166.694,0.200769,4.37063,85.2901
-171.467,-22.0216,878.559,-1.02508,-4.76008,-166.707,-166.695,0.200769,4.37103,85.2901
-171.467,-22.0334,879.152,-1.03323,-4.7598,-166.707,-166.692,0.505944,4.37205,85.2901
-171.467,-22.0482,879.837,-0.993196,-4.75974,-166.707,-166.69,-0.226478,4.37159,85.2901
-171.467,-22.0655,880.596,-0.915719,-4.75997,-166.706,-166.688,-0.592689,4.37041,85.2901
-171.467,-22.0849,881.318,-0.85949,-4.76053,-166.706,-166.688,-0.104407,4.37021,85.2901
-171.467,-22.1032,882.109,-0.767907,-4.76112,-166.705,-166.686,-0.104407,4.37,85.2901
-171.467,-22.1235,882.751,-0.75686,-4.76206,-166.704,-166.689,0.200769,4.37039,85.2846
-171.467,-22.1396,883.342,-0.773055,-4.76268,-166.704,-166.689,0.383874,4.37116,85.2956
-171.467,-22.1543,884.011,-0.747943,-4.76314,-166.703,-166.687,0.444909,4.37205,85.2846
-171.467,-22.1712,884.62,-0.754895,-4.76384,-166.703,-166.688,-0.775794,4.37049,85.2846
-171.467,-22.1864,885.084,-0.837177,-4.76438,-166.703,-166.691,-0.775794,4.36895,85.2901
-171.467,-22.1976,885.632,-0.873727,-4.76444,-166.702,-166.689,-0.409583,4.36812,85.2901
-171.467,-22.2111,886.069,-0.967477,-4.7646,-166.703,-166.691,0.139733,4.3684,85.2846
-171.467,-22.2215,886.497,-1.06401,-4.76433,-166.703,-166.692,0.628015,4.36966,85.2791
-171.467,-22.2317,886.817,-1.21401,-4.76382,-166.704,-166.695,0.505944,4.37067,85.2791
-171.467,-22.2389,887.261,-1.29581,-4.76277,-166.705,-166.693,-0.226478,4.37022,85.2901
-171.467,-22.2495,887.742,-1.35651,-4.76183,-166.706,-166.693,-0.348548,4.36952,85.2846
-171.467,-22.2612,888.337,-1.35565,-4.76085,-166.707,-166.691,-0.165442,4.3692,85.2846
-171.467,-22.2761,888.939,-1.35112,-4.76014,-166.708,-166.692,-0.409583,4.36838,85.2956
-171.467,-22.2912,889.579,-1.327,-4.75945,-166.708,-166.691,-0.165442,4.36804,85.2956
-171.467,-22.3073,890.251,-1.28688,-4.75891,-166.708,-166.691,0.56698,4.36917,85.2846
-171.467,-22.3243,890.917,-1.25049,-4.75851,-166.709,-166.692,0.200769,4.36958,85.2901
-171.467,-22.3411,891.684,-1.16222,-4.75817,-166.709,-166.689,-0.226478,4.36912,85.2901
-171.467,-22.3608,892.438,-1.08336,-4.75825,-166.709,-166.69,-0.531653,4.36806,85.2846
-171.467,-22.38,893.065,-1.07206,-4.75846,-166.709,-166.693,-0.226478,4.36761,85.2846
-171.467,-22.3958,893.586,-1.11712,-4.7584,-166.709,-166.695,-0.348548,4.36692,85.2846
-171.467,-22.4085,894.113,-1.15743,-4.75801,-166.709,-166.696,0.0786982,4.36707,85.2901
-171.467,-22.4215,894.757,-1.13559,-4.75754,-166.71,-166.693,0.444909,4.36796,85.2901
-171.467,-22.4377,895.499,-1.06321,-4.75739,-166.709,-166.691,0.56698,4.3691,85.2901
-171.467,-22.4566,896.226,-1.00044,-4.75761,-166.709,-166.691,0.0176631,4.36913,85.2901
-171.467,-22.4751,896.826,-1.00539,-4.75792,-166.709,-166.694,-0.226478,4.36869,85.2791
-171.467,-22.4901,897.398,-1.02509,-4.75794,-166.709,-166.695,-0.0433721,4.3686,85.2901
-171.467,-22.5043,898.069,-0.992137,-4.75784,-166.709,-166.692,0.261804,4.36913,85.2901
-171.467,-22.5213,898.73,-0.965885,-4.75805,-166.709,-166.692,0.444909,4.37002,85.2901
-171.467,-22.5379,899.378,-0.946724,-4.75828,-166.708,-166.692,0.383874,4.37078,85.2901
-171.467,-22.5542,900.014,-0.934208,-4.75852,-166.708,-166.692,0.200769,4.37118,85.2846
-171.467,-22.5702,900.715,-0.888358,-4.75877,-166.708,-166.69,-0.165442,4.37085,85.2901
-171.467,-22.588,901.481,-0.809132,-4.75925,-166.707,-166.688,-0.470618,4.36991,85.2846
-171.467,-22.6076,902.095,-0.81153,-4.76004,-166.706,-166.691,-0.348548,4.3692,85.2901
-171.467,-22.6229,902.687,-0.825691,-4.76049,-166.706,-166.691,-0.165442,4.36888,85.2901
-171.467,-22.6376,903.245,-0.857217,-4.76086,-166.706,-166.692,0.444909,4.36977,85.2846
-171.467,-22.6514,903.775,-0.902301,-4.76108,-166.706,-166.692,0.444909,4.37066,85.2901
-171.467,-22.6644,904.301,-0.948555,-4.76115,-166.706,-166.692,0.628015,4.37191,85.2791
-171.467,-22.6774,904.796,-1.00997,-4.76111,-166.706,-166.693,0.505944,4.37292,85.2846
-171.467,-22.6894,905.378,-1.02472,-4.76087,-166.706,-166.691,-0.0433721,4.37284,85.2846
-171.467,-22.7039,905.942,-1.04837,-4.76081,-166.706,-166.692,-0.470618,4.3719,85.2846
-171.467,-22.7178,906.493,-1.0779,-4.76066,-166.707,-166.692,-0.531653,4.37084,85.2846
-171.467,-22.7315,907.128,-1.06294,-4.76041,-166.707,-166.69,0.200769,4.37124,85.2846
-171.467,-22.7474,907.834,-1.01131,-4.76038,-166.706,-166.689,0.872155,4.37298,85.2846
-171.467,-22.7653,908.595,-0.93232,-4.76063,-166.706,-166.687,0.0786982,4.37314,85.2846
-171.467,-22.7848,909.303,-0.88276,-4.76116,-166.705,-166.688,-0.165442,4.37281,85.2956
-171.467,-22.8027,909.898,-0.893331,-4.76168,-166.705,-166.69,-0.470618,4.37188,85.2901
-171.467,-22.8176,910.476,-0.912638,-4.76191,-166.705,-166.69,-0.0433721,4.37179,85.2846
-171.467,-22.8319,910.933,-0.9949,-4.76206,-166.705,-166.693,-0.165442,4.37146,85.2846
-171.467,-22.8429,911.294,-1.12538,-4.76178,-166.706,-166.696,0.505944,4.37247,85.2846
-171.467,-22.8512,911.693,-1.23247,-4.761,-166.707,-166.696,0.0786982,4.37262,85.2901
-171.467,-22.8607,912.228,-1.26623,-4.76008,-166.708,-166.693,0.0176631,4.37266,85.2956
-171.467,-22.8738,912.805,-1.27725,-4.75941,-166.708,-166.693,-0.348548,4.37196,85.2956
-171.467,-22.8882,913.327,-1.3163,-4.75881,-166.709,-166.695,-0.226478,4.37151,85.2846
-171.467,-22.901,913.871,-1.34314,-4.75801,-166.71,-166.695,-0.0433721,4.37142,85.2846
-171.467,-22.9145,914.437,-1.35776,-4.7572,-166.711,-166.695,-0.226478,4.37096,85.2956
-171.467,-22.9285,915.147,-1.29652,-4.75641,-166.711,-166.693,0.383874,4.37173,85.2846
-171.467,-22.9466,915.945,-1.19072,-4.75608,-166.711,-166.691,0.750085,4.37323,85.2901
-171.467,-22.9671,916.733,-1.09309,-4.75616,-166.711,-166.691,0.383874,4.374,85.2901
-171.467,-22.9873,917.596,-0.958252,-4.75642,-166.71,-166.689,-0.348548,4.3733,85.2901
-171.467,-23.0096,918.404,-0.855603,-4.75713,-166.709,-166.689,-0.775794,4.37175,85.2846
-171.467,-23.0304,919.155,-0.785209,-4.75792,-166.708,-166.69,-0.897864,4.36995,85.2846
-171.467,-23.0495,919.758,-0.79399,-4.75873,-166.708,-166.693,0.0176631,4.36999,85.2846
-171.467,-23.0646,920.328,-0.819972,-4.75918,-166.707,-166.693,0.444909,4.37088,85.2846
-171.467,-23.0787,920.87,-0.859665,-4.75951,-166.707,-166.694,0.628015,4.37213,85.2846
-171.467,-23.092,921.514,-0.845406,-4.75969,-166.707,-166.691,0.0786982,4.37229,85.2846
-171.467,-23.1082,922.12,-0.851428,-4.76012,-166.707,-166.691,-0.104407,4.37209,85.2846
-171.467,-23.1233,922.692,-0.874725,-4.76046,-166.706,-166.692,-0.714759,4.37066,85.2901
-171.467,-23.1375,923.345,-0.855408,-4.76068,-166.706,-166.69,-0.226478,4.3702,85.2901
-171.467,-23.1539,923.878,-0.89885,-4.76112,-166.706,-166.692,0.750085,4.3717,85.2901
-171.467,-23.167,924.498,-0.896096,-4.7612,-166.705,-166.69,0.322839,4.37235,85.2901
-171.467,-23.1826,925.099,-0.903527,-4.76149,-166.705,-166.69,0.505944,4.37336,85.2846
-171.467,-23.1975,925.575,-0.976157,-4.76172,-166.705,-166.693,0.444909,4.37425,85.2901
-171.467,-23.2091,926.151,-0.994571,-4.76152,-166.705,-166.691,-0.470618,4.37331,85.2846
-171.467,-23.2234,926.706,-1.02348,-4.7615,-166.706,-166.691,-0.409583,4.37249,85.2846
-171.467,-23.2371,927.261,-1.05169,-4.76138,-166.706,-166.692,-0.226478,4.37204,85.2846
-171.467,-23.2508,927.803,-1.08594,-4.7612,-166.706,-166.692,0.0176631,4.37207,85.2846
-171.467,-23.2642,928.339,-1.12272,-4.76092,-166.706,-166.692,0.261804,4.3726,85.2901
-171.467,-23.2774,928.979,-1.10416,-4.76055,-166.707,-166.69,0.0786982,4.37275,85.2846
-171.467,-23.2935,929.6,-1.09614,-4.76045,-166.707,-166.691,0.261804,4.37328,85.2846
-171.467,-23.309,930.11,-1.14581,-4.76033,-166.707,-166.694,-0.104407,4.37307,85.2846
-171.467,-23.3215,930.626,-1.19145,-4.75985,-166.708,-166.694,-0.470618,4.37213,85.2846
-171.467,-23.3342,931.151,-1.23118,-4.75929,-166.708,-166.694,-0.348548,4.37143,85.2846
-171.467,-23.3471,931.689,-1.26347,-4.75867,-166.709,-166.695,0.322839,4.37208,85.2846
-171.467,-23.3603,932.241,-1.28708,-4.75802,-166.71,-166.695,0.56698,4.37321,85.2846
-171.467,-23.374,932.81,-1.30166,-4.75735,-166.71,-166.695,-0.0433721,4.37312,85.2956
-171.467,-23.3881,933.425,-1.29116,-4.75668,-166.711,-166.695,-0.104407,4.37291,85.2956
-171.467,-23.4036,934.174,-1.21159,-4.75615,-166.711,-166.692,-0.287513,4.37233,85.2846
-171.467,-23.4227,934.906,-1.14233,-4.75608,-166.711,-166.692,0.0176631,4.37237,85.2901
-171.467,-23.4414,935.635,-1.07671,-4.75612,-166.711,-166.692,-0.287513,4.37179,85.2901
-171.467,-23.4599,936.339,-1.02529,-4.75628,-166.71,-166.693,-0.0433721,4.3717,85.2901
-171.467,-23.4778,937.034,-0.980179,-4.7565,-166.71,-166.693,0.628015,4.37295,85.2846
-171.467,-23.4954,937.609,-0.998717,-4.75679,-166.71,-166.696,0.200769,4.37335,85.2956
-171.467,-23.5097,938.298,-0.956787,-4.75676,-166.71,-166.693,0.0176631,4.37339,85.2846
-171.467,-23.5272,938.96,-0.930748,-4.75708,-166.71,-166.693,-0.470618,4.37245,85.2846
-171.467,-23.5439,939.609,-0.911815,-4.75739,-166.709,-166.693,-0.653724,4.37114,85.2846
-171.467,-23.5602,940.322,-0.859698,-4.7577,-166.709,-166.691,0.383874,4.37191,85.2846
-171.467,-23.5783,941.085,-0.783338,-4.75828,-166.708,-166.689,0.56698,4.37304,85.2846
-171.467,-23.5978,941.696,-0.787979,-4.75913,-166.707,-166.692,0.200769,4.37344,85.2846
-171.467,-23.613,942.177,-0.860146,-4.75962,-166.707,-166.695,0.261804,4.37397,85.2846
-171.467,-23.6247,942.648,-0.936471,-4.75966,-166.707,-166.695,0.0176631,4.37401,85.2846
-171.467,-23.636,943.022,-1.06089,-4.75952,-166.708,-166.698,-0.714759,4.37258,85.2846
-171.467,-23.6448,943.511,-1.12281,-4.75891,-166.709,-166.696,-0.226478,4.37213,85.2901
-171.467,-23.6566,944.117,-1.12177,-4.75843,-166.709,-166.693,0.261804,4.37266,85.2901
-171.467,-23.6718,944.823,-1.06858,-4.75822,-166.709,-166.691,0.322839,4.3733,85.2901
-171.467,-23.6897,945.533,-1.01442,-4.75835,-166.708,-166.691,0.383874,4.37407,85.2901
-171.467,-23.7078,946.227,-0.970273,-4.75859,-166.708,-166.691,-0.165442,4.37373,85.2846
-171.467,-23.7253,946.887,-0.944879,-4.75889,-166.708,-166.691,-0.104407,4.37353,85.2901
-171.467,-23.742,947.438,-0.976781,-4.75917,-166.708,-166.694,-0.287513,4.37296,85.2956
-171.467,-23.7556,948.008,-0.998091,-4.75913,-166.708,-166.693,-0.653724,4.37165,85.2956
-171.467,-23.7697,948.473,-1.07416,-4.75908,-166.708,-166.696,0.383874,4.37242,85.2846
-171.467,-23.7809,949.039,-1.09506,-4.75865,-166.709,-166.694,0.68905,4.3738,85.2791
-171.467,-23.795,949.587,-1.12499,-4.7584,-166.709,-166.695,0.56698,4.37493,85.2846
-171.467,-23.8085,950.138,-1.15249,-4.75805,-166.709,-166.695,0.139733,4.37521,85.2956
-171.467,-23.8222,950.726,-1.16051,-4.75765,-166.71,-166.694,-0.714759,4.37377,85.2956
-171.467,-23.8368,951.437,-1.10379,-4.75732,-166.71,-166.692,-0.531653,4.37271,85.2846
-171.467,-23.8549,952.126,-1.05966,-4.75739,-166.709,-166.692,0.0786982,4.37288,85.2956
-171.467,-23.8723,952.823,-1.01267,-4.7575,-166.709,-166.692,0.383874,4.37364,85.2901
-171.467,-23.89,953.507,-0.973279,-4.75772,-166.709,-166.692,0.200769,4.37404,85.2901
-171.467,-23.9073,954.178,-0.94214,-4.75799,-166.709,-166.692,0.0786982,4.37419,85.2901
-171.467,-23.9243,954.725,-0.976012,-4.75829,-166.709,-166.695,0.0176631,4.37422,85.2791
-171.467,-23.9378,955.156,-1.06994,-4.75825,-166.709,-166.698,-0.409583,4.37341,85.2901
-171.467,-23.948,955.62,-1.14474,-4.75775,-166.71,-166.697,-0.714759,4.37198,85.2956
-171.467,-23.9592,956.134,-1.19133,-4.75716,-166.71,-166.697,-0.165442,4.37165,85.2956
-171.467,-23.9718,956.694,-1.21237,-4.7566,-166.711,-166.696,0.200769,4.37204,85.2956
-171.467,-23.9857,957.268,-1.22585,-4.75609,-166.711,-166.696,0.56698,4.37318,85.2846
-171.467,-24,957.762,-1.28047,-4.7556,-166.712,-166.699,0.81112,4.3748,85.2901
-171.467,-24.012,958.396,-1.26109,-4.75481,-166.713,-166.696,0.139733,4.37508,85.2956
-171.467,-24.028,958.977,-1.26963,-4.75437,-166.713,-166.698,-1.142,4.3728,85.2846
-171.467,-24.0424,959.578,-1.26727,-4.7538,-166.714,-166.698,-0.836829,4.37113,85.2846
-171.467,-24.0575,960.198,-1.2551,-4.75328,-166.714,-166.698,-0.226478,4.37067,85.2846
-171.467,-24.073,960.834,-1.23506,-4.75283,-166.715,-166.698,0.383874,4.37144,85.2901
-171.467,-24.089,961.497,-1.2009,-4.75246,-166.715,-166.698,0.261804,4.37196,85.2901
-171.467,-24.1058,962.183,-1.15602,-4.75221,-166.715,-166.697,0.261804,4.37249,85.2846
-171.467,-24.1232,962.869,-1.11194,-4.75212,-166.715,-166.697,-0.165442,4.37215,85.2846
-171.467,-24.1406,963.568,-1.06246,-4.7521,-166.715,-166.697,-0.592689,4.37097,85.2901
-171.467,-24.1583,964.272,-1.0111,-4.75223,-166.715,-166.697,-0.531653,4.36991,85.2956
-171.467,-24.1762,964.992,-0.952851,-4.75247,-166.714,-166.696,-0.0433721,4.36982,85.2846
-171.467,-24.1945,965.69,-0.907527,-4.75287,-166.714,-166.696,0.81112,4.37145,85.2846
-171.467,-24.2122,966.364,-0.875667,-4.75331,-166.713,-166.697,0.505944,4.37246,85.2846
-171.467,-24.2292,967.015,-0.856946,-4.75376,-166.713,-166.697,-0.0433721,4.37237,85.2846
-171.467,-24.2456,967.643,-0.850492,-4.75419,-166.712,-166.697,-0.165442,4.37203,85.2846
-171.467,-24.2613,968.251,-0.854874,-4.75459,-166.712,-166.697,0.0176631,4.37207,85.2846
-171.467,-24.2765,968.84,-0.868713,-4.75493,-166.712,-166.697,-0.653724,4.37076,85.2846
-171.467,-24.2911,969.415,-0.889818,-4.75521,-166.712,-166.697,-0.0433721,4.37067,85.2846
-171.467,-24.3054,969.978,-0.916602,-4.7554,-166.711,-166.697,0.750085,4.37218,85.2846
-171.467,-24.3194,970.533,-0.946955,-4.75551,-166.711,-166.697,0.383874,4.37295,85.2846
-171.467,-24.3331,970.991,-1.02735,-4.75553,-166.712,-166.7,0.322839,4.3736,85.2956
-171.467,-24.3441,971.497,-1.08083,-4.75518,-166.712,-166.699,0.0176631,4.37363,85.2846
-171.467,-24.3565,972.018,-1.12514,-4.75482,-166.713,-166.699,-0.348548,4.37294,85.2846
-171.467,-24.3692,972.571,-1.15154,-4.75441,-166.713,-166.699,-0.409583,4.37213,85.2846
-171.467,-24.3829,973.139,-1.16941,-4.75402,-166.713,-166.699,-0.470618,4.37117,85.2846
-171.467,-24.397,973.722,-1.1787,-4.75362,-166.714,-166.699,0.261804,4.37169,85.2791
-171.467,-24.4116,974.305,-1.18801,-4.75324,-166.714,-166.699,0.505944,4.37271,85.2846
-171.467,-24.4261,974.812,-1.23691,-4.75284,-166.715,-166.701,0.383874,4.37348,85.2846
-171.467,-24.4385,975.26,-1.31515,-4.75217,-166.716,-166.703,-0.104407,4.37328,85.2901
-171.467,-24.4493,975.867,-1.3087,-4.7512,-166.716,-166.7,-0.592689,4.37209,85.2846
-171.467,-24.4644,976.593,-1.23981,-4.75062,-166.717,-166.698,-0.409583,4.37127,85.2846
-171.467,-24.483,977.325,-1.16975,-4.75044,-166.717,-166.698,-0.104407,4.37106,85.2956
-171.467,-24.5016,978.178,-1.03798,-4.75041,-166.716,-166.695,0.383874,4.37183,85.2956
-171.467,-24.5236,979.108,-0.86957,-4.75093,-166.715,-166.692,0.68905,4.37321,85.2956
-171.467,-24.5478,980.008,-0.720153,-4.75198,-166.714,-166.692,0.81112,4.37483,85.2901
-171.467,-24.5711,980.856,-0.602183,-4.75327,-166.712,-166.692,-0.348548,4.37413,85.2956
-171.467,-24.5929,981.753,-0.461619,-4.75467,-166.711,-166.69,-0.775794,4.37258,85.2956
-171.467,-24.6161,982.676,-0.310809,-4.75648,-166.708,-166.687,-0.348548,4.37188,85.2956
-171.467,-24.64,983.511,-0.209223,-4.75865,-166.706,-166.687,0.139733,4.37216,85.2846
-171.467,-24.6615,984.23,-0.171663,-4.76083,-166.704,-166.688,0.56698,4.3733,85.2956
-171.467,-24.6797,984.87,-0.175821,-4.76283,-166.702,-166.688,0.56698,4.37444,85.2846
-171.467,-24.6957,985.502,-0.184502,-4.76463,-166.701,-166.686,0.261804,4.37496,85.2901
-171.467,-24.7115,986.046,-0.239388,-4.76641,-166.699,-166.687,-0.592689,4.37378,85.2901
-171.467,-24.7248,986.621,-0.276228,-4.76787,-166.698,-166.685,-0.348548,4.37308,85.2901
-171.467,-24.739,987.023,-0.402881,-4.76932,-166.697,-166.687,-0.287513,4.37251,85.2846
-171.467,-24.7484,987.364,-0.558822,-4.77011,-166.697,-166.688,0.0786982,4.37266,85.2846
-171.467,-24.7561,987.569,-0.781444,-4.77045,-166.697,-166.691,0.56698,4.37379,85.2956
-171.467,-24.7601,987.802,-0.984674,-4.77003,-166.698,-166.691,0.56698,4.37492,85.2956
-171.467,-24.7648,988.044,-1.17792,-4.76925,-166.699,-166.692,-0.287513,4.37435,85.2956
-171.467,-24.7698,988.435,-1.28874,-4.76809,-166.7,-166.689,-0.531653,4.37328,85.2846
-171.467,-24.779,988.84,-1.38925,-4.76705,-166.701,-166.69,-0.592689,4.37209,85.2901
-171.467,-24.7886,989.283,-1.46735,-4.76583,-166.702,-166.69,-0.165442,4.37176,85.2846
-171.467,-24.7992,989.754,-1.52946,-4.76455,-166.704,-166.691,0.872155,4.37351,85.2846
-171.467,-24.8107,990.361,-1.51818,-4.7632,-166.705,-166.688,0.505944,4.37453,85.2901
-171.467,-24.8259,990.904,-1.54103,-4.76217,-166.706,-166.691,0.505944,4.37554,85.2901
-171.467,-24.8393,991.396,-1.58989,-4.76096,-166.707,-166.694,-0.104407,4.37533,85.2901
-171.467,-24.8513,991.946,-1.60718,-4.75952,-166.709,-166.694,-0.653724,4.37402,85.2846
-171.467,-24.865,992.534,-1.60405,-4.75818,-166.71,-166.694,-0.165442,4.3737,85.2846
-171.467,-24.8797,993.065,-1.63063,-4.75694,-166.711,-166.697,-0.0433721,4.37361,85.2846
-171.467,-24.8928,993.645,-1.63038,-4.75552,-166.713,-166.697,0.383874,4.37438,85.2956
-171.467,-24.9073,994.395,-1.54197,-4.75421,-166.714,-166.694,0.444909,4.37527,85.2901
-171.467,-24.9265,995.267,-1.39167,-4.75347,-166.714,-166.691,0.68905,4.37665,85.2901
-171.467,-24.949,996.14,-1.2444,-4.75332,-166.714,-166.691,0.0176631,4.37668,85.2901
-171.467,-24.9716,996.987,-1.11415,-4.75347,-166.713,-166.692,-1.142,4.37439,85.2846
-171.467,-24.9935,997.802,-1.00387,-4.75383,-166.713,-166.692,-0.897864,4.37259,85.2901
-171.467,-25.0145,998.595,-0.907783,-4.75433,-166.712,-166.693,-0.226478,4.37214,85.2901
-171.467,-25.0348,999.36,-0.828359,-4.75499,-166.711,-166.693,0.750085,4.37365,85.2901
-171.467,-25.0544,1000.09,-0.767159,-4.75574,-166.71,-166.693,0.56698,4.37478,85.2901
-171.467,-25.0731,1000.8,-0.725152,-4.75654,-166.71,-166.693,0.0786982,4.37493,85.2956
-171.467,-25.0908,1001.48,-0.693759,-4.75736,-166.709,-166.692,-0.0433721,4.37485,85.2846
-171.467,-25.1081,1002.2,-0.641573,-4.75821,-166.708,-166.69,-0.897864,4.37305,85.2901
-171.467,-25.1264,1002.78,-0.664492,-4.75925,-166.707,-166.693,-0.836829,4.37137,85.2901
-171.467,-25.1409,1003.25,-0.749181,-4.75992,-166.707,-166.695,-0.104407,4.37116,85.2901
-171.467,-25.152,1003.71,-0.833537,-4.76015,-166.707,-166.695,0.994226,4.37315,85.2846
-171.467,-25.1631,1004.16,-0.921759,-4.76019,-166.707,-166.695,1.1163,4.37538,85.2846
-171.467,-25.1738,1004.6,-1.00926,-4.76003,-166.707,-166.696,0.0176631,4.37542,85.2901
-171.467,-25.1845,1005.07,-1.08397,-4.75969,-166.708,-166.695,-0.348548,4.37472,85.2956
-171.467,-25.1958,1005.48,-1.18463,-4.75923,-166.709,-166.697,-0.775794,4.37317,85.2956
-171.467,-25.2056,1005.95,-1.25309,-4.75846,-166.709,-166.697,-0.470618,4.37223,85.2846
-171.467,-25.217,1006.45,-1.30638,-4.75766,-166.71,-166.697,0.200769,4.37263,85.2956
-171.467,-25.2291,1007,-1.32803,-4.75683,-166.711,-166.696,0.383874,4.37339,85.2901
-171.467,-25.2428,1007.5,-1.378,-4.75608,-166.712,-166.698,-0.226478,4.37294,85.2846
-171.467,-25.255,1008.04,-1.40706,-4.7551,-166.713,-166.698,0.0786982,4.37309,85.2846
-171.467,-25.2683,1008.7,-1.36805,-4.75414,-166.713,-166.696,0.0176631,4.37313,85.2901
-171.467,-25.2851,1009.4,-1.31394,-4.75357,-166.714,-166.696,-0.531653,4.37206,85.2956
-171.467,-25.3027,1010.13,-1.24145,-4.75317,-166.714,-166.695,-0.0433721,4.37198,85.2901
-171.467,-25.3215,1010.88,-1.16453,-4.75301,-166.714,-166.695,-0.0433721,4.37189,85.2846
-171.467,-25.3405,1011.61,-1.09506,-4.75302,-166.714,-166.695,0.872155,4.37364,85.2846
-171.467,-25.3592,1012.35,-1.027,-4.75316,-166.714,-166.695,1.23837,4.37612,85.2901
-171.467,-25.378,1013.08,-0.963384,-4.75343,-166.713,-166.695,-0.348548,4.37542,85.2956
-171.467,-25.3965,1013.9,-0.850844,-4.75383,-166.712,-166.692,-0.592689,4.37423,85.2846
-171.467,-25.4178,1014.59,-0.815953,-4.75467,-166.712,-166.695,-0.348548,4.37354,85.2846
-171.467,-25.4351,1015.14,-0.847864,-4.75526,-166.711,-166.698,-0.0433721,4.37346,85.2846
-171.467,-25.4488,1015.79,-0.829094,-4.75549,-166.711,-166.695,0.322839,4.3741,85.2901
-171.467,-25.4652,1016.43,-0.818382,-4.75598,-166.711,-166.695,0.383874,4.37487,85.2846
-171.467,-25.4812,1017.04,-0.823397,-4.75646,-166.71,-166.695,0.0786982,4.37502,85.2956
-171.467,-25.4964,1017.65,-0.826072,-4.75687,-166.71,-166.695,-0.165442,4.37469,85.2846
-171.467,-25.5117,1018.24,-0.843297,-4.75728,-166.709,-166.695,-0.653724,4.37338,85.2846
-171.467,-25.5263,1018.92,-0.807966,-4.7576,-166.709,-166.692,-0.348548,4.37268,85.2956
-171.467,-25.5436,1019.59,-0.779687,-4.75821,-166.708,-166.692,0.0176631,4.37272,85.2846
-171.467,-25.5605,1020.13,-0.823665,-4.75885,-166.708,-166.695,0.750085,4.37422,85.2901
-171.467,-25.5737,1020.57,-0.917936,-4.7591,-166.708,-166.697,0.872155,4.37597,85.2846
-171.467,-25.5841,1021.01,-1.00909,-4.75892,-166.708,-166.697,0.139733,4.37625,85.2846
-171.467,-25.5946,1021.47,-1.08542,-4.75857,-166.709,-166.697,-0.470618,4.3753,85.2901
-171.467,-25.6058,1021.96,-1.14557,-4.7581,-166.709,-166.696,-0.470618,4.37436,85.2846
-171.467,-25.6178,1022.47,-1.19666,-4.75758,-166.71,-166.697,-0.775794,4.3728,85.2956
-171.467,-25.6301,1023.11,-1.17327,-4.75698,-166.71,-166.694,-0.226478,4.37235,85.2956
-171.467,-25.6464,1023.78,-1.13724,-4.75675,-166.71,-166.693,0.0786982,4.37251,85.2956
-171.467,-25.6633,1024.35,-1.1562,-4.75665,-166.711,-166.696,0.68905,4.37388,85.2901
-171.467,-25.6774,1024.94,-1.16291,-4.75628,-166.711,-166.696,0.994226,4.37587,85.2846
-171.467,-25.6921,1025.53,-1.16692,-4.75596,-166.711,-166.696,0.56698,4.377,85.2846
-171.467,-25.7069,1026.13,-1.16772,-4.75563,-166.712,-166.696,-0.409583,4.37617,85.2901
-171.467,-25.7219,1026.66,-1.20633,-4.75531,-166.712,-166.698,-0.836829,4.3745,85.2901
-171.467,-25.7349,1027.12,-1.2813,-4.75475,-166.713,-166.701,-0.531653,4.37344,85.2901
-171.467,-25.7459,1027.63,-1.32551,-4.75388,-166.714,-166.7,0.81112,4.37507,85.2956
-171.467,-25.7584,1028.3,-1.28501,-4.75303,-166.714,-166.697,0.872155,4.37681,85.2846
-171.467,-25.7754,1028.89,-1.28809,-4.75264,-166.715,-166.699,0.322839,4.37745,85.2846
-171.467,-25.7902,1029.51,-1.27815,-4.75205,-166.715,-166.699,0.0176631,4.37749,85.2846
-171.467,-25.8056,1030.25,-1.20108,-4.75154,-166.715,-166.697,-0.409583,4.37666,85.2846
-171.467,-25.8246,1030.9,-1.17606,-4.75149,-166.716,-166.699,-0.592689,4.37548,85.2901
-171.467,-25.8409,1031.66,-1.0902,-4.75126,-166.716,-166.696,-0.531653,4.37441,85.2901
-171.467,-25.8605,1032.43,-1.00641,-4.75148,-166.715,-166.696,-0.165442,4.37407,85.2846
-171.467,-25.88,1033.17,-0.93618,-4.75186,-166.715,-166.696,0.872155,4.37582,85.2846
-171.467,-25.899,1033.81,-0.921522,-4.75234,-166.714,-166.698,0.68905,4.3772,85.2846
-171.467,-25.9151,1034.44,-0.913119,-4.75261,-166.714,-166.698,-0.409583,4.37639,85.2846
-171.467,-25.9308,1035.06,-0.910823,-4.75288,-166.714,-166.698,-1.08097,4.37422,85.2846
-171.467,-25.9463,1035.66,-0.913946,-4.75313,-166.714,-166.698,-0.226478,4.37377,85.2901
-171.467,-25.9614,1036.37,-0.865659,-4.75335,-166.713,-166.696,0.0176631,4.37381,85.2901
-171.467,-25.9793,1037.04,-0.834003,-4.75389,-166.713,-166.696,0.0176631,4.37384,85.2901
-171.467,-25.9964,1037.61,-0.858409,-4.75443,-166.712,-166.698,0.505944,4.37485,85.2846
-171.467,-26.0105,1038.17,-0.888411,-4.75467,-166.712,-166.698,0.444909,4.37575,85.2846
-171.467,-26.0243,1038.63,-0.970174,-4.75484,-166.712,-166.701,-0.0433721,4.37566,85.2901
-171.467,-26.0354,1039.12,-1.03452,-4.7546,-166.713,-166.7,-0.958899,4.37374,85.2901
-171.467,-26.0472,1039.62,-1.08916,-4.7543,-166.713,-166.7,-0.287513,4.37317,85.2901
-171.467,-26.0595,1040.06,-1.17332,-4.75392,-166.714,-166.702,0.0786982,4.37333,85.2846
-171.467,-26.0701,1040.45,-1.28516,-4.75324,-166.715,-166.704,0.261804,4.37385,85.2901
-171.467,-26.0792,1040.91,-1.35692,-4.75219,-166.716,-166.703,0.628015,4.3751,85.2846
-171.467,-26.0903,1041.42,-1.39939,-4.75116,-166.717,-166.703,0.444909,4.37599,85.2846
-171.467,-26.1028,1042.11,-1.35044,-4.75016,-166.717,-166.699,-0.470618,4.37504,85.2846
-171.467,-26.1202,1042.9,-1.24289,-4.74966,-166.717,-166.697,-0.653724,4.37374,85.2901
-171.467,-26.1407,1043.81,-1.08406,-4.74965,-166.717,-166.694,0.0786982,4.3739,85.2846
-171.467,-26.1641,1044.67,-0.946477,-4.75019,-166.716,-166.695,0.139733,4.37418,85.2956
-171.467,-26.1865,1045.44,-0.865823,-4.75094,-166.715,-166.697,0.0786982,4.37433,85.2956
-171.467,-26.2061,1046.29,-0.740025,-4.75163,-166.714,-166.694,0.56698,4.37546,85.2846
-171.467,-26.2281,1047,-0.696434,-4.75277,-166.713,-166.696,0.261804,4.37599,85.2901
-171.467,-26.246,1047.68,-0.667425,-4.75366,-166.712,-166.696,-0.104407,4.37578,85.2846
-171.467,-26.2631,1048.31,-0.661049,-4.75455,-166.712,-166.696,-0.592689,4.37459,85.2846
-171.467,-26.2791,1048.82,-0.723341,-4.75536,-166.711,-166.699,-0.409583,4.37378,85.2846
-171.467,-26.2914,1049.43,-0.727778,-4.75574,-166.711,-166.696,0.0786982,4.37394,85.2846
-171.467,-26.3067,1050.02,-0.748972,-4.75635,-166.71,-166.696,0.68905,4.37532,85.2901
-171.467,-26.3212,1050.58,-0.77587,-4.75684,-166.71,-166.696,0.68905,4.3767,85.2901
-171.467,-26.3353,1051.33,-0.710975,-4.75725,-166.709,-166.691,0.0786982,4.37686,85.2791
-171.467,-26.3542,1052,-0.686149,-4.7582,-166.708,-166.692,-0.287513,4.37629,85.2791
-171.467,-26.3711,1052.74,-0.625234,-4.75903,-166.707,-166.689,-0.775794,4.37473,85.2901
-171.467,-26.39,1053.33,-0.643003,-4.76015,-166.706,-166.692,-0.714759,4.3733,85.2846
-171.467,-26.4048,1053.79,-0.733881,-4.76089,-166.706,-166.695,0.505944,4.37432,85.2956
-171.467,-26.4156,1054.25,-0.817263,-4.76112,-166.706,-166.694,1.1163,4.37656,85.2791
-171.467,-26.4267,1054.68,-0.914652,-4.7612,-166.706,-166.695,0.505944,4.37757,85.2791
-171.467,-26.437,1055.12,-1.00352,-4.76102,-166.706,-166.695,0.383874,4.37834,85.2846
-171.467,-26.4476,1055.57,-1.08882,-4.76068,-166.707,-166.695,-0.348548,4.37764,85.2846
-171.467,-26.4584,1055.93,-1.21551,-4.76018,-166.708,-166.698,-0.592689,4.37645,85.2846
-171.467,-26.4668,1056.24,-1.36912,-4.75922,-166.709,-166.7,-0.836829,4.37478,85.2901
-171.467,-26.4736,1056.71,-1.43197,-4.75781,-166.71,-166.697,0.322839,4.37542,85.2901
-171.467,-26.4851,1057.24,-1.4638,-4.75667,-166.711,-166.697,0.994226,4.3774,85.2846
-171.467,-26.4981,1057.72,-1.52309,-4.75557,-166.713,-166.699,0.322839,4.37804,85.2846
-171.467,-26.5096,1058.25,-1.55254,-4.75424,-166.714,-166.699,0.200769,4.37845,85.2956
-171.467,-26.5227,1058.95,-1.49031,-4.75296,-166.715,-166.696,-0.0433721,4.37836,85.2956
-171.467,-26.5406,1059.7,-1.40174,-4.75221,-166.715,-166.696,-0.836829,4.37668,85.2956
-171.467,-26.5599,1060.36,-1.36716,-4.75178,-166.716,-166.699,-0.287513,4.37611,85.2846
-171.467,-26.5765,1060.95,-1.36956,-4.75118,-166.717,-166.701,0.505944,4.37712,85.2901
-171.467,-26.5912,1061.59,-1.34491,-4.75041,-166.717,-166.7,0.68905,4.3785,85.2846
-171.467,-26.6072,1062.25,-1.30623,-4.74982,-166.718,-166.7,0.261804,4.37902,85.2846
-171.467,-26.6241,1062.85,-1.3052,-4.74937,-166.718,-166.702,0.0176631,4.37906,85.2846
-171.467,-26.639,1063.59,-1.23008,-4.74876,-166.718,-166.699,-0.714759,4.37763,85.2846
-171.467,-26.6579,1064.33,-1.15284,-4.74862,-166.718,-166.699,-0.714759,4.3762,85.2846
-171.467,-26.6769,1065.08,-1.07688,-4.74866,-166.718,-166.699,0.0786982,4.37636,85.2901
-171.467,-26.696,1065.93,-0.95003,-4.74887,-166.717,-166.697,0.93319,4.37823,85.2901
-171.467,-26.7178,1066.76,-0.835533,-4.74956,-166.717,-166.696,1.05526,4.38035,85.2901
-171.467,-26.7392,1067.45,-0.793691,-4.75045,-166.716,-166.699,-0.226478,4.37989,85.2901
-171.467,-26.7568,1068.32,-0.662301,-4.75112,-166.715,-166.694,-0.470618,4.37894,85.2901
-171.467,-26.7793,1069.14,-0.560803,-4.75246,-166.713,-166.694,-0.348548,4.37825,85.2901
-171.467,-26.8003,1069.91,-0.490173,-4.75388,-166.712,-166.694,-0.409583,4.37743,85.2846
-171.467,-26.8198,1070.6,-0.458101,-4.75533,-166.71,-166.694,-0.104407,4.37721,85.2846
-171.467,-26.8374,1071.23,-0.461402,-4.75668,-166.709,-166.694,0.750085,4.37871,85.2901
-171.467,-26.8531,1071.82,-0.487144,-4.75787,-166.708,-166.694,0.56698,4.37985,85.2901
-171.467,-26.8676,1072.36,-0.53198,-4.75891,-166.707,-166.694,-0.165442,4.37951,85.2846
-171.467,-26.8811,1072.77,-0.64846,-4.75977,-166.707,-166.697,-0.592689,4.37832,85.2846
-171.467,-26.8907,1073.16,-0.771124,-4.76008,-166.707,-166.697,-1.01993,4.37628,85.2846
-171.467,-26.8998,1073.58,-0.877669,-4.7601,-166.707,-166.696,-0.348548,4.37558,85.2901
-171.467,-26.9097,1074.01,-0.974073,-4.75996,-166.707,-166.696,0.139733,4.37586,85.2901
-171.467,-26.9199,1074.46,-1.0572,-4.75964,-166.708,-166.696,0.750085,4.37737,85.2846
-171.467,-26.9308,1074.83,-1.18207,-4.75922,-166.709,-166.698,0.750085,4.37886,85.2901
-171.467,-26.9393,1075.25,-1.27835,-4.75835,-166.71,-166.698,0.139733,4.37914,85.2901
-171.467,-26.9492,1075.72,-1.34505,-4.75738,-166.711,-166.698,-0.775794,4.37758,85.2846
-171.467,-26.9606,1076.22,-1.39127,-4.75639,-166.712,-166.698,-1.20304,4.37517,85.2846
-171.467,-26.973,1076.76,-1.41695,-4.7554,-166.713,-166.698,-0.165442,4.37483,85.2791
-171.467,-26.9864,1077.23,-1.47983,-4.75444,-166.714,-166.701,0.750085,4.37634,85.2846
-171.467,-26.9978,1077.85,-1.46425,-4.75318,-166.715,-166.698,0.93319,4.37821,85.2846
-171.467,-27.0133,1078.3,-1.53564,-4.7523,-166.716,-166.703,0.322839,4.37885,85.2846
-171.467,-27.0241,1078.73,-1.61785,-4.75089,-166.718,-166.705,-0.104407,4.37864,85.2956
-171.467,-27.0344,1079.27,-1.63906,-4.74925,-166.719,-166.704,-0.470618,4.3777,85.2846
-171.467,-27.0477,1079.88,-1.62264,-4.74783,-166.72,-166.704,-0.287513,4.37713,85.2846
-171.467,-27.063,1080.55,-1.57397,-4.7466,-166.721,-166.703,-0.165442,4.37679,85.2846
-171.467,-27.0801,1081.29,-1.49162,-4.74562,-166.722,-166.703,0.139733,4.37707,85.2846
-171.467,-27.099,1082.07,-1.39185,-4.74495,-166.722,-166.702,0.444909,4.37796,85.2901
-171.467,-27.1189,1082.88,-1.2734,-4.74456,-166.722,-166.702,0.56698,4.3791,85.2846
-171.467,-27.14,1083.71,-1.15245,-4.74452,-166.722,-166.701,-0.0433721,4.37901,85.2901
-171.467,-27.1613,1084.46,-1.07567,-4.74475,-166.722,-166.703,-0.836829,4.37734,85.2901
-171.467,-27.1804,1085.32,-0.942124,-4.74496,-166.721,-166.7,-0.653724,4.37603,85.2901
-171.467,-27.2026,1086.17,-0.817165,-4.7457,-166.72,-166.7,0.0176631,4.37607,85.2846
-171.467,-27.2245,1086.98,-0.7135,-4.74667,-166.719,-166.7,0.0786982,4.37622,85.2901
-171.467,-27.2454,1087.86,-0.577896,-4.74777,-166.718,-166.697,0.444909,4.37711,85.2846
-171.467,-27.2682,1088.68,-0.479601,-4.7493,-166.716,-166.697,0.200769,4.37751,85.2846
-171.467,-27.2891,1089.44,-0.410987,-4.75089,-166.714,-166.697,0.0176631,4.37754,85.2846
-171.467,-27.3086,1090.14,-0.380049,-4.7525,-166.713,-166.697,-0.409583,4.37672,85.2791
-171.467,-27.3262,1090.75,-0.391755,-4.75402,-166.712,-166.697,-0.836829,4.37505,85.2846
-171.467,-27.3415,1091.41,-0.383909,-4.75533,-166.71,-166.695,-0.470618,4.3741,85.2846
-171.467,-27.3579,1091.9,-0.458832,-4.75673,-166.709,-166.698,0.505944,4.37512,85.2846
-171.467,-27.3699,1092.34,-0.559785,-4.75762,-166.709,-166.698,0.93319,4.37699,85.2901
-171.467,-27.3804,1092.87,-0.614605,-4.75818,-166.708,-166.695,0.261804,4.37751,85.2901
-171.467,-27.3932,1093.37,-0.677972,-4.75883,-166.708,-166.695,0.0176631,4.37755,85.2846
-171.467,-27.4056,1093.76,-0.802694,-4.75929,-166.708,-166.698,-0.653724,4.37624,85.2901
-171.467,-27.4146,1094.16,-0.916266,-4.75923,-166.708,-166.698,-0.592689,4.37504,85.2901
-171.467,-27.424,1094.59,-1.01559,-4.75898,-166.708,-166.697,-0.470618,4.3741,85.2956
-171.467,-27.4341,1095.05,-1.09036,-4.75857,-166.709,-166.697,0.56698,4.37524,85.2846
-171.467,-27.4453,1095.44,-1.2051,-4.7581,-166.71,-166.699,0.872155,4.37699,85.2846
-171.467,-27.4544,1095.95,-1.24997,-4.75721,-166.71,-166.697,0.444909,4.37787,85.2846
-171.467,-27.467,1096.49,-1.28249,-4.75653,-166.711,-166.697,-0.165442,4.37754,85.2846
-171.467,-27.4802,1097.15,-1.24658,-4.75583,-166.711,-166.694,-1.01993,4.3755,85.2846
-171.467,-27.497,1097.82,-1.21095,-4.75551,-166.712,-166.695,-0.714759,4.37406,85.2901
-171.467,-27.5138,1098.5,-1.16886,-4.75525,-166.712,-166.694,0.0786982,4.37423,85.2901
-171.467,-27.531,1099.19,-1.123,-4.75511,-166.712,-166.694,0.750085,4.37573,85.2846
-171.467,-27.5485,1099.96,-1.03562,-4.75508,-166.712,-166.692,0.93319,4.37761,85.2846
-171.467,-27.5683,1100.61,-1.01486,-4.75542,-166.711,-166.695,0.139733,4.37788,85.2901
-171.467,-27.5846,1101.35,-0.946077,-4.75553,-166.711,-166.693,-0.653724,4.37657,85.2846
-171.467,-27.6034,1102.15,-0.848693,-4.75598,-166.71,-166.691,-0.714759,4.37514,85.2846
-171.467,-27.6239,1102.98,-0.733216,-4.75678,-166.709,-166.689,-0.592689,4.37395,85.2846
-171.467,-27.6455,1103.66,-0.705866,-4.7579,-166.708,-166.692,0.444909,4.37484,85.2846
-171.467,-27.6625,1104.17,-0.761424,-4.75869,-166.708,-166.695,0.628015,4.3761,85.2846
-171.467,-27.6751,1104.58,-0.875693,-4.75902,-166.708,-166.698,0.505944,4.37711,85.2846
-171.467,-27.6846,1104.98,-0.984688,-4.75884,-166.709,-166.698,0.0786982,4.37727,85.2956
-171.467,-27.6942,1105.53,-1.02062,-4.75846,-166.709,-166.695,-0.348548,4.37657,85.2846
-171.467,-27.7075,1106.06,-1.05822,-4.75831,-166.709,-166.695,-0.409583,4.37575,85.2846
-171.467,-27.7207,1106.6,-1.09546,-4.75807,-166.709,-166.695,-0.531653,4.37468,85.2846
-171.467,-27.7339,1107.14,-1.13011,-4.75776,-166.71,-166.696,-0.0433721,4.3746,85.2846
-171.467,-27.7472,1107.68,-1.16024,-4.75738,-166.71,-166.696,0.994226,4.3766,85.2846
-171.467,-27.7607,1108.24,-1.18512,-4.75695,-166.71,-166.696,0.628015,4.37785,85.2846
-171.467,-27.7744,1108.9,-1.15552,-4.75649,-166.711,-166.694,0.0176631,4.37788,85.2846
-171.467,-27.791,1109.45,-1.1788,-4.75633,-166.711,-166.697,-0.470618,4.37694,85.2846
-171.467,-27.8049,1110.11,-1.14736,-4.75589,-166.711,-166.694,-0.226478,4.37649,85.2846
-171.467,-27.8216,1110.77,-1.12029,-4.75575,-166.711,-166.695,0.0176631,4.37652,85.2901
-171.467,-27.8381,1111.43,-1.08965,-4.75566,-166.711,-166.695,0.322839,4.37717,85.2956
-171.467,-27.8548,1112.21,-1.00141,-4.75564,-166.711,-166.692,0.200769,4.37758,85.2956
-171.467,-27.8746,1112.85,-0.982355,-4.75607,-166.711,-166.695,0.505944,4.37859,85.2956
-171.467,-27.8909,1113.51,-0.957047,-4.75623,-166.711,-166.694,0.261804,4.37912,85.2956
-171.467,-27.9075,1114.18,-0.928424,-4.75648,-166.71,-166.694,-0.531653,4.37805,85.2901
-171.467,-27.9243,1114.83,-0.906688,-4.7568,-166.71,-166.694,-0.714759,4.37662,85.2846
-171.467,-27.9407,1115.46,-0.899528,-4.75714,-166.71,-166.694,-0.226478,4.37617,85.2846
-171.467,-27.9565,1116.06,-0.90574,-4.75745,-166.709,-166.694,0.444909,4.37706,85.2956
-171.467,-27.9715,1116.58,-0.955031,-4.75766,-166.709,-166.696,0.750085,4.37857,85.2846
-171.467,-27.9842,1117.1,-1.00566,-4.7576,-166.71,-166.696,0.505944,4.37958,85.2846
-171.467,-27.9968,1117.61,-1.05477,-4.75742,-166.71,-166.696,-0.104407,4.37937,85.2846
-171.467,-28.0095,1118.13,-1.09987,-4.75713,-166.71,-166.697,-0.409583,4.37854,85.2846
-171.467,-28.0222,1118.77,-1.08356,-4.75678,-166.71,-166.694,-1.01993,4.3765,85.2901
-171.467,-28.0382,1119.41,-1.06512,-4.75671,-166.71,-166.694,-0.348548,4.3758,85.2956
-171.467,-28.0544,1119.97,-1.0861,-4.75669,-166.711,-166.696,0.261804,4.37633,85.2846
-171.467,-28.0684,1120.54,-1.10572,-4.75646,-166.711,-166.696,0.628015,4.37759,85.2846
-171.467,-28.0825,1121.02,-1.17171,-4.7562,-166.711,-166.699,0.628015,4.37885,85.2846
-171.467,-28.0941,1121.45,-1.26411,-4.7556,-166.712,-166.701,0.68905,4.38022,85.2901
-171.467,-28.1042,1122.02,-1.27652,-4.75469,-166.713,-166.698,-0.348548,4.37953,85.2901
-171.467,-28.1185,1122.63,-1.26953,-4.75409,-166.713,-166.697,-0.348548,4.37883,85.2901
-171.467,-28.1338,1123.27,-1.24611,-4.75358,-166.714,-166.697,-0.165442,4.3785,85.2901
-171.467,-28.1499,1124.02,-1.16965,-4.7532,-166.714,-166.695,0.444909,4.3794,85.2846
-171.467,-28.1689,1124.78,-1.08493,-4.75321,-166.714,-166.694,0.139733,4.37967,85.2956
-171.467,-28.1884,1125.55,-0.996914,-4.75343,-166.713,-166.694,-0.165442,4.37933,85.2846
-171.467,-28.2083,1126.2,-0.97502,-4.75385,-166.713,-166.697,0.56698,4.38047,85.2956
-171.467,-28.2247,1126.87,-0.94468,-4.75404,-166.713,-166.696,-0.287513,4.37989,85.2846
-171.467,-28.2415,1127.52,-0.925194,-4.75434,-166.712,-166.696,-0.836829,4.37821,85.2846
-171.467,-28.2579,1128.04,-0.971829,-4.75463,-166.712,-166.699,-0.104407,4.37801,85.2846
-171.467,-28.2707,1128.48,-1.06306,-4.75454,-166.713,-166.701,0.750085,4.37951,85.2846
-171.467,-28.2811,1129.03,-1.09007,-4.75406,-166.713,-166.699,0.56698,4.38065,85.2901
-171.467,-28.2948,1129.62,-1.10296,-4.7538,-166.713,-166.698,0.444909,4.38154,85.2956
-171.467,-28.3093,1130.33,-1.04707,-4.75357,-166.713,-166.695,-0.409583,4.38072,85.2956
-171.467,-28.3274,1131.02,-1.00096,-4.75374,-166.713,-166.696,-1.01993,4.37868,85.2901
-171.467,-28.345,1131.71,-0.957654,-4.75399,-166.713,-166.695,-0.714759,4.37724,85.2846
-171.467,-28.3625,1132.38,-0.926911,-4.75432,-166.712,-166.696,0.322839,4.3779,85.2846
-171.467,-28.3794,1133.03,-0.908153,-4.75466,-166.712,-166.696,0.383874,4.37867,85.2901
-171.467,-28.3957,1133.58,-0.941206,-4.75499,-166.712,-166.698,0.505944,4.37968,85.2901
-171.467,-28.4093,1134.13,-0.974863,-4.75501,-166.712,-166.698,0.139733,4.37996,85.2901
-171.467,-28.4228,1134.69,-0.999849,-4.75497,-166.712,-166.698,-0.470618,4.37901,85.2846
-171.467,-28.4368,1135.26,-1.02423,-4.75492,-166.712,-166.698,-0.714759,4.37759,85.2901
-171.467,-28.4507,1135.83,-1.03933,-4.75481,-166.712,-166.697,-1.01993,4.37554,85.2846
-171.467,-28.4651,1136.42,-1.05322,-4.7547,-166.712,-166.698,0.322839,4.37619,85.2846
-171.467,-28.4796,1137.12,-1.00197,-4.75458,-166.712,-166.695,0.628015,4.37745,85.2901
-171.467,-28.4975,1138,-0.859123,-4.75484,-166.711,-166.69,0.56698,4.37859,85.2901
-171.467,-28.5203,1138.84,-0.744451,-4.75579,-166.71,-166.69,0.505944,4.37959,85.2846
-171.467,-28.5418,1139.51,-0.715918,-4.75689,-166.709,-166.693,-0.287513,4.37902,85.2846
-171.467,-28.5588,1140.05,-0.760782,-4.75766,-166.709,-166.696,-0.653724,4.37771,85.2846
-171.467,-28.572,1140.56,-0.816647,-4.75803,-166.709,-166.696,-0.897864,4.37591,85.2956
-171.467,-28.5846,1141.09,-0.863342,-4.75824,-166.709,-166.695,-0.226478,4.37546,85.2901
-171.467,-28.5976,1141.62,-0.908653,-4.75837,-166.709,-166.695,1.05526,4.37758,85.2901
-171.467,-28.6106,1142.16,-0.951191,-4.75843,-166.709,-166.695,0.81112,4.3792,85.2846
-171.467,-28.6237,1142.77,-0.949216,-4.7584,-166.708,-166.693,-0.0433721,4.37911,85.2846
-171.467,-28.6391,1143.37,-0.958808,-4.75857,-166.708,-166.693,-0.531653,4.37805,85.2901
-171.467,-28.6539,1144.05,-0.921905,-4.75866,-166.708,-166.691,-0.165442,4.37771,85.3011
-171.467,-28.6711,1144.74,-0.880569,-4.75903,-166.707,-166.69,-0.409583,4.37689,85.2846
-171.467,-28.6887,1145.39,-0.862148,-4.75951,-166.707,-166.691,-0.409583,4.37607,85.2846
-171.467,-28.705,1146,-0.863825,-4.75993,-166.707,-166.691,0.383874,4.37684,85.2846
-171.467,-28.7203,1146.58,-0.882887,-4.76027,-166.706,-166.692,0.261804,4.37737,85.2846
-171.467,-28.7347,1147.14,-0.91552,-4.76049,-166.706,-166.692,0.0176631,4.3774,85.2901
-171.467,-28.7484,1147.68,-0.950475,-4.76059,-166.706,-166.693,-0.958899,4.37547,85.2846
-171.467,-28.7619,1148.31,-0.94531,-4.76059,-166.706,-166.691,-0.897864,4.37367,85.2956
-171.467,-28.7775,1148.93,-0.939732,-4.76078,-166.706,-166.69,0.200769,4.37407,85.2956
-171.467,-28.7931,1149.54,-0.94271,-4.76098,-166.706,-166.691,0.68905,4.37545,85.2901
-171.467,-28.8083,1150.13,-0.952639,-4.76115,-166.706,-166.691,1.1163,4.37769,85.2901
-171.467,-28.8231,1150.8,-0.920271,-4.76126,-166.705,-166.689,0.444909,4.37859,85.2901
-171.467,-28.8401,1151.54,-0.854488,-4.76161,-166.705,-166.687,-0.348548,4.37788,85.2956
-171.467,-28.8589,1152.16,-0.853437,-4.76225,-166.704,-166.689,-0.775794,4.37632,85.2956
-171.467,-28.8744,1152.65,-0.922285,-4.76262,-166.704,-166.692,-0.470618,4.37538,85.2956
-171.467,-28.8862,1153.06,-1.02986,-4.76254,-166.705,-166.694,-0.226478,4.37493,85.2956
-171.467,-28.8958,1153.5,-1.11547,-4.76206,-166.705,-166.694,0.322839,4.37558,85.2846
-171.467,-28.9065,1153.95,-1.19477,-4.7615,-166.706,-166.694,0.628015,4.37684,85.2901
-171.467,-28.9174,1154.53,-1.20845,-4.76079,-166.707,-166.692,0.383874,4.3776,85.2901
-171.467,-28.9317,1155.1,-1.22205,-4.76033,-166.707,-166.692,-0.0433721,4.37751,85.2956
-171.467,-28.946,1155.71,-1.21901,-4.75984,-166.708,-166.692,-0.226478,4.37706,85.2901
-171.467,-28.9611,1156.42,-1.1616,-4.75943,-166.708,-166.69,-0.470618,4.37612,85.2846
-171.467,-28.9792,1157.01,-1.16587,-4.75937,-166.708,-166.693,0.0786982,4.37628,85.2846
-171.467,-28.994,1157.6,-1.17199,-4.75904,-166.708,-166.693,0.93319,4.37815,85.2846
-171.467,-29.0087,1158.21,-1.17119,-4.7587,-166.709,-166.693,0.68905,4.37954,85.2846
-171.467,-29.0238,1158.81,-1.17208,-4.75839,-166.709,-166.693,-0.104407,4.37933,85.2846
-171.467,-29.0388,1159.41,-1.17378,-4.75806,-166.709,-166.694,-0.165442,4.37899,85.2956
-171.467,-29.0538,1160.03,-1.15997,-4.75773,-166.709,-166.693,-0.531653,4.37792,85.2901
-171.467,-29.0695,1160.76,-1.09347,-4.7575,-166.709,-166.691,-0.287513,4.37735,85.2901
-171.467,-29.0881,1161.47,-1.0423,-4.75764,-166.709,-166.691,0.139733,4.37763,85.2846
-171.467,-29.106,1162.14,-1.0064,-4.75781,-166.709,-166.692,0.139733,4.37791,85.2846
-171.467,-29.1231,1162.7,-1.0331,-4.75801,-166.709,-166.695,0.322839,4.37856,85.2956
-171.467,-29.1369,1163.29,-1.04596,-4.75787,-166.709,-166.694,0.322839,4.3792,85.2901
-171.467,-29.1514,1163.88,-1.05485,-4.75776,-166.709,-166.694,-0.409583,4.37838,85.2901
-171.467,-29.1661,1164.46,-1.06746,-4.75765,-166.709,-166.695,-0.592689,4.3772,85.2901
-171.467,-29.1806,1165.14,-1.02644,-4.7575,-166.709,-166.692,-0.409583,4.37638,85.2901
-171.467,-29.198,1165.82,-0.991474,-4.75766,-166.709,-166.692,0.200769,4.37678,85.2846
-171.467,-29.2151,1166.38,-1.01937,-4.75788,-166.709,-166.695,0.505944,4.37779,85.2846
-171.467,-29.2288,1166.83,-1.09819,-4.75777,-166.71,-166.698,0.383874,4.37856,85.2846
-171.467,-29.2398,1167.22,-1.21435,-4.75727,-166.711,-166.7,0.322839,4.37921,85.2846
-171.467,-29.2488,1167.73,-1.25865,-4.75635,-166.711,-166.698,-0.287513,4.37863,85.2901
-171.467,-29.2614,1168.29,-1.28137,-4.75566,-166.712,-166.697,-0.348548,4.37794,85.2901
-171.467,-29.2751,1168.97,-1.23616,-4.755,-166.712,-166.695,-0.104407,4.37773,85.2846
-171.467,-29.2925,1169.56,-1.24057,-4.75473,-166.713,-166.697,0.322839,4.37838,85.2846
-171.467,-29.3072,1170.27,-1.18087,-4.75424,-166.713,-166.695,0.139733,4.37866,85.2956
-171.467,-29.3253,1171.1,-1.06256,-4.75415,-166.712,-166.692,0.444909,4.37955,85.2901
-171.467,-29.3466,1171.81,-1.00603,-4.75458,-166.712,-166.694,0.56698,4.38069,85.2846
-171.467,-29.3648,1172.51,-0.962667,-4.75485,-166.712,-166.695,-0.409583,4.37987,85.2846
-171.467,-29.3823,1173.17,-0.932988,-4.75516,-166.712,-166.695,-1.32511,4.37721,85.2846
-171.467,-29.3992,1173.93,-0.860011,-4.75548,-166.711,-166.692,-0.287513,4.37664,85.2846
-171.467,-29.4184,1174.54,-0.859507,-4.75613,-166.71,-166.695,0.56698,4.37777,85.2846
-171.467,-29.4338,1175.14,-0.871387,-4.75649,-166.71,-166.695,0.750085,4.37927,85.2846
-171.467,-29.4486,1175.8,-0.845129,-4.75676,-166.71,-166.693,0.322839,4.37993,85.2956
-171.467,-29.4653,1176.46,-0.821505,-4.75725,-166.709,-166.693,-0.0433721,4.37983,85.2956
-171.467,-29.482,1177.1,-0.809713,-4.75779,-166.709,-166.693,-0.714759,4.3784,85.2901
-171.467,-29.4981,1177.72,-0.808902,-4.75829,-166.708,-166.693,-0.775794,4.37684,85.2901
-171.467,-29.5136,1178.33,-0.817954,-4.75876,-166.708,-166.693,-0.0433721,4.37676,85.2846
-171.467,-29.5286,1178.9,-0.843094,-4.75915,-166.708,-166.693,0.139733,4.37703,85.2846
-171.467,-29.5427,1179.26,-0.977311,-4.75943,-166.708,-166.698,0.444909,4.37792,85.2846
-171.467,-29.551,1179.63,-1.09874,-4.75895,-166.709,-166.698,0.444909,4.37882,85.2846
-171.467,-29.5599,1180.13,-1.15551,-4.75827,-166.709,-166.696,-0.104407,4.3786,85.2846
-171.467,-29.572,1180.64,-1.20385,-4.75773,-166.71,-166.696,-0.470618,4.37766,85.2846
-171.467,-29.5844,1181.26,-1.19377,-4.75713,-166.71,-166.694,-0.592689,4.37647,85.2846
-171.467,-29.6,1181.88,-1.18363,-4.7568,-166.71,-166.694,0.0176631,4.37651,85.2846
-171.467,-29.6155,1182.5,-1.17371,-4.7565,-166.711,-166.695,0.200769,4.37691,85.2846
-171.467,-29.6311,1183.03,-1.21196,-4.75622,-166.711,-166.697,0.322839,4.37756,85.2846
-171.467,-29.6441,1183.67,-1.19092,-4.75564,-166.712,-166.695,0.200769,4.37796,85.2956
-171.467,-29.6602,1184.43,-1.10583,-4.75537,-166.711,-166.692,-0.165442,4.37762,85.2901
-171.467,-29.6797,1185.19,-1.02785,-4.75555,-166.711,-166.692,-0.531653,4.37656,85.2901
-171.467,-29.699,1185.91,-0.967192,-4.75586,-166.711,-166.693,-0.531653,4.37549,85.2901
-171.467,-29.7174,1186.43,-1.01322,-4.75624,-166.711,-166.697,0.200769,4.3759,85.2846
-171.467,-29.7302,1187.05,-1.00792,-4.75607,-166.711,-166.695,0.505944,4.37691,85.2846
-171.467,-29.7457,1187.57,-1.05715,-4.75612,-166.711,-166.698,0.750085,4.37841,85.2846
-171.467,-29.7584,1188.09,-1.1007,-4.75583,-166.712,-166.698,-0.226478,4.37795,85.2846
-171.467,-29.7712,1188.63,-1.13701,-4.75548,-166.712,-166.698,-0.0433721,4.37786,85.2956
-171.467,-29.7844,1189.21,-1.14941,-4.75507,-166.712,-166.697,-0.470618,4.37692,85.2901
-171.467,-29.7988,1189.9,-1.10062,-4.75474,-166.712,-166.695,-0.287513,4.37635,85.2901
-171.467,-29.8165,1190.51,-1.10041,-4.75478,-166.712,-166.697,-0.165442,4.37602,85.2901
-171.467,-29.8316,1191.13,-1.09152,-4.75462,-166.712,-166.697,0.261804,4.37654,85.2901
-171.467,-29.8472,1191.87,-1.01971,-4.75451,-166.712,-166.694,0.68905,4.37792,85.2901
-171.467,-29.8661,1192.6,-0.95554,-4.75482,-166.712,-166.694,0.261804,4.37845,85.2846
-171.467,-29.8847,1193.21,-0.957173,-4.75523,-166.712,-166.696,0.0176631,4.37849,85.2956
-171.467,-29.8999,1193.84,-0.948962,-4.75537,-166.711,-166.696,-0.531653,4.37742,85.2901
-171.467,-29.9157,1194.46,-0.941239,-4.75556,-166.711,-166.696,-0.348548,4.37672,85.2901
-171.467,-29.9314,1195.09,-0.934275,-4.75576,-166.711,-166.695,-0.165442,4.37639,85.2846
-171.467,-29.947,1195.7,-0.936751,-4.75598,-166.711,-166.696,0.322839,4.37703,85.2846
-171.467,-29.9622,1196.29,-0.947315,-4.75616,-166.711,-166.696,0.628015,4.37829,85.2846
-171.467,-29.977,1196.87,-0.963804,-4.75627,-166.711,-166.696,-0.104407,4.37809,85.2791
-171.467,-29.9914,1197.42,-0.992801,-4.75633,-166.711,-166.697,-0.470618,4.37714,85.2791
-171.467,-30.0051,1197.88,-1.07132,-4.75627,-166.711,-166.699,-0.653724,4.37583,85.2901
-171.467,-30.0162,1198.47,-1.08227,-4.75583,-166.711,-166.696,-0.0433721,4.37576,85.2846
-171.467,-30.0308,1199.06,-1.09266,-4.75566,-166.712,-166.696,-0.226478,4.3753,85.2901
-171.467,-30.0454,1199.57,-1.14235,-4.75546,-166.712,-166.699,0.750085,4.3768,85.2846
-171.467,-30.0578,1200.19,-1.13304,-4.75499,-166.712,-166.696,0.56698,4.37794,85.2846
-171.467,-30.0734,1200.82,-1.11551,-4.75478,-166.712,-166.696,-0.165442,4.3776,85.2956
-171.467,-30.0894,1201.58,-1.03555,-4.75466,-166.712,-166.693,-0.836829,4.37592,85.2901
-171.467,-30.1088,1202.23,-1.01253,-4.75497,-166.712,-166.695,-0.836829,4.37424,85.2846
-171.467,-30.1252,1202.78,-1.0456,-4.7551,-166.712,-166.698,-0.226478,4.3738,85.2846
-171.467,-30.1386,1203.33,-1.07476,-4.7549,-166.712,-166.698,0.383874,4.37457,85.2846
-171.467,-30.1523,1204.01,-1.03534,-4.75466,-166.712,-166.695,0.81112,4.37619,85.2901
-171.467,-30.1695,1204.69,-0.996875,-4.7548,-166.712,-166.695,0.750085,4.3777,85.2901
-171.467,-30.1867,1205.37,-0.961321,-4.75501,-166.712,-166.695,0.0786982,4.37785,85.2736
-171.467,-30.2039,1205.9,-1.00236,-4.7553,-166.712,-166.698,-0.470618,4.3769,85.2901
-171.467,-30.217,1206.54,-0.984347,-4.75516,-166.712,-166.695,-0.836829,4.37522,85.2901
-171.467,-30.2332,1206.99,-1.07113,-4.75533,-166.712,-166.7,-0.470618,4.37429,85.2901
-171.467,-30.2438,1207.38,-1.18383,-4.75485,-166.713,-166.702,0.322839,4.37494,85.2791
-171.467,-30.2529,1207.7,-1.32773,-4.75402,-166.714,-166.705,0.93319,4.37681,85.2901
-171.467,-30.2603,1208.11,-1.42544,-4.75275,-166.716,-166.704,0.628015,4.37807,85.2901
-171.467,-30.2699,1208.69,-1.43068,-4.75146,-166.716,-166.701,-0.104407,4.37786,85.2901
-171.467,-30.2844,1209.31,-1.41411,-4.75056,-166.717,-166.701,-0.714759,4.37642,85.2846
-171.467,-30.3,1209.97,-1.3791,-4.74978,-166.718,-166.701,-0.897864,4.37462,85.2846
-171.467,-30.3166,1210.75,-1.28121,-4.74915,-166.718,-166.698,0.0176631,4.37466,85.2846
-171.467,-30.3365,1211.44,-1.23195,-4.749,-166.718,-166.7,0.383874,4.37544,85.2846
-171.467,-30.354,1212.14,-1.17626,-4.74876,-166.718,-166.7,0.261804,4.37596,85.2846
-171.467,-30.3719,1212.76,-1.16595,-4.74866,-166.719,-166.703,0.383874,4.37673,85.2791
-171.467,-30.3875,1213.29,-1.20103,-4.74839,-166.719,-166.705,0.0176631,4.37676,85.2846
-171.467,-30.4006,1213.87,-1.21501,-4.74786,-166.72,-166.705,-0.165442,4.37643,85.2901
-171.467,-30.4149,1214.58,-1.1543,-4.74738,-166.72,-166.701,-0.775794,4.37487,85.2846
-171.467,-30.433,1215.3,-1.09056,-4.74735,-166.72,-166.701,-0.0433721,4.37479,85.2846
-171.467,-30.4515,1216.15,-0.962996,-4.74747,-166.719,-166.698,0.628015,4.37605,85.2901
-171.467,-30.4733,1216.99,-0.845551,-4.74814,-166.718,-166.698,1.1163,4.37829,85.2846
-171.467,-30.4948,1217.69,-0.798592,-4.74902,-166.717,-166.7,0.383874,4.37906,85.2846
-171.467,-30.5127,1218.28,-0.813408,-4.7497,-166.717,-166.702,0.0786982,4.37921,85.2846
-171.467,-30.5274,1218.87,-0.830414,-4.75008,-166.717,-166.702,-0.714759,4.37778,85.2846
-171.467,-30.5419,1219.35,-0.897547,-4.75042,-166.717,-166.704,-0.531653,4.37672,85.2901
-171.467,-30.5538,1219.78,-0.995033,-4.7504,-166.717,-166.706,0.444909,4.37761,85.2846
-171.467,-30.5639,1220.33,-1.02451,-4.75004,-166.717,-166.703,0.505944,4.37863,85.2901
-171.467,-30.5776,1220.92,-1.03644,-4.7499,-166.717,-166.702,0.994226,4.38062,85.2846
-171.467,-30.5921,1221.52,-1.04107,-4.74982,-166.717,-166.702,0.0786982,4.38078,85.2846
-171.467,-30.6071,1222.14,-1.03127,-4.74975,-166.717,-166.701,-0.653724,4.37946,85.2956
-171.467,-30.6228,1222.71,-1.05062,-4.74977,-166.717,-166.703,-0.409583,4.37864,85.2846
-171.467,-30.6369,1223.3,-1.06051,-4.74962,-166.717,-166.702,-0.897864,4.37684,85.2846
-171.467,-30.6515,1223.81,-1.11054,-4.7495,-166.718,-166.705,-0.0433721,4.37675,85.2901
-171.467,-30.664,1224.46,-1.08641,-4.74909,-166.718,-166.701,0.322839,4.3774,85.2901
-171.467,-30.6804,1225.24,-0.993856,-4.74904,-166.717,-166.698,0.261804,4.37792,85.2846
-171.467,-30.7004,1226,-0.913926,-4.7495,-166.717,-166.698,0.383874,4.37869,85.2901
-171.467,-30.7199,1226.76,-0.840433,-4.75007,-166.716,-166.698,0.0786982,4.37884,85.2846
-171.467,-30.7391,1227.48,-0.784188,-4.75077,-166.715,-166.698,-0.348548,4.37814,85.2846
-171.467,-30.7575,1228.17,-0.74618,-4.75152,-166.715,-166.698,-0.0433721,4.37805,85.2846
-171.467,-30.775,1228.85,-0.717559,-4.75227,-166.714,-166.698,0.322839,4.3787,85.2846
-171.467,-30.7921,1229.49,-0.707363,-4.75305,-166.713,-166.698,0.261804,4.37923,85.2846
-171.467,-30.8082,1230.1,-0.714008,-4.75377,-166.713,-166.698,0.56698,4.38037,85.2846
-171.467,-30.8234,1230.77,-0.686592,-4.7544,-166.712,-166.695,0.0786982,4.38052,85.2956
-171.467,-30.8404,1231.53,-0.617811,-4.75523,-166.711,-166.693,-0.531653,4.37945,85.2956
-171.467,-30.8597,1232.13,-0.631557,-4.75639,-166.71,-166.695,-0.653724,4.37814,85.2846
-171.467,-30.8746,1232.69,-0.665787,-4.75717,-166.709,-166.696,0.0176631,4.37818,85.2846
-171.467,-30.8885,1233.22,-0.716358,-4.75779,-166.709,-166.696,0.56698,4.37932,85.2901
-171.467,-30.9014,1233.74,-0.770782,-4.75822,-166.708,-166.696,0.750085,4.38082,85.2846
-171.467,-30.9141,1234.23,-0.83488,-4.75854,-166.708,-166.696,-0.104407,4.38061,85.2846
-171.467,-30.9262,1234.83,-0.848338,-4.75867,-166.708,-166.693,-0.348548,4.3799,85.2846
-171.467,-30.941,1235.39,-0.875528,-4.75899,-166.708,-166.694,-0.348548,4.3792,85.2846
-171.467,-30.9549,1235.93,-0.913576,-4.75919,-166.708,-166.694,-0.226478,4.37875,85.2846
-171.467,-30.9683,1236.46,-0.958859,-4.75926,-166.708,-166.694,-0.165442,4.37842,85.2956
-171.467,-30.9813,1237.1,-0.944142,-4.75921,-166.708,-166.692,0.139733,4.3787,85.2956
-171.467,-30.9973,1237.71,-0.944957,-4.75944,-166.707,-166.692,0.444909,4.37959,85.2901
-171.467,-31.0126,1238.31,-0.950804,-4.7596,-166.707,-166.692,0.322839,4.38023,85.2846
-171.467,-31.0276,1238.89,-0.968301,-4.75973,-166.707,-166.693,-0.0433721,4.38014,85.2846
-171.467,-31.042,1239.36,-1.04317,-4.75977,-166.708,-166.695,-0.714759,4.37871,85.2846
-171.467,-31.0533,1239.83,-1.1134,-4.7594,-166.708,-166.696,-0.653724,4.37739,85.2846
-171.467,-31.0648,1240.42,-1.1202,-4.75891,-166.708,-166.693,0.200769,4.3778,85.2846
-171.467,-31.0795,1240.92,-1.17815,-4.75866,-166.709,-166.696,0.444909,4.3787,85.2846
-171.467,-31.0915,1241.43,-1.22654,-4.75807,-166.71,-166.696,0.383874,4.37947,85.2901
-171.467,-31.104,1241.97,-1.2566,-4.75743,-166.71,-166.696,-0.0433721,4.37938,85.2901
-171.467,-31.1174,1242.54,-1.26906,-4.7568,-166.711,-166.696,-0.287513,4.3788,85.2901
-171.467,-31.1316,1243.24,-1.21752,-4.75622,-166.711,-166.693,-0.470618,4.37785,85.2846
-171.467,-31.1493,1243.93,-1.17084,-4.75601,-166.711,-166.693,-0.104407,4.37764,85.2846
-171.467,-31.1668,1244.7,-1.08208,-4.75589,-166.711,-166.691,0.139733,4.37792,85.2846
-171.467,-31.1865,1245.44,-1.0109,-4.75613,-166.711,-166.692,0.200769,4.37833,85.2846
-171.467,-31.2054,1246.15,-0.957714,-4.75646,-166.71,-166.692,0.81112,4.37995,85.2846
-171.467,-31.2235,1246.83,-0.922383,-4.75683,-166.71,-166.693,0.322839,4.3806,85.2846
-171.467,-31.2407,1247.48,-0.903637,-4.7572,-166.709,-166.693,-0.592689,4.3794,85.2901
-171.467,-31.257,1248.21,-0.844133,-4.75754,-166.709,-166.691,-0.287513,4.37882,85.2846
-171.467,-31.2755,1248.89,-0.810224,-4.75818,-166.708,-166.691,-0.165442,4.37849,85.2846
-171.467,-31.2927,1249.44,-0.848134,-4.75878,-166.708,-166.694,0.0786982,4.37865,85.2846
-171.467,-31.3062,1249.87,-0.944049,-4.759,-166.708,-166.697,0.56698,4.37979,85.2846
-171.467,-31.3165,1250.4,-0.986881,-4.75876,-166.708,-166.695,0.68905,4.38117,85.2956
-171.467,-31.3296,1250.95,-1.01605,-4.75865,-166.708,-166.694,-0.104407,4.38096,85.2846
-171.467,-31.3433,1251.41,-1.09697,-4.75854,-166.709,-166.697,-0.226478,4.3805,85.2956
-171.467,-31.3542,1251.91,-1.15207,-4.75803,-166.709,-166.696,-0.531653,4.37943,85.2956
-171.467,-31.3664,1252.44,-1.19095,-4.75751,-166.71,-166.696,0.200769,4.37984,85.2846
-171.467,-31.3794,1252.98,-1.22155,-4.75698,-166.711,-166.696,0.261804,4.38037,85.2901
-171.467,-31.3928,1253.55,-1.23567,-4.75642,-166.711,-166.696,0.200769,4.38077,85.2901
-171.467,-31.407,1254.15,-1.23455,-4.7559,-166.712,-166.696,0.444909,4.38166,85.2901
-171.467,-31.422,1254.78,-1.22052,-4.75545,-166.712,-166.696,0.0786982,4.38181,85.2901
-171.467,-31.4377,1255.42,-1.19558,-4.75508,-166.712,-166.695,-0.470618,4.38086,85.2846
-171.467,-31.454,1256.07,-1.17039,-4.75481,-166.712,-166.696,-1.08097,4.3787,85.2846
-171.467,-31.4704,1256.72,-1.14551,-4.75459,-166.713,-166.696,-0.409583,4.37788,85.2956
-171.467,-31.4867,1257.49,-1.05781,-4.75443,-166.712,-166.693,0.322839,4.37853,85.2901
-171.467,-31.5064,1258.16,-1.02694,-4.75473,-166.712,-166.695,0.628015,4.37979,85.2901
-171.467,-31.5233,1258.82,-0.996253,-4.75485,-166.712,-166.695,-0.0433721,4.37971,85.2901
-171.467,-31.5401,1259.58,-0.919196,-4.75504,-166.711,-166.693,-0.165442,4.37937,85.2956
-171.467,-31.5594,1260.24,-0.896477,-4.75559,-166.711,-166.695,-0.348548,4.37867,85.2901
-171.467,-31.576,1260.79,-0.927907,-4.75596,-166.711,-166.697,-0.775794,4.37712,85.2901
-171.467,-31.5897,1261.35,-0.954371,-4.75602,-166.711,-166.697,-0.165442,4.37679,85.2901
-171.467,-31.6036,1261.91,-0.983577,-4.75605,-166.711,-166.697,0.444909,4.37768,85.2846
-171.467,-31.6173,1262.37,-1.0623,-4.75601,-166.711,-166.699,0.261804,4.37821,85.2901
-171.467,-31.6284,1262.96,-1.07317,-4.75559,-166.712,-166.697,0.444909,4.3791,85.2846
-171.467,-31.643,1263.54,-1.08377,-4.75542,-166.712,-166.697,-0.0433721,4.37901,85.2956
-171.467,-31.6575,1264.16,-1.07728,-4.75525,-166.712,-166.696,-0.531653,4.37794,85.2956
-171.467,-31.673,1264.79,-1.06476,-4.75515,-166.712,-166.696,-0.714759,4.3765,85.2846
-171.467,-31.6888,1265.5,-1.00766,-4.75511,-166.712,-166.694,-0.104407,4.3763,85.2846
-171.467,-31.707,1266.2,-0.964575,-4.75538,-166.711,-166.694,0.750085,4.37781,85.2901
-171.467,-31.7245,1266.79,-0.975832,-4.75568,-166.711,-166.696,0.200769,4.37821,85.2901
-171.467,-31.7392,1267.38,-0.983173,-4.75574,-166.711,-166.696,-0.0433721,4.37813,85.2901
-171.467,-31.7541,1267.97,-0.9954,-4.75579,-166.711,-166.696,-0.104407,4.37792,85.2846
-171.467,-31.7687,1268.55,-1.0107,-4.75579,-166.711,-166.696,0.0786982,4.37807,85.2846
-171.467,-31.7831,1269.22,-0.97991,-4.75575,-166.711,-166.694,-0.409583,4.37725,85.2846
-171.467,-31.8,1269.86,-0.960534,-4.75597,-166.711,-166.695,-0.226478,4.3768,85.2901
-171.467,-31.8163,1270.51,-0.944154,-4.75619,-166.711,-166.694,0.322839,4.37745,85.2901
-171.467,-31.8324,1271.04,-0.98738,-4.75642,-166.711,-166.697,0.200769,4.37785,85.2901
-171.467,-31.8454,1271.58,-1.02171,-4.75631,-166.711,-166.697,0.322839,4.3785,85.2901
-171.467,-31.8589,1272.14,-1.04679,-4.75616,-166.711,-166.697,-0.0433721,4.3784,85.2901
-171.467,-31.8728,1272.81,-1.01487,-4.756,-166.711,-166.694,-0.775794,4.37684,85.2846
-171.467,-31.8896,1273.37,-1.04208,-4.75615,-166.711,-166.697,-0.287513,4.37627,85.2846
-171.467,-31.9034,1273.83,-1.1163,-4.75598,-166.712,-166.699,0.0786982,4.37643,85.2901
-171.467,-31.9146,1274.43,-1.12138,-4.75546,-166.712,-166.696,0.68905,4.37781,85.2901
-171.467,-31.9295,1275.04,-1.11678,-4.75523,-166.712,-166.696,1.1163,4.38005,85.2846
-171.467,-31.9448,1275.65,-1.11171,-4.75504,-166.712,-166.696,0.0176631,4.38009,85.2901
-171.467,-31.9602,1276.37,-1.05039,-4.75486,-166.712,-166.694,-0.714759,4.37865,85.2901
-171.467,-31.9785,1277.1,-0.986056,-4.75507,-166.712,-166.693,-0.0433721,4.37856,85.2846
-171.467,-31.9971,1277.71,-0.986685,-4.75542,-166.711,-166.696,-0.470618,4.37761,85.2846
-171.467,-32.0124,1278.22,-1.0409,-4.75549,-166.712,-166.699,-0.287513,4.37704,85.2846
-171.467,-32.0247,1278.74,-1.08816,-4.75522,-166.712,-166.699,0.56698,4.37819,85.2846
-171.467,-32.0374,1279.17,-1.17551,-4.75488,-166.713,-166.701,0.383874,4.37895,85.2846
-171.467,-32.0479,1279.65,-1.24247,-4.75417,-166.714,-166.701,-0.592689,4.37776,85.2901
-171.467,-32.0593,1280.17,-1.28112,-4.7534,-166.714,-166.7,-0.470618,4.37681,85.2846
-171.467,-32.0722,1280.64,-1.34992,-4.75268,-166.715,-166.703,0.200769,4.37721,85.2846
-171.467,-32.0835,1281.06,-1.43917,-4.75168,-166.717,-166.705,-0.104407,4.377,85.2901
-171.467,-32.0935,1281.65,-1.43529,-4.7504,-166.717,-166.701,0.0176631,4.37704,85.2901
-171.467,-32.1084,1282.31,-1.40171,-4.74952,-166.718,-166.701,0.322839,4.37769,85.2901
-171.467,-32.1249,1283.01,-1.34364,-4.74884,-166.719,-166.7,0.200769,4.37809,85.2956
-171.467,-32.1427,1283.76,-1.25945,-4.74839,-166.719,-166.699,-0.0433721,4.378,85.2901
-171.467,-32.162,1284.54,-1.16492,-4.74824,-166.719,-166.699,-0.104407,4.37779,85.2846
-171.467,-32.1819,1285.22,-1.1226,-4.74833,-166.719,-166.701,-0.470618,4.37684,85.2846
-171.467,-32.1992,1285.93,-1.06867,-4.74829,-166.719,-166.701,-0.653724,4.37553,85.2901
-171.467,-32.2171,1286.74,-0.959639,-4.74842,-166.718,-166.698,0.383874,4.3763,85.2956
-171.467,-32.2381,1287.65,-0.802806,-4.74902,-166.717,-166.695,0.68905,4.37768,85.2901
-171.467,-32.2617,1288.43,-0.719381,-4.75015,-166.716,-166.697,0.56698,4.37882,85.2846
-171.467,-32.2816,1289.07,-0.709564,-4.75116,-166.715,-166.7,0.200769,4.37921,85.2846
-171.467,-32.2976,1289.68,-0.713194,-4.75187,-166.714,-166.699,-0.470618,4.37827,85.2956
-171.467,-32.313,1290.21,-0.761398,-4.75251,-166.714,-166.701,-0.592689,4.37708,85.2846
-171.467,-32.326,1290.83,-0.764437,-4.75287,-166.714,-166.699,-0.0433721,4.37699,85.2846
-171.467,-32.3414,1291.24,-0.87515,-4.75342,-166.714,-166.703,0.0786982,4.37715,85.2901
-171.467,-32.351,1291.68,-0.965234,-4.75325,-166.714,-166.703,0.68905,4.37853,85.2901
-171.467,-32.3615,1292.14,-1.04219,-4.75299,-166.714,-166.702,0.56698,4.37967,85.2846
-171.467,-32.3727,1292.54,-1.15292,-4.75262,-166.715,-166.704,-0.348548,4.37897,85.2846
-171.467,-32.382,1292.98,-1.23736,-4.75187,-166.716,-166.704,-0.470618,4.37802,85.2846
-171.467,-32.3926,1293.46,-1.29503,-4.75104,-166.717,-166.704,0.0786982,4.37818,85.2846
-171.467,-32.4044,1294.09,-1.27917,-4.75021,-166.717,-166.701,-0.165442,4.37785,85.2846
-171.467,-32.4201,1294.74,-1.25047,-4.74971,-166.718,-166.701,0.383874,4.37863,85.2901
-171.467,-32.4366,1295.52,-1.15595,-4.74934,-166.718,-166.698,0.628015,4.37989,85.2846
-171.467,-32.4565,1296.29,-1.06709,-4.74945,-166.717,-166.698,0.200769,4.38029,85.2901
-171.467,-32.4763,1297.06,-0.97924,-4.74973,-166.717,-166.698,0.200769,4.38069,85.2901
-171.467,-32.4961,1297.92,-0.848384,-4.75019,-166.716,-166.695,0.200769,4.38109,85.2901
-171.467,-32.5183,1298.77,-0.729151,-4.75112,-166.715,-166.694,-0.348548,4.38039,85.2846
-171.467,-32.54,1299.46,-0.690841,-4.75225,-166.714,-166.697,-0.226478,4.37994,85.2846
-171.467,-32.5576,1300.12,-0.673433,-4.75313,-166.713,-166.697,0.322839,4.38059,85.2846
-171.467,-32.5741,1300.83,-0.627328,-4.75395,-166.712,-166.695,0.750085,4.38209,85.2846
-171.467,-32.5922,1301.49,-0.609342,-4.755,-166.711,-166.695,0.56698,4.38323,85.2846
-171.467,-32.6088,1302.1,-0.616798,-4.75597,-166.71,-166.695,-0.409583,4.38241,85.2901
-171.467,-32.6241,1302.69,-0.638172,-4.75682,-166.709,-166.695,-0.409583,4.38158,85.2901
-171.467,-32.6387,1303.16,-0.719667,-4.75755,-166.709,-166.697,-0.409583,4.38076,85.2956
-171.467,-32.65,1303.65,-0.791385,-4.75786,-166.709,-166.697,-0.104407,4.38055,85.2901
-171.467,-32.6618,1304.04,-0.908519,-4.75805,-166.709,-166.699,0.261804,4.38107,85.2901
-171.467,-32.671,1304.33,-1.08143,-4.75779,-166.71,-166.702,0.200769,4.38147,85.2956
-171.467,-32.6772,1304.68,-1.21172,-4.75693,-166.711,-166.701,-0.0433721,4.38138,85.2846
-171.467,-32.6854,1305.08,-1.31553,-4.75596,-166.712,-166.701,-0.409583,4.38056,85.2901
-171.467,-32.6949,1305.55,-1.38338,-4.75488,-166.713,-166.7,-0.165442,4.38022,85.2956
-171.467,-32.7061,1306.09,-1.4097,-4.75381,-166.714,-166.699,0.322839,4.38087,85.2956
-171.467,-32.7195,1306.78,-1.35873,-4.75287,-166.715,-166.697,-0.165442,4.38054,85.2901
-171.467,-32.7369,1307.49,-1.29354,-4.75236,-166.715,-166.696,0.139733,4.38082,85.2901
-171.467,-32.7552,1308.23,-1.21893,-4.75205,-166.715,-166.696,0.81112,4.38245,85.2901
-171.467,-32.7741,1309.07,-1.09142,-4.75194,-166.715,-166.694,0.505944,4.38346,85.2901
-171.467,-32.7958,1309.81,-1.02282,-4.75234,-166.714,-166.696,0.0786982,4.38362,85.2901
-171.467,-32.8146,1310.54,-0.957572,-4.75262,-166.714,-166.696,-0.531653,4.38255,85.2846
-171.467,-32.8332,1311.25,-0.906543,-4.75303,-166.713,-166.696,-0.592689,4.38136,85.2846
-171.467,-32.8512,1311.94,-0.86995,-4.7535,-166.713,-166.696,-0.226478,4.38091,85.2901
-171.467,-32.8685,1312.61,-0.839872,-4.75398,-166.712,-166.696,0.0786982,4.38107,85.2846
-171.467,-32.8855,1313.16,-0.873384,-4.75449,-166.712,-166.698,0.872155,4.38282,85.2846
-171.467,-32.8991,1313.81,-0.853937,-4.75467,-166.712,-166.696,0.68905,4.38419,85.2791
-171.467,-32.9156,1314.33,-0.904833,-4.75512,-166.712,-166.699,-0.531653,4.38312,85.2901
-171.467,-32.9282,1314.86,-0.946934,-4.75515,-166.712,-166.698,-1.08097,4.38094,85.2956
-171.467,-32.9414,1315.52,-0.924354,-4.75514,-166.712,-166.695,-1.01993,4.37889,85.2956
-171.467,-32.9579,1316.28,-0.8496,-4.75544,-166.711,-166.692,-0.165442,4.37857,85.2956
-171.467,-32.9772,1316.89,-0.848506,-4.75613,-166.71,-166.695,0.0176631,4.3786,85.2901
-171.467,-32.9926,1317.41,-0.900762,-4.75652,-166.71,-166.697,0.322839,4.37925,85.2846
-171.467,-33.0053,1317.83,-1.00254,-4.75656,-166.711,-166.7,0.139733,4.37953,85.2956
-171.467,-33.0152,1318.39,-1.02836,-4.75616,-166.711,-166.697,0.0176631,4.37956,85.2901
-171.467,-33.0291,1319.06,-0.998009,-4.75604,-166.711,-166.694,-0.470618,4.37861,85.2901
-171.467,-33.0459,1319.61,-1.02731,-4.75622,-166.711,-166.697,-0.653724,4.3773,85.2901
-171.467,-33.0596,1320.18,-1.04804,-4.75608,-166.711,-166.696,-0.348548,4.37661,85.2901
-171.467,-33.0737,1320.76,-1.06039,-4.75593,-166.711,-166.696,0.68905,4.37799,85.2846
-171.467,-33.0882,1321.34,-1.07301,-4.75579,-166.711,-166.696,0.444909,4.37888,85.2846
-171.467,-33.1027,1321.93,-1.0853,-4.75563,-166.712,-166.697,0.0176631,4.37892,85.2846
-171.467,-33.1172,1322.53,-1.08832,-4.75544,-166.712,-166.696,-0.287513,4.37834,85.2901
-171.467,-33.1322,1323.05,-1.13192,-4.75529,-166.712,-166.698,-0.531653,4.37727,85.2846
-171.467,-33.145,1323.59,-1.16604,-4.75486,-166.713,-166.698,-0.409583,4.37645,85.2846
-171.467,-33.1582,1324.14,-1.19032,-4.75441,-166.713,-166.698,0.139733,4.37673,85.2956
-171.467,-33.172,1324.74,-1.18901,-4.75395,-166.713,-166.698,0.444909,4.37763,85.2956
-171.467,-33.1871,1325.37,-1.17371,-4.75359,-166.714,-166.697,0.505944,4.37864,85.2956
-171.467,-33.2029,1326.13,-1.09142,-4.75333,-166.713,-166.694,0.139733,4.37892,85.2901
-171.467,-33.2223,1326.89,-1.01336,-4.75354,-166.713,-166.694,-0.592689,4.37773,85.2846
-171.467,-33.2415,1327.61,-0.950959,-4.75389,-166.713,-166.695,0.0786982,4.37788,85.2846
-171.467,-33.2601,1328.32,-0.904679,-4.75432,-166.712,-166.695,0.0176631,4.37792,85.2846
-171.467,-33.2778,1328.88,-0.93048,-4.75477,-166.712,-166.698,0.628015,4.37919,85.2901
-171.467,-33.2918,1329.55,-0.902399,-4.75485,-166.712,-166.695,0.322839,4.37984,85.2846
-171.467,-33.3086,1330.19,-0.887921,-4.75523,-166.711,-166.695,0.0786982,4.37998,85.2846
-171.467,-33.3247,1330.71,-0.934117,-4.75559,-166.711,-166.698,0.0176631,4.38002,85.2846
-171.467,-33.3376,1331.33,-0.931509,-4.75557,-166.711,-166.696,-0.531653,4.37895,85.2846
-171.467,-33.3531,1332.05,-0.87345,-4.75578,-166.711,-166.693,-0.348548,4.37825,85.2956
-171.467,-33.3715,1332.77,-0.821016,-4.75635,-166.71,-166.692,-0.287513,4.37768,85.2956
-171.467,-33.3897,1333.57,-0.728385,-4.75701,-166.709,-166.69,0.139733,4.37796,85.2846
-171.467,-33.4101,1334.2,-0.719972,-4.75803,-166.708,-166.693,0.261804,4.37849,85.2901
-171.467,-33.4261,1334.72,-0.774914,-4.75872,-166.708,-166.695,-0.0433721,4.3784,85.2901
-171.467,-33.4387,1335.22,-0.839781,-4.75902,-166.708,-166.695,0.0176631,4.37843,85.2956
-171.467,-33.4508,1335.82,-0.846142,-4.75914,-166.707,-166.692,-0.165442,4.3781,85.2901
-171.467,-33.4659,1336.5,-0.812843,-4.75949,-166.707,-166.69,-0.165442,4.37777,85.2846
-171.467,-33.4831,1337.14,-0.804488,-4.76008,-166.706,-166.691,-0.409583,4.37695,85.2846
-171.467,-33.499,1337.73,-0.818249,-4.76059,-166.706,-166.691,0.505944,4.37796,85.2846
-171.467,-33.5138,1338.2,-0.898479,-4.76097,-166.706,-166.694,0.0176631,4.378,85.2901
-171.467,-33.525,1338.67,-0.97369,-4.7609,-166.706,-166.694,-0.409583,4.37718,85.2846
-171.467,-33.5363,1339.13,-1.04934,-4.76068,-166.707,-166.694,-0.104407,4.37696,85.2846
-171.467,-33.5476,1339.51,-1.16971,-4.7603,-166.708,-166.697,-0.592689,4.37577,85.2846
-171.467,-33.5564,1339.92,-1.27227,-4.75947,-166.708,-166.697,-0.348548,4.37507,85.2846
-171.467,-33.566,1340.36,-1.35462,-4.7585,-166.71,-166.697,0.139733,4.37536,85.2846
-171.467,-33.5765,1340.83,-1.41472,-4.75743,-166.711,-166.697,-0.470618,4.37442,85.2901
-171.467,-33.5882,1341.37,-1.44439,-4.75633,-166.712,-166.697,0.505944,4.37543,85.2846
-171.467,-33.6013,1341.94,-1.45422,-4.75529,-166.713,-166.697,0.139733,4.37571,85.2846
-171.467,-33.6155,1342.45,-1.4943,-4.75432,-166.714,-166.7,-0.409583,4.37489,85.2846
-171.467,-33.6281,1342.92,-1.55578,-4.75313,-166.715,-166.702,0.0786982,4.37504,85.2846
-171.467,-33.6394,1343.45,-1.58174,-4.75171,-166.717,-166.702,-0.348548,4.37434,85.2846
-171.467,-33.6526,1343.95,-1.6238,-4.75038,-166.718,-166.704,-0.104407,4.37413,85.2846
-171.467,-33.6649,1344.62,-1.57892,-4.74891,-166.719,-166.701,0.505944,4.37515,85.2846
-171.467,-33.6818,1345.42,-1.46266,-4.7479,-166.72,-166.699,0.139733,4.37544,85.2846
-171.467,-33.7025,1346.25,-1.3399,-4.74745,-166.72,-166.699,0.200769,4.37583,85.2901
-171.467,-33.7237,1347.09,-1.20888,-4.74728,-166.72,-166.698,-0.165442,4.3755,85.2956
-171.467,-33.7455,1347.96,-1.06866,-4.74743,-166.719,-166.698,-0.104407,4.37529,85.2846
-171.467,-33.7679,1348.8,-0.943629,-4.74792,-166.718,-166.698,-0.104407,4.37507,85.2846
-171.467,-33.7896,1349.61,-0.83734,-4.74862,-166.718,-166.698,-0.104407,4.37487,85.2846
-171.467,-33.8106,1350.5,-0.696653,-4.74947,-166.716,-166.695,0.261804,4.3754,85.2901
-171.467,-33.8335,1351.25,-0.63181,-4.75077,-166.715,-166.697,0.383874,4.37616,85.2901
-171.467,-33.8525,1352.05,-0.537747,-4.75189,-166.714,-166.695,-0.0433721,4.37607,85.2956
-171.467,-33.8732,1352.82,-0.465686,-4.75333,-166.712,-166.694,-0.104407,4.37586,85.2846
-171.467,-33.8928,1353.61,-0.384799,-4.75484,-166.71,-166.692,-0.836829,4.37419,85.2846
-171.467,-33.9129,1354.33,-0.342726,-4.75656,-166.709,-166.692,-0.348548,4.37349,85.2901
-171.467,-33.9311,1354.98,-0.336841,-4.7582,-166.707,-166.692,0.0786982,4.37365,85.2846
-171.467,-33.9475,1355.46,-0.41955,-4.7597,-166.706,-166.695,0.261804,4.37418,85.2901
-171.467,-33.9591,1356,-0.468932,-4.76064,-166.705,-166.693,0.0176631,4.37421,85.2846
-171.467,-33.9724,1356.4,-0.594329,-4.76163,-166.705,-166.695,-0.470618,4.37327,85.2846
-171.467,-33.9816,1356.68,-0.77761,-4.76201,-166.705,-166.698,-0.714759,4.37183,85.2846
-171.467,-33.9876,1356.96,-0.952281,-4.76175,-166.706,-166.698,-0.287513,4.37125,85.2791
-171.467,-33.9939,1357.25,-1.11936,-4.76116,-166.707,-166.698,0.0176631,4.37129,85.2901
-171.467,-34.0003,1357.6,-1.25599,-4.76025,-166.708,-166.698,0.322839,4.37194,85.2846
-171.467,-34.0081,1357.98,-1.36767,-4.75915,-166.709,-166.698,-0.0433721,4.37186,85.2846
-171.467,-34.0171,1358.41,-1.45271,-4.75794,-166.71,-166.698,-0.165442,4.37153,85.2956
-171.467,-34.0274,1359.01,-1.44559,-4.75664,-166.711,-166.695,-0.0433721,4.37145,85.2846
-171.467,-34.0425,1359.64,-1.42567,-4.75575,-166.712,-166.695,-0.531653,4.37038,85.2846
-171.467,-34.0583,1360.38,-1.347,-4.75497,-166.712,-166.693,-0.0433721,4.37029,85.2901
-171.467,-34.0772,1361.04,-1.31086,-4.7546,-166.713,-166.696,0.750085,4.3718,85.2901
-171.467,-34.0939,1361.72,-1.2705,-4.75414,-166.713,-166.696,0.444909,4.37269,85.2956
-171.467,-34.1109,1362.43,-1.21174,-4.75377,-166.713,-166.695,-0.0433721,4.37261,85.2901
-171.467,-34.129,1363.24,-1.09996,-4.75361,-166.713,-166.693,0.383874,4.37338,85.2846
-171.467,-34.1499,1364.02,-1.00573,-4.75392,-166.713,-166.693,-0.165442,4.37305,85.2846
-171.467,-34.17,1364.78,-0.930651,-4.75436,-166.712,-166.694,0.0176631,4.37309,85.2846
-171.467,-34.1892,1365.49,-0.875618,-4.75488,-166.712,-166.694,-0.0433721,4.373,85.2791
-171.467,-34.2075,1366.07,-0.89658,-4.75542,-166.711,-166.697,0.139733,4.37328,85.2901
-171.467,-34.2217,1366.56,-0.963618,-4.7556,-166.712,-166.699,-0.226478,4.37283,85.2956
-171.467,-34.2335,1367.08,-1.00939,-4.75544,-166.712,-166.698,-0.165442,4.3725,85.2956
-171.467,-34.2464,1367.61,-1.05124,-4.75527,-166.712,-166.698,0.200769,4.3729,85.2846
-171.467,-34.2594,1368.27,-1.02362,-4.75503,-166.712,-166.695,0.261804,4.37342,85.2901
-171.467,-34.276,1368.93,-0.996123,-4.75514,-166.712,-166.695,-0.592689,4.37222,85.2901
-171.467,-34.2927,1369.49,-1.01865,-4.75531,-166.712,-166.697,-0.836829,4.37054,85.2846
-171.467,-34.3067,1370.06,-1.04064,-4.75522,-166.712,-166.697,-0.348548,4.36985,85.2956
-171.467,-34.3208,1370.66,-1.04527,-4.75508,-166.712,-166.697,0.383874,4.37063,85.2956
-171.467,-34.3357,1371.06,-1.15555,-4.75501,-166.713,-166.702,0.628015,4.37189,85.2956
-171.467,-34.345,1371.61,-1.17867,-4.75425,-166.713,-166.699,0.0786982,4.37205,85.2901
-171.467,-34.3588,1372.2,-1.18438,-4.75381,-166.714,-166.698,0.139733,4.37233,85.2846
-171.467,-34.3736,1372.71,-1.23115,-4.75344,-166.714,-166.701,-0.470618,4.37138,85.2846
-171.467,-34.3861,1373.26,-1.26049,-4.75279,-166.715,-166.7,-0.592689,4.37019,85.2846
-171.467,-34.3995,1373.85,-1.26525,-4.75215,-166.715,-166.7,0.139733,4.37047,85.2846
-171.467,-34.4141,1374.46,-1.25695,-4.7516,-166.716,-166.7,0.628015,4.37173,85.2956
-171.467,-34.4295,1375.21,-1.17334,-4.75112,-166.716,-166.697,-0.226478,4.37128,85.2846
-171.467,-34.4489,1375.87,-1.14364,-4.75115,-166.716,-166.699,-0.165442,4.37094,85.2956
-171.467,-34.4654,1376.57,-1.09528,-4.75101,-166.716,-166.698,0.383874,4.37171,85.2956
-171.467,-34.4831,1377.29,-1.03379,-4.75105,-166.716,-166.698,-0.409583,4.37088,85.2846
-171.467,-34.5014,1377.91,-1.02821,-4.75128,-166.716,-166.7,-0.592689,4.36969,85.2901
-171.467,-34.5169,1378.54,-1.01295,-4.7513,-166.716,-166.7,0.0176631,4.36972,85.2846
-171.467,-34.5329,1379.18,-0.998606,-4.75138,-166.715,-166.699,0.0176631,4.36976,85.2846
-171.467,-34.5489,1379.81,-0.985457,-4.75149,-166.715,-166.699,0.93319,4.37164,85.2846
-171.467,-34.5648,1380.46,-0.966468,-4.75163,-166.715,-166.699,0.0786982,4.37179,85.2846
-171.467,-34.5811,1381.1,-0.951885,-4.75183,-166.715,-166.699,-0.226478,4.37133,85.2956
-171.467,-34.5971,1381.76,-0.925609,-4.75204,-166.715,-166.698,-0.287513,4.37075,85.2901
-171.467,-34.6138,1382.42,-0.899136,-4.75235,-166.714,-166.698,-0.165442,4.37043,85.2901
-171.467,-34.6305,1383.08,-0.874747,-4.75273,-166.714,-166.697,0.139733,4.37071,85.2901
-171.467,-34.6471,1383.63,-0.909595,-4.75316,-166.714,-166.7,0.200769,4.37111,85.2901
-171.467,-34.6607,1384.29,-0.887777,-4.75325,-166.713,-166.697,-0.0433721,4.37103,85.2846
-171.467,-34.6772,1384.92,-0.876622,-4.75363,-166.713,-166.697,0.139733,4.37131,85.2846
-171.467,-34.6931,1385.54,-0.875013,-4.75399,-166.713,-166.697,0.139733,4.37159,85.2846
-171.467,-34.7086,1386.14,-0.882165,-4.75432,-166.712,-166.697,-0.592689,4.37039,85.2846
-171.467,-34.7236,1386.83,-0.840623,-4.75459,-166.712,-166.695,-0.470618,4.36945,85.2846
-171.467,-34.7412,1387.31,-0.914012,-4.75516,-166.712,-166.7,0.322839,4.3701,85.2846
-171.467,-34.7527,1387.7,-1.03051,-4.75508,-166.712,-166.702,0.261804,4.37063,85.2846
-171.467,-34.7618,1388.12,-1.12905,-4.75456,-166.713,-166.702,0.0176631,4.37066,85.2846
-171.467,-34.7718,1388.57,-1.2072,-4.75391,-166.714,-166.702,0.261804,4.37118,85.2846
-171.467,-34.7827,1389.28,-1.15215,-4.75317,-166.714,-166.696,-0.226478,4.37072,85.2846
-171.467,-34.8006,1390.07,-1.05326,-4.75313,-166.714,-166.694,-0.714759,4.36928,85.2901
-171.467,-34.8209,1390.94,-0.915254,-4.75348,-166.713,-166.691,-0.165442,4.36894,85.2846
-171.467,-34.8434,1391.67,-0.856353,-4.7543,-166.712,-166.694,0.505944,4.36996,85.2846
-171.467,-34.8619,1392.26,-0.865952,-4.7549,-166.712,-166.697,0.505944,4.37098,85.2846
-171.467,-34.8768,1392.86,-0.876181,-4.75521,-166.712,-166.697,0.0176631,4.37101,85.2956
-171.467,-34.8916,1393.56,-0.830936,-4.75548,-166.711,-166.694,-0.409583,4.37019,85.2901
-171.467,-34.9094,1394.15,-0.846565,-4.75608,-166.711,-166.696,-0.653724,4.36888,85.2901
-171.467,-34.924,1394.64,-0.912624,-4.75639,-166.711,-166.698,0.0176631,4.36891,85.2901
-171.467,-34.9359,1395.24,-0.920968,-4.75635,-166.71,-166.695,-0.348548,4.36822,85.2901
-171.467,-34.9508,1395.73,-0.985803,-4.75653,-166.711,-166.698,0.139733,4.3685,85.2846
-171.467,-34.9627,1396.13,-1.09393,-4.75633,-166.711,-166.7,0.322839,4.36915,85.2956
-171.467,-34.9722,1396.68,-1.1206,-4.75571,-166.712,-166.697,0.628015,4.37041,85.2846
-171.467,-34.9859,1397.25,-1.14184,-4.75538,-166.712,-166.697,0.0786982,4.37056,85.2846
-171.467,-34.9999,1397.82,-1.15721,-4.75503,-166.712,-166.697,-0.226478,4.3701,85.2846
-171.467,-35.0141,1398.4,-1.16686,-4.75467,-166.713,-166.697,-0.470618,4.36916,85.2901
-171.467,-35.0287,1398.83,-1.25929,-4.75432,-166.714,-166.702,0.0176631,4.3692,85.2901
-171.467,-35.0388,1399.31,-1.31829,-4.75342,-166.714,-166.701,0.750085,4.37071,85.2901
-171.467,-35.0506,1399.85,-1.34578,-4.75253,-166.715,-166.701,0.444909,4.37161,85.2901
-171.467,-35.064,1400.54,-1.29684,-4.75171,-166.716,-166.698,0.139733,4.37189,85.2901
-171.467,-35.0814,1401.26,-1.23445,-4.75133,-166.716,-166.698,-0.165442,4.37155,85.2846
-171.467,-35.0996,1401.97,-1.1713,-4.75113,-166.716,-166.698,-0.836829,4.36987,85.2846
-171.467,-35.1179,1402.69,-1.10995,-4.75108,-166.716,-166.698,-0.714759,4.36843,85.2846
-171.467,-35.1361,1403.41,-1.05317,-4.75115,-166.716,-166.698,-0.287513,4.36786,85.2956
-171.467,-35.1543,1404.23,-0.938565,-4.75133,-166.715,-166.695,0.139733,4.36814,85.2956
-171.467,-35.1755,1404.93,-0.894918,-4.752,-166.715,-166.697,0.68905,4.36953,85.2901
-171.467,-35.1931,1405.71,-0.807481,-4.75246,-166.714,-166.695,0.322839,4.37018,85.2901
-171.467,-35.2131,1406.37,-0.785324,-4.75329,-166.713,-166.697,-0.348548,4.36948,85.2846
-171.467,-35.2298,1406.91,-0.826859,-4.75389,-166.713,-166.699,-0.287513,4.3689,85.2846
-171.467,-35.243,1407.44,-0.87161,-4.75414,-166.713,-166.699,-0.165442,4.36856,85.2846
-171.467,-35.2561,1407.97,-0.917264,-4.75428,-166.713,-166.699,0.200769,4.36896,85.2901
-171.467,-35.269,1408.51,-0.953406,-4.7543,-166.713,-166.699,0.444909,4.36986,85.2846
-171.467,-35.2824,1409.06,-0.988115,-4.75429,-166.713,-166.699,0.505944,4.37087,85.2956
-171.467,-35.2959,1409.63,-1.00403,-4.75421,-166.713,-166.698,-0.0433721,4.37078,85.2846
-171.467,-35.3103,1410.21,-1.02013,-4.75418,-166.713,-166.698,-0.287513,4.3702,85.2846
-171.467,-35.3247,1410.79,-1.035,-4.75411,-166.713,-166.698,-0.531653,4.36913,85.2956
-171.467,-35.3391,1411.31,-1.08065,-4.75402,-166.713,-166.7,-0.287513,4.36855,85.2956
-171.467,-35.3518,1411.88,-1.10104,-4.75369,-166.714,-166.699,0.505944,4.36957,85.2846
-171.467,-35.3659,1412.46,-1.11533,-4.75343,-166.714,-166.699,0.872155,4.37132,85.2846
-171.467,-35.3802,1412.95,-1.1716,-4.75317,-166.714,-166.701,0.383874,4.3721,85.2846
-171.467,-35.3923,1413.49,-1.20347,-4.75261,-166.715,-166.701,-0.348548,4.3714,85.2901
-171.467,-35.4057,1414.17,-1.1647,-4.75208,-166.715,-166.698,-0.409583,4.37057,85.2846
-171.467,-35.4227,1414.84,-1.12516,-4.75193,-166.715,-166.698,-0.165442,4.37024,85.2846
-171.467,-35.4398,1415.43,-1.13481,-4.75187,-166.715,-166.7,-0.409583,4.36942,85.2846
-171.467,-35.4544,1416.12,-1.08782,-4.75159,-166.715,-166.698,-0.104407,4.36922,85.2846
-171.467,-35.4719,1416.81,-1.04449,-4.75164,-166.715,-166.698,-0.0433721,4.36913,85.2846
-171.467,-35.4894,1417.49,-1.00616,-4.75178,-166.715,-166.698,0.322839,4.36978,85.2901
-171.467,-35.5066,1418.08,-1.01419,-4.75197,-166.715,-166.7,-0.470618,4.36884,85.2846
-171.467,-35.5214,1418.59,-1.06804,-4.75195,-166.715,-166.702,-0.592689,4.36764,85.2901
-171.467,-35.5337,1419.22,-1.05268,-4.75163,-166.715,-166.699,-0.104407,4.36743,85.2901
-171.467,-35.5497,1419.86,-1.03685,-4.75163,-166.715,-166.699,-0.165442,4.3671,85.2901
-171.467,-35.5657,1420.6,-0.965303,-4.75165,-166.715,-166.696,0.505944,4.36812,85.2791
-171.467,-35.5847,1421.22,-0.96367,-4.75208,-166.715,-166.699,0.0786982,4.36828,85.2901
-171.467,-35.6,1421.93,-0.907945,-4.75221,-166.714,-166.697,0.139733,4.36855,85.2846
-171.467,-35.6182,1422.63,-0.866483,-4.75269,-166.714,-166.697,0.322839,4.3692,85.2846
-171.467,-35.6358,1423.29,-0.839255,-4.7532,-166.713,-166.697,-0.714759,4.36776,85.2901
-171.467,-35.6526,1424.04,-0.769783,-4.7537,-166.712,-166.694,-0.287513,4.36719,85.2846
-171.467,-35.6717,1424.75,-0.725335,-4.75454,-166.712,-166.695,0.261804,4.36771,85.2846
-171.467,-35.6896,1425.41,-0.705017,-4.75537,-166.711,-166.695,-0.165442,4.36738,85.2846
-171.467,-35.7062,1426.03,-0.706276,-4.75613,-166.71,-166.695,0.322839,4.36803,85.2846
-171.467,-35.7218,1426.63,-0.718488,-4.7568,-166.71,-166.695,0.444909,4.36893,85.2846
-171.467,-35.7367,1427.19,-0.748133,-4.7574,-166.709,-166.695,-0.348548,4.36822,85.2901
-171.467,-35.7507,1427.66,-0.832069,-4.75787,-166.709,-166.697,-0.287513,4.36764,85.2846
-171.467,-35.7618,1428.2,-0.868833,-4.75792,-166.709,-166.695,-0.348548,4.36694,85.2956
-171.467,-35.7753,1428.76,-0.897443,-4.7581,-166.709,-166.695,0.322839,4.36759,85.2956
-171.467,-35.7891,1429.32,-0.926213,-4.75825,-166.709,-166.695,0.444909,4.36848,85.2846
-171.467,-35.803,1429.87,-0.961862,-4.75833,-166.709,-166.695,0.505944,4.3695,85.2901
-171.467,-35.8164,1430.51,-0.945611,-4.75831,-166.708,-166.692,0.750085,4.371,85.2901
-171.467,-35.8326,1431.05,-0.984187,-4.75854,-166.709,-166.695,0.0786982,4.37115,85.2846
-171.467,-35.8458,1431.58,-1.02574,-4.75846,-166.709,-166.695,-0.348548,4.37045,85.2846
-171.467,-35.8589,1432.11,-1.06771,-4.75827,-166.709,-166.695,0.383874,4.37122,85.2846
-171.467,-35.8719,1432.64,-1.1078,-4.75799,-166.709,-166.696,-0.104407,4.37101,85.2956
-171.467,-35.8849,1433.3,-1.08015,-4.75764,-166.709,-166.693,0.200769,4.37142,85.2956
-171.467,-35.9015,1434.06,-0.997885,-4.75764,-166.709,-166.69,-0.104407,4.37121,85.2846
-171.467,-35.921,1434.78,-0.938652,-4.75805,-166.708,-166.691,0.0786982,4.37137,85.2846
-171.467,-35.9394,1435.57,-0.84527,-4.75848,-166.708,-166.688,0.200769,4.37177,85.2901
-171.467,-35.9597,1436.41,-0.728941,-4.75926,-166.707,-166.686,-0.226478,4.37131,85.2901
-171.467,-35.9813,1437.1,-0.696551,-4.7604,-166.706,-166.689,-0.409583,4.37049,85.2956
-171.467,-35.9986,1437.75,-0.680139,-4.76124,-166.705,-166.689,-0.0433721,4.3704,85.2901
-171.467,-36.0151,1438.37,-0.686899,-4.76205,-166.704,-166.689,0.0786982,4.37057,85.2901
-171.467,-36.0304,1438.83,-0.769576,-4.76275,-166.704,-166.692,0.444909,4.37146,85.2846
-171.467,-36.0416,1439.27,-0.863165,-4.76294,-166.704,-166.693,0.56698,4.37259,85.2791
-171.467,-36.0521,1439.69,-0.969664,-4.76288,-166.704,-166.694,0.0176631,4.37262,85.2901
-171.467,-36.0619,1440.21,-1.01777,-4.76254,-166.705,-166.691,-0.287513,4.37205,85.2846
-171.467,-36.0746,1440.71,-1.07142,-4.76235,-166.705,-166.692,-0.104407,4.37184,85.2846
-171.467,-36.087,1441.34,-1.06319,-4.76202,-166.705,-166.689,0.261804,4.37236,85.2901
-171.467,-36.1026,1441.95,-1.05963,-4.76197,-166.705,-166.689,0.261804,4.37289,85.2846
-171.467,-36.118,1442.45,-1.11646,-4.7619,-166.706,-166.692,0.0176631,4.37293,85.2901
-171.467,-36.1302,1442.96,-1.16349,-4.76145,-166.706,-166.692,0.0786982,4.37308,85.2901
-171.467,-36.1428,1443.5,-1.20009,-4.76094,-166.707,-166.693,0.0786982,4.37324,85.2901
-171.467,-36.1559,1444.05,-1.22566,-4.76041,-166.707,-166.693,-0.0433721,4.37315,85.2846
-171.467,-36.1696,1444.61,-1.24808,-4.75986,-166.708,-166.693,-0.348548,4.37245,85.2846
-171.467,-36.1834,1445.26,-1.21803,-4.75928,-166.708,-166.691,0.261804,4.37297,85.2846
-171.467,-36.1999,1445.91,-1.194,-4.75899,-166.708,-166.692,0.56698,4.37411,85.2901
-171.467,-36.2162,1446.65,-1.1189,-4.75872,-166.708,-166.689,0.56698,4.37524,85.2901
-171.467,-36.2352,1447.38,-1.0532,-4.75883,-166.708,-166.69,0.139733,4.37552,85.2846
-171.467,-36.2538,1448.08,-1.00648,-4.75904,-166.708,-166.69,-0.348548,4.37482,85.2846
-171.467,-36.2715,1448.74,-0.978005,-4.75928,-166.707,-166.691,-0.0433721,4.37473,85.2901
-171.467,-36.2882,1449.48,-0.909843,-4.75949,-166.707,-166.689,-0.165442,4.3744,85.2901
-171.467,-36.3071,1450.19,-0.861024,-4.76003,-166.706,-166.689,-0.104407,4.3742,85.2901
-171.467,-36.3251,1450.85,-0.83865,-4.76059,-166.706,-166.69,0.444909,4.37509,85.2901
-171.467,-36.3417,1451.57,-0.78404,-4.76108,-166.705,-166.688,0.261804,4.37562,85.2846
-171.467,-36.36,1452.05,-0.858702,-4.76183,-166.705,-166.693,-0.409583,4.37479,85.2956
-171.467,-36.3716,1452.54,-0.924559,-4.76187,-166.705,-166.693,-0.0433721,4.3747,85.2846
-171.467,-36.3835,1453.11,-0.947898,-4.7618,-166.705,-166.691,-0.226478,4.37424,85.2846
-171.467,-36.3976,1453.58,-1.02368,-4.76187,-166.705,-166.693,0.0786982,4.3744,85.2846
-171.467,-36.4089,1454.04,-1.09874,-4.76154,-166.706,-166.694,0.261804,4.37493,85.2901
-171.467,-36.4201,1454.53,-1.16159,-4.76107,-166.706,-166.694,0.444909,4.37582,85.2901
-171.467,-36.4319,1455.13,-1.1623,-4.76049,-166.707,-166.691,0.0176631,4.37586,85.2956
-171.467,-36.4469,1455.75,-1.15173,-4.76019,-166.707,-166.691,-0.0433721,4.37577,85.2956
-171.467,-36.4626,1456.39,-1.13189,-4.75996,-166.707,-166.691,-0.470618,4.37482,85.2956
-171.467,-36.4787,1457.05,-1.10494,-4.75981,-166.707,-166.691,-0.531653,4.37375,85.2791
-171.467,-36.4952,1457.58,-1.14539,-4.75974,-166.708,-166.694,-0.348548,4.37305,85.2846
-171.467,-36.5082,1458.11,-1.18258,-4.7593,-166.708,-166.694,0.750085,4.37456,85.2901
-171.467,-36.5213,1458.76,-1.15909,-4.7588,-166.708,-166.692,0.0786982,4.37472,85.2901
-171.467,-36.5376,1459.39,-1.14233,-4.75861,-166.709,-166.692,0.0176631,4.37476,85.2846
-171.467,-36.5535,1460.01,-1.13102,-4.75842,-166.709,-166.693,0.139733,4.37504,85.2846
-171.467,-36.5692,1460.72,-1.07648,-4.75822,-166.709,-166.691,0.0176631,4.37507,85.2846
-171.467,-36.5872,1461.31,-1.0858,-4.75835,-166.709,-166.694,-0.287513,4.37449,85.2846
-171.467,-36.6018,1461.8,-1.14651,-4.75817,-166.709,-166.696,-0.104407,4.37429,85.2846
-171.467,-36.6138,1462.31,-1.19814,-4.75764,-166.71,-166.697,0.261804,4.37482,85.2846
-171.467,-36.6261,1462.92,-1.19099,-4.75704,-166.71,-166.694,-0.653724,4.3735,85.2956
-171.467,-36.6415,1463.57,-1.16743,-4.75671,-166.71,-166.694,-0.348548,4.37281,85.2901
-171.467,-36.6577,1464.22,-1.13911,-4.75649,-166.711,-166.694,0.200769,4.37321,85.2846
-171.467,-36.6743,1464.87,-1.11538,-4.75635,-166.711,-166.694,-0.226478,4.37275,85.2846
-171.467,-36.6906,1465.62,-1.04088,-4.75626,-166.71,-166.692,-0.287513,4.37217,85.2956
-171.467,-36.7097,1466.36,-0.967898,-4.75653,-166.71,-166.691,0.0176631,4.37221,85.2901
-171.467,-36.7288,1467.09,-0.907924,-4.75695,-166.71,-166.692,0.200769,4.37262,85.2846
-171.467,-36.7472,1467.78,-0.86962,-4.75746,-166.709,-166.692,0.200769,4.37303,85.2956
-171.467,-36.7646,1468.46,-0.836206,-4.75795,-166.708,-166.692,0.200769,4.37343,85.2956
-171.467,-36.7818,1469.1,-0.824942,-4.7585,-166.708,-166.692,-0.0433721,4.37334,85.2846
-171.467,-36.7978,1469.7,-0.832775,-4.75898,-166.708,-166.693,-0.287513,4.37276,85.2846
-171.467,-36.8129,1470.27,-0.856437,-4.75934,-166.707,-166.693,-0.592689,4.37157,85.2901
-171.467,-36.827,1470.83,-0.884878,-4.7596,-166.707,-166.693,-0.531653,4.3705,85.2846
-171.467,-36.841,1471.37,-0.92415,-4.75978,-166.707,-166.693,0.444909,4.3714,85.2846
-171.467,-36.8542,1471.9,-0.970899,-4.75982,-166.707,-166.694,0.68905,4.37279,85.2956
-171.467,-36.8671,1472.44,-1.00586,-4.75974,-166.707,-166.693,0.139733,4.37307,85.2846
-171.467,-36.8805,1472.98,-1.04503,-4.75963,-166.708,-166.694,-0.348548,4.37236,85.2846
-171.467,-36.8937,1473.41,-1.1343,-4.75941,-166.708,-166.696,0.0786982,4.37252,85.2901
-171.467,-36.9041,1473.88,-1.20369,-4.75878,-166.709,-166.696,0.383874,4.37329,85.2901
-171.467,-36.9155,1474.39,-1.25316,-4.7581,-166.71,-166.696,0.139733,4.37358,85.2846
-171.467,-36.9279,1474.92,-1.29044,-4.75739,-166.71,-166.696,-0.0433721,4.37349,85.2901
-171.467,-36.9409,1475.48,-1.30713,-4.75665,-166.711,-166.696,0.0786982,4.37365,85.2846
-171.467,-36.9549,1476.16,-1.26531,-4.75597,-166.711,-166.694,0.444909,4.37454,85.2901
-171.467,-36.972,1476.85,-1.21661,-4.75563,-166.712,-166.694,0.0176631,4.37457,85.2901
-171.467,-36.9895,1477.55,-1.16346,-4.75541,-166.712,-166.694,0.322839,4.37522,85.2846
-171.467,-37.0073,1478.15,-1.16544,-4.75533,-166.712,-166.696,0.0176631,4.37525,85.2901
-171.467,-37.0222,1478.76,-1.15613,-4.75501,-166.712,-166.696,-0.226478,4.37479,85.2846
-171.467,-37.0378,1479.48,-1.09765,-4.75477,-166.712,-166.694,0.444909,4.37569,85.2956
-171.467,-37.0559,1480.21,-1.03273,-4.75485,-166.712,-166.694,-0.0433721,4.3756,85.2956
-171.467,-37.0745,1480.82,-1.03026,-4.75511,-166.712,-166.696,0.322839,4.37625,85.2901
-171.467,-37.0898,1481.44,-1.02278,-4.7551,-166.712,-166.696,0.200769,4.37665,85.2901
-171.467,-37.1054,1482.07,-1.01157,-4.75512,-166.712,-166.696,-0.0433721,4.37656,85.2846
-171.467,-37.1212,1482.69,-1.00625,-4.75519,-166.712,-166.696,-0.348548,4.37586,85.2846
-171.467,-37.1367,1483.3,-1.00583,-4.75525,-166.712,-166.696,0.200769,4.37627,85.2846
-171.467,-37.152,1483.9,-1.00992,-4.75529,-166.712,-166.696,0.444909,4.37716,85.2901
-171.467,-37.167,1484.51,-1.00941,-4.7553,-166.712,-166.696,0.0786982,4.37732,85.2846
-171.467,-37.1822,1485.11,-1.01283,-4.75533,-166.712,-166.696,-0.104407,4.3771,85.2901
-171.467,-37.1973,1485.73,-1.01142,-4.75533,-166.712,-166.696,-0.226478,4.37664,85.2846
-171.467,-37.2126,1486.33,-1.01451,-4.75536,-166.712,-166.696,0.322839,4.37729,85.2846
-171.467,-37.2276,1486.94,-1.01276,-4.75536,-166.712,-166.696,0.0786982,4.37745,85.2846
-171.467,-37.2429,1487.55,-1.01526,-4.75538,-166.712,-166.696,-0.0433721,4.37737,85.2846
-171.467,-37.258,1488.05,-1.06961,-4.75538,-166.712,-166.699,0.200769,4.37777,85.2846
-171.467,-37.2703,1488.48,-1.16386,-4.75504,-166.713,-166.701,-0.226478,4.37731,85.2846
-171.467,-37.2805,1489.03,-1.18932,-4.75433,-166.713,-166.699,-0.165442,4.37698,85.2846
-171.467,-37.2942,1489.6,-1.20458,-4.75387,-166.714,-166.699,0.261804,4.3775,85.2846
-171.467,-37.3084,1490.1,-1.25818,-4.7534,-166.714,-166.701,-0.0433721,4.37741,85.2846
-171.467,-37.3205,1490.63,-1.29189,-4.75266,-166.715,-166.701,0.0786982,4.37757,85.2846
-171.467,-37.3336,1491.29,-1.25885,-4.75194,-166.715,-166.698,0.322839,4.37822,85.2901
-171.467,-37.3503,1491.88,-1.25994,-4.75157,-166.716,-166.7,0.68905,4.3796,85.2901
-171.467,-37.3651,1492.63,-1.18413,-4.75105,-166.716,-166.697,0.505944,4.38061,85.2846
-171.467,-37.3841,1493.36,-1.11153,-4.75103,-166.716,-166.697,-0.348548,4.37991,85.2846
-171.467,-37.4029,1494.19,-0.996921,-4.75113,-166.715,-166.695,-0.104407,4.37969,85.2901
-171.467,-37.4241,1494.99,-0.893782,-4.75168,-166.715,-166.695,0.444909,4.38059,85.2901
-171.467,-37.4448,1495.68,-0.854059,-4.75239,-166.714,-166.697,0.200769,4.38099,85.2901
-171.467,-37.4623,1496.36,-0.820368,-4.75292,-166.713,-166.697,-0.409583,4.38017,85.2791
-171.467,-37.4795,1497,-0.809979,-4.7535,-166.713,-166.697,-0.165442,4.37984,85.2846
-171.467,-37.4955,1497.61,-0.812206,-4.754,-166.713,-166.697,0.56698,4.38098,85.2956
-171.467,-37.5108,1498.24,-0.809356,-4.75444,-166.712,-166.697,0.628015,4.38223,85.2846
-171.467,-37.5264,1498.84,-0.818966,-4.7549,-166.712,-166.697,0.0176631,4.38226,85.2846
-171.467,-37.5413,1499.42,-0.839018,-4.7553,-166.711,-166.697,-0.775794,4.38071,85.2846
-171.467,-37.5557,1499.89,-0.915859,-4.75561,-166.711,-166.699,-0.0433721,4.38063,85.2846
-171.467,-37.5671,1500.36,-0.987468,-4.75552,-166.712,-166.699,0.0786982,4.38079,85.2956
-171.467,-37.5786,1500.88,-1.03573,-4.75529,-166.712,-166.699,-0.0433721,4.38071,85.2846
-171.467,-37.5913,1501.5,-1.03009,-4.75505,-166.712,-166.696,-0.287513,4.38013,85.2846
-171.467,-37.6068,1502,-1.08434,-4.75505,-166.712,-166.699,-0.104407,4.37992,85.2901
-171.467,-37.6191,1502.63,-1.07302,-4.75469,-166.712,-166.696,0.383874,4.38069,85.2846
-171.467,-37.6348,1503.25,-1.06366,-4.75462,-166.712,-166.697,0.139733,4.38097,85.2901
-171.467,-37.6505,1503.98,-1.00066,-4.75456,-166.712,-166.694,-0.0433721,4.38088,85.2901
-171.467,-37.669,1504.7,-0.944234,-4.75488,-166.712,-166.694,-0.348548,4.38019,85.2901
-171.467,-37.6872,1505.42,-0.888634,-4.75529,-166.711,-166.693,-0.470618,4.37924,85.2956
-171.467,-37.7055,1506.22,-0.788671,-4.75581,-166.71,-166.691,0.139733,4.37952,85.2901
-171.467,-37.7261,1506.98,-0.713645,-4.75673,-166.709,-166.691,0.139733,4.3798,85.2846
-171.467,-37.7456,1507.6,-0.720136,-4.75772,-166.709,-166.694,-0.226478,4.37935,85.2846
-171.467,-37.7609,1508.17,-0.74643,-4.75835,-166.708,-166.694,-0.409583,4.37853,85.2846
-171.467,-37.775,1508.71,-0.788391,-4.75883,-166.708,-166.694,0.139733,4.37882,85.2901
-171.467,-37.7884,1509.24,-0.834433,-4.75915,-166.708,-166.694,0.628015,4.38008,85.2846
-171.467,-37.8014,1509.75,-0.88975,-4.75936,-166.708,-166.695,1.05526,4.38219,85.2901
-171.467,-37.8139,1510.27,-0.942622,-4.75941,-166.708,-166.695,0.200769,4.38259,85.2901
-171.467,-37.8265,1510.88,-0.942895,-4.75936,-166.707,-166.692,-0.226478,4.38214,85.2901
-171.467,-37.8418,1511.37,-1.00432,-4.75952,-166.708,-166.695,-0.287513,4.38156,85.2846
-171.467,-37.8538,1511.87,-1.0651,-4.7593,-166.708,-166.695,-0.592689,4.38037,85.2846
-171.467,-37.8658,1512.27,-1.17041,-4.75895,-166.709,-166.698,-0.0433721,4.3803,85.2846
-171.467,-37.8754,1512.7,-1.25854,-4.75818,-166.71,-166.698,0.322839,4.38095,85.2846
-171.467,-37.8858,1513.17,-1.32765,-4.7573,-166.711,-166.698,-0.0433721,4.38087,85.2846
-171.467,-37.897,1513.69,-1.36839,-4.75634,-166.712,-166.698,0.628015,4.38212,85.2846
-171.467,-37.9097,1514.33,-1.34302,-4.75542,-166.712,-166.695,0.261804,4.38264,85.2901
-171.467,-37.9258,1515,-1.30307,-4.75484,-166.713,-166.695,-0.104407,4.38242,85.2901
-171.467,-37.9428,1515.69,-1.25226,-4.7544,-166.713,-166.695,-0.470618,4.38148,85.2846
-171.467,-37.9604,1516.48,-1.15384,-4.75411,-166.713,-166.693,-0.287513,4.3809,85.2846
-171.467,-37.9805,1517.15,-1.11726,-4.75425,-166.713,-166.696,-0.409583,4.38008,85.2846
-171.467,-37.9975,1517.81,-1.08463,-4.75419,-166.713,-166.696,0.261804,4.3806,85.2901
-171.467,-38.0144,1518.49,-1.04887,-4.75419,-166.713,-166.696,0.0176631,4.38064,85.2846
-171.467,-38.0314,1519.15,-1.02043,-4.75429,-166.713,-166.696,0.200769,4.38104,85.2846
-171.467,-38.0481,1519.8,-0.999124,-4.75441,-166.712,-166.696,-0.287513,4.38046,85.2846
-171.467,-38.0644,1520.44,-0.984782,-4.75455,-166.712,-166.696,0.0176631,4.3805,85.2846
-171.467,-38.0804,1520.97,-1.02551,-4.75469,-166.712,-166.699,-0.0433721,4.38042,85.2901
-171.467,-38.0935,1521.52,-1.05345,-4.75451,-166.713,-166.698,-0.226478,4.37997,85.2846
-171.467,-38.1072,1521.99,-1.12533,-4.75432,-166.713,-166.701,-0.0433721,4.37988,85.2846
-171.467,-38.1186,1522.58,-1.13344,-4.75378,-166.713,-166.698,0.0786982,4.38004,85.2846
-171.467,-38.1332,1523.3,-1.07234,-4.75351,-166.713,-166.695,0.200769,4.38044,85.2956
-171.467,-38.1515,1524.03,-1.00484,-4.75366,-166.713,-166.695,0.0176631,4.38048,85.2791
-171.467,-38.1703,1524.64,-1.00772,-4.75399,-166.713,-166.698,-0.531653,4.37941,85.2956
-171.467,-38.1853,1525.27,-0.996518,-4.754,-166.713,-166.697,-0.531653,4.37835,85.2901
-171.467,-38.2011,1525.81,-1.03045,-4.7541,-166.713,-166.699,-0.409583,4.37753,85.2901
-171.467,-38.2146,1526.36,-1.05962,-4.75393,-166.713,-166.699,0.0786982,4.37769,85.2901
-171.467,-38.2282,1526.85,-1.12343,-4.75373,-166.714,-166.701,0.322839,4.37834,85.2901
-171.467,-38.24,1527.37,-1.16436,-4.75324,-166.714,-166.7,0.139733,4.37861,85.2956
-171.467,-38.2529,1527.95,-1.17595,-4.75276,-166.715,-166.7,-0.104407,4.3784,85.2901
-171.467,-38.2673,1528.56,-1.17041,-4.75238,-166.715,-166.699,-0.592689,4.37721,85.2901
-171.467,-38.2826,1529.2,-1.15039,-4.75208,-166.715,-166.699,-0.104407,4.37701,85.2846
-171.467,-38.2987,1529.76,-1.17514,-4.75189,-166.716,-166.701,0.0786982,4.37717,85.2846
-171.467,-38.3124,1530.34,-1.18694,-4.75145,-166.716,-166.701,0.0176631,4.3772,85.2846
-171.467,-38.3268,1531.03,-1.1384,-4.75104,-166.716,-166.698,0.444909,4.37809,85.2846
-171.467,-38.3444,1531.72,-1.09044,-4.751,-166.716,-166.698,-0.104407,4.37788,85.2846
-171.467,-38.362,1532.32,-1.09386,-4.75105,-166.716,-166.701,0.0786982,4.37804,85.2956
-171.467,-38.3769,1533.05,-1.02649,-4.75087,-166.716,-166.697,0.200769,4.37844,85.2901
-171.467,-38.3956,1533.79,-0.959922,-4.75115,-166.715,-166.697,0.0786982,4.3786,85.2846
-171.467,-38.4144,1534.5,-0.90564,-4.75156,-166.715,-166.697,0.200769,4.379,85.2846
-171.467,-38.4325,1535.1,-0.913019,-4.75204,-166.715,-166.7,0.139733,4.37928,85.2846
-171.467,-38.4475,1535.61,-0.970979,-4.75224,-166.715,-166.702,-0.165442,4.37894,85.2846
-171.467,-38.4597,1536.12,-1.02026,-4.7521,-166.715,-166.702,-0.226478,4.37849,85.2846
-171.467,-38.4723,1536.65,-1.05964,-4.7519,-166.715,-166.702,-0.165442,4.37816,85.2846
-171.467,-38.4854,1537.2,-1.0891,-4.75165,-166.716,-166.701,-0.470618,4.37722,85.2956
-171.467,-38.499,1537.89,-1.04434,-4.75138,-166.715,-166.698,-0.104407,4.37701,85.2956
-171.467,-38.5165,1538.59,-0.996445,-4.75152,-166.715,-166.698,0.261804,4.37754,85.2956
-171.467,-38.5342,1539.31,-0.940468,-4.75178,-166.715,-166.697,0.383874,4.37831,85.2846
-171.467,-38.5524,1539.82,-0.993011,-4.75219,-166.715,-166.702,0.139733,4.37859,85.2901
-171.467,-38.5649,1540.36,-1.0283,-4.75202,-166.715,-166.701,-0.348548,4.37788,85.2901
-171.467,-38.5783,1541.02,-0.999585,-4.75186,-166.715,-166.698,-0.775794,4.37633,85.2901
-171.467,-38.595,1541.8,-0.911575,-4.75202,-166.714,-166.695,-0.348548,4.37563,85.2846
-171.467,-38.6149,1542.55,-0.843375,-4.75264,-166.714,-166.695,0.139733,4.37591,85.2846
-171.467,-38.6339,1543.25,-0.795378,-4.75331,-166.713,-166.696,0.68905,4.3773,85.2846
-171.467,-38.6518,1544.02,-0.719132,-4.754,-166.712,-166.694,0.444909,4.37819,85.2956
-171.467,-38.6714,1544.85,-0.608037,-4.75499,-166.711,-166.691,-0.104407,4.37797,85.2956
-171.467,-38.6928,1545.63,-0.531417,-4.75635,-166.709,-166.691,-0.714759,4.37654,85.2846
-171.467,-38.7126,1546.33,-0.496006,-4.75773,-166.708,-166.691,-0.531653,4.37547,85.2901
-171.467,-38.7303,1546.88,-0.538673,-4.75902,-166.707,-166.694,-0.0433721,4.37539,85.2901
-171.467,-38.7439,1547.4,-0.596651,-4.75988,-166.706,-166.694,0.0786982,4.37554,85.2846
-171.467,-38.7566,1547.79,-0.722293,-4.76055,-166.706,-166.697,0.444909,4.37643,85.2846
-171.467,-38.7656,1548.06,-0.90635,-4.76066,-166.707,-166.699,0.322839,4.37708,85.2846
-171.467,-38.7714,1548.35,-1.07388,-4.76012,-166.708,-166.699,-0.470618,4.37614,85.2901
-171.467,-38.7779,1548.88,-1.11504,-4.7593,-166.708,-166.694,-0.165442,4.37581,85.2901
-171.467,-38.7909,1549.42,-1.1462,-4.75893,-166.708,-166.694,0.0786982,4.37596,85.2901
-171.467,-38.8043,1549.99,-1.16678,-4.75854,-166.709,-166.694,0.200769,4.37637,85.2901
-171.467,-38.8183,1550.77,-1.07324,-4.75814,-166.709,-166.689,0.322839,4.37702,85.2846
-171.467,-38.8383,1551.51,-1.00157,-4.75843,-166.708,-166.69,0.0176631,4.37705,85.2846
-171.467,-38.8573,1552.22,-0.95185,-4.75878,-166.708,-166.69,0.0176631,4.37708,85.2846
-171.467,-38.8752,1552.88,-0.922716,-4.75915,-166.707,-166.691,-0.348548,4.37638,85.2901
-171.467,-38.892,1553.72,-0.808471,-4.75949,-166.707,-166.686,-0.287513,4.3758,85.2901
-171.467,-38.9134,1554.49,-0.726493,-4.76045,-166.706,-166.687,-0.104407,4.37559,85.2846
-171.467,-38.9333,1555.29,-0.635605,-4.76143,-166.704,-166.685,-0.0433721,4.37551,85.2846
-171.467,-38.9537,1556,-0.591605,-4.76266,-166.703,-166.686,0.200769,4.37591,85.2846
-171.467,-38.9717,1556.63,-0.589394,-4.76378,-166.702,-166.687,-0.226478,4.37546,85.2956
-171.467,-38.9876,1557.23,-0.607226,-4.76473,-166.701,-166.687,-0.165442,4.37513,85.2956
-171.467,-39.0024,1557.76,-0.658335,-4.76555,-166.701,-166.688,0.322839,4.37578,85.2791
-171.467,-39.0154,1558.22,-0.743062,-4.76612,-166.701,-166.689,-0.104407,4.37557,85.2846
-171.467,-39.0266,1558.65,-0.844557,-4.76637,-166.701,-166.69,-0.348548,4.37487,85.2901
-171.467,-39.0368,1559.17,-0.899573,-4.76632,-166.701,-166.688,-0.165442,4.37454,85.2901
-171.467,-39.0493,1559.66,-0.961698,-4.76635,-166.701,-166.688,0.0786982,4.3747,85.2901
-171.467,-39.0614,1560.13,-1.03495,-4.76622,-166.701,-166.689,0.261804,4.37522,85.2846
-171.467,-39.0728,1560.59,-1.11342,-4.76587,-166.702,-166.689,0.322839,4.37587,85.2846
-171.467,-39.0839,1561.05,-1.19222,-4.76534,-166.702,-166.69,-0.348548,4.37517,85.2846
-171.467,-39.0948,1561.51,-1.26711,-4.76464,-166.703,-166.691,-0.348548,4.37447,85.2956
-171.467,-39.1059,1562.01,-1.31827,-4.7638,-166.704,-166.69,-0.104407,4.37426,85.2956
-171.467,-39.1181,1562.52,-1.36222,-4.76295,-166.705,-166.691,-0.104407,4.37405,85.2901
-171.467,-39.1306,1562.97,-1.4379,-4.76204,-166.706,-166.694,-0.0433721,4.37396,85.2901
-171.467,-39.1414,1563.47,-1.48586,-4.76082,-166.707,-166.694,0.139733,4.37424,85.2846
-171.467,-39.1536,1564,-1.51547,-4.75962,-166.709,-166.694,0.444909,4.37513,85.2846
-171.467,-39.1667,1564.56,-1.52688,-4.75843,-166.71,-166.694,0.139733,4.37541,85.2846
-171.467,-39.1807,1565.16,-1.52085,-4.7573,-166.711,-166.695,-0.470618,4.37447,85.2901
-171.467,-39.1957,1565.8,-1.4913,-4.75624,-166.712,-166.694,-0.287513,4.37389,85.2956
-171.467,-39.2119,1566.59,-1.38638,-4.75536,-166.712,-166.692,0.0786982,4.37405,85.2901
-171.467,-39.2321,1567.29,-1.32743,-4.75501,-166.712,-166.694,0.139733,4.37433,85.2901
-171.467,-39.25,1568.11,-1.2118,-4.7546,-166.712,-166.692,0.200769,4.37473,85.2901
-171.467,-39.271,1568.93,-1.09503,-4.75469,-166.712,-166.691,-0.287513,4.37416,85.2846
-171.467,-39.2922,1569.63,-1.04702,-4.75503,-166.712,-166.694,-0.104407,4.37395,85.2956
-171.467,-39.3099,1570.24,-1.04223,-4.75518,-166.712,-166.696,-0.165442,4.37361,85.2846
-171.467,-39.3253,1570.95,-0.992392,-4.75515,-166.712,-166.694,-0.104407,4.3734,85.2956
-171.467,-39.3432,1571.56,-0.988657,-4.75542,-166.711,-166.696,-0.104407,4.3732,85.2956
-171.467,-39.3586,1572.17,-0.990629,-4.75551,-166.711,-166.696,0.0786982,4.37336,85.2846
-171.467,-39.3737,1572.77,-0.997337,-4.75556,-166.711,-166.696,0.383874,4.37413,85.2901
-171.467,-39.3886,1573.37,-1.00024,-4.75559,-166.711,-166.696,0.505944,4.37515,85.2901
-171.467,-39.4037,1574.07,-0.951168,-4.75561,-166.711,-166.694,0.139733,4.37543,85.2846
-171.467,-39.4216,1574.75,-0.918177,-4.75597,-166.711,-166.694,-0.531653,4.37435,85.2846
-171.467,-39.4386,1575.41,-0.892726,-4.75634,-166.71,-166.694,-0.836829,4.37268,85.2901
-171.467,-39.4553,1576.06,-0.87466,-4.75672,-166.71,-166.694,0.0786982,4.37284,85.2846
-171.467,-39.4716,1576.68,-0.872205,-4.75712,-166.71,-166.694,0.383874,4.3736,85.2956
-171.467,-39.4871,1577.21,-0.915813,-4.75745,-166.71,-166.696,0.0786982,4.37376,85.2846
-171.467,-39.5002,1577.73,-0.962873,-4.75749,-166.71,-166.696,0.0176631,4.37378,85.2846
-171.467,-39.5131,1578.25,-1.01076,-4.75742,-166.71,-166.696,0.0786982,4.37394,85.2901
-171.467,-39.5258,1578.79,-1.04936,-4.75724,-166.71,-166.696,-0.348548,4.37324,85.2846
-171.467,-39.539,1579.33,-1.0859,-4.75702,-166.71,-166.696,-0.409583,4.37242,85.2846
-171.467,-39.5522,1579.78,-1.16697,-4.75672,-166.711,-166.699,-0.226478,4.37196,85.2956
-171.467,-39.563,1580.38,-1.16835,-4.75607,-166.711,-166.696,0.505944,4.37297,85.2956
-171.467,-39.578,1580.89,-1.21567,-4.75574,-166.712,-166.698,0.383874,4.37374,85.2901
-171.467,-39.5905,1581.44,-1.24164,-4.75512,-166.712,-166.698,-0.0433721,4.37365,85.2901
-171.467,-39.6041,1582.12,-1.19988,-4.75454,-166.713,-166.695,0.139733,4.37393,85.2846
-171.467,-39.6213,1582.79,-1.15995,-4.75433,-166.713,-166.695,-0.226478,4.37347,85.2901
-171.467,-39.6384,1583.48,-1.11509,-4.75421,-166.713,-166.695,-0.165442,4.37314,85.2901
-171.467,-39.6558,1584.17,-1.06793,-4.75419,-166.713,-166.695,0.0176631,4.37318,85.2956
-171.467,-39.6734,1584.89,-1.01295,-4.75429,-166.712,-166.695,0.0786982,4.37334,85.2846
-171.467,-39.6915,1585.58,-0.970241,-4.75455,-166.712,-166.695,0.383874,4.37411,85.2901
-171.467,-39.709,1586.17,-0.980173,-4.75484,-166.712,-166.697,0.139733,4.37439,85.2846
-171.467,-39.7237,1586.75,-0.992976,-4.75488,-166.712,-166.697,-0.470618,4.37344,85.2846
-171.467,-39.7383,1587.33,-1.00771,-4.75489,-166.712,-166.697,-0.226478,4.37299,85.2901
-171.467,-39.7528,1587.93,-1.01535,-4.75486,-166.712,-166.697,-0.165442,4.37266,85.2846
-171.467,-39.7676,1588.52,-1.02477,-4.75485,-166.712,-166.697,-0.287513,4.37208,85.2901
-171.467,-39.7823,1589.31,-0.931312,-4.75481,-166.712,-166.692,0.68905,4.37347,85.2846
-171.467,-39.8025,1589.96,-0.909973,-4.7554,-166.711,-166.695,0.200769,4.37386,85.2846
-171.467,-39.8189,1590.6,-0.893376,-4.75572,-166.711,-166.695,0.0176631,4.3739,85.2901
-171.467,-39.8352,1591.15,-0.929938,-4.75607,-166.711,-166.697,-0.287513,4.37333,85.2901
-171.467,-39.8486,1591.7,-0.960855,-4.75611,-166.711,-166.697,-0.409583,4.3725,85.2846
-171.467,-39.8623,1592.25,-0.993567,-4.75611,-166.711,-166.697,0.0786982,4.37266,85.2846
-171.467,-39.8758,1592.8,-1.02631,-4.75602,-166.711,-166.697,0.444909,4.37355,85.2846
-171.467,-39.8893,1593.38,-1.04143,-4.75587,-166.711,-166.696,0.505944,4.37457,85.2846
-171.467,-39.9037,1593.96,-1.05731,-4.75576,-166.711,-166.697,0.261804,4.37509,85.2846
-171.467,-39.918,1594.62,-1.02454,-4.75561,-166.711,-166.694,0.261804,4.37561,85.2846
-171.467,-39.935,1595.28,-1.00155,-4.75575,-166.711,-166.695,-0.104407,4.3754,85.2846
-171.467,-39.9514,1596,-0.939562,-4.75589,-166.711,-166.693,-0.470618,4.37446,85.2846
-171.467,-39.9699,1596.7,-0.897059,-4.75633,-166.71,-166.693,0.139733,4.37475,85.2846
-171.467,-39.9875,1597.36,-0.872995,-4.75678,-166.71,-166.693,0.322839,4.3754,85.2846
-171.467,-40.0041,1597.9,-0.914058,-4.7572,-166.71,-166.696,0.444909,4.37629,85.2956
-171.467,-40.0173,1598.45,-0.942915,-4.75725,-166.71,-166.696,-0.226478,4.37584,85.2956
-171.467,-40.0311,1599.12,-0.912463,-4.7573,-166.709,-166.693,-0.348548,4.37514,85.2956
-171.467,-40.0481,1599.76,-0.899041,-4.75766,-166.709,-166.693,0.0176631,4.37517,85.2846
-171.467,-40.0641,1600.28,-0.949077,-4.75799,-166.709,-166.696,0.261804,4.3757,85.2901
-171.467,-40.0768,1600.81,-0.993147,-4.75794,-166.709,-166.696,-0.348548,4.375,85.2901
-171.467,-40.0898,1601.35,-1.02996,-4.75781,-166.709,-166.695,0.322839,4.37565,85.2846
-171.467,-40.1031,1601.89,-1.06699,-4.75764,-166.71,-166.696,0.56698,4.37679,85.2846
-171.467,-40.1163,1602.43,-1.10201,-4.75738,-166.71,-166.696,0.139733,4.37707,85.2901
-171.467,-40.1296,1602.99,-1.12523,-4.75705,-166.71,-166.696,-0.287513,4.37649,85.2901
-171.467,-40.1435,1603.57,-1.13748,-4.75672,-166.711,-166.696,-0.653724,4.37518,85.2956
-171.467,-40.158,1604.18,-1.13176,-4.75642,-166.711,-166.695,-0.409583,4.37436,85.2846
-171.467,-40.1733,1604.79,-1.12698,-4.7562,-166.711,-166.695,0.628015,4.37562,85.2846
-171.467,-40.1887,1605.42,-1.11501,-4.756,-166.711,-166.695,0.81112,4.37724,85.2846
-171.467,-40.2044,1605.95,-1.1538,-4.75585,-166.712,-166.698,0.200769,4.37764,85.2901
-171.467,-40.2174,1606.6,-1.12797,-4.7554,-166.712,-166.695,-0.409583,4.37681,85.2846
-171.467,-40.2338,1607.25,-1.10554,-4.75527,-166.712,-166.695,-0.0433721,4.37673,85.2846
-171.467,-40.2501,1607.89,-1.08674,-4.75519,-166.712,-166.696,-0.165442,4.3764,85.2846
-171.467,-40.2662,1608.54,-1.06362,-4.75514,-166.712,-166.695,0.261804,4.37692,85.2846
-171.467,-40.2826,1609.18,-1.04611,-4.75515,-166.712,-166.696,0.139733,4.3772,85.2901
-171.467,-40.2987,1609.82,-1.0262,-4.75518,-166.712,-166.695,0.261804,4.37773,85.2846
-171.467,-40.3149,1610.46,-1.01323,-4.75526,-166.712,-166.696,0.200769,4.37813,85.2846
-171.467,-40.3308,1611.09,-0.998344,-4.75533,-166.712,-166.695,0.0786982,4.37828,85.2901
-171.467,-40.3468,1611.63,-1.03906,-4.75544,-166.712,-166.698,0.0786982,4.37844,85.2901
-171.467,-40.3599,1612.18,-1.06729,-4.75523,-166.712,-166.698,0.0786982,4.3786,85.2901
-171.467,-40.3736,1612.75,-1.0839,-4.75501,-166.712,-166.697,-0.104407,4.37839,85.2901
-171.467,-40.3879,1613.35,-1.08999,-4.75481,-166.712,-166.697,-0.104407,4.37818,85.2846
-171.467,-40.4027,1613.85,-1.14277,-4.75463,-166.713,-166.7,0.383874,4.37895,85.2846
-171.467,-40.415,1614.41,-1.16676,-4.75414,-166.713,-166.699,0.444909,4.37984,85.2846
-171.467,-40.4288,1614.89,-1.22996,-4.75373,-166.714,-166.701,0.56698,4.38098,85.2846
-171.467,-40.4404,1615.4,-1.27336,-4.75301,-166.715,-166.701,0.261804,4.38151,85.2901
-171.467,-40.4531,1615.97,-1.28959,-4.75228,-166.715,-166.7,-0.348548,4.38081,85.2846
-171.467,-40.4671,1616.56,-1.28968,-4.75164,-166.716,-166.7,-0.287513,4.38023,85.2846
-171.467,-40.482,1617.2,-1.26757,-4.75107,-166.716,-166.7,0.0786982,4.38038,85.2901
-171.467,-40.4981,1617.88,-1.22744,-4.75063,-166.717,-166.699,0.0786982,4.38054,85.2846
-171.467,-40.5151,1618.47,-1.23004,-4.75036,-166.717,-166.702,0.628015,4.3818,85.2846
-171.467,-40.5299,1619.09,-1.2191,-4.74989,-166.717,-166.701,0.139733,4.38208,85.2901
-171.467,-40.5454,1619.84,-1.1405,-4.74951,-166.717,-166.698,0.0176631,4.38211,85.2901
-171.467,-40.5646,1620.49,-1.11399,-4.74959,-166.717,-166.701,-0.531653,4.38104,85.2846
-171.467,-40.581,1621.06,-1.13159,-4.74951,-166.718,-166.703,-0.714759,4.3796,85.2956
-171.467,-40.5952,1621.78,-1.07218,-4.74919,-166.718,-166.7,-0.287513,4.37903,85.2846
-171.467,-40.6134,1622.49,-1.0156,-4.74933,-166.717,-166.7,0.322839,4.37967,85.2846
-171.467,-40.6315,1623.2,-0.964321,-4.74958,-166.717,-166.699,0.994226,4.38166,85.2846
-171.467,-40.6494,1624.01,-0.856227,-4.74992,-166.716,-166.696,0.56698,4.3828,85.2846
-171.467,-40.6704,1624.88,-0.722758,-4.75074,-166.715,-166.694,-0.287513,4.38222,85.2901
-171.467,-40.6929,1625.71,-0.61613,-4.75195,-166.714,-166.694,-0.592689,4.38103,85.2846
-171.467,-40.7142,1626.38,-0.59435,-4.75328,-166.713,-166.697,-0.836829,4.37936,85.2901
-171.467,-40.731,1627.11,-0.540614,-4.75429,-166.711,-166.694,-0.165442,4.37903,85.2901
-171.467,-40.7496,1627.79,-0.512659,-4.75556,-166.71,-166.694,0.56698,4.38016,85.2846
-171.467,-40.7668,1628.32,-0.565408,-4.75678,-166.709,-166.697,0.628015,4.38142,85.2901
-171.467,-40.7798,1628.74,-0.67559,-4.75753,-166.709,-166.699,0.444909,4.38231,85.2846
-171.467,-40.7897,1629.15,-0.788479,-4.7578,-166.709,-166.699,-0.409583,4.38149,85.2846
-171.467,-40.7994,1629.65,-0.850978,-4.75783,-166.709,-166.696,-0.592689,4.38029,85.2846
-171.467,-40.8115,1630.16,-0.909162,-4.75792,-166.709,-166.696,-0.409583,4.37947,85.2846
-171.467,-40.8239,1630.56,-1.01786,-4.75792,-166.71,-166.699,0.0786982,4.37962,85.2901
-171.467,-40.8334,1631,-1.10623,-4.75747,-166.71,-166.698,0.505944,4.38064,85.2901
-171.467,-40.844,1631.57,-1.12569,-4.75691,-166.71,-166.696,0.81112,4.38226,85.2846
-171.467,-40.858,1632.05,-1.19094,-4.75661,-166.711,-166.698,0.200769,4.38267,85.2846
-171.467,-40.8697,1632.55,-1.24223,-4.75597,-166.712,-166.698,-0.348548,4.38197,85.2846
-171.467,-40.8819,1632.99,-1.32674,-4.75527,-166.713,-166.701,-0.897864,4.38018,85.2846
-171.467,-40.8924,1633.47,-1.38531,-4.75425,-166.714,-166.701,-0.592689,4.37899,85.2956
-171.467,-40.9041,1634.03,-1.40258,-4.75321,-166.715,-166.7,0.68905,4.38037,85.2901
-171.467,-40.918,1634.64,-1.39131,-4.75231,-166.715,-166.699,0.628015,4.38163,85.2901
-171.467,-40.9333,1635.39,-1.30817,-4.75156,-166.716,-166.696,0.505944,4.38265,85.2846
-171.467,-40.9525,1636.05,-1.27356,-4.7513,-166.716,-166.699,-0.348548,4.38195,85.2901
-171.467,-40.9692,1636.56,-1.31942,-4.7509,-166.717,-166.703,-0.714759,4.38052,85.2846
-171.467,-40.9817,1637.11,-1.34056,-4.75007,-166.718,-166.703,-0.287513,4.37994,85.2956
-171.467,-40.9954,1637.74,-1.32325,-4.74929,-166.718,-166.702,-0.104407,4.37973,85.2956
-171.467,-41.0111,1638.3,-1.33829,-4.74872,-166.719,-166.704,0.383874,4.3805,85.2956
-171.467,-41.0251,1638.94,-1.31396,-4.74796,-166.72,-166.703,0.444909,4.38139,85.2901
-171.467,-41.0412,1639.54,-1.31371,-4.74743,-166.72,-166.704,0.139733,4.38167,85.2901
-171.467,-41.0561,1640.28,-1.2363,-4.7468,-166.72,-166.701,0.200769,4.38207,85.2901
-171.467,-41.075,1641.05,-1.14614,-4.74667,-166.72,-166.701,-0.0433721,4.38199,85.2901
-171.467,-41.0948,1641.93,-1.00149,-4.74678,-166.72,-166.698,-0.958899,4.38006,85.2956
-171.467,-41.1175,1642.81,-0.858958,-4.74743,-166.719,-166.697,-0.470618,4.37912,85.2901
-171.467,-41.1403,1643.66,-0.733648,-4.74839,-166.717,-166.697,0.994226,4.38112,85.2901
-171.467,-41.1623,1644.48,-0.629681,-4.74954,-166.716,-166.697,1.36044,4.38385,85.2846
-171.467,-41.1834,1645.25,-0.557452,-4.75082,-166.715,-166.697,0.139733,4.38413,85.2846
-171.467,-41.2029,1645.97,-0.508683,-4.75213,-166.714,-166.697,-0.531653,4.38306,85.2846
-171.467,-41.2212,1646.63,-0.491176,-4.75344,-166.712,-166.697,-0.775794,4.38151,85.2956
-171.467,-41.238,1647.18,-0.534771,-4.75466,-166.711,-166.698,-0.226478,4.38105,85.2846
-171.467,-41.2515,1647.79,-0.547364,-4.75552,-166.71,-166.696,-0.226478,4.3806,85.2846
-171.467,-41.2666,1648.26,-0.631527,-4.75649,-166.71,-166.699,0.200769,4.381,85.2846
-171.467,-41.2779,1648.82,-0.667704,-4.75697,-166.709,-166.696,0.872155,4.38275,85.2901
-171.467,-41.2916,1649.26,-0.760285,-4.75758,-166.709,-166.698,0.628015,4.38401,85.2956
-171.467,-41.3023,1649.83,-0.790899,-4.75775,-166.709,-166.695,0.0176631,4.38404,85.2901
-171.467,-41.3162,1650.38,-0.826142,-4.75811,-166.709,-166.695,-0.714759,4.38261,85.2846
-171.467,-41.3299,1650.82,-0.920027,-4.75839,-166.709,-166.697,-0.104407,4.3824,85.2846
-171.467,-41.3403,1651.17,-1.05793,-4.75821,-166.709,-166.7,-0.287513,4.38182,85.2901
-171.467,-41.3483,1651.56,-1.16919,-4.75754,-166.71,-166.699,0.200769,4.38223,85.2846
-171.467,-41.3576,1651.99,-1.26006,-4.75675,-166.711,-166.699,0.383874,4.38299,85.2956
-171.467,-41.3678,1652.57,-1.26537,-4.75585,-166.712,-166.696,-0.104407,4.38279,85.2956
-171.467,-41.3824,1653.21,-1.24721,-4.7553,-166.712,-166.696,-0.0433721,4.38271,85.2956
-171.467,-41.3983,1653.97,-1.16131,-4.75489,-166.712,-166.693,-0.409583,4.38188,85.2901
-171.467,-41.4178,1654.82,-1.03146,-4.75496,-166.711,-166.69,-0.287513,4.38131,85.2901
-171.467,-41.4398,1655.73,-0.871408,-4.75549,-166.71,-166.688,0.0786982,4.38146,85.2901
-171.467,-41.4635,1656.69,-0.695072,-4.7565,-166.709,-166.686,-0.287513,4.38088,85.2901
-171.467,-41.4883,1657.66,-0.514656,-4.75796,-166.707,-166.684,0.261804,4.3814,85.2901
-171.467,-41.5135,1658.43,-0.437993,-4.75982,-166.706,-166.687,0.505944,4.38242,85.2846
-171.467,-41.5334,1659.21,-0.363838,-4.76141,-166.704,-166.686,0.505944,4.38344,85.2901
-171.467,-41.5532,1659.9,-0.337886,-4.76314,-166.702,-166.686,-0.409583,4.38262,85.2956
-171.467,-41.5706,1660.52,-0.347154,-4.76473,-166.701,-166.686,-1.26408,4.38008,85.2901
-171.467,-41.5862,1661.07,-0.395319,-4.76615,-166.7,-166.687,0.322839,4.38072,85.2901
-171.467,-41.5997,1661.54,-0.482783,-4.76729,-166.699,-166.688,1.1163,4.38296,85.2901
-171.467,-41.611,1661.97,-0.592336,-4.76809,-166.698,-166.688,0.81112,4.38459,85.2901
-171.467,-41.6211,1662.36,-0.716121,-4.76855,-166.698,-166.688,-0.165442,4.38425,85.2956
-171.467,-41.6302,1662.75,-0.838347,-4.76869,-166.698,-166.688,-0.592689,4.38307,85.2846
-171.467,-41.6393,1663.12,-0.969976,-4.76856,-166.699,-166.689,-0.226478,4.38262,85.2846
-171.467,-41.6478,1663.48,-1.10291,-4.76811,-166.7,-166.69,-0.226478,4.38216,85.2846
-171.467,-41.6561,1663.75,-1.27859,-4.76738,-166.701,-166.693,-0.165442,4.38183,85.2901
-171.467,-41.6619,1664.16,-1.37563,-4.76608,-166.702,-166.69,0.322839,4.38248,85.2846
-171.467,-41.6717,1664.6,-1.45793,-4.7649,-166.703,-166.691,0.872155,4.38423,85.2846
-171.467,-41.6821,1665.06,-1.52273,-4.76362,-166.705,-166.692,0.139733,4.38451,85.2846
-171.467,-41.6934,1665.67,-1.51238,-4.76227,-166.706,-166.689,-0.470618,4.38357,85.2956
-171.467,-41.7086,1666.41,-1.43096,-4.76126,-166.706,-166.687,-0.836829,4.38189,85.2846
-171.467,-41.7275,1667.23,-1.30966,-4.76072,-166.706,-166.685,-0.836829,4.3802,85.2846
-171.467,-41.7487,1668.02,-1.20837,-4.76063,-166.706,-166.686,0.444909,4.38109,85.2901
-171.467,-41.769,1668.7,-1.16842,-4.76066,-166.706,-166.689,0.872155,4.38284,85.2901
-171.467,-41.7861,1669.39,-1.12437,-4.76052,-166.706,-166.689,0.505944,4.38386,85.2956
-171.467,-41.8035,1670.17,-1.03059,-4.76049,-166.706,-166.687,-0.348548,4.38316,85.2901
-171.467,-41.8236,1671.01,-0.908522,-4.76087,-166.705,-166.685,-0.592689,4.38197,85.2901
-171.467,-41.8453,1671.8,-0.81721,-4.76164,-166.705,-166.685,-0.714759,4.38053,85.2846
-171.467,-41.8656,1672.43,-0.813147,-4.76247,-166.704,-166.689,0.0786982,4.38068,85.2846
-171.467,-41.8813,1673.02,-0.825201,-4.76294,-166.704,-166.689,0.56698,4.38182,85.2846
-171.467,-41.8961,1673.49,-0.906843,-4.76331,-166.704,-166.692,0.139733,4.38209,85.2901
-171.467,-41.9072,1674.04,-0.938254,-4.76321,-166.704,-166.69,0.383874,4.38286,85.2956
-171.467,-41.9209,1674.69,-0.918999,-4.76326,-166.703,-166.687,0.0786982,4.38302,85.2901
-171.467,-41.9373,1675.31,-0.914796,-4.76357,-166.703,-166.688,-0.531653,4.38196,85.2901
-171.467,-41.9529,1675.93,-0.915771,-4.76381,-166.703,-166.688,-0.592689,4.38077,85.2901
-171.467,-41.9682,1676.51,-0.929371,-4.76404,-166.703,-166.688,0.0786982,4.38092,85.2846
-171.467,-41.9828,1677.07,-0.961163,-4.76419,-166.703,-166.689,0.93319,4.3828,85.2901
-171.467,-41.9965,1677.61,-0.998354,-4.76419,-166.703,-166.689,0.444909,4.38369,85.2846
-171.467,-42.0098,1678.13,-1.04616,-4.76408,-166.703,-166.69,0.261804,4.38422,85.2846
-171.467,-42.0225,1678.54,-1.14862,-4.76382,-166.704,-166.693,-0.592689,4.38302,85.2846
-171.467,-42.0323,1678.96,-1.2424,-4.76311,-166.705,-166.693,-0.836829,4.38135,85.2956
-171.467,-42.0424,1679.62,-1.21185,-4.76224,-166.705,-166.688,-0.409583,4.38052,85.2901
-171.467,-42.059,1680.18,-1.23221,-4.76197,-166.706,-166.691,-0.0433721,4.38043,85.2846
-171.467,-42.0729,1680.65,-1.30115,-4.76143,-166.706,-166.694,0.139733,4.38072,85.2846
-171.467,-42.0842,1681.15,-1.34928,-4.76055,-166.707,-166.694,0.68905,4.3821,85.2846
-171.467,-42.0966,1681.68,-1.3847,-4.75963,-166.708,-166.694,0.628015,4.38336,85.2846
-171.467,-42.1095,1682.14,-1.45539,-4.7587,-166.71,-166.697,-0.409583,4.38254,85.2846
-171.467,-42.1206,1682.64,-1.50186,-4.75747,-166.711,-166.697,-0.409583,4.38173,85.2901
-171.467,-42.1328,1683.29,-1.46857,-4.75624,-166.712,-166.694,-0.226478,4.38127,85.2901
-171.467,-42.1492,1683.97,-1.4175,-4.75542,-166.712,-166.694,-0.0433721,4.38118,85.2846
-171.467,-42.1666,1684.58,-1.40969,-4.7548,-166.713,-166.697,0.628015,4.38244,85.2846
-171.467,-42.1818,1685.3,-1.34002,-4.75399,-166.713,-166.695,0.994226,4.38443,85.2901
-171.467,-42.2002,1685.95,-1.31043,-4.75361,-166.714,-166.697,0.261804,4.38496,85.2846
-171.467,-42.2166,1686.62,-1.27394,-4.75312,-166.714,-166.697,-0.0433721,4.38487,85.2846
-171.467,-42.2334,1687.4,-1.17687,-4.75273,-166.714,-166.694,-0.836829,4.38319,85.2846
-171.467,-42.2535,1688.17,-1.08998,-4.75281,-166.714,-166.695,-0.592689,4.382,85.2846
-171.467,-42.2731,1688.91,-1.01529,-4.75303,-166.714,-166.695,0.261804,4.38252,85.2901
-171.467,-42.2922,1689.75,-0.89837,-4.75336,-166.713,-166.692,0.56698,4.38366,85.2901
-171.467,-42.3136,1690.55,-0.801152,-4.75413,-166.712,-166.693,0.750085,4.38516,85.2901
-171.467,-42.3341,1691.29,-0.73325,-4.75501,-166.711,-166.693,-0.226478,4.3847,85.2956
-171.467,-42.3532,1692.02,-0.678283,-4.75593,-166.71,-166.693,-0.592689,4.38352,85.2846
-171.467,-42.3717,1692.6,-0.701843,-4.7569,-166.71,-166.695,-0.714759,4.38208,85.2846
-171.467,-42.3861,1693.06,-0.789654,-4.75749,-166.709,-166.698,-0.592689,4.38089,85.2846
-171.467,-42.397,1693.41,-0.927543,-4.75761,-166.71,-166.7,0.0176631,4.38092,85.2846
-171.467,-42.4052,1693.89,-0.995627,-4.75723,-166.71,-166.698,1.17733,4.38329,85.2901
-171.467,-42.4169,1694.4,-1.05113,-4.75699,-166.71,-166.697,0.750085,4.3848,85.2901
-171.467,-42.4292,1695.02,-1.04496,-4.75669,-166.71,-166.695,-0.348548,4.38409,85.2956
-171.467,-42.4447,1695.66,-1.02857,-4.75667,-166.71,-166.694,-0.165442,4.38377,85.2846
-171.467,-42.4607,1696.1,-1.11664,-4.75672,-166.711,-166.699,-0.287513,4.38319,85.2846
-171.467,-42.4712,1696.56,-1.19021,-4.75615,-166.712,-166.699,-0.287513,4.38262,85.2901
-171.467,-42.4824,1697.06,-1.23952,-4.75546,-166.712,-166.699,0.56698,4.38375,85.2846
-171.467,-42.4948,1697.6,-1.27357,-4.75478,-166.713,-166.699,0.750085,4.38526,85.2846
-171.467,-42.508,1698.16,-1.29274,-4.7541,-166.714,-166.699,-0.348548,4.38456,85.2956
-171.467,-42.5218,1698.87,-1.2337,-4.75343,-166.714,-166.696,-0.409583,4.38374,85.2956
-171.467,-42.5399,1699.57,-1.17634,-4.75322,-166.714,-166.696,0.0176631,4.38378,85.2901
-171.467,-42.5579,1700.39,-1.0665,-4.75313,-166.713,-166.693,-0.165442,4.38345,85.2846
-171.467,-42.5787,1701.07,-1.02298,-4.7535,-166.713,-166.696,-0.531653,4.38238,85.2901
-171.467,-42.5962,1701.76,-0.980247,-4.75367,-166.713,-166.696,-0.0433721,4.38229,85.2846
-171.467,-42.6137,1702.34,-0.996347,-4.75395,-166.713,-166.698,1.23837,4.38477,85.2846
-171.467,-42.6281,1703.03,-0.956516,-4.75393,-166.713,-166.696,0.68905,4.38616,85.2846
-171.467,-42.6454,1703.6,-0.976554,-4.75425,-166.713,-166.698,-0.0433721,4.38607,85.2901
-171.467,-42.6596,1704.19,-0.989122,-4.75426,-166.713,-166.698,-0.775794,4.38452,85.2846
-171.467,-42.6742,1704.86,-0.954802,-4.75428,-166.712,-166.696,-0.775794,4.38296,85.2901
-171.467,-42.6913,1705.53,-0.923864,-4.75456,-166.712,-166.695,0.0176631,4.38299,85.2901
-171.467,-42.7082,1706.21,-0.889197,-4.7549,-166.712,-166.695,0.322839,4.38363,85.2846
-171.467,-42.7254,1706.96,-0.822022,-4.75534,-166.711,-166.693,0.68905,4.38501,85.2956
-171.467,-42.7443,1707.78,-0.715838,-4.75607,-166.71,-166.69,0.56698,4.38615,85.2846
-171.467,-42.7654,1708.44,-0.695869,-4.75717,-166.709,-166.693,0.261804,4.38667,85.2901
-171.467,-42.7821,1709.07,-0.692988,-4.75796,-166.708,-166.693,-0.653724,4.38536,85.2901
-171.467,-42.7978,1709.65,-0.713222,-4.75869,-166.708,-166.693,-0.592689,4.38417,85.2901
-171.467,-42.8123,1710.22,-0.744513,-4.75926,-166.707,-166.693,0.200769,4.38457,85.2901
-171.467,-42.8263,1710.85,-0.73582,-4.75973,-166.707,-166.691,0.200769,4.38498,85.2901
-171.467,-42.8423,1711.46,-0.744213,-4.76038,-166.706,-166.691,0.68905,4.38636,85.2901
-171.467,-42.8574,1711.95,-0.815004,-4.76094,-166.706,-166.694,0.200769,4.38677,85.2901
-171.467,-42.8692,1712.41,-0.894198,-4.76109,-166.706,-166.694,-0.104407,4.38656,85.2846
-171.467,-42.8805,1712.87,-0.977099,-4.76104,-166.706,-166.694,-0.592689,4.38538,85.2956
-171.467,-42.8914,1713.36,-1.04285,-4.76078,-166.707,-166.694,-0.348548,4.38468,85.2846
-171.467,-42.9032,1713.84,-1.10728,-4.76045,-166.707,-166.694,0.0786982,4.38483,85.2846
-171.467,-42.915,1714.33,-1.16704,-4.76,-166.708,-166.695,0.261804,4.38536,85.2846
-171.467,-42.9269,1714.83,-1.21971,-4.75944,-166.708,-166.695,0.750085,4.38687,85.2956
-171.467,-42.9392,1715.38,-1.24724,-4.75878,-166.709,-166.694,0.200769,4.38728,85.2846
-171.467,-42.9527,1715.94,-1.26818,-4.75818,-166.709,-166.695,-0.836829,4.3856,85.2846
-171.467,-42.9665,1716.42,-1.33008,-4.75757,-166.71,-166.697,-0.714759,4.38416,85.2956
-171.467,-42.9782,1717.05,-1.30935,-4.75664,-166.711,-166.694,-0.226478,4.38371,85.2956
-171.467,-42.9941,1717.6,-1.33285,-4.75611,-166.712,-166.697,0.444909,4.3846,85.2901
-171.467,-43.0078,1718.28,-1.28644,-4.75534,-166.712,-166.694,0.56698,4.38574,85.2901
-171.467,-43.0251,1718.98,-1.23216,-4.75497,-166.712,-166.694,0.444909,4.38662,85.2846
-171.467,-43.0428,1719.68,-1.18083,-4.75475,-166.712,-166.695,0.261804,4.38714,85.2846
-171.467,-43.0605,1720.37,-1.1341,-4.75463,-166.712,-166.695,-0.0433721,4.38707,85.2846
-171.467,-43.078,1721.07,-1.08511,-4.75459,-166.712,-166.695,-0.470618,4.38612,85.2901
-171.467,-43.0957,1721.67,-1.08498,-4.75466,-166.712,-166.697,-0.470618,4.38518,85.2846
-171.467,-43.1109,1722.28,-1.08458,-4.75452,-166.713,-166.697,0.200769,4.38558,85.2846
-171.467,-43.126,1722.98,-1.03537,-4.75439,-166.712,-166.695,0.628015,4.38684,85.2956
-171.467,-43.1438,1723.6,-1.02915,-4.75456,-166.712,-166.697,0.81112,4.38847,85.2956
-171.467,-43.1593,1724.23,-1.01831,-4.75458,-166.712,-166.696,0.139733,4.38875,85.2901
-171.467,-43.1751,1724.77,-1.05233,-4.75463,-166.713,-166.699,-0.470618,4.3878,85.2846
-171.467,-43.1885,1725.32,-1.08103,-4.75441,-166.713,-166.699,-0.409583,4.38698,85.2901
-171.467,-43.2021,1725.9,-1.09612,-4.75417,-166.713,-166.698,0.200769,4.38738,85.2846
-171.467,-43.2164,1726.48,-1.10662,-4.75393,-166.713,-166.698,-0.226478,4.38692,85.2846
-171.467,-43.231,1727.09,-1.10508,-4.7537,-166.713,-166.698,0.200769,4.38732,85.2901
-171.467,-43.2462,1727.81,-1.04492,-4.75352,-166.713,-166.695,0.750085,4.38882,85.2956
-171.467,-43.2645,1728.54,-0.979523,-4.75373,-166.713,-166.695,0.322839,4.38947,85.2901
-171.467,-43.2831,1729.27,-0.921038,-4.7541,-166.712,-166.695,-0.470618,4.38853,85.2901
-171.467,-43.3015,1729.97,-0.871834,-4.75456,-166.712,-166.694,-0.653724,4.38722,85.2901
-171.467,-43.3194,1730.65,-0.840689,-4.7551,-166.711,-166.695,-0.226478,4.38677,85.2901
-171.467,-43.3365,1731.31,-0.818745,-4.75561,-166.711,-166.695,0.444909,4.38766,85.2846
-171.467,-43.3531,1731.84,-0.862438,-4.75615,-166.711,-166.697,0.750085,4.38916,85.2791
-171.467,-43.3662,1732.44,-0.87003,-4.7563,-166.71,-166.695,0.93319,4.39103,85.2791
-171.467,-43.3812,1733.02,-0.888389,-4.7566,-166.71,-166.696,-0.287513,4.39046,85.2846
-171.467,-43.3956,1733.6,-0.906903,-4.7568,-166.71,-166.695,-1.20304,4.38805,85.2846
-171.467,-43.41,1734.16,-0.933106,-4.75697,-166.71,-166.696,-1.08097,4.38588,85.2846
-171.467,-43.4239,1734.72,-0.964562,-4.75705,-166.71,-166.696,-0.348548,4.38519,85.2846
-171.467,-43.4376,1735.26,-0.998921,-4.75704,-166.71,-166.696,0.872155,4.38693,85.2846
-171.467,-43.451,1735.71,-1.08267,-4.75694,-166.711,-166.699,1.48251,4.38991,85.2846
-171.467,-43.4618,1736.18,-1.15427,-4.75645,-166.711,-166.699,0.444909,4.3908,85.2956
-171.467,-43.4732,1736.7,-1.19605,-4.75586,-166.712,-166.698,-0.409583,4.38997,85.2956
-171.467,-43.486,1737.28,-1.21042,-4.7553,-166.712,-166.697,-0.775794,4.38842,85.2901
-171.467,-43.5002,1737.88,-1.20925,-4.75484,-166.713,-166.697,-0.592689,4.38723,85.2846
-171.467,-43.5153,1738.4,-1.25102,-4.75444,-166.713,-166.699,-0.226478,4.38678,85.2846
-171.467,-43.528,1738.85,-1.32539,-4.75377,-166.714,-166.702,0.261804,4.3873,85.2846
-171.467,-43.539,1739.35,-1.3735,-4.7528,-166.715,-166.701,0.56698,4.38844,85.2846
-171.467,-43.5513,1739.9,-1.39656,-4.75183,-166.716,-166.701,0.56698,4.38958,85.2901
-171.467,-43.5649,1740.6,-1.34045,-4.75093,-166.717,-166.698,0.0786982,4.38974,85.2956
-171.467,-43.5826,1741.34,-1.26125,-4.75048,-166.717,-166.698,-0.592689,4.38854,85.2956
-171.467,-43.6016,1742,-1.22995,-4.7503,-166.717,-166.7,-0.714759,4.38711,85.2901
-171.467,-43.6182,1742.69,-1.18282,-4.74999,-166.717,-166.7,-0.409583,4.38629,85.2901
-171.467,-43.6356,1743.49,-1.07651,-4.74984,-166.717,-166.697,0.200769,4.38669,85.2846
-171.467,-43.6563,1744.19,-1.03055,-4.75016,-166.717,-166.699,1.17733,4.38906,85.2901
-171.467,-43.6739,1744.89,-0.980656,-4.75034,-166.716,-166.699,0.383874,4.38983,85.2901
-171.467,-43.6917,1745.6,-0.930015,-4.75064,-166.716,-166.698,-0.226478,4.38937,85.2956
-171.467,-43.7096,1746.41,-0.825372,-4.75105,-166.715,-166.695,-0.531653,4.38831,85.2901
-171.467,-43.7305,1747.19,-0.738152,-4.75193,-166.714,-166.695,-0.775794,4.38675,85.2956
-171.467,-43.7506,1747.96,-0.662644,-4.75291,-166.713,-166.695,-0.714759,4.38532,85.2846
-171.467,-43.7701,1748.67,-0.617091,-4.754,-166.712,-166.695,0.56698,4.38645,85.2846
-171.467,-43.7882,1749.34,-0.592045,-4.75507,-166.711,-166.695,0.872155,4.3882,85.2846
-171.467,-43.8052,1749.97,-0.594602,-4.75611,-166.71,-166.695,0.0176631,4.38824,85.2901
-171.467,-43.8208,1750.47,-0.661689,-4.75702,-166.709,-166.697,-0.287513,4.38766,85.2956
-171.467,-43.8329,1750.97,-0.723552,-4.75751,-166.709,-166.697,-0.592689,4.38647,85.2846
-171.467,-43.8453,1751.37,-0.843137,-4.7579,-166.709,-166.699,-0.0433721,4.38639,85.2846
-171.467,-43.8545,1751.69,-0.997158,-4.75777,-166.71,-166.701,0.139733,4.38667,85.2846
-171.467,-43.8617,1752.04,-1.13173,-4.75717,-166.711,-166.701,0.68905,4.38805,85.2846
-171.467,-43.8698,1752.43,-1.24337,-4.75637,-166.712,-166.701,0.994226,4.39005,85.2956
-171.467,-43.879,1752.99,-1.2656,-4.75541,-166.712,-166.697,0.383874,4.39082,85.2956
-171.467,-43.8927,1753.59,-1.26032,-4.7548,-166.713,-166.697,-0.714759,4.38938,85.2956
-171.467,-43.9079,1754.25,-1.23185,-4.7543,-166.713,-166.696,-1.08097,4.38721,85.2791
-171.467,-43.9244,1754.7,-1.30557,-4.75398,-166.714,-166.701,-0.653724,4.3859,85.2846
-171.467,-43.9354,1755.21,-1.35418,-4.75305,-166.715,-166.701,0.200769,4.3863,85.2846
-171.467,-43.9477,1755.84,-1.33088,-4.75212,-166.715,-166.699,1.17733,4.38866,85.2791
-171.467,-43.9637,1756.4,-1.35241,-4.75154,-166.716,-166.701,1.23837,4.39114,85.2791
-171.467,-43.9774,1757.11,-1.28865,-4.75074,-166.717,-166.698,-0.409583,4.39032,85.2901
-171.467,-43.9956,1757.76,-1.26175,-4.75044,-166.717,-166.7,-0.653724,4.38901,85.2901
-171.467,-44.0119,1758.44,-1.21694,-4.75003,-166.717,-166.7,-0.531653,4.38795,85.2901
-171.467,-44.0292,1759.15,-1.15918,-4.7498,-166.717,-166.699,-0.226478,4.3875,85.2901
-171.467,-44.0472,1759.88,-1.0927,-4.74974,-166.717,-166.699,0.322839,4.38814,85.2901
-171.467,-44.0658,1760.62,-1.02221,-4.74986,-166.717,-166.698,0.56698,4.38927,85.2846
-171.467,-44.0847,1761.34,-0.959883,-4.75016,-166.716,-166.698,0.505944,4.39029,85.2956
-171.467,-44.1032,1762.08,-0.892072,-4.75056,-166.716,-166.698,0.200769,4.39069,85.2846
-171.467,-44.122,1762.89,-0.790573,-4.75112,-166.715,-166.695,-0.653724,4.38938,85.2846
-171.467,-44.1428,1763.65,-0.715421,-4.75205,-166.714,-166.696,-1.20304,4.38697,85.2846
-171.467,-44.1623,1764.37,-0.666833,-4.75303,-166.713,-166.696,-0.531653,4.3859,85.2901
-171.467,-44.1804,1765.15,-0.587223,-4.754,-166.712,-166.693,0.750085,4.3874,85.2846
-171.467,-44.2003,1765.86,-0.543569,-4.75527,-166.71,-166.694,1.05526,4.38952,85.2846
-171.467,-44.2183,1766.51,-0.533298,-4.75649,-166.709,-166.694,0.261804,4.39004,85.2901
-171.467,-44.2346,1767.3,-0.448453,-4.75758,-166.708,-166.689,-0.287513,4.38946,85.2901
-171.467,-44.2549,1768.13,-0.348094,-4.75918,-166.706,-166.687,-0.653724,4.38815,85.2846
-171.467,-44.2762,1768.85,-0.306105,-4.76107,-166.704,-166.688,-0.531653,4.38709,85.2846
-171.467,-44.2944,1769.47,-0.316565,-4.76279,-166.703,-166.688,-0.348548,4.38639,85.2901
-171.467,-44.31,1770.02,-0.364195,-4.76426,-166.702,-166.689,0.628015,4.38765,85.2791
-171.467,-44.3235,1770.39,-0.506154,-4.76548,-166.701,-166.692,0.56698,4.38879,85.2791
-171.467,-44.332,1770.83,-0.608541,-4.76598,-166.701,-166.69,0.0176631,4.38882,85.2846
-171.467,-44.3424,1771.22,-0.730109,-4.76643,-166.7,-166.691,-0.287513,4.38825,85.2846
-171.467,-44.3516,1771.68,-0.814829,-4.76654,-166.7,-166.689,-0.531653,4.38718,85.2901
-171.467,-44.3627,1772.04,-0.9539,-4.76662,-166.701,-166.691,-1.08097,4.38502,85.2846
-171.467,-44.3708,1772.39,-1.09099,-4.76619,-166.702,-166.692,-0.409583,4.38419,85.2846
-171.467,-44.3789,1772.75,-1.2197,-4.76546,-166.702,-166.692,0.444909,4.38508,85.2846
-171.467,-44.3872,1773.13,-1.33431,-4.76449,-166.704,-166.693,1.17733,4.38744,85.2846
-171.467,-44.3961,1773.63,-1.3824,-4.76333,-166.705,-166.691,-0.0433721,4.38735,85.2901
-171.467,-44.4084,1774.26,-1.36421,-4.76235,-166.705,-166.689,-0.653724,4.38604,85.2901
-171.467,-44.4242,1774.81,-1.38791,-4.76169,-166.706,-166.691,-0.714759,4.38461,85.2901
-171.467,-44.4377,1775.49,-1.33916,-4.76081,-166.707,-166.689,-0.348548,4.38391,85.2901
-171.467,-44.4551,1776.09,-1.33645,-4.76033,-166.707,-166.691,-0.165442,4.38357,85.2846
-171.467,-44.4701,1776.7,-1.33038,-4.75966,-166.708,-166.692,0.68905,4.38496,85.2846
-171.467,-44.4853,1777.31,-1.32104,-4.75902,-166.709,-166.692,1.23837,4.38744,85.2846
-171.467,-44.5006,1777.93,-1.30851,-4.75842,-166.709,-166.693,0.200769,4.38784,85.2846
-171.467,-44.5162,1778.56,-1.29316,-4.75786,-166.71,-166.693,-0.409583,4.38702,85.2901
-171.467,-44.5319,1779.2,-1.2672,-4.75734,-166.71,-166.693,-0.470618,4.38608,85.2901
-171.467,-44.5482,1779.96,-1.18489,-4.75691,-166.71,-166.691,-0.470618,4.38513,85.2846
-171.467,-44.5675,1780.69,-1.11577,-4.75691,-166.71,-166.691,0.0176631,4.38516,85.2956
-171.467,-44.5862,1781.43,-1.04496,-4.75701,-166.71,-166.691,0.68905,4.38654,85.2956
-171.467,-44.605,1782.14,-0.99186,-4.75727,-166.709,-166.692,0.444909,4.38744,85.2901
-171.467,-44.623,1782.74,-0.996438,-4.75755,-166.709,-166.694,-0.348548,4.38673,85.2846
-171.467,-44.638,1783.24,-1.05673,-4.7576,-166.71,-166.697,-0.165442,4.38639,85.2956
-171.467,-44.6501,1783.77,-1.09561,-4.75727,-166.71,-166.696,-0.531653,4.38533,85.2901
-171.467,-44.6632,1784.32,-1.12233,-4.75694,-166.71,-166.696,-0.592689,4.38414,85.2901
-171.467,-44.6769,1784.88,-1.1456,-4.75661,-166.711,-166.696,0.444909,4.38503,85.2901
-171.467,-44.6908,1785.46,-1.1562,-4.75624,-166.711,-166.696,1.23837,4.38751,85.2901
-171.467,-44.7053,1786.07,-1.1553,-4.7559,-166.711,-166.696,0.994226,4.38951,85.2846
-171.467,-44.7204,1786.58,-1.20125,-4.75561,-166.712,-166.698,-0.0433721,4.38943,85.2901
-171.467,-44.733,1787.13,-1.22641,-4.75503,-166.713,-166.698,-1.08097,4.38726,85.2901
-171.467,-44.7466,1787.81,-1.18473,-4.75448,-166.713,-166.695,-0.836829,4.38558,85.2901
-171.467,-44.7638,1788.41,-1.18585,-4.7543,-166.713,-166.697,-0.775794,4.38402,85.2901
-171.467,-44.7788,1789.04,-1.17316,-4.75395,-166.713,-166.697,0.200769,4.38443,85.2846
-171.467,-44.7944,1789.76,-1.10913,-4.75367,-166.713,-166.695,0.81112,4.38605,85.2846
-171.467,-44.8129,1790.38,-1.10192,-4.75376,-166.713,-166.698,0.505944,4.38707,85.2846
-171.467,-44.8284,1791,-1.09375,-4.75362,-166.713,-166.698,0.0786982,4.38723,85.2901
-171.467,-44.8439,1791.64,-1.07652,-4.7535,-166.714,-166.697,-0.958899,4.3853,85.2846
-171.467,-44.8599,1792.27,-1.0608,-4.75346,-166.714,-166.697,-1.08097,4.38314,85.2901
-171.467,-44.8759,1793.01,-0.991052,-4.75344,-166.713,-166.695,-0.348548,4.38244,85.2956
-171.467,-44.8948,1793.66,-0.968709,-4.75381,-166.713,-166.697,0.628015,4.3837,85.2956
-171.467,-44.9112,1794.43,-0.889991,-4.75402,-166.712,-166.694,0.994226,4.38569,85.2846
-171.467,-44.9307,1795.15,-0.833122,-4.75463,-166.712,-166.694,0.56698,4.38684,85.2956
-171.467,-44.949,1795.86,-0.782155,-4.75529,-166.711,-166.694,-0.226478,4.38638,85.2956
-171.467,-44.9672,1796.57,-0.738925,-4.75602,-166.71,-166.693,-0.226478,4.38593,85.2846
-171.467,-44.985,1797.22,-0.720887,-4.75682,-166.709,-166.694,-0.348548,4.38524,85.2846
-171.467,-45.0015,1797.83,-0.72579,-4.75754,-166.709,-166.694,-0.104407,4.38502,85.2901
-171.467,-45.0168,1798.42,-0.742408,-4.75816,-166.708,-166.694,0.628015,4.38628,85.2846
-171.467,-45.0315,1798.89,-0.824582,-4.75869,-166.708,-166.697,0.93319,4.38815,85.2846
-171.467,-45.0427,1799.25,-0.957792,-4.75876,-166.709,-166.699,0.750085,4.38966,85.2846
-171.467,-45.051,1799.63,-1.07824,-4.75833,-166.709,-166.699,-0.226478,4.38921,85.2846
-171.467,-45.0599,1800.26,-1.0701,-4.75769,-166.709,-166.694,-0.714759,4.38777,85.2956
-171.467,-45.0755,1800.9,-1.05233,-4.75762,-166.709,-166.693,-0.348548,4.38708,85.2956
-171.467,-45.0916,1801.55,-1.0274,-4.75764,-166.709,-166.693,-0.287513,4.3865,85.2791
-171.467,-45.1081,1802.08,-1.06984,-4.75773,-166.71,-166.696,0.505944,4.38751,85.2846
-171.467,-45.1211,1802.61,-1.10956,-4.75745,-166.71,-166.696,1.05526,4.38963,85.2846
-171.467,-45.1341,1803.15,-1.14465,-4.75709,-166.71,-166.696,0.444909,4.39053,85.2956
-171.467,-45.1474,1803.81,-1.11016,-4.75668,-166.71,-166.693,-0.409583,4.3897,85.2846
-171.467,-45.1643,1804.47,-1.08349,-4.75664,-166.71,-166.694,-0.714759,4.38827,85.2901
-171.467,-45.1808,1805.04,-1.10457,-4.75663,-166.711,-166.696,-0.0433721,4.38818,85.2846
-171.467,-45.1948,1805.6,-1.12348,-4.75635,-166.711,-166.696,0.0786982,4.38834,85.2846
-171.467,-45.2089,1806.18,-1.13909,-4.75605,-166.711,-166.696,0.56698,4.38947,85.2901
-171.467,-45.2232,1806.77,-1.14308,-4.75574,-166.712,-166.696,1.17733,4.39183,85.2901
-171.467,-45.238,1807.39,-1.13714,-4.75546,-166.712,-166.696,-0.0433721,4.39175,85.2791
-171.467,-45.2534,1807.99,-1.13863,-4.75525,-166.712,-166.697,-1.08097,4.38958,85.2956
-171.467,-45.2684,1808.62,-1.12181,-4.75499,-166.712,-166.696,-0.958899,4.38765,85.2956
-171.467,-45.2844,1809.26,-1.10651,-4.75484,-166.712,-166.696,-0.470618,4.38671,85.2901
-171.467,-45.3003,1809.81,-1.13309,-4.75471,-166.713,-166.698,-0.104407,4.3865,85.2901
-171.467,-45.314,1810.3,-1.19295,-4.75436,-166.713,-166.7,0.81112,4.38812,85.2956
-171.467,-45.3259,1810.94,-1.17223,-4.75373,-166.713,-166.697,1.05526,4.39024,85.2901
-171.467,-45.342,1811.6,-1.14161,-4.7535,-166.714,-166.697,0.200769,4.39064,85.2901
-171.467,-45.3586,1812.36,-1.0559,-4.75337,-166.713,-166.694,-0.348548,4.38995,85.2956
-171.467,-45.3782,1813.23,-0.920912,-4.75366,-166.713,-166.691,-0.775794,4.38839,85.2846
-171.467,-45.4006,1814.04,-0.816171,-4.75445,-166.712,-166.692,-0.592689,4.3872,85.2846
-171.467,-45.4215,1814.71,-0.790286,-4.75534,-166.711,-166.695,0.200769,4.3876,85.2901
-171.467,-45.4383,1815.26,-0.823977,-4.75596,-166.711,-166.697,0.750085,4.38911,85.2901
-171.467,-45.452,1815.71,-0.913557,-4.75624,-166.711,-166.699,0.56698,4.39024,85.2846
-171.467,-45.4627,1816.26,-0.948514,-4.75609,-166.711,-166.697,-0.0433721,4.39015,85.2956
-171.467,-45.4762,1816.83,-0.969447,-4.75611,-166.711,-166.696,-0.287513,4.38957,85.2901
-171.467,-45.4903,1817.41,-0.985674,-4.75613,-166.711,-166.696,-0.531653,4.38851,85.2846
-171.467,-45.5048,1817.89,-1.05397,-4.75615,-166.711,-166.699,-0.104407,4.38829,85.2846
-171.467,-45.5164,1818.4,-1.10547,-4.75579,-166.712,-166.698,0.261804,4.38882,85.2846
-171.467,-45.5288,1818.92,-1.1481,-4.7554,-166.712,-166.698,0.750085,4.39032,85.2956
-171.467,-45.5417,1819.49,-1.16501,-4.75495,-166.712,-166.698,1.17733,4.39268,85.2901
-171.467,-45.5558,1820.18,-1.11921,-4.75456,-166.712,-166.695,0.0176631,4.39271,85.2846
-171.467,-45.5733,1820.86,-1.07955,-4.75455,-166.712,-166.695,-0.836829,4.39103,85.2846
-171.467,-45.5905,1821.54,-1.03889,-4.75459,-166.712,-166.695,-1.08097,4.38887,85.2846
-171.467,-45.6078,1822.21,-1.00734,-4.75473,-166.712,-166.695,-0.775794,4.38731,85.2901
-171.467,-45.6247,1822.97,-0.928888,-4.75489,-166.712,-166.693,0.200769,4.38771,85.2901
-171.467,-45.6441,1823.71,-0.86385,-4.75542,-166.711,-166.693,0.994226,4.3897,85.2846
-171.467,-45.6628,1824.31,-0.869697,-4.75604,-166.711,-166.696,0.750085,4.3912,85.2846
-171.467,-45.6779,1824.89,-0.886088,-4.75634,-166.71,-166.696,0.200769,4.3916,85.2956
-171.467,-45.6924,1825.58,-0.846858,-4.75656,-166.71,-166.693,-0.775794,4.39005,85.2846
-171.467,-45.7099,1826.33,-0.779973,-4.7571,-166.709,-166.691,-0.836829,4.38837,85.2846
-171.467,-45.7289,1827.02,-0.742268,-4.75791,-166.708,-166.691,-0.226478,4.38791,85.2846
-171.467,-45.7464,1827.57,-0.779837,-4.75867,-166.708,-166.694,0.93319,4.38978,85.2846
-171.467,-45.7599,1828.13,-0.814014,-4.75903,-166.708,-166.694,0.81112,4.39141,85.2956
-171.467,-45.7736,1828.69,-0.844599,-4.75933,-166.707,-166.693,0.0786982,4.39157,85.2846
-171.467,-45.7875,1829.31,-0.839108,-4.75958,-166.707,-166.691,-0.409583,4.39075,85.2846
-171.467,-45.8032,1829.9,-0.852565,-4.76,-166.707,-166.692,-0.836829,4.38907,85.2846
-171.467,-45.8179,1830.46,-0.881996,-4.76031,-166.706,-166.692,-0.836829,4.38739,85.2846
-171.467,-45.8318,1831,-0.923352,-4.76049,-166.706,-166.693,0.200769,4.3878,85.2846
-171.467,-45.845,1831.52,-0.972986,-4.76053,-166.707,-166.693,0.93319,4.38967,85.2956
-171.467,-45.8577,1832.06,-1.01075,-4.76042,-166.707,-166.693,0.56698,4.3908,85.2901
-171.467,-45.871,1832.6,-1.04535,-4.76029,-166.707,-166.693,0.505944,4.39182,85.2846
-171.467,-45.8844,1833.14,-1.08333,-4.7601,-166.707,-166.693,0.0786982,4.39198,85.2846
-171.467,-45.8975,1833.59,-1.16272,-4.75981,-166.708,-166.696,-0.714759,4.39055,85.2846
-171.467,-45.9085,1834.16,-1.18293,-4.75917,-166.708,-166.694,-0.348548,4.38985,85.2901
-171.467,-45.9224,1834.74,-1.19308,-4.75873,-166.709,-166.693,0.0786982,4.39001,85.2846
-171.467,-45.9369,1835.41,-1.15388,-4.75832,-166.709,-166.691,0.200769,4.39042,85.2791
-171.467,-45.954,1836.15,-1.08365,-4.75821,-166.709,-166.69,0.444909,4.39131,85.2791
-171.467,-45.9728,1836.77,-1.07907,-4.75837,-166.709,-166.693,0.56698,4.39246,85.2901
-171.467,-45.9882,1837.48,-1.02465,-4.75827,-166.708,-166.691,-0.409583,4.39163,85.2846
-171.467,-46.0063,1838.25,-0.939582,-4.7585,-166.708,-166.689,-0.775794,4.39008,85.2901
-171.467,-46.026,1838.98,-0.873998,-4.75904,-166.707,-166.689,-0.287513,4.3895,85.2956
-171.467,-46.0448,1839.7,-0.820112,-4.75964,-166.707,-166.689,0.200769,4.3899,85.2956
-171.467,-46.0631,1840.38,-0.787488,-4.76031,-166.706,-166.689,0.444909,4.39079,85.2846
-171.467,-46.0803,1841.01,-0.782341,-4.76096,-166.705,-166.69,0.628015,4.39205,85.2901
-171.467,-46.0961,1841.52,-0.841318,-4.7615,-166.705,-166.693,-0.470618,4.39111,85.2901
-171.467,-46.1084,1842.02,-0.902552,-4.76164,-166.705,-166.693,-0.531653,4.39005,85.2901
-171.467,-46.1206,1842.52,-0.962873,-4.76164,-166.705,-166.693,-0.653724,4.38874,85.2901
-171.467,-46.1328,1843.01,-1.02761,-4.76152,-166.706,-166.693,0.0786982,4.3889,85.2846
-171.467,-46.1446,1843.4,-1.14128,-4.76123,-166.706,-166.696,0.56698,4.39004,85.2846
-171.467,-46.1538,1843.72,-1.28945,-4.76049,-166.708,-166.698,0.81112,4.39166,85.2956
-171.467,-46.161,1844.3,-1.29767,-4.75929,-166.708,-166.693,0.56698,4.39279,85.2901
-171.467,-46.1755,1845,-1.24505,-4.75866,-166.709,-166.691,-0.165442,4.39247,85.2901
-171.467,-46.1932,1845.68,-1.19984,-4.7584,-166.709,-166.691,-0.592689,4.39128,85.2956
-171.467,-46.2105,1846.39,-1.14701,-4.75821,-166.709,-166.691,-0.836829,4.3896,85.2901
-171.467,-46.2284,1847.08,-1.09769,-4.75817,-166.709,-166.691,-0.836829,4.38792,85.2846
-171.467,-46.2461,1847.85,-1.01337,-4.75822,-166.708,-166.689,-0.165442,4.38759,85.2791
-171.467,-46.2657,1848.47,-1.00881,-4.75861,-166.708,-166.693,0.93319,4.38945,85.2791
-171.467,-46.2811,1848.99,-1.05429,-4.75866,-166.709,-166.695,0.68905,4.39083,85.2901
-171.467,-46.294,1849.62,-1.04256,-4.7584,-166.709,-166.693,0.0786982,4.39099,85.2846
-171.467,-46.3098,1850.14,-1.08834,-4.7584,-166.709,-166.695,-0.470618,4.39005,85.2901
-171.467,-46.3225,1850.68,-1.12261,-4.75806,-166.709,-166.695,-0.409583,4.38922,85.2956
-171.467,-46.3358,1851.26,-1.13753,-4.75769,-166.71,-166.695,-0.226478,4.38877,85.2956
-171.467,-46.3502,1851.94,-1.09567,-4.75738,-166.71,-166.692,0.56698,4.3899,85.2901
-171.467,-46.3675,1852.62,-1.05621,-4.75739,-166.71,-166.692,1.05526,4.39202,85.2846
-171.467,-46.3847,1853.28,-1.02865,-4.75749,-166.709,-166.693,0.383874,4.39279,85.2901
-171.467,-46.4013,1853.84,-1.05309,-4.7576,-166.71,-166.695,-0.653724,4.39148,85.2901
-171.467,-46.4152,1854.51,-1.02222,-4.75742,-166.709,-166.693,-1.20304,4.38907,85.2901
-171.467,-46.4321,1855.15,-1.00362,-4.75755,-166.709,-166.693,-0.836829,4.38739,85.2846
-171.467,-46.4483,1855.68,-1.04439,-4.75768,-166.71,-166.696,-0.531653,4.38632,85.2846
-171.467,-46.4613,1856.22,-1.08359,-4.75746,-166.71,-166.696,0.81112,4.38795,85.2846
-171.467,-46.4744,1856.75,-1.11959,-4.75716,-166.71,-166.696,0.872155,4.3897,85.2956
-171.467,-46.4877,1857.33,-1.13479,-4.75679,-166.711,-166.696,0.383874,4.39047,85.2956
-171.467,-46.5019,1857.94,-1.13164,-4.75648,-166.711,-166.695,-0.226478,4.39001,85.2846
-171.467,-46.5172,1858.64,-1.08116,-4.75626,-166.711,-166.693,-0.470618,4.38907,85.2901
-171.467,-46.535,1859.24,-1.08209,-4.75634,-166.711,-166.695,-0.836829,4.38739,85.2846
-171.467,-46.5501,1859.84,-1.08495,-4.7562,-166.711,-166.696,-0.226478,4.38694,85.2956
-171.467,-46.565,1860.56,-1.02519,-4.75605,-166.711,-166.693,0.628015,4.3882,85.2956
-171.467,-46.5834,1861.27,-0.972504,-4.7563,-166.71,-166.693,0.56698,4.38933,85.2846
-171.467,-46.6014,1861.86,-0.984768,-4.75663,-166.71,-166.695,0.200769,4.38974,85.2901
-171.467,-46.616,1862.45,-0.993927,-4.75665,-166.71,-166.695,-0.287513,4.38916,85.2956
-171.467,-46.6308,1863.06,-0.992479,-4.75668,-166.71,-166.695,-0.226478,4.38871,85.2846
-171.467,-46.6461,1863.66,-0.998099,-4.75675,-166.71,-166.695,-0.531653,4.38764,85.2846
-171.467,-46.661,1864.25,-1.00948,-4.75678,-166.71,-166.695,-0.592689,4.38645,85.2956
-171.467,-46.6757,1864.86,-1.00908,-4.75675,-166.71,-166.695,0.56698,4.38758,85.2901
-171.467,-46.6909,1865.56,-0.958771,-4.75678,-166.71,-166.692,0.994226,4.38957,85.2956
-171.467,-46.7088,1866.18,-0.958484,-4.75713,-166.71,-166.694,0.505944,4.39059,85.2956
-171.467,-46.7241,1866.89,-0.903517,-4.75727,-166.709,-166.692,-0.470618,4.38964,85.2956
-171.467,-46.7423,1867.48,-0.918642,-4.75776,-166.709,-166.694,-0.958899,4.38771,85.2846
-171.467,-46.7569,1868.05,-0.942954,-4.75792,-166.709,-166.695,-0.653724,4.3864,85.2956
-171.467,-46.7709,1868.63,-0.957984,-4.75799,-166.709,-166.694,-0.287513,4.38582,85.2846
-171.467,-46.7855,1869.1,-1.02904,-4.75806,-166.709,-166.697,0.750085,4.38732,85.2901
-171.467,-46.797,1869.6,-1.08659,-4.75775,-166.71,-166.697,0.994226,4.38931,85.2901
-171.467,-46.8091,1870.02,-1.18622,-4.75736,-166.71,-166.699,0.139733,4.38959,85.2846
-171.467,-46.819,1870.46,-1.26685,-4.75658,-166.711,-166.699,-0.470618,4.38864,85.2901
-171.467,-46.8297,1871.05,-1.27086,-4.75571,-166.712,-166.696,-0.653724,4.38733,85.2846
-171.467,-46.8444,1871.57,-1.31485,-4.75515,-166.713,-166.699,-0.897864,4.38553,85.2846
-171.467,-46.857,1872.11,-1.34061,-4.75433,-166.713,-166.699,0.139733,4.38581,85.2846
-171.467,-46.8705,1872.69,-1.34915,-4.75354,-166.714,-166.699,0.750085,4.38731,85.2901
-171.467,-46.8848,1873.22,-1.3824,-4.7528,-166.715,-166.701,0.750085,4.38881,85.2956
-171.467,-46.8979,1873.91,-1.32894,-4.75189,-166.716,-166.697,0.322839,4.38946,85.2956
-171.467,-46.9155,1874.65,-1.25346,-4.75145,-166.716,-166.697,-0.531653,4.38839,85.2901
-171.467,-46.9343,1875.31,-1.2196,-4.75127,-166.716,-166.699,-0.470618,4.38745,85.2901
-171.467,-46.9511,1875.89,-1.22832,-4.75098,-166.716,-166.701,-0.348548,4.38675,85.2791
-171.467,-46.9656,1876.39,-1.27973,-4.75051,-166.717,-166.704,0.0176631,4.38679,85.2846
-171.467,-46.9778,1876.94,-1.30628,-4.74973,-166.718,-166.703,0.68905,4.38817,85.2901
-171.467,-46.9912,1877.54,-1.3027,-4.749,-166.719,-166.703,0.872155,4.38992,85.2846
-171.467,-47.0063,1878.27,-1.23323,-4.74842,-166.719,-166.7,0.139733,4.3902,85.2846
-171.467,-47.0248,1879.01,-1.15981,-4.74825,-166.719,-166.7,-0.653724,4.38889,85.2956
-171.467,-47.0437,1879.78,-1.07048,-4.74827,-166.718,-166.699,-0.653724,4.38758,85.2956
-171.467,-47.0634,1880.57,-0.972374,-4.74854,-166.718,-166.698,-0.653724,4.38627,85.2901
-171.467,-47.0838,1881.27,-0.928269,-4.74906,-166.718,-166.7,0.322839,4.38692,85.2901
-171.467,-47.1014,1881.96,-0.882738,-4.74944,-166.717,-166.7,1.05526,4.38903,85.2901
-171.467,-47.1191,1882.66,-0.838888,-4.74993,-166.716,-166.699,1.17733,4.39139,85.2901
-171.467,-47.1368,1883.35,-0.799221,-4.75051,-166.716,-166.699,0.139733,4.39167,85.2901
-171.467,-47.1543,1884.04,-0.765614,-4.75115,-166.715,-166.699,-0.836829,4.39,85.2846
-171.467,-47.1715,1884.6,-0.795668,-4.75184,-166.715,-166.701,0.0786982,4.39016,85.2846
-171.467,-47.1854,1885.15,-0.828953,-4.7522,-166.715,-166.701,0.0176631,4.39019,85.2846
-171.467,-47.1991,1885.81,-0.808184,-4.75247,-166.714,-166.698,0.261804,4.39071,85.2901
-171.467,-47.2157,1886.55,-0.744461,-4.75302,-166.713,-166.695,0.81112,4.39234,85.2846
-171.467,-47.2345,1887.25,-0.705342,-4.75389,-166.712,-166.695,0.68905,4.39373,85.2846
-171.467,-47.2521,1887.81,-0.73762,-4.75474,-166.712,-166.698,0.139733,4.39401,85.2901
-171.467,-47.266,1888.27,-0.82021,-4.75522,-166.712,-166.7,-0.653724,4.3927,85.2901
-171.467,-47.2771,1888.75,-0.892417,-4.7553,-166.712,-166.7,-0.897864,4.3909,85.2901
-171.467,-47.2887,1889.34,-0.905098,-4.75527,-166.712,-166.697,0.505944,4.39191,85.2791
-171.467,-47.3034,1889.9,-0.932067,-4.75546,-166.711,-166.697,0.93319,4.39378,85.2846
-171.467,-47.3174,1890.36,-1.01058,-4.75555,-166.712,-166.7,0.628015,4.39504,85.2956
-171.467,-47.3285,1890.96,-1.0151,-4.75523,-166.712,-166.697,0.444909,4.39593,85.2956
-171.467,-47.3435,1891.56,-1.02258,-4.75523,-166.712,-166.697,-0.226478,4.39548,85.2901
-171.467,-47.3583,1892.16,-1.02455,-4.75521,-166.712,-166.696,-0.897864,4.39368,85.2901
-171.467,-47.3734,1892.78,-1.02143,-4.75519,-166.712,-166.696,-0.531653,4.39262,85.2846
-171.467,-47.3888,1893.48,-0.974067,-4.75521,-166.711,-166.694,0.383874,4.39339,85.2846
-171.467,-47.4065,1894.15,-0.940757,-4.75551,-166.711,-166.694,0.505944,4.3944,85.2846
-171.467,-47.4235,1894.82,-0.912774,-4.75582,-166.711,-166.694,0.383874,4.39517,85.2846
-171.467,-47.4403,1895.46,-0.898957,-4.75618,-166.71,-166.695,0.383874,4.39594,85.2901
-171.467,-47.4564,1896.09,-0.890249,-4.7565,-166.71,-166.694,0.322839,4.39659,85.2901
-171.467,-47.4722,1896.8,-0.83829,-4.75682,-166.71,-166.692,-0.226478,4.39614,85.2901
-171.467,-47.4904,1897.39,-0.850177,-4.75743,-166.709,-166.694,-0.714759,4.3947,85.2901
-171.467,-47.5052,1897.98,-0.866287,-4.75775,-166.709,-166.694,-0.104407,4.3945,85.2901
-171.467,-47.5197,1898.56,-0.885693,-4.75802,-166.709,-166.694,0.56698,4.39563,85.2901
-171.467,-47.5341,1899.13,-0.907444,-4.75822,-166.709,-166.694,0.750085,4.39714,85.2901
-171.467,-47.5483,1899.8,-0.882112,-4.75837,-166.708,-166.692,0.0786982,4.3973,85.2846
-171.467,-47.565,1900.51,-0.82769,-4.75878,-166.708,-166.69,-0.0433721,4.39721,85.2846
-171.467,-47.5833,1901.09,-0.84868,-4.75944,-166.707,-166.693,-0.592689,4.39602,85.2846
-171.467,-47.5976,1901.64,-0.883496,-4.75973,-166.707,-166.693,-0.592689,4.39482,85.2846
-171.467,-47.6112,1902.26,-0.879884,-4.75988,-166.707,-166.691,-0.165442,4.39449,85.2901
-171.467,-47.6268,1902.87,-0.885644,-4.7602,-166.707,-166.691,1.05526,4.39661,85.2901
-171.467,-47.6419,1903.46,-0.899429,-4.76048,-166.706,-166.692,0.93319,4.39847,85.2901
-171.467,-47.6565,1904.23,-0.815276,-4.76068,-166.705,-166.687,0.261804,4.399,85.2846
-171.467,-47.6764,1904.94,-0.767135,-4.76149,-166.705,-166.687,-0.592689,4.39782,85.2846
-171.467,-47.6944,1905.69,-0.703664,-4.76224,-166.704,-166.686,-0.897864,4.39602,85.2846
-171.467,-47.7133,1906.26,-0.728182,-4.7632,-166.703,-166.689,-0.592689,4.39483,85.2846
-171.467,-47.7276,1906.7,-0.825085,-4.76373,-166.703,-166.692,-0.531653,4.39376,85.2846
-171.467,-47.7381,1907.14,-0.921338,-4.76374,-166.703,-166.692,0.444909,4.39465,85.2846
-171.467,-47.7484,1907.47,-1.06913,-4.76355,-166.704,-166.695,0.444909,4.39555,85.2901
-171.467,-47.7559,1907.92,-1.14769,-4.76283,-166.705,-166.693,0.383874,4.39632,85.2846
-171.467,-47.7669,1908.3,-1.2689,-4.76223,-166.706,-166.695,-0.348548,4.39562,85.2901
-171.467,-47.7755,1908.62,-1.41071,-4.76117,-166.707,-166.698,-0.531653,4.39455,85.2901
-171.467,-47.7829,1909,-1.52096,-4.75973,-166.709,-166.698,-0.409583,4.39373,85.2901
-171.467,-47.7918,1909.46,-1.59002,-4.75818,-166.71,-166.697,-0.165442,4.39339,85.2846
-171.467,-47.8028,1909.87,-1.67665,-4.75667,-166.712,-166.7,0.505944,4.39441,85.2901
-171.467,-47.8127,1910.38,-1.71537,-4.75489,-166.714,-166.699,0.93319,4.39628,85.2901
-171.467,-47.8251,1911.06,-1.66159,-4.75322,-166.715,-166.697,0.56698,4.39742,85.2901
-171.467,-47.8423,1911.77,-1.58854,-4.75208,-166.716,-166.697,-0.592689,4.39624,85.2901
-171.467,-47.8607,1912.45,-1.54187,-4.75116,-166.717,-166.699,-0.836829,4.39456,85.2956
-171.467,-47.8777,1913.28,-1.41295,-4.75023,-166.717,-166.696,-0.531653,4.39349,85.2901
-171.467,-47.8991,1914.13,-1.27728,-4.74993,-166.717,-166.695,0.200769,4.3939,85.2956
-171.467,-47.9211,1914.9,-1.18245,-4.74996,-166.717,-166.697,0.93319,4.39577,85.2956
-171.467,-47.941,1915.69,-1.08512,-4.75001,-166.717,-166.697,0.750085,4.39727,85.2901
-171.467,-47.9612,1916.48,-0.990153,-4.75029,-166.716,-166.697,0.0176631,4.3973,85.2901
-171.467,-47.9813,1917.25,-0.902272,-4.75077,-166.716,-166.696,-0.409583,4.39648,85.2846
-171.467,-48.0012,1918,-0.832523,-4.75139,-166.715,-166.697,-0.531653,4.3954,85.2956
-171.467,-48.0203,1918.84,-0.717949,-4.7521,-166.714,-166.694,-0.531653,4.39434,85.2956
-171.467,-48.0418,1919.63,-0.629211,-4.75325,-166.713,-166.694,-0.348548,4.39364,85.2901
-171.467,-48.0621,1920.37,-0.567376,-4.75448,-166.711,-166.694,0.56698,4.39477,85.2901
-171.467,-48.081,1921.16,-0.484101,-4.75572,-166.71,-166.691,1.1163,4.39701,85.2846
-171.467,-48.1012,1921.78,-0.492987,-4.75724,-166.709,-166.694,0.200769,4.39741,85.3011
-171.467,-48.1166,1922.48,-0.459093,-4.75835,-166.707,-166.691,-0.531653,4.39635,85.3011
-171.467,-48.1342,1923.02,-0.505779,-4.7597,-166.706,-166.693,-0.0433721,4.39626,85.2956
-171.467,-48.1476,1923.55,-0.561788,-4.76061,-166.706,-166.693,-0.470618,4.39531,85.2901
-171.467,-48.1605,1924.04,-0.632215,-4.76137,-166.705,-166.693,-0.226478,4.39486,85.2846
-171.467,-48.1725,1924.41,-0.7686,-4.76191,-166.705,-166.696,0.261804,4.39538,85.2956
-171.467,-48.181,1924.8,-0.889081,-4.76187,-166.705,-166.695,0.261804,4.3959,85.2956
-171.467,-48.1901,1925.3,-0.950836,-4.76164,-166.705,-166.693,0.0786982,4.39606,85.2846
-171.467,-48.2022,1925.78,-1.01727,-4.76153,-166.706,-166.693,-0.592689,4.39487,85.2846
-171.467,-48.214,1926.08,-1.18083,-4.76126,-166.707,-166.698,-0.714759,4.39344,85.2901
-171.467,-48.2205,1926.52,-1.2638,-4.76022,-166.708,-166.696,-0.653724,4.39213,85.2846
-171.467,-48.2311,1926.99,-1.33099,-4.75934,-166.709,-166.696,0.68905,4.39351,85.2846
-171.467,-48.2425,1927.5,-1.3732,-4.75839,-166.71,-166.696,0.872155,4.39526,85.2901
-171.467,-48.2551,1928.06,-1.3916,-4.75745,-166.71,-166.695,0.322839,4.39591,85.2901
-171.467,-48.2689,1928.66,-1.38818,-4.75657,-166.711,-166.695,-0.470618,4.39496,85.2956
-171.467,-48.2839,1929.31,-1.35787,-4.75579,-166.712,-166.695,-0.531653,4.3939,85.2846
-171.467,-48.3003,1929.97,-1.3215,-4.75519,-166.712,-166.695,-0.470618,4.39295,85.2846
-171.467,-48.317,1930.55,-1.32974,-4.7547,-166.713,-166.698,-0.470618,4.39201,85.2956
-171.467,-48.3314,1931.18,-1.30883,-4.754,-166.714,-166.697,0.0176631,4.39204,85.2846
-171.467,-48.3474,1931.83,-1.27998,-4.75347,-166.714,-166.697,0.994226,4.39403,85.2846
-171.467,-48.3638,1932.59,-1.19709,-4.75303,-166.714,-166.695,0.383874,4.3948,85.2846
-171.467,-48.3831,1933.43,-1.07299,-4.75301,-166.714,-166.693,0.0176631,4.39484,85.2846
-171.467,-48.4047,1934.23,-0.968996,-4.75343,-166.713,-166.693,-0.348548,4.39413,85.2901
-171.467,-48.4254,1935.1,-0.831079,-4.75399,-166.712,-166.691,-0.775794,4.39258,85.2846
-171.467,-48.448,1935.92,-0.728524,-4.75499,-166.711,-166.691,-0.165442,4.39225,85.2901
-171.467,-48.4688,1936.69,-0.652631,-4.75605,-166.71,-166.691,0.505944,4.39326,85.2846
-171.467,-48.4884,1937.3,-0.660262,-4.75717,-166.709,-166.694,0.322839,4.39391,85.2846
-171.467,-48.5037,1937.96,-0.641682,-4.75792,-166.708,-166.692,0.139733,4.39419,85.2901
-171.467,-48.5203,1938.67,-0.595283,-4.75883,-166.707,-166.69,-0.165442,4.39386,85.2846
-171.467,-48.5385,1939.32,-0.585694,-4.75995,-166.706,-166.691,-0.0433721,4.39377,85.2846
-171.467,-48.5547,1940,-0.560134,-4.76093,-166.705,-166.689,-0.531653,4.3927,85.2901
-171.467,-48.5718,1940.62,-0.564439,-4.76204,-166.704,-166.689,-0.226478,4.39225,85.2901
-171.467,-48.5874,1941.19,-0.594244,-4.76301,-166.703,-166.689,0.200769,4.39265,85.2846
-171.467,-48.6015,1941.71,-0.652851,-4.7638,-166.703,-166.69,0.750085,4.39415,85.2791
-171.467,-48.6142,1942.17,-0.741512,-4.76434,-166.702,-166.691,0.81112,4.39578,85.2901
-171.467,-48.6251,1942.61,-0.836178,-4.76458,-166.702,-166.691,-0.348548,4.39508,85.2846
-171.467,-48.6357,1943.03,-0.939246,-4.76458,-166.703,-166.692,-0.653724,4.39377,85.2846
-171.467,-48.6456,1943.46,-1.03645,-4.76432,-166.703,-166.692,-0.409583,4.39295,85.2901
-171.467,-48.6558,1943.9,-1.12428,-4.76388,-166.704,-166.692,0.200769,4.39335,85.2901
-171.467,-48.6664,1944.27,-1.24811,-4.76329,-166.705,-166.694,-0.165442,4.39301,85.2901
-171.467,-48.6749,1944.68,-1.34617,-4.76228,-166.706,-166.694,0.56698,4.39415,85.2901
-171.467,-48.6846,1945.13,-1.4174,-4.76116,-166.707,-166.694,0.505944,4.39516,85.2901
-171.467,-48.6957,1945.63,-1.46943,-4.76001,-166.708,-166.695,-0.836829,4.39348,85.2846
-171.467,-48.7077,1946.15,-1.50162,-4.75883,-166.709,-166.695,-0.653724,4.39217,85.2846
-171.467,-48.7207,1946.71,-1.51443,-4.75765,-166.71,-166.695,0.139733,4.39246,85.2901
-171.467,-48.7346,1947.51,-1.40483,-4.75653,-166.711,-166.69,0.444909,4.39335,85.2956
-171.467,-48.7551,1948.42,-1.23895,-4.75618,-166.711,-166.688,0.505944,4.39437,85.2956
-171.467,-48.7787,1949.19,-1.14634,-4.75642,-166.71,-166.691,0.0786982,4.39452,85.2901
-171.467,-48.7986,1950.05,-1.01361,-4.75654,-166.71,-166.689,-0.104407,4.39431,85.2901
-171.467,-48.8207,1950.87,-0.902919,-4.75713,-166.709,-166.689,-0.104407,4.3941,85.2901
-171.467,-48.8418,1951.56,-0.86392,-4.75786,-166.709,-166.692,0.139733,4.39439,85.2901
-171.467,-48.8592,1952.32,-0.790544,-4.75836,-166.708,-166.689,-0.653724,4.39308,85.2901
-171.467,-48.8785,1953.02,-0.749013,-4.75918,-166.707,-166.69,0.0176631,4.39311,85.2901
-171.467,-48.8962,1953.68,-0.728454,-4.75995,-166.706,-166.69,0.444909,4.394,85.2901
-171.467,-48.9129,1954.3,-0.7275,-4.76067,-166.706,-166.69,-0.104407,4.39379,85.2846
-171.467,-48.9285,1954.88,-0.751584,-4.76131,-166.705,-166.691,0.322839,4.39444,85.2846
-171.467,-48.9428,1955.51,-0.748192,-4.76179,-166.705,-166.689,-0.165442,4.39411,85.2846
-171.467,-48.9585,1956.08,-0.770734,-4.76239,-166.704,-166.69,-0.958899,4.39218,85.2846
-171.467,-48.9729,1956.62,-0.81437,-4.76284,-166.704,-166.691,-0.348548,4.39148,85.2901
-171.467,-48.9861,1957.14,-0.866242,-4.7631,-166.704,-166.691,0.322839,4.39213,85.2846
-171.467,-48.9988,1957.63,-0.930895,-4.76322,-166.704,-166.691,0.56698,4.39326,85.2846
-171.467,-49.0108,1958.11,-1.00298,-4.76314,-166.704,-166.692,0.56698,4.39439,85.2846
-171.467,-49.0223,1958.59,-1.06993,-4.76288,-166.704,-166.692,-0.287513,4.39381,85.2901
-171.467,-49.034,1959.09,-1.12909,-4.7625,-166.705,-166.692,-0.470618,4.39287,85.2901
-171.467,-49.046,1959.69,-1.13071,-4.76202,-166.705,-166.69,-0.470618,4.39192,85.2846
-171.467,-49.0611,1960.27,-1.14038,-4.76179,-166.705,-166.69,0.139733,4.39221,85.2846
-171.467,-49.0756,1960.76,-1.20394,-4.76149,-166.706,-166.693,0.322839,4.39285,85.2846
-171.467,-49.0874,1961.26,-1.25219,-4.76083,-166.707,-166.693,0.200769,4.39326,85.2846
-171.467,-49.0998,1961.78,-1.29276,-4.76014,-166.708,-166.694,0.383874,4.39402,85.2846
-171.467,-49.1126,1962.32,-1.32418,-4.75939,-166.708,-166.694,0.0176631,4.39406,85.2901
-171.467,-49.1258,1962.98,-1.28972,-4.75861,-166.709,-166.692,-0.348548,4.39336,85.2901
-171.467,-49.1425,1963.56,-1.29784,-4.75818,-166.709,-166.694,-0.409583,4.39253,85.2901
-171.467,-49.157,1964.19,-1.28384,-4.75755,-166.71,-166.694,0.261804,4.39306,85.2846
-171.467,-49.1726,1964.91,-1.2191,-4.75705,-166.71,-166.692,0.383874,4.39383,85.2846
-171.467,-49.191,1965.61,-1.16291,-4.7569,-166.71,-166.692,0.56698,4.39497,85.2791
-171.467,-49.209,1966.11,-1.22026,-4.75683,-166.711,-166.698,0.322839,4.39561,85.2846
-171.467,-49.2209,1966.62,-1.26413,-4.75616,-166.712,-166.698,0.139733,4.39589,85.2846
-171.467,-49.2336,1967.27,-1.23732,-4.75545,-166.712,-166.695,-0.897864,4.39409,85.2956
