td_x1_d,adrc_u,eso_z3,eso_z2,esf_e1_d,eso_z1_d,yaw_actual,yaw_dps,yaw_imu_d,yawenc
-171.467,-250.169,10000,-2.16853,-11.4775,-159.989,-159.954,-0.470618,7.32818,92.0324
-171.467,-250.169,10000,-2.21474,-11.478,-159.989,-159.954,-0.592689,7.32699,92.0324
-171.467,-250.169,10000,-2.26264,-11.4783,-159.988,-159.953,-0.409583,7.32616,92.0324
-171.467,-250.168,10000,-2.31053,-11.4785,-159.988,-159.953,-0.0433721,7.32607,92.0379
-171.467,-250.168,10000,-2.30069,-11.4787,-159.988,-159.95,0.0786982,7.32624,92.0269
-171.467,-250.168,10000,-2.35607,-11.4791,-159.988,-159.953,0.139733,7.32652,92.0214
-171.467,-250.168,10000,-2.47133,-11.4791,-159.988,-159.956,-0.165442,7.32619,92.0269
-171.467,-250.167,10000,-2.57361,-11.4786,-159.989,-159.956,-0.470618,7.32525,92.0214
-171.467,-250.167,10000,-2.71642,-11.4779,-159.99,-159.959,-0.0433721,7.32516,92.0324
-171.467,-250.166,10000,-2.82059,-11.4767,-159.991,-159.958,0.0786982,7.32532,92.0269
-171.467,-250.165,10000,-2.89435,-11.4755,-159.993,-159.958,-0.348548,7.32462,92.0324
-171.467,-250.165,10000,-2.93014,-11.4743,-159.994,-159.958,-0.0433721,7.32454,92.0324
-171.467,-250.165,10000,-2.93128,-11.4731,-159.995,-159.957,-0.226478,7.32408,92.0269
-171.467,-250.165,10000,-2.91045,-11.4721,-159.996,-159.957,-0.226478,7.32363,92.0269
-171.467,-250.165,10000,-2.9192,-11.4712,-159.997,-159.959,0.444909,7.32453,92.0324
-171.467,-250.165,10000,-2.89489,-11.4702,-159.998,-159.959,0.139733,7.32482,92.0269
-171.467,-250.165,10000,-2.851,-11.4694,-159.998,-159.959,-0.165442,7.32448,92.0214
-171.467,-250.165,10000,-2.84765,-11.4688,-159.999,-159.961,-0.348548,7.32378,92.0269
-171.467,-250.165,10000,-2.7728,-11.468,-159.999,-159.959,-0.226478,7.32333,92.0324
-171.467,-250.166,10000,-2.68168,-11.4676,-159.999,-159.958,0.261804,7.32386,92.0269
-171.467,-250.166,10000,-2.58859,-11.4675,-159.999,-159.958,-0.0433721,7.32378,92.0269
-171.467,-250.167,10000,-2.49796,-11.4677,-159.999,-159.958,-0.470618,7.32284,92.0214
-171.467,-250.167,10000,-2.47022,-11.468,-159.999,-159.96,-0.531653,7.32177,92.0214
-171.467,-250.167,10000,-2.44759,-11.4681,-159.999,-159.961,-0.287513,7.3212,92.0324
-171.467,-250.167,10000,-2.36632,-11.4682,-159.998,-159.957,0.322839,7.32186,92.0324
-171.467,-250.168,10000,-2.28869,-11.4688,-159.997,-159.957,0.68905,7.32324,92.0269
-171.467,-250.168,10000,-2.22677,-11.4695,-159.997,-159.957,0.0176631,7.32328,92.0214
-171.467,-250.169,10000,-2.2375,-11.4703,-159.996,-159.96,-0.470618,7.32233,92.0324
-171.467,-250.168,10000,-2.24444,-11.4707,-159.996,-159.959,-0.714759,7.3209,92.0269
-171.467,-250.168,10000,-2.25661,-11.4712,-159.995,-159.959,-0.470618,7.31996,92.0324
-171.467,-250.168,10000,-2.21721,-11.4715,-159.995,-159.956,0.0176631,7.32,92.0379
-171.467,-250.169,10000,-2.08149,-11.4722,-159.993,-159.951,0.139733,7.32028,92.0214
-171.467,-250.169,10000,-2.0428,-11.4737,-159.992,-159.954,0.383874,7.32106,92.0214
-171.467,-250.17,10000,-2.03911,-11.4747,-159.991,-159.954,0.0176631,7.3211,92.0269
-171.467,-250.17,10000,-2.05771,-11.4757,-159.991,-159.954,-0.287513,7.32053,92.0269
-171.467,-250.17,10000,-2.09533,-11.4765,-159.99,-159.955,0.0786982,7.32069,92.0269
-171.467,-250.169,10000,-2.1477,-11.4771,-159.989,-159.955,-0.0433721,7.32061,92.0269
-171.467,-250.169,10000,-2.2109,-11.4776,-159.989,-159.955,0.0176631,7.32065,92.0324
-171.467,-250.169,10000,-2.22447,-11.4778,-159.989,-159.952,-0.0433721,7.32057,92.0324
-171.467,-250.169,10000,-2.24518,-11.4783,-159.988,-159.952,-0.409583,7.31975,92.0269
-171.467,-250.169,10000,-2.27973,-11.4787,-159.988,-159.952,0.0176631,7.31979,92.0269
-171.467,-250.168,10000,-2.32448,-11.479,-159.988,-159.953,-0.104407,7.31959,92.0269
-171.467,-250.168,10000,-2.37561,-11.4791,-159.988,-159.953,-0.348548,7.31889,92.0214
-171.467,-250.168,10000,-2.48586,-11.479,-159.988,-159.956,-0.104407,7.31869,92.0269
-171.467,-250.167,10000,-2.58366,-11.4785,-159.989,-159.956,-0.287513,7.31812,92.0269
-171.467,-250.167,10000,-2.66593,-11.4778,-159.99,-159.956,-0.409583,7.3173,92.0324
-171.467,-250.166,10000,-2.67468,-11.4771,-159.99,-159.953,-0.104407,7.31709,92.0324
-171.467,-250.166,10000,-2.62163,-11.4766,-159.991,-159.951,-0.104407,7.31689,92.0379
-171.467,-250.167,10000,-2.51184,-11.4765,-159.99,-159.948,-0.0433721,7.31681,92.0269
-171.467,-250.167,10000,-2.42422,-11.4768,-159.99,-159.949,-0.165442,7.31647,92.0324
-171.467,-250.168,10000,-2.35148,-11.4773,-159.989,-159.949,-0.104407,7.31626,92.0269
-171.467,-250.168,10000,-2.30305,-11.4779,-159.989,-159.949,0.0176631,7.3163,92.0214
-171.467,-250.168,10000,-2.33363,-11.4784,-159.988,-159.953,-0.226478,7.31586,92.0269
-171.467,-250.168,10000,-2.37224,-11.4786,-159.988,-159.953,-0.226478,7.3154,92.0214
-171.467,-250.168,10000,-2.47227,-11.4786,-159.989,-159.956,0.261804,7.31593,92.0324
-171.467,-250.167,10000,-2.50561,-11.4782,-159.989,-159.953,-0.226478,7.31548,92.0214
-171.467,-250.167,10000,-2.59448,-11.4779,-159.99,-159.956,0.322839,7.31613,92.0214
-171.467,-250.167,10000,-2.72431,-11.4773,-159.991,-159.959,0.322839,7.31677,92.0269
-171.467,-250.166,10000,-2.82477,-11.4762,-159.992,-159.959,0.0176631,7.31681,92.0324
-171.467,-250.165,10000,-2.83897,-11.475,-159.993,-159.956,0.200769,7.31722,92.0324
-171.467,-250.165,10000,-2.77985,-11.4741,-159.993,-159.953,0.200769,7.31762,92.0214
-171.467,-250.166,10000,-2.77462,-11.4737,-159.994,-159.956,0.200769,7.31803,92.0324
-171.467,-250.166,10000,-2.70075,-11.4731,-159.994,-159.953,0.200769,7.31843,92.0324
-171.467,-250.166,10000,-2.57294,-11.4729,-159.994,-159.951,0.0176631,7.31847,92.0324
-171.467,-250.167,10000,-2.40676,-11.4732,-159.993,-159.949,-0.409583,7.31766,92.0324
-171.467,-250.168,10000,-2.26512,-11.474,-159.992,-159.949,-0.165442,7.31733,92.0269
-171.467,-250.168,10000,-2.15924,-11.475,-159.991,-159.949,-0.531653,7.31627,92.0214
-171.467,-250.169,10000,-2.14528,-11.4762,-159.99,-159.952,-0.958899,7.31436,92.0269
-171.467,-250.169,10000,-2.20087,-11.4769,-159.99,-159.955,-0.531653,7.31329,92.0324
-171.467,-250.169,10000,-2.20768,-11.4772,-159.989,-159.952,0.0786982,7.31345,92.0269
-171.467,-250.169,10000,-2.23098,-11.4778,-159.989,-159.953,0.505944,7.31447,92.0324
-171.467,-250.169,10000,-2.25939,-11.4782,-159.988,-159.953,-0.714759,7.31304,92.0214
-171.467,-250.168,10000,-2.35566,-11.4785,-159.989,-159.956,-0.226478,7.31258,92.0214
-171.467,-250.168,10000,-2.45515,-11.4783,-159.989,-159.956,-0.165442,7.31225,92.0324
-171.467,-250.167,10000,-2.48851,-11.4779,-159.989,-159.953,-0.226478,7.3118,92.0214
-171.467,-250.167,10000,-2.57772,-11.4777,-159.99,-159.956,-0.226478,7.31135,92.0214
-171.467,-250.167,10000,-2.7083,-11.4771,-159.991,-159.959,-0.470618,7.31041,92.0324
-171.467,-250.166,10000,-2.75353,-11.476,-159.992,-159.956,-0.226478,7.30996,92.0324
-171.467,-250.166,10000,-2.77313,-11.4752,-159.993,-159.956,0.322839,7.3106,92.0269
-171.467,-250.166,10000,-2.77795,-11.4745,-159.993,-159.956,0.200769,7.311,92.0269
-171.467,-250.166,10000,-2.76903,-11.4738,-159.994,-159.956,0.139733,7.31127,92.0214
-171.467,-250.166,10000,-2.80463,-11.4731,-159.995,-159.959,0.872155,7.31302,92.0324
-171.467,-250.166,10000,-2.76199,-11.4723,-159.995,-159.956,0.56698,7.31416,92.0214
-171.467,-250.166,10000,-2.76823,-11.4718,-159.996,-159.959,-0.348548,7.31346,92.0269
-171.467,-250.166,10000,-2.75691,-11.4711,-159.996,-159.958,0.0786982,7.31362,92.0269
-171.467,-250.166,10000,-2.73092,-11.4705,-159.997,-159.958,0.200769,7.31403,92.0269
-171.467,-250.166,10000,-2.69318,-11.4701,-159.997,-159.958,-0.287513,7.31346,92.0269
-171.467,-250.166,10000,-2.64706,-11.4697,-159.997,-159.958,-0.104407,7.31325,92.0269
-171.467,-250.166,10000,-2.59613,-11.4696,-159.997,-159.958,-0.226478,7.31279,92.0324
-171.467,-250.167,10000,-2.4867,-11.4695,-159.997,-159.955,-0.0433721,7.3127,92.0324
-171.467,-250.167,10000,-2.33443,-11.4699,-159.996,-159.952,0.139733,7.31298,92.0214
-171.467,-250.168,10000,-2.26706,-11.4708,-159.995,-159.955,0.383874,7.31374,92.0214
-171.467,-250.168,10000,-2.27344,-11.4715,-159.995,-159.958,0.0176631,7.31377,92.0269
-171.467,-250.168,10000,-2.23664,-11.4719,-159.994,-159.956,0.0176631,7.3138,92.0324
-171.467,-250.169,10000,-2.15907,-11.4726,-159.993,-159.953,0.139733,7.31408,92.0324
-171.467,-250.169,10000,-2.10052,-11.4736,-159.992,-159.953,0.505944,7.31508,92.0324
-171.467,-250.169,10000,-2.06167,-11.4746,-159.991,-159.953,0.0786982,7.31523,92.0269
-171.467,-250.169,10000,-2.05051,-11.4756,-159.99,-159.953,0.0176631,7.31526,92.0324
-171.467,-250.17,10000,-2.10408,-11.4766,-159.99,-159.955,-0.0433721,7.31516,92.0269
-171.467,-250.169,10000,-2.16945,-11.4771,-159.99,-159.955,0.139733,7.31543,92.0324
-171.467,-250.169,10000,-2.1861,-11.4775,-159.989,-159.953,0.0176631,7.31546,92.0214
-171.467,-250.169,10000,-2.27509,-11.478,-159.989,-159.956,-0.287513,7.31489,92.0214
-171.467,-250.168,10000,-2.37143,-11.478,-159.989,-159.956,0.322839,7.31553,92.0324
-171.467,-250.168,10000,-2.4057,-11.4778,-159.989,-159.953,0.505944,7.31654,92.0324
-171.467,-250.168,10000,-2.3872,-11.4778,-159.989,-159.951,0.0786982,7.31668,92.0269
-171.467,-250.168,10000,-2.38218,-11.4781,-159.989,-159.951,-0.165442,7.31634,92.0324
-171.467,-250.168,10000,-2.38081,-11.4783,-159.989,-159.951,0.0786982,7.31648,92.0324
-171.467,-250.168,10000,-2.38271,-11.4785,-159.988,-159.951,0.0176631,7.31651,92.0324
-171.467,-250.168,10000,-2.3875,-11.4786,-159.988,-159.951,0.322839,7.31715,92.0269
-171.467,-250.168,10000,-2.40295,-11.4788,-159.988,-159.952,-0.592689,7.31596,92.0214
-171.467,-250.168,10000,-2.48286,-11.4789,-159.989,-159.955,-0.592689,7.31477,92.0214
-171.467,-250.167,10000,-2.6119,-11.4785,-159.989,-159.957,0.0786982,7.31493,92.0269
-171.467,-250.167,10000,-2.71843,-11.4776,-159.99,-159.957,0.56698,7.31607,92.0324
-171.467,-250.166,10000,-2.74431,-11.4766,-159.991,-159.955,0.505944,7.31707,92.0269
-171.467,-250.166,10000,-2.75718,-11.4759,-159.992,-159.955,0.200769,7.31747,92.0269
-171.467,-250.166,10000,-2.75817,-11.4752,-159.992,-159.955,-0.226478,7.317,92.0324
-171.467,-250.166,10000,-2.74063,-11.4746,-159.993,-159.955,-0.165442,7.31667,92.0379
-171.467,-250.166,10000,-2.65133,-11.4741,-159.993,-159.952,0.200769,7.31706,92.0324
-171.467,-250.166,10000,-2.56301,-11.4741,-159.993,-159.952,0.139733,7.31734,92.0214
-171.467,-250.167,10000,-2.54366,-11.4742,-159.993,-159.955,-0.287513,7.31675,92.0324
-171.467,-250.167,10000,-2.51769,-11.4741,-159.993,-159.954,-0.226478,7.31629,92.0324
-171.467,-250.167,10000,-2.48723,-11.4741,-159.993,-159.954,0.200769,7.31669,92.0324
-171.467,-250.167,10000,-2.45453,-11.4742,-159.993,-159.954,0.0786982,7.31684,92.0324
-171.467,-250.167,10000,-2.46978,-11.4744,-159.993,-159.956,0.505944,7.31785,92.0214
-171.467,-250.167,10000,-2.54018,-11.4743,-159.993,-159.959,0.505944,7.31886,92.0214
-171.467,-250.167,10000,-2.60339,-11.4739,-159.994,-159.959,-0.104407,7.31865,92.0324
-171.467,-250.167,10000,-2.59363,-11.4733,-159.994,-159.956,0.383874,7.31942,92.0269
-171.467,-250.167,10000,-2.57953,-11.4731,-159.994,-159.956,0.0786982,7.31957,92.0269
-171.467,-250.167,10000,-2.61065,-11.4729,-159.995,-159.958,0.0176631,7.31959,92.0324
-171.467,-250.167,10000,-2.57286,-11.4724,-159.995,-159.956,0.139733,7.31986,92.0214
-171.467,-250.167,10000,-2.59196,-11.4723,-159.995,-159.958,-0.0433721,7.31977,92.0324
-171.467,-250.167,10000,-2.54452,-11.472,-159.995,-159.956,0.0786982,7.31992,92.0324
-171.467,-250.167,10000,-2.4438,-11.472,-159.994,-159.953,0.0176631,7.31996,92.0324
-171.467,-250.167,10000,-2.30424,-11.4725,-159.994,-159.95,0.200769,7.32036,92.0269
-171.467,-250.168,10000,-2.2445,-11.4734,-159.993,-159.953,0.0176631,7.32039,92.0324
-171.467,-250.168,10000,-2.14974,-11.4742,-159.992,-159.951,0.383874,7.32116,92.0324
-171.467,-250.169,10000,-2.03178,-11.4752,-159.99,-159.948,0.0786982,7.3213,92.0324
-171.467,-250.17,10000,-1.9501,-11.4767,-159.989,-159.949,-0.104407,7.32108,92.0214
-171.467,-250.17,10000,-2.01611,-11.4781,-159.988,-159.954,-0.226478,7.32062,92.0214
-171.467,-250.17,10000,-2.1541,-11.4788,-159.988,-159.957,0.0786982,7.32079,92.0214
-171.467,-250.169,10000,-2.34577,-11.4789,-159.989,-159.96,-0.104407,7.32058,92.0214
-171.467,-250.168,10000,-2.52436,-11.4783,-159.99,-159.96,-0.0433721,7.32048,92.0324
-171.467,-250.167,10000,-2.61916,-11.4775,-159.99,-159.957,0.322839,7.32113,92.0269
-171.467,-250.167,10000,-2.64768,-11.4767,-159.991,-159.955,-0.0433721,7.32104,92.0324
-171.467,-250.166,10000,-2.61156,-11.4762,-159.991,-159.952,-0.104407,7.32083,92.0324
-171.467,-250.167,10000,-2.57125,-11.476,-159.991,-159.952,0.261804,7.32135,92.0269
-171.467,-250.167,10000,-2.53744,-11.476,-159.991,-159.952,0.0176631,7.32138,92.0324
-171.467,-250.167,10000,-2.50216,-11.476,-159.991,-159.952,-0.287513,7.3208,92.0324
-171.467,-250.167,10000,-2.46757,-11.476,-159.991,-159.952,0.322839,7.32144,92.0269
-171.467,-250.167,10000,-2.44306,-11.4762,-159.991,-159.952,0.444909,7.32234,92.0324
-171.467,-250.167,10000,-2.372,-11.4763,-159.99,-159.95,-0.0433721,7.32225,92.0324
-171.467,-250.168,10000,-2.26647,-11.4768,-159.989,-159.948,0.139733,7.32253,92.0324
-171.467,-250.168,10000,-2.18598,-11.4777,-159.988,-159.948,-0.470618,7.32158,92.0324
-171.467,-250.169,10000,-2.08346,-11.4787,-159.987,-159.946,-0.470618,7.32063,92.0269
-171.467,-250.169,10000,-2.0728,-11.4799,-159.986,-159.949,0.0786982,7.32078,92.0324
-171.467,-250.169,10000,-2.08387,-11.4808,-159.985,-159.949,-0.165442,7.32044,92.0214
-171.467,-250.169,10000,-2.17776,-11.4816,-159.985,-159.952,-0.0433721,7.32036,92.0324
-171.467,-250.169,10000,-2.22364,-11.4818,-159.985,-159.95,0.261804,7.32088,92.0214
-171.467,-250.169,10000,-2.34117,-11.4821,-159.985,-159.953,0.0176631,7.3209,92.0214
-171.467,-250.168,10000,-2.51216,-11.4819,-159.986,-159.956,-0.165442,7.32056,92.0214
-171.467,-250.167,10000,-2.67041,-11.4811,-159.987,-159.956,-0.226478,7.3201,92.0269
-171.467,-250.166,10000,-2.80169,-11.4799,-159.988,-159.956,0.444909,7.32099,92.0324
-171.467,-250.166,10000,-2.84721,-11.4787,-159.989,-159.954,0.0786982,7.32115,92.0214
-171.467,-250.165,10000,-2.88265,-11.4776,-159.99,-159.954,0.0176631,7.32118,92.0214
-171.467,-250.165,10000,-2.95542,-11.4766,-159.992,-159.957,0.444909,7.32206,92.0214
-171.467,-250.165,10000,-3.05309,-11.4752,-159.993,-159.96,0.0176631,7.32211,92.0324
-171.467,-250.164,10000,-3.0533,-11.4735,-159.995,-159.957,-0.592689,7.32092,92.0214
-171.467,-250.164,10000,-3.08253,-11.4723,-159.996,-159.96,0.444909,7.3218,92.0324
-171.467,-250.164,10000,-3.02062,-11.4708,-159.997,-159.957,0.505944,7.32281,92.0214
-171.467,-250.164,10000,-2.99722,-11.4699,-159.998,-159.959,-0.0433721,7.32272,92.0269
-171.467,-250.164,10000,-2.94823,-11.4688,-159.999,-159.959,0.0786982,7.32288,92.0269
-171.467,-250.165,10000,-2.87932,-11.468,-160,-159.959,0.0786982,7.32303,92.0379
-171.467,-250.165,10000,-2.73186,-11.4674,-160,-159.956,-0.0433721,7.32294,92.0214
-171.467,-250.166,10000,-2.64646,-11.4675,-160,-159.958,0.139733,7.32322,92.0214
-171.467,-250.166,10000,-2.61594,-11.4674,-160,-159.961,-0.165442,7.32289,92.0269
-171.467,-250.166,10000,-2.57542,-11.4672,-160,-159.961,-0.226478,7.32243,92.0269
-171.467,-250.167,10000,-2.52833,-11.4672,-160,-159.96,0.200769,7.32283,92.0269
-171.467,-250.167,10000,-2.47823,-11.4672,-160,-159.96,0.322839,7.32347,92.0324
-171.467,-250.167,10000,-2.37145,-11.4674,-159.999,-159.957,0.0786982,7.32362,92.0324
-171.467,-250.168,10000,-2.27152,-11.4681,-159.998,-159.957,0.261804,7.32414,92.0324
-171.467,-250.168,10000,-2.18299,-11.4689,-159.997,-159.956,0.261804,7.32466,92.0324
-171.467,-250.169,10000,-2.10901,-11.4699,-159.996,-159.956,0.261804,7.32519,92.0214
-171.467,-250.169,10000,-2.11629,-11.471,-159.995,-159.959,-0.287513,7.32461,92.0269
-171.467,-250.169,10000,-2.08662,-11.4717,-159.994,-159.956,-0.0433721,7.32452,92.0269
-171.467,-250.169,10000,-2.07742,-11.4726,-159.993,-159.956,-0.226478,7.32406,92.0269
-171.467,-250.169,10000,-2.08703,-11.4735,-159.993,-159.956,-0.287513,7.32348,92.0269
-171.467,-250.169,10000,-2.11277,-11.4743,-159.992,-159.956,0.261804,7.324,92.0324
-171.467,-250.169,10000,-2.09554,-11.4749,-159.991,-159.953,0.0176631,7.32403,92.0324
-171.467,-250.169,10000,-2.04504,-11.4758,-159.99,-159.951,-0.470618,7.32309,92.0269
-171.467,-250.17,10000,-2.07506,-11.4769,-159.989,-159.954,0.139733,7.32337,92.0324
-171.467,-250.169,10000,-2.06678,-11.4777,-159.988,-159.951,0.56698,7.3245,92.0324
-171.467,-250.169,10000,-2.02871,-11.4786,-159.987,-159.949,0.0786982,7.32465,92.0214
-171.467,-250.17,10000,-2.08145,-11.4797,-159.987,-159.952,-0.0433721,7.32456,92.0379
-171.467,-250.169,10000,-2.03926,-11.4803,-159.986,-159.947,0.200769,7.32496,92.0269
-171.467,-250.17,10000,-2.0349,-11.4814,-159.985,-159.948,-0.165442,7.32463,92.0324
-171.467,-250.17,10000,-2.00661,-11.4823,-159.984,-159.945,0.0786982,7.32479,92.0269
-171.467,-250.17,10000,-2.06571,-11.4834,-159.983,-159.949,0.0176631,7.32482,92.0269
-171.467,-250.17,10000,-2.14766,-11.484,-159.983,-159.949,-0.226478,7.32436,92.0324
-171.467,-250.169,10000,-2.23686,-11.4844,-159.982,-159.949,0.0786982,7.32451,92.0324
-171.467,-250.169,10000,-2.32837,-11.4845,-159.983,-159.949,0.322839,7.32516,92.0269
-171.467,-250.168,10000,-2.42595,-11.4844,-159.983,-159.95,0.628015,7.32642,92.0269
-171.467,-250.168,10000,-2.52395,-11.4841,-159.983,-159.95,0.0176631,7.32645,92.0324
-171.467,-250.167,10000,-2.6091,-11.4835,-159.984,-159.95,-0.226478,7.32599,92.0269
-171.467,-250.167,10000,-2.73534,-11.4828,-159.985,-159.953,0.383874,7.32676,92.0269
-171.467,-250.166,10000,-2.84034,-11.4817,-159.987,-159.953,0.56698,7.32789,92.0269
-171.467,-250.165,10000,-2.92123,-11.4805,-159.988,-159.954,0.0786982,7.32804,92.0269
-171.467,-250.165,10000,-2.97682,-11.4791,-159.989,-159.954,0.444909,7.32893,92.0214
-171.467,-250.165,10000,-3.06391,-11.4778,-159.991,-159.957,0.444909,7.32983,92.0214
-171.467,-250.164,10000,-3.1701,-11.4761,-159.993,-159.959,-0.104407,7.32961,92.0269
-171.467,-250.164,10000,-3.22909,-11.4742,-159.995,-159.959,-0.287513,7.32902,92.0324
-171.467,-250.163,10000,-3.18709,-11.4723,-159.996,-159.956,0.200769,7.32943,92.0324
-171.467,-250.163,10000,-3.06186,-11.4709,-159.997,-159.954,0.261804,7.32995,92.0214
-171.467,-250.164,10000,-2.98477,-11.4701,-159.998,-159.956,0.81112,7.33158,92.0214
-171.467,-250.165,10000,-2.90103,-11.4693,-159.998,-159.957,0.261804,7.3321,92.0324
-171.467,-250.165,10000,-2.79851,-11.4688,-159.999,-159.956,0.0176631,7.33213,92.0324
-171.467,-250.165,10000,-2.63645,-11.4685,-159.998,-159.954,0.0786982,7.33228,92.0324
-171.467,-250.166,10000,-2.48053,-11.4688,-159.998,-159.954,-0.0433721,7.33218,92.0214
-171.467,-250.167,10000,-2.40185,-11.4694,-159.997,-159.956,0.139733,7.33245,92.0324
-171.467,-250.168,10000,-2.32665,-11.4699,-159.996,-159.956,0.0786982,7.33261,92.0324
-171.467,-250.168,10000,-2.2583,-11.4705,-159.996,-159.956,0.505944,7.33362,92.0214
-171.467,-250.168,10000,-2.26393,-11.4712,-159.995,-159.958,-0.104407,7.33341,92.0324
-171.467,-250.168,10000,-2.21894,-11.4716,-159.995,-159.956,-0.0433721,7.33332,92.0269
-171.467,-250.169,10000,-2.19107,-11.4724,-159.994,-159.956,0.200769,7.33371,92.0324
-171.467,-250.169,10000,-2.12336,-11.4731,-159.993,-159.953,0.322839,7.33436,92.0214
-171.467,-250.169,10000,-2.13946,-11.4741,-159.992,-159.956,0.139733,7.33463,92.0159
-171.467,-250.169,10000,-2.28088,-11.4747,-159.992,-159.961,-0.348548,7.33393,92.0324
-171.467,-250.168,10000,-2.35135,-11.4745,-159.993,-159.958,-0.0433721,7.33384,92.0324
-171.467,-250.168,10000,-2.35998,-11.4745,-159.992,-159.955,0.322839,7.33449,92.0214
-171.467,-250.168,10000,-2.38168,-11.4747,-159.992,-159.956,0.139733,7.33476,92.0269
-171.467,-250.168,10000,-2.40505,-11.4747,-159.992,-159.956,-0.226478,7.3343,92.0269
-171.467,-250.168,10000,-2.42899,-11.4748,-159.992,-159.956,0.0786982,7.33446,92.0269
-171.467,-250.168,10000,-2.4527,-11.4747,-159.992,-159.956,0.261804,7.33498,92.0214
-171.467,-250.167,10000,-2.4829,-11.4747,-159.992,-159.956,0.139733,7.33527,92.0269
-171.467,-250.167,10000,-2.5572,-11.4745,-159.993,-159.959,0.383874,7.33603,92.0324
-171.467,-250.167,10000,-2.55919,-11.474,-159.993,-159.956,-0.104407,7.33582,92.0214
-171.467,-250.167,10000,-2.61415,-11.4738,-159.994,-159.959,0.261804,7.33634,92.0269
-171.467,-250.167,10000,-2.65267,-11.4732,-159.994,-159.958,0.200769,7.33674,92.0269
-171.467,-250.166,10000,-2.6754,-11.4727,-159.995,-159.958,0.322839,7.33739,92.0324
-171.467,-250.166,10000,-2.62727,-11.4721,-159.995,-159.955,-0.226478,7.33693,92.0324
-171.467,-250.166,10000,-2.52265,-11.472,-159.995,-159.953,-0.287513,7.33635,92.0214
-171.467,-250.167,10000,-2.48863,-11.4723,-159.995,-159.956,0.261804,7.33687,92.0269
-171.467,-250.167,10000,-2.45832,-11.4724,-159.994,-159.956,0.383874,7.33764,92.0214
-171.467,-250.167,10000,-2.48873,-11.4725,-159.995,-159.959,0.139733,7.33792,92.0379
-171.467,-250.167,10000,-2.44779,-11.4724,-159.994,-159.955,0.0176631,7.33796,92.0214
-171.467,-250.167,10000,-2.46997,-11.4726,-159.995,-159.958,-0.287513,7.33738,92.0269
-171.467,-250.167,10000,-2.48697,-11.4725,-159.995,-159.958,0.322839,7.33803,92.0324
-171.467,-250.167,10000,-2.44267,-11.4723,-159.994,-159.955,-0.348548,7.33732,92.0324
-171.467,-250.167,10000,-2.35013,-11.4726,-159.994,-159.953,-0.0433721,7.33723,92.0214
-171.467,-250.168,10000,-2.33471,-11.4732,-159.993,-159.956,0.0786982,7.3374,92.0214
-171.467,-250.168,10000,-2.33563,-11.4736,-159.993,-159.956,-0.165442,7.33707,92.0214
-171.467,-250.168,10000,-2.35088,-11.4738,-159.993,-159.956,-0.165442,7.33674,92.0324
-171.467,-250.168,10000,-2.31329,-11.474,-159.992,-159.954,0.0176631,7.33677,92.0214
-171.467,-250.168,10000,-2.34685,-11.4745,-159.992,-159.957,-0.104407,7.33657,92.0269
-171.467,-250.168,10000,-2.3814,-11.4746,-159.992,-159.957,0.139733,7.33685,92.0324
-171.467,-250.168,10000,-2.35934,-11.4746,-159.992,-159.954,-0.287513,7.33628,92.0324
-171.467,-250.168,10000,-2.29218,-11.475,-159.991,-159.951,-0.165442,7.33594,92.0214
-171.467,-250.168,10000,-2.30381,-11.4756,-159.991,-159.954,0.0176631,7.33597,92.0214
-171.467,-250.168,10000,-2.38043,-11.4759,-159.991,-159.957,0.200769,7.33637,92.0214
-171.467,-250.168,10000,-2.50724,-11.4758,-159.992,-159.96,0.200769,7.33678,92.0324
-171.467,-250.167,10000,-2.60482,-11.4751,-159.993,-159.959,0.0786982,7.33694,92.0214
-171.467,-250.167,10000,-2.73706,-11.4744,-159.994,-159.962,-0.104407,7.33673,92.0269
-171.467,-250.166,10000,-2.78641,-11.4733,-159.995,-159.959,-0.226478,7.33629,92.0214
-171.467,-250.166,10000,-2.82018,-11.4724,-159.996,-159.959,-0.0433721,7.3362,92.0324
-171.467,-250.165,10000,-2.77399,-11.4715,-159.996,-159.956,0.0176631,7.33624,92.0214
-171.467,-250.166,10000,-2.7271,-11.471,-159.996,-159.957,0.0786982,7.3364,92.0324
-171.467,-250.166,10000,-2.6171,-11.4706,-159.996,-159.954,0.322839,7.33704,92.0324
-171.467,-250.166,10000,-2.45984,-11.4708,-159.996,-159.951,0.505944,7.33806,92.0214
-171.467,-250.167,10000,-2.33553,-11.4714,-159.995,-159.952,0.200769,7.33846,92.0324
-171.467,-250.168,10000,-2.22888,-11.4722,-159.994,-159.952,-0.409583,7.33765,92.0214
-171.467,-250.169,10000,-2.15914,-11.4732,-159.993,-159.953,-0.226478,7.33719,92.0269
-171.467,-250.169,10000,-2.11547,-11.4742,-159.992,-159.953,0.0786982,7.33735,92.0214
-171.467,-250.169,10000,-2.15338,-11.4751,-159.991,-159.956,-0.165442,7.33702,92.0324
-171.467,-250.169,10000,-2.19331,-11.4756,-159.991,-159.956,0.0786982,7.33717,92.0269
-171.467,-250.169,10000,-2.24178,-11.476,-159.991,-159.956,0.0786982,7.33733,92.0379
-171.467,-250.169,10000,-2.18372,-11.4763,-159.99,-159.95,0.139733,7.33762,92.0214
-171.467,-250.169,10000,-2.25805,-11.4772,-159.99,-159.956,-0.104407,7.33741,92.0269
-171.467,-250.168,10000,-2.33403,-11.4773,-159.99,-159.956,-0.104407,7.3372,92.0324
-171.467,-250.168,10000,-2.40003,-11.4772,-159.99,-159.955,0.0176631,7.33724,92.0214
-171.467,-250.168,10000,-2.47087,-11.4771,-159.99,-159.956,-0.226478,7.33679,92.0269
-171.467,-250.167,10000,-2.53407,-11.4768,-159.991,-159.956,-0.348548,7.33609,92.0214
-171.467,-250.167,10000,-2.64362,-11.4764,-159.991,-159.959,0.0176631,7.33613,92.0269
-171.467,-250.166,10000,-2.72982,-11.4755,-159.992,-159.959,-0.226478,7.33567,92.0269
-171.467,-250.166,10000,-2.79135,-11.4746,-159.993,-159.958,-0.226478,7.33522,92.0269
-171.467,-250.166,10000,-2.82863,-11.4736,-159.994,-159.958,0.261804,7.33575,92.0269
-171.467,-250.165,10000,-2.84284,-11.4727,-159.995,-159.958,0.139733,7.33603,92.0324
-171.467,-250.165,10000,-2.78009,-11.4718,-159.996,-159.955,-0.409583,7.33521,92.0269
-171.467,-250.166,10000,-2.71169,-11.4714,-159.996,-159.955,-0.226478,7.33476,92.0269
-171.467,-250.166,10000,-2.64161,-11.4711,-159.996,-159.955,-0.104407,7.33455,92.0324
-171.467,-250.166,10000,-2.51692,-11.4711,-159.995,-159.953,-0.409583,7.33373,92.0324
-171.467,-250.167,10000,-2.35345,-11.4715,-159.995,-159.95,-0.165442,7.33339,92.0214
-171.467,-250.168,10000,-2.27812,-11.4724,-159.994,-159.953,0.0786982,7.33354,92.0269
-171.467,-250.168,10000,-2.22342,-11.4731,-159.993,-159.954,-0.165442,7.33321,92.0269
-171.467,-250.169,10000,-2.1894,-11.4739,-159.992,-159.954,0.139733,7.3335,92.0269
-171.467,-250.169,10000,-2.17509,-11.4746,-159.992,-159.954,0.200769,7.3339,92.0269
-171.467,-250.169,10000,-2.17854,-11.4753,-159.991,-159.954,0.139733,7.33418,92.0324
-171.467,-250.169,10000,-2.18976,-11.4759,-159.991,-159.954,-0.104407,7.33397,92.0269
-171.467,-250.169,10000,-2.21536,-11.4765,-159.99,-159.954,0.322839,7.33462,92.0269
-171.467,-250.169,10000,-2.25215,-11.4769,-159.99,-159.954,0.322839,7.33528,92.0214
-171.467,-250.168,10000,-2.30522,-11.4772,-159.99,-159.955,0.200769,7.33568,92.0214
-171.467,-250.168,10000,-2.41813,-11.4773,-159.99,-159.958,0.200769,7.33609,92.0324
-171.467,-250.168,10000,-2.46247,-11.4769,-159.99,-159.955,0.0176631,7.33612,92.0324
-171.467,-250.167,10000,-2.49652,-11.4768,-159.99,-159.955,0.0786982,7.33628,92.0269
-171.467,-250.167,10000,-2.52805,-11.4765,-159.991,-159.955,0.139733,7.33656,92.0269
-171.467,-250.167,10000,-2.60391,-11.4763,-159.991,-159.957,0.139733,7.33684,92.0269
-171.467,-250.167,10000,-2.66389,-11.4756,-159.992,-159.957,-0.348548,7.33614,92.0214
-171.467,-250.166,10000,-2.71513,-11.475,-159.993,-159.957,-0.592689,7.33495,92.0214
-171.467,-250.166,10000,-2.75598,-11.4742,-159.994,-159.958,0.200769,7.33535,92.0269
-171.467,-250.166,10000,-2.77738,-11.4734,-159.994,-159.958,0.505944,7.33637,92.0269
-171.467,-250.166,10000,-2.78054,-11.4726,-159.995,-159.958,-0.287513,7.3358,92.0214
-171.467,-250.166,10000,-2.77573,-11.4719,-159.996,-159.958,-0.409583,7.33498,92.0269
-171.467,-250.166,10000,-2.75525,-11.4713,-159.996,-159.958,-0.0433721,7.3349,92.0324
-171.467,-250.166,10000,-2.66614,-11.4708,-159.996,-159.955,-0.0433721,7.3348,92.0324
-171.467,-250.166,10000,-2.57216,-11.4707,-159.996,-159.955,-0.0433721,7.33472,92.0324
-171.467,-250.167,10000,-2.47857,-11.4709,-159.996,-159.954,0.0176631,7.33475,92.0324
-171.467,-250.167,10000,-2.34146,-11.4712,-159.995,-159.952,0.200769,7.33515,92.0269
-171.467,-250.168,10000,-2.23154,-11.4721,-159.994,-159.952,0.444909,7.33604,92.0269
-171.467,-250.169,10000,-2.15076,-11.4731,-159.993,-159.952,-0.104407,7.33583,92.0324
-171.467,-250.169,10000,-2.04258,-11.4741,-159.992,-159.95,-0.409583,7.33501,92.0269
-171.467,-250.17,10000,-1.97431,-11.4755,-159.99,-159.95,0.0176631,7.33505,92.0214
-171.467,-250.17,10000,-2.00075,-11.4768,-159.989,-159.954,0.322839,7.33569,92.0269
-171.467,-250.17,10000,-2.04879,-11.4777,-159.989,-159.954,0.139733,7.33597,92.0269
-171.467,-250.17,10000,-2.11361,-11.4784,-159.988,-159.954,0.139733,7.33625,92.0269
-171.467,-250.169,10000,-2.19025,-11.4789,-159.988,-159.954,0.383874,7.33702,92.0324
-171.467,-250.169,10000,-2.21781,-11.4791,-159.987,-159.952,-0.287513,7.33644,92.0324
-171.467,-250.169,10000,-2.20427,-11.4796,-159.987,-159.949,-0.104407,7.33624,92.0214
-171.467,-250.169,10000,-2.27082,-11.4802,-159.987,-159.952,0.261804,7.33676,92.0269
-171.467,-250.168,10000,-2.34409,-11.4803,-159.987,-159.953,0.139733,7.33704,92.0324
-171.467,-250.168,10000,-2.36376,-11.4803,-159.987,-159.95,-0.104407,7.33683,92.0214
-171.467,-250.168,10000,-2.45093,-11.4804,-159.987,-159.953,0.0176631,7.33686,92.0324
-171.467,-250.168,10000,-2.52538,-11.4801,-159.987,-159.953,0.0176631,7.3369,92.0269
-171.467,-250.167,10000,-2.59328,-11.4796,-159.988,-159.953,0.139733,7.33718,92.0324
-171.467,-250.167,10000,-2.59616,-11.479,-159.988,-159.951,0.505944,7.33819,92.0324
-171.467,-250.167,10000,-2.54488,-11.4788,-159.988,-159.949,0.0786982,7.33835,92.0214
-171.467,-250.167,10000,-2.51511,-11.4788,-159.988,-159.949,-0.287513,7.33777,92.0269
-171.467,-250.167,10000,-2.49668,-11.4788,-159.988,-159.95,-0.104407,7.33756,92.0324
-171.467,-250.167,10000,-2.48034,-11.4789,-159.988,-159.95,-0.592689,7.33636,92.0324
-171.467,-250.167,10000,-2.46643,-11.4789,-159.988,-159.95,-0.104407,7.33615,92.0269
-171.467,-250.167,10000,-2.46295,-11.479,-159.988,-159.951,-0.0433721,7.33606,92.0324
-171.467,-250.167,10000,-2.46059,-11.479,-159.988,-159.951,-0.226478,7.33561,92.0214
-171.467,-250.167,10000,-2.52338,-11.479,-159.988,-159.954,-0.0433721,7.33552,92.0214
-171.467,-250.167,10000,-2.58792,-11.4786,-159.989,-159.954,-0.470618,7.33457,92.0324
-171.467,-250.167,10000,-2.58703,-11.4781,-159.989,-159.952,-0.104407,7.33436,92.0214
-171.467,-250.167,10000,-2.64387,-11.4778,-159.99,-159.955,0.139733,7.33464,92.0269
-171.467,-250.166,10000,-2.68862,-11.4772,-159.99,-159.955,0.0176631,7.33468,92.0324
-171.467,-250.166,10000,-2.66432,-11.4765,-159.991,-159.952,-0.104407,7.33447,92.0269
-171.467,-250.166,10000,-2.64003,-11.4762,-159.991,-159.953,-0.226478,7.33402,92.0269
-171.467,-250.166,10000,-2.61629,-11.4759,-159.991,-159.953,0.139733,7.3343,92.0214
-171.467,-250.167,10000,-2.65007,-11.4757,-159.992,-159.956,-0.226478,7.33385,92.0214
-171.467,-250.166,10000,-2.68062,-11.4752,-159.992,-159.956,-0.409583,7.33302,92.0324
-171.467,-250.166,10000,-2.64247,-11.4746,-159.993,-159.953,0.0786982,7.33318,92.0269
-171.467,-250.166,10000,-2.60501,-11.4743,-159.993,-159.954,0.383874,7.33395,92.0324
-171.467,-250.167,10000,-2.56134,-11.4742,-159.993,-159.953,-0.0433721,7.33386,92.0214
-171.467,-250.167,10000,-2.5787,-11.4742,-159.993,-159.956,-0.287513,7.33329,92.0269
-171.467,-250.167,10000,-2.58919,-11.4739,-159.993,-159.956,-0.165442,7.33296,92.0269
-171.467,-250.167,10000,-2.59298,-11.4736,-159.994,-159.956,0.383874,7.33373,92.0324
-171.467,-250.167,10000,-2.53471,-11.4733,-159.994,-159.954,0.200769,7.33413,92.0324
-171.467,-250.167,10000,-2.42729,-11.4734,-159.993,-159.951,0.200769,7.33453,92.0324
-171.467,-250.168,10000,-2.3335,-11.4739,-159.992,-159.951,0.0786982,7.33468,92.0324
-171.467,-250.168,10000,-2.30395,-11.4746,-159.992,-159.953,-0.226478,7.33423,92.0324
-171.467,-250.168,10000,-2.28131,-11.4751,-159.991,-159.953,-0.287513,7.33366,92.0324
-171.467,-250.168,10000,-2.26562,-11.4756,-159.991,-159.953,0.139733,7.33394,92.0324
-171.467,-250.168,10000,-2.25746,-11.4761,-159.99,-159.953,0.444909,7.33483,92.0324
-171.467,-250.168,10000,-2.25623,-11.4765,-159.99,-159.953,-0.287513,7.33425,92.0324
-171.467,-250.168,10000,-2.26149,-11.477,-159.99,-159.953,-0.226478,7.33379,92.0214
-171.467,-250.168,10000,-2.33692,-11.4774,-159.99,-159.956,0.200769,7.33419,92.0269
-171.467,-250.168,10000,-2.41045,-11.4774,-159.99,-159.956,0.505944,7.33521,92.0214
-171.467,-250.168,10000,-2.53566,-11.4772,-159.99,-159.959,0.139733,7.33549,92.0269
-171.467,-250.167,10000,-2.64052,-11.4765,-159.991,-159.958,-0.165442,7.33517,92.0214
-171.467,-250.166,10000,-2.73103,-11.4757,-159.992,-159.959,-0.226478,7.33472,92.0269
-171.467,-250.166,10000,-2.7966,-11.4747,-159.993,-159.958,-0.226478,7.33426,92.0324
-171.467,-250.166,10000,-2.78103,-11.4737,-159.994,-159.956,0.0786982,7.33442,92.0324
-171.467,-250.166,10000,-2.69855,-11.4731,-159.994,-159.953,0.200769,7.33482,92.0269
-171.467,-250.166,10000,-2.62001,-11.473,-159.994,-159.953,-0.287513,7.33424,92.0269
-171.467,-250.167,10000,-2.54783,-11.473,-159.994,-159.953,-0.226478,7.33379,92.0269
-171.467,-250.167,10000,-2.4846,-11.4731,-159.994,-159.954,-0.165442,7.33345,92.0269
-171.467,-250.167,10000,-2.43164,-11.4733,-159.993,-159.954,-0.409583,7.33263,92.0324
-171.467,-250.168,10000,-2.33409,-11.4736,-159.993,-159.951,0.200769,7.33304,92.0214
-171.467,-250.168,10000,-2.36485,-11.4743,-159.993,-159.957,0.383874,7.33381,92.0214
-171.467,-250.168,10000,-2.45203,-11.4744,-159.993,-159.959,-0.104407,7.3336,92.0324
-171.467,-250.167,10000,-2.4698,-11.4741,-159.993,-159.956,0.0176631,7.33363,92.0214
-171.467,-250.167,10000,-2.54166,-11.474,-159.993,-159.959,0.139733,7.33392,92.0324
-171.467,-250.167,10000,-2.54154,-11.4735,-159.994,-159.956,0.139733,7.3342,92.0324
-171.467,-250.167,10000,-2.48221,-11.4733,-159.993,-159.954,-0.409583,7.33337,92.0269
-171.467,-250.167,10000,-2.43308,-11.4736,-159.993,-159.954,0.56698,7.33451,92.0324
-171.467,-250.167,10000,-2.38642,-11.4738,-159.993,-159.954,0.322839,7.33516,92.0269
-171.467,-250.168,10000,-2.35288,-11.4742,-159.992,-159.954,-0.0433721,7.33508,92.0214
-171.467,-250.168,10000,-2.38792,-11.4746,-159.992,-159.957,0.0786982,7.33524,92.0269
-171.467,-250.168,10000,-2.42219,-11.4746,-159.992,-159.957,0.0786982,7.3354,92.0379
-171.467,-250.168,10000,-2.29396,-11.4745,-159.992,-159.949,0.200769,7.3358,92.0269
-171.467,-250.168,10000,-2.19898,-11.4755,-159.991,-159.949,0.0786982,7.33596,92.0324
-171.467,-250.169,10000,-2.12846,-11.4764,-159.99,-159.949,0.200769,7.33636,92.0379
-171.467,-250.169,10000,-2.02687,-11.4775,-159.988,-159.947,-0.409583,7.33553,92.0214
-171.467,-250.17,10000,-2.02611,-11.4788,-159.987,-159.95,-0.409583,7.33471,92.0269
-171.467,-250.17,10000,-2.05396,-11.4798,-159.986,-159.951,0.0176631,7.33474,92.0269
-171.467,-250.17,10000,-2.10502,-11.4806,-159.986,-159.951,-0.104407,7.33453,92.0324
-171.467,-250.169,10000,-2.11811,-11.4811,-159.985,-159.949,0.322839,7.33518,92.0214
-171.467,-250.169,10000,-2.21257,-11.4818,-159.985,-159.952,-0.226478,7.33473,92.0269
-171.467,-250.169,10000,-2.31409,-11.482,-159.985,-159.952,-0.287513,7.33415,92.0269
-171.467,-250.168,10000,-2.41684,-11.4819,-159.985,-159.953,0.0176631,7.33419,92.0379
-171.467,-250.168,10000,-2.40406,-11.4815,-159.985,-159.947,-0.0433721,7.33411,92.0269
-171.467,-250.168,10000,-2.40807,-11.4817,-159.985,-159.948,0.322839,7.33476,92.0214
-171.467,-250.168,10000,-2.48274,-11.4818,-159.986,-159.951,-0.104407,7.33454,92.0269
-171.467,-250.167,10000,-2.55559,-11.4815,-159.986,-159.952,-0.165442,7.33421,92.0324
-171.467,-250.167,10000,-2.61488,-11.481,-159.987,-159.952,0.0786982,7.33437,92.0324
-171.467,-250.167,10000,-2.61188,-11.4804,-159.987,-159.949,-0.165442,7.33405,92.0269
-171.467,-250.167,10000,-2.66137,-11.4801,-159.988,-159.952,-0.226478,7.33359,92.0269
-171.467,-250.166,10000,-2.70255,-11.4795,-159.988,-159.952,0.0176631,7.33362,92.0324
-171.467,-250.166,10000,-2.72653,-11.4788,-159.989,-159.952,0.200769,7.33402,92.0269
-171.467,-250.166,10000,-2.74186,-11.4781,-159.99,-159.953,0.200769,7.33441,92.0269
-171.467,-250.166,10000,-2.74879,-11.4775,-159.99,-159.953,0.505944,7.33543,92.0214
-171.467,-250.166,10000,-2.80373,-11.4768,-159.991,-159.956,0.139733,7.33572,92.0214
-171.467,-250.166,10000,-2.84624,-11.4759,-159.992,-159.956,-0.104407,7.3355,92.0324
-171.467,-250.165,10000,-2.85932,-11.4749,-159.993,-159.956,0.0176631,7.33553,92.0269
-171.467,-250.165,10000,-2.85437,-11.474,-159.994,-159.956,-0.226478,7.33507,92.0324
-171.467,-250.165,10000,-2.77715,-11.4731,-159.994,-159.953,0.322839,7.33572,92.0269
-171.467,-250.166,10000,-2.69929,-11.4728,-159.994,-159.953,-0.0433721,7.33564,92.0324
-171.467,-250.166,10000,-2.56771,-11.4726,-159.994,-159.951,-0.592689,7.33444,92.0269
-171.467,-250.167,10000,-2.45415,-11.473,-159.994,-159.951,-0.836829,7.33276,92.0269
-171.467,-250.167,10000,-2.36107,-11.4735,-159.993,-159.952,0.200769,7.33316,92.0324
-171.467,-250.168,10000,-2.28176,-11.4741,-159.992,-159.952,0.322839,7.33381,92.0269
-171.467,-250.168,10000,-2.22656,-11.4748,-159.991,-159.952,-0.0433721,7.33372,92.0269
-171.467,-250.169,10000,-2.19436,-11.4756,-159.991,-159.952,0.200769,7.33412,92.0214
-171.467,-250.169,10000,-2.24037,-11.4763,-159.99,-159.955,0.0786982,7.33428,92.0324
-171.467,-250.169,10000,-2.23654,-11.4766,-159.99,-159.953,0.139733,7.33457,92.0324
-171.467,-250.169,10000,-2.24068,-11.4771,-159.989,-159.952,0.200769,7.33497,92.0214
-171.467,-250.169,10000,-2.31585,-11.4776,-159.989,-159.955,0.139733,7.33525,92.0214
-171.467,-250.168,10000,-2.39856,-11.4776,-159.99,-159.956,-0.348548,7.33455,92.0324
-171.467,-250.168,10000,-2.41949,-11.4774,-159.99,-159.953,-0.592689,7.33336,92.0269
-171.467,-250.168,10000,-2.44481,-11.4774,-159.99,-159.953,0.261804,7.33389,92.0269
-171.467,-250.167,10000,-2.47189,-11.4773,-159.99,-159.954,0.383874,7.33465,92.0324
-171.467,-250.167,10000,-2.44388,-11.4772,-159.99,-159.951,0.261804,7.33518,92.0324
-171.467,-250.167,10000,-2.37148,-11.4774,-159.989,-159.949,0.383874,7.33594,92.0214
-171.467,-250.168,10000,-2.37878,-11.4779,-159.989,-159.952,-0.104407,7.33572,92.0269
-171.467,-250.168,10000,-2.39523,-11.478,-159.989,-159.952,0.0786982,7.33588,92.0159
-171.467,-250.168,10000,-2.53111,-11.4781,-159.99,-159.958,-0.226478,7.33543,92.0324
-171.467,-250.167,10000,-2.59019,-11.4774,-159.99,-159.955,-0.714759,7.33399,92.0324
-171.467,-250.167,10000,-2.58266,-11.4769,-159.99,-159.953,0.322839,7.33463,92.0269
-171.467,-250.167,10000,-2.57617,-11.4766,-159.991,-159.953,0.505944,7.33564,92.0214
-171.467,-250.167,10000,-2.57844,-11.4764,-159.991,-159.953,0.322839,7.33629,92.0269
-171.467,-250.167,10000,-2.57936,-11.4762,-159.991,-159.954,0.200769,7.33669,92.0269
-171.467,-250.167,10000,-2.57902,-11.4759,-159.991,-159.954,-0.348548,7.33599,92.0269
-171.467,-250.167,10000,-2.57723,-11.4757,-159.992,-159.954,-0.165442,7.33566,92.0324
-171.467,-250.167,10000,-2.56607,-11.4755,-159.992,-159.954,0.0176631,7.33569,92.0324
-171.467,-250.167,10000,-2.54751,-11.4753,-159.992,-159.954,-0.0433721,7.3356,92.0269
-171.467,-250.167,10000,-2.53138,-11.4752,-159.992,-159.954,-0.165442,7.33527,92.0269
-171.467,-250.167,10000,-2.51818,-11.4751,-159.992,-159.954,0.0786982,7.33543,92.0324
-171.467,-250.167,10000,-2.45138,-11.4751,-159.992,-159.951,0.383874,7.3362,92.0269
-171.467,-250.167,10000,-2.40003,-11.4754,-159.991,-159.952,0.261804,7.33672,92.0269
-171.467,-250.168,10000,-2.36363,-11.4757,-159.991,-159.952,-0.470618,7.33577,92.0214
-171.467,-250.168,10000,-2.39831,-11.4761,-159.991,-159.955,-0.0433721,7.33568,92.0269
-171.467,-250.168,10000,-2.43376,-11.4761,-159.991,-159.955,0.0786982,7.33583,92.0269
-171.467,-250.168,10000,-2.46843,-11.476,-159.991,-159.955,0.200769,7.33623,92.0324
-171.467,-250.167,10000,-2.44435,-11.4759,-159.991,-159.953,0.0786982,7.33638,92.0269
-171.467,-250.167,10000,-2.42921,-11.476,-159.991,-159.953,-0.653724,7.33507,92.0214
-171.467,-250.168,10000,-2.4788,-11.4762,-159.991,-159.956,-0.348548,7.33437,92.0214
-171.467,-250.167,10000,-2.53082,-11.4759,-159.991,-159.956,0.139733,7.33465,92.0324
-171.467,-250.167,10000,-2.51832,-11.4756,-159.991,-159.954,0.139733,7.33493,92.0324
-171.467,-250.167,10000,-2.45264,-11.4755,-159.991,-159.951,-0.287513,7.33436,92.0214
-171.467,-250.167,10000,-2.45903,-11.4758,-159.991,-159.954,-0.165442,7.33403,92.0324
-171.467,-250.167,10000,-2.41195,-11.4758,-159.991,-159.952,0.383874,7.3348,92.0269
-171.467,-250.168,10000,-2.42776,-11.4761,-159.991,-159.954,0.68905,7.33618,92.0324
-171.467,-250.168,10000,-2.4384,-11.4761,-159.991,-159.954,-0.104407,7.33597,92.0214
-171.467,-250.168,10000,-2.50859,-11.4761,-159.991,-159.957,0.139733,7.33625,92.0214
-171.467,-250.167,10000,-2.62442,-11.4757,-159.992,-159.96,0.0176631,7.33629,92.0269
-171.467,-250.167,10000,-2.71551,-11.4749,-159.993,-159.959,-0.165442,7.33595,92.0269
-171.467,-250.166,10000,-2.78108,-11.474,-159.994,-159.959,-0.104407,7.33574,92.0269
-171.467,-250.166,10000,-2.82115,-11.473,-159.995,-159.959,-0.165442,7.33541,92.0214
-171.467,-250.165,10000,-2.89358,-11.4721,-159.996,-159.962,-0.165442,7.33508,92.0324
-171.467,-250.165,10000,-2.87534,-11.4709,-159.997,-159.958,-0.0433721,7.33499,92.0379
-171.467,-250.165,10000,-2.72584,-11.47,-159.997,-159.953,0.383874,7.33576,92.0214
-171.467,-250.166,10000,-2.64303,-11.4701,-159.997,-159.956,-0.348548,7.33506,92.0379
-171.467,-250.166,10000,-2.45035,-11.4701,-159.996,-159.95,-0.0433721,7.33498,92.0214
-171.467,-250.167,10000,-2.34482,-11.4709,-159.995,-159.954,-0.104407,7.33476,92.0269
-171.467,-250.168,10000,-2.26034,-11.4717,-159.995,-159.954,0.0786982,7.33492,92.0269
-171.467,-250.168,10000,-2.19845,-11.4725,-159.994,-159.954,0.200769,7.33533,92.0324
-171.467,-250.169,10000,-2.15066,-11.4733,-159.993,-159.954,0.0176631,7.33536,92.0269
-171.467,-250.169,10000,-2.12574,-11.4742,-159.992,-159.954,0.0786982,7.33552,92.0324
-171.467,-250.169,10000,-2.11431,-11.475,-159.991,-159.954,-0.287513,7.33493,92.0269
-171.467,-250.169,10000,-2.17205,-11.4758,-159.991,-159.956,-0.348548,7.33424,92.0324
-171.467,-250.169,10000,-2.22847,-11.4762,-159.991,-159.956,-0.287513,7.33366,92.0214
-171.467,-250.169,10000,-2.34633,-11.4765,-159.991,-159.959,-0.226478,7.3332,92.0214
-171.467,-250.168,10000,-2.50907,-11.4762,-159.992,-159.961,-0.165442,7.33287,92.0324
-171.467,-250.167,10000,-2.58863,-11.4754,-159.992,-159.958,-0.0433721,7.33279,92.0324
-171.467,-250.167,10000,-2.64337,-11.4748,-159.993,-159.958,-0.226478,7.33234,92.0324
-171.467,-250.166,10000,-2.62605,-11.4742,-159.993,-159.955,-0.0433721,7.33225,92.0214
-171.467,-250.166,10000,-2.66206,-11.4739,-159.994,-159.958,-0.592689,7.33107,92.0269
-171.467,-250.166,10000,-2.68346,-11.4734,-159.994,-159.958,-0.287513,7.33049,92.0214
-171.467,-250.166,10000,-2.7475,-11.4728,-159.995,-159.96,-0.226478,7.33004,92.0324
-171.467,-250.166,10000,-2.73003,-11.4719,-159.996,-159.957,-0.0433721,7.32994,92.0269
-171.467,-250.166,10000,-2.70138,-11.4714,-159.996,-159.957,0.0786982,7.33009,92.0269
-171.467,-250.166,10000,-2.66448,-11.471,-159.996,-159.957,-0.0433721,7.33,92.0324
-171.467,-250.166,10000,-2.56586,-11.4708,-159.996,-159.954,-0.165442,7.32967,92.0324
-171.467,-250.167,10000,-2.42072,-11.471,-159.995,-159.952,-0.0433721,7.32958,92.0214
-171.467,-250.168,10000,-2.30813,-11.4717,-159.994,-159.952,0.0786982,7.32974,92.0324
-171.467,-250.168,10000,-2.21281,-11.4725,-159.994,-159.952,0.0176631,7.32977,92.0214
-171.467,-250.169,10000,-2.20138,-11.4735,-159.993,-159.955,0.0786982,7.32993,92.0269
-171.467,-250.169,10000,-2.20463,-11.4741,-159.992,-159.955,0.0786982,7.33009,92.0269
-171.467,-250.169,10000,-2.22052,-11.4746,-159.992,-159.956,-0.0433721,7.33,92.0324
-171.467,-250.169,10000,-2.23886,-11.4751,-159.991,-159.955,0.261804,7.33053,92.0214
-171.467,-250.169,10000,-2.27502,-11.4755,-159.991,-159.956,0.322839,7.33117,92.0324
-171.467,-250.168,10000,-2.2605,-11.4758,-159.991,-159.953,0.261804,7.3317,92.0324
-171.467,-250.168,10000,-2.20552,-11.4763,-159.99,-159.95,-0.348548,7.331,92.0214
-171.467,-250.169,10000,-2.23308,-11.4771,-159.99,-159.954,-0.104407,7.33079,92.0324
-171.467,-250.169,10000,-2.264,-11.4774,-159.989,-159.953,-0.0433721,7.33071,92.0269
-171.467,-250.168,10000,-2.30414,-11.4777,-159.989,-159.954,-0.104407,7.33049,92.0324
-171.467,-250.168,10000,-2.34323,-11.4779,-159.989,-159.953,-0.0433721,7.3304,92.0269
-171.467,-250.168,10000,-2.38708,-11.478,-159.989,-159.954,0.200769,7.33081,92.0214
-171.467,-250.168,10000,-2.49005,-11.478,-159.989,-159.957,-0.104407,7.3306,92.0324
-171.467,-250.167,10000,-2.52409,-11.4775,-159.99,-159.954,-0.165442,7.33026,92.0324
-171.467,-250.167,10000,-2.54705,-11.4772,-159.99,-159.954,-0.287513,7.32969,92.0269
-171.467,-250.167,10000,-2.5681,-11.477,-159.99,-159.954,0.0786982,7.32985,92.0269
-171.467,-250.167,10000,-2.58579,-11.4766,-159.991,-159.954,0.505944,7.33086,92.0324
-171.467,-250.167,10000,-2.54347,-11.4763,-159.991,-159.951,-0.226478,7.33041,92.0324
-171.467,-250.167,10000,-2.50163,-11.4763,-159.991,-159.951,-0.592689,7.32922,92.0324
-171.467,-250.167,10000,-2.41399,-11.4764,-159.99,-159.949,-0.0433721,7.32913,92.0324
-171.467,-250.168,10000,-2.29323,-11.4769,-159.989,-159.947,-0.0433721,7.32904,92.0214
-171.467,-250.168,10000,-2.26381,-11.4778,-159.989,-159.95,-0.287513,7.32845,92.0269
-171.467,-250.168,10000,-2.25531,-11.4784,-159.988,-159.951,-0.409583,7.32763,92.0269
-171.467,-250.169,10000,-2.26525,-11.4789,-159.988,-159.951,-0.0433721,7.32755,92.0324
-171.467,-250.168,10000,-2.23493,-11.4793,-159.987,-159.949,0.0786982,7.3277,92.0269
-171.467,-250.169,10000,-2.22921,-11.4799,-159.987,-159.949,0.261804,7.32823,92.0214
-171.467,-250.169,10000,-2.25272,-11.4804,-159.986,-159.95,-0.470618,7.32728,92.0269
-171.467,-250.169,10000,-2.29231,-11.4808,-159.986,-159.951,-0.226478,7.32681,92.0269
-171.467,-250.168,10000,-2.34356,-11.481,-159.986,-159.951,0.200769,7.32721,92.0214
-171.467,-250.168,10000,-2.45835,-11.481,-159.986,-159.954,-0.104407,7.327,92.0269
-171.467,-250.167,10000,-2.56362,-11.4805,-159.987,-159.954,-0.104407,7.32679,92.0269
-171.467,-250.167,10000,-2.65597,-11.4799,-159.988,-159.954,0.444909,7.32768,92.0214
-171.467,-250.166,10000,-2.78872,-11.4791,-159.989,-159.957,0.0786982,7.32783,92.0269
-171.467,-250.166,10000,-2.89121,-11.4778,-159.991,-159.957,0.0786982,7.32799,92.0269
-171.467,-250.165,10000,-2.96202,-11.4765,-159.992,-159.957,-0.348548,7.32729,92.0324
-171.467,-250.165,10000,-2.94603,-11.4751,-159.993,-159.954,-0.714759,7.32585,92.0324
-171.467,-250.165,10000,-2.90544,-11.4741,-159.994,-159.954,0.200769,7.32625,92.0269
-171.467,-250.165,10000,-2.85282,-11.4734,-159.994,-159.954,0.505944,7.32727,92.0324
-171.467,-250.165,10000,-2.73576,-11.4727,-159.994,-159.952,0.0786982,7.32742,92.0214
-171.467,-250.166,10000,-2.68294,-11.4727,-159.995,-159.955,-0.409583,7.3266,92.0269
-171.467,-250.166,10000,-2.62859,-11.4724,-159.995,-159.955,0.322839,7.32724,92.0269
-171.467,-250.166,10000,-2.575,-11.4723,-159.995,-159.955,-0.0433721,7.32715,92.0269
-171.467,-250.167,10000,-2.52428,-11.4723,-159.995,-159.955,0.139733,7.32743,92.0324
-171.467,-250.167,10000,-2.47067,-11.4724,-159.994,-159.955,0.383874,7.3282,92.0214
-171.467,-250.167,10000,-2.48151,-11.4726,-159.994,-159.958,0.0176631,7.32824,92.0324
-171.467,-250.167,10000,-2.48048,-11.4725,-159.995,-159.957,-0.592689,7.32704,92.0269
-171.467,-250.167,10000,-2.47776,-11.4725,-159.995,-159.957,-0.287513,7.32646,92.0269
-171.467,-250.167,10000,-2.47374,-11.4725,-159.995,-159.957,0.383874,7.32723,92.0214
-171.467,-250.167,10000,-2.52513,-11.4725,-159.995,-159.96,0.0786982,7.32739,92.0269
-171.467,-250.167,10000,-2.56295,-11.4721,-159.995,-159.959,-0.165442,7.32705,92.0269
-171.467,-250.167,10000,-2.58771,-11.4717,-159.996,-159.959,-0.165442,7.32672,92.0214
-171.467,-250.167,10000,-2.65656,-11.4714,-159.996,-159.962,0.261804,7.32725,92.0269
-171.467,-250.166,10000,-2.7011,-11.4706,-159.997,-159.961,0.444909,7.32814,92.0324
-171.467,-250.166,10000,-2.66686,-11.47,-159.997,-159.958,-0.348548,7.32744,92.0324
-171.467,-250.166,10000,-2.61696,-11.4697,-159.997,-159.958,0.0176631,7.32747,92.0269
-171.467,-250.166,10000,-2.56393,-11.4696,-159.997,-159.958,0.200769,7.32787,92.0214
-171.467,-250.167,10000,-2.56662,-11.4696,-159.998,-159.96,-0.409583,7.32705,92.0324
-171.467,-250.167,10000,-2.50269,-11.4693,-159.997,-159.957,0.0176631,7.32709,92.0324
-171.467,-250.167,10000,-2.38688,-11.4695,-159.997,-159.955,0.0176631,7.32712,92.0214
-171.467,-250.168,10000,-2.34616,-11.4702,-159.996,-159.957,-0.226478,7.32667,92.0214
-171.467,-250.168,10000,-2.3701,-11.4706,-159.996,-159.96,0.0176631,7.3267,92.0214
-171.467,-250.168,10000,-2.39795,-11.4707,-159.996,-159.96,0.0176631,7.32672,92.0214
-171.467,-250.168,10000,-2.47653,-11.4707,-159.997,-159.963,0.200769,7.32712,92.0324
-171.467,-250.167,10000,-2.48053,-11.4704,-159.997,-159.96,0.0176631,7.32715,92.0269
-171.467,-250.167,10000,-2.47887,-11.4703,-159.997,-159.959,-0.104407,7.32695,92.0269
-171.467,-250.167,10000,-2.47217,-11.4703,-159.997,-159.959,0.0786982,7.3271,92.0324
-171.467,-250.167,10000,-2.40614,-11.4703,-159.996,-159.956,0.444909,7.328,92.0324
-171.467,-250.168,10000,-2.29432,-11.4707,-159.995,-159.953,-0.348548,7.32729,92.0324
-171.467,-250.168,10000,-2.19873,-11.4716,-159.994,-159.953,-0.104407,7.32708,92.0324
-171.467,-250.169,10000,-2.12229,-11.4725,-159.993,-159.953,0.0786982,7.32725,92.0269
-171.467,-250.169,10000,-2.0745,-11.4736,-159.992,-159.953,0.0786982,7.32741,92.0214
-171.467,-250.169,10000,-2.11032,-11.4747,-159.992,-159.956,-0.226478,7.32696,92.0324
-171.467,-250.169,10000,-2.10218,-11.4753,-159.991,-159.954,0.200769,7.32736,92.0214
-171.467,-250.169,10000,-2.17113,-11.4761,-159.991,-159.956,0.0786982,7.32752,92.0214
-171.467,-250.169,10000,-2.30151,-11.4764,-159.991,-159.959,0.0176631,7.32755,92.0324
-171.467,-250.168,10000,-2.36451,-11.4762,-159.991,-159.956,0.505944,7.32857,92.0324
-171.467,-250.168,10000,-2.36909,-11.4762,-159.991,-159.954,0.261804,7.32909,92.0324
-171.467,-250.168,10000,-2.32536,-11.4764,-159.99,-159.951,-0.531653,7.32802,92.0324
-171.467,-250.168,10000,-2.29246,-11.4769,-159.99,-159.951,0.0176631,7.32806,92.0324
-171.467,-250.168,10000,-2.22287,-11.4774,-159.989,-159.949,0.0176631,7.3281,92.0324
-171.467,-250.169,10000,-2.17488,-11.4782,-159.988,-159.949,-0.409583,7.32728,92.0269
-171.467,-250.169,10000,-2.15638,-11.479,-159.987,-159.949,-0.287513,7.3267,92.0324
-171.467,-250.169,10000,-2.15591,-11.4798,-159.987,-159.949,0.322839,7.32735,92.0269
-171.467,-250.169,10000,-2.2275,-11.4805,-159.986,-159.952,-0.0433721,7.32726,92.0269
-171.467,-250.169,10000,-2.30748,-11.4807,-159.986,-159.953,-0.165442,7.32693,92.0324
-171.467,-250.168,10000,-2.33511,-11.4807,-159.986,-159.95,0.383874,7.32771,92.0269
-171.467,-250.168,10000,-2.37475,-11.4808,-159.986,-159.951,-0.409583,7.32688,92.0269
-171.467,-250.168,10000,-2.42196,-11.4809,-159.986,-159.951,-0.104407,7.32667,92.0379
-171.467,-250.168,10000,-2.40975,-11.4807,-159.986,-159.948,0.383874,7.32744,92.0324
-171.467,-250.168,10000,-2.40516,-11.4809,-159.986,-159.948,-0.409583,7.32662,92.0324
-171.467,-250.168,10000,-2.40743,-11.4811,-159.986,-159.949,-0.165442,7.32629,92.0324
-171.467,-250.168,10000,-2.46386,-11.4812,-159.986,-159.951,0.0176631,7.32632,92.0214
-171.467,-250.167,10000,-2.57802,-11.481,-159.987,-159.954,-0.104407,7.32611,92.0324
-171.467,-250.167,10000,-2.62145,-11.4802,-159.987,-159.952,-0.165442,7.32578,92.0324
-171.467,-250.167,10000,-2.65208,-11.4797,-159.988,-159.952,-0.226478,7.32532,92.0269
-171.467,-250.166,10000,-2.67781,-11.4792,-159.988,-159.952,0.0176631,7.32536,92.0324
-171.467,-250.166,10000,-2.64203,-11.4786,-159.989,-159.95,0.139733,7.32564,92.0214
-171.467,-250.166,10000,-2.66818,-11.4784,-159.989,-159.953,-0.165442,7.32531,92.0269
-171.467,-250.166,10000,-2.68778,-11.4778,-159.99,-159.953,-0.165442,7.32498,92.0214
-171.467,-250.166,10000,-2.75651,-11.4773,-159.991,-159.956,0.261804,7.3255,92.0269
-171.467,-250.166,10000,-2.80531,-11.4764,-159.992,-159.956,0.0176631,7.32554,92.0269
-171.467,-250.166,10000,-2.83439,-11.4754,-159.992,-159.956,-0.104407,7.32534,92.0324
-171.467,-250.165,10000,-2.78829,-11.4745,-159.993,-159.953,0.0176631,7.32537,92.0324
-171.467,-250.166,10000,-2.72951,-11.474,-159.993,-159.953,-0.0433721,7.32528,92.0214
-171.467,-250.166,10000,-2.72625,-11.4737,-159.994,-159.956,0.200769,7.32568,92.0269
-171.467,-250.166,10000,-2.71214,-11.4731,-159.994,-159.956,0.0786982,7.32584,92.0269
-171.467,-250.166,10000,-2.68908,-11.4727,-159.995,-159.956,-0.104407,7.32562,92.0324
-171.467,-250.166,10000,-2.60292,-11.4723,-159.995,-159.953,-0.104407,7.32541,92.0324
-171.467,-250.167,10000,-2.56455,-11.4724,-159.995,-159.956,-0.165442,7.32507,92.0324
-171.467,-250.167,10000,-2.51914,-11.4723,-159.995,-159.955,-0.287513,7.32449,92.0324
-171.467,-250.167,10000,-2.47015,-11.4724,-159.994,-159.955,0.200769,7.32489,92.0214
-171.467,-250.167,10000,-2.43668,-11.4726,-159.994,-159.955,0.200769,7.32529,92.0324
-171.467,-250.167,10000,-2.40174,-11.4728,-159.994,-159.955,-0.104407,7.32508,92.0269
-171.467,-250.168,10000,-2.32697,-11.4731,-159.993,-159.953,0.0176631,7.32512,92.0269
-171.467,-250.168,10000,-2.2717,-11.4737,-159.993,-159.953,0.261804,7.32564,92.0214
-171.467,-250.168,10000,-2.29207,-11.4743,-159.992,-159.956,-0.165442,7.32531,92.0269
-171.467,-250.168,10000,-2.31817,-11.4746,-159.992,-159.956,-0.592689,7.32412,92.0269
-171.467,-250.168,10000,-2.34819,-11.4748,-159.992,-159.956,-0.592689,7.32293,92.0269
-171.467,-250.168,10000,-2.42851,-11.475,-159.992,-159.958,0.0786982,7.32309,92.0269
-171.467,-250.168,10000,-2.547,-11.4747,-159.993,-159.961,0.505944,7.3241,92.0214
-171.467,-250.167,10000,-2.69878,-11.474,-159.994,-159.963,0.56698,7.32524,92.0324
-171.467,-250.166,10000,-2.75743,-11.4729,-159.995,-159.96,0.0786982,7.3254,92.0269
-171.467,-250.166,10000,-2.84013,-11.472,-159.996,-159.962,-0.226478,7.32495,92.0324
-171.467,-250.165,10000,-2.83266,-11.4708,-159.997,-159.959,0.139733,7.32523,92.0324
-171.467,-250.165,10000,-2.74983,-11.4701,-159.997,-159.956,0.56698,7.32636,92.0214
-171.467,-250.166,10000,-2.72063,-11.4698,-159.998,-159.959,0.383874,7.32713,92.0269
-171.467,-250.166,10000,-2.67981,-11.4694,-159.998,-159.959,-0.226478,7.32667,92.0269
-171.467,-250.166,10000,-2.58253,-11.4691,-159.998,-159.956,-0.409583,7.32584,92.0324
-171.467,-250.167,10000,-2.4835,-11.4693,-159.997,-159.956,-0.104407,7.32563,92.0324
-171.467,-250.167,10000,-2.33968,-11.4697,-159.996,-159.953,0.200769,7.32604,92.0269
-171.467,-250.168,10000,-2.2222,-11.4705,-159.995,-159.953,0.261804,7.32657,92.0324
-171.467,-250.169,10000,-2.12515,-11.4716,-159.994,-159.953,0.200769,7.32697,92.0324
-171.467,-250.169,10000,-2.05109,-11.4727,-159.993,-159.953,0.0786982,7.32713,92.0324
-171.467,-250.169,10000,-2.00039,-11.4739,-159.992,-159.953,-0.409583,7.32631,92.0214
-171.467,-250.17,10000,-2.0374,-11.4751,-159.991,-159.956,-0.287513,7.32573,92.0324
-171.467,-250.17,10000,-2.08215,-11.4759,-159.99,-159.955,-0.0433721,7.32565,92.0214
-171.467,-250.169,10000,-2.19639,-11.4765,-159.99,-159.958,0.383874,7.32643,92.0214
-171.467,-250.169,10000,-2.31536,-11.4766,-159.991,-159.959,-0.287513,7.32585,92.0324
-171.467,-250.168,10000,-2.36828,-11.4764,-159.991,-159.956,-0.409583,7.32503,92.0324
-171.467,-250.168,10000,-2.36495,-11.4764,-159.99,-159.953,0.200769,7.32542,92.0214
-171.467,-250.168,10000,-2.4276,-11.4767,-159.991,-159.956,0.200769,7.32583,92.0324
-171.467,-250.168,10000,-2.42929,-11.4765,-159.99,-159.953,0.0176631,7.32587,92.0324
-171.467,-250.168,10000,-2.42897,-11.4765,-159.99,-159.953,-0.226478,7.32541,92.0214
-171.467,-250.168,10000,-2.44297,-11.4766,-159.99,-159.954,-0.165442,7.32508,92.0269
-171.467,-250.167,10000,-2.45998,-11.4766,-159.99,-159.954,-0.0433721,7.325,92.0269
-171.467,-250.167,10000,-2.47881,-11.4765,-159.991,-159.954,0.261804,7.32553,92.0269
-171.467,-250.167,10000,-2.45004,-11.4764,-159.99,-159.952,-0.592689,7.32434,92.0324
-171.467,-250.167,10000,-2.42371,-11.4766,-159.99,-159.952,0.0176631,7.32438,92.0324
-171.467,-250.168,10000,-2.40074,-11.4768,-159.99,-159.952,0.139733,7.32466,92.0324
-171.467,-250.168,10000,-2.38203,-11.477,-159.99,-159.952,0.0176631,7.32469,92.0324
-171.467,-250.168,10000,-2.36779,-11.4773,-159.989,-159.952,0.383874,7.32545,92.0324
-171.467,-250.168,10000,-2.35871,-11.4776,-159.989,-159.952,0.0786982,7.32561,92.0269
-171.467,-250.168,10000,-2.41072,-11.4778,-159.989,-159.954,0.0176631,7.32564,92.0214
-171.467,-250.168,10000,-2.47015,-11.4777,-159.99,-159.955,0.139733,7.32592,92.0214
-171.467,-250.167,10000,-2.58139,-11.4775,-159.99,-159.958,0.261804,7.32645,92.0324
-171.467,-250.167,10000,-2.6172,-11.4767,-159.991,-159.955,0.0786982,7.32661,92.0324
-171.467,-250.167,10000,-2.63679,-11.4763,-159.991,-159.955,0.139733,7.32688,92.0269
-171.467,-250.166,10000,-2.69769,-11.4758,-159.992,-159.957,0.322839,7.32753,92.0324
-171.467,-250.166,10000,-2.68434,-11.475,-159.992,-159.954,-0.104407,7.32731,92.0324
-171.467,-250.166,10000,-2.60991,-11.4746,-159.992,-159.952,-0.714759,7.32588,92.0269
-171.467,-250.167,10000,-2.54423,-11.4746,-159.992,-159.952,-0.165442,7.32554,92.0324
-171.467,-250.167,10000,-2.48066,-11.4747,-159.992,-159.952,0.383874,7.32631,92.0324
-171.467,-250.167,10000,-2.42182,-11.475,-159.992,-159.952,0.383874,7.32708,92.0324
-171.467,-250.168,10000,-2.36998,-11.4753,-159.991,-159.952,-0.348548,7.32639,92.0269
-171.467,-250.168,10000,-2.38285,-11.4757,-159.991,-159.954,0.0176631,7.32642,92.0269
-171.467,-250.168,10000,-2.40077,-11.4759,-159.991,-159.955,-0.165442,7.32608,92.0324
-171.467,-250.168,10000,-2.41428,-11.4759,-159.991,-159.954,0.200769,7.32648,92.0214
-171.467,-250.168,10000,-2.48817,-11.476,-159.991,-159.957,0.200769,7.32688,92.0269
-171.467,-250.167,10000,-2.50328,-11.4756,-159.992,-159.955,-0.165442,7.32656,92.0214
-171.467,-250.167,10000,-2.5249,-11.4755,-159.992,-159.955,-0.409583,7.32573,92.0214
-171.467,-250.167,10000,-2.59908,-11.4753,-159.992,-159.958,0.444909,7.32662,92.0269
-171.467,-250.167,10000,-2.65683,-11.4746,-159.993,-159.958,0.200769,7.32701,92.0324
-171.467,-250.166,10000,-2.6414,-11.474,-159.993,-159.955,-0.226478,7.32656,92.0324
-171.467,-250.166,10000,-2.56544,-11.4737,-159.993,-159.952,0.0176631,7.32659,92.0324
-171.467,-250.167,10000,-2.49123,-11.4738,-159.993,-159.952,0.0176631,7.32663,92.0324
-171.467,-250.167,10000,-2.37397,-11.474,-159.992,-159.95,-0.226478,7.32618,92.0324
-171.467,-250.168,10000,-2.27502,-11.4747,-159.991,-159.95,-0.348548,7.32547,92.0214
-171.467,-250.168,10000,-2.26114,-11.4756,-159.991,-159.953,0.200769,7.32587,92.0269
-171.467,-250.168,10000,-2.2629,-11.4761,-159.99,-159.953,0.139733,7.32615,92.0214
-171.467,-250.168,10000,-2.3336,-11.4765,-159.99,-159.956,0.322839,7.3268,92.0324
-171.467,-250.168,10000,-2.39449,-11.4765,-159.991,-159.956,0.0176631,7.32684,92.0269
-171.467,-250.168,10000,-2.45223,-11.4764,-159.991,-159.956,-0.287513,7.32626,92.0269
-171.467,-250.167,10000,-2.50496,-11.4762,-159.991,-159.956,0.139733,7.32654,92.0324
-171.467,-250.167,10000,-2.54236,-11.4759,-159.991,-159.956,-0.0433721,7.32646,92.0324
-171.467,-250.167,10000,-2.56509,-11.4755,-159.992,-159.955,-0.104407,7.32624,92.0324
-171.467,-250.167,10000,-2.52639,-11.4752,-159.992,-159.953,-0.348548,7.32554,92.0269
-171.467,-250.167,10000,-2.54275,-11.4752,-159.992,-159.955,-0.653724,7.32423,92.0269
-171.467,-250.167,10000,-2.60387,-11.475,-159.993,-159.958,0.0176631,7.32426,92.0214
-171.467,-250.167,10000,-2.70601,-11.4744,-159.993,-159.96,0.200769,7.32467,92.0214
-171.467,-250.166,10000,-2.78836,-11.4735,-159.995,-159.96,0.0176631,7.3247,92.0269
-171.467,-250.166,10000,-2.84086,-11.4724,-159.996,-159.96,-0.0433721,7.32461,92.0269
-171.467,-250.165,10000,-2.86506,-11.4714,-159.997,-159.96,0.0176631,7.32464,92.0324
-171.467,-250.165,10000,-2.85557,-11.4704,-159.997,-159.959,0.200769,7.32504,92.0324
-171.467,-250.165,10000,-2.76961,-11.4696,-159.998,-159.956,-0.226478,7.32458,92.0269
-171.467,-250.166,10000,-2.7281,-11.4693,-159.998,-159.959,0.200769,7.32499,92.0214
-171.467,-250.166,10000,-2.73243,-11.4689,-159.999,-159.961,0.56698,7.32613,92.0269
-171.467,-250.166,10000,-2.717,-11.4683,-159.999,-159.961,-0.104407,7.32592,92.0324
-171.467,-250.166,10000,-2.67786,-11.4679,-159.999,-159.96,0.322839,7.32657,92.0269
-171.467,-250.166,10000,-2.6277,-11.4676,-160,-159.96,0.200769,7.32697,92.0324
-171.467,-250.166,10000,-2.56313,-11.4674,-159.999,-159.959,0.261804,7.3275,92.0269
-171.467,-250.167,10000,-2.4969,-11.4675,-159.999,-159.959,0.139733,7.32778,92.0324
-171.467,-250.167,10000,-2.42451,-11.4677,-159.999,-159.958,0.139733,7.32806,92.0269
-171.467,-250.167,10000,-2.3589,-11.4681,-159.998,-159.958,0.505944,7.32907,92.0324
-171.467,-250.168,10000,-2.24645,-11.4686,-159.997,-159.955,0.322839,7.32972,92.0324
-171.467,-250.168,10000,-2.14989,-11.4696,-159.996,-159.955,-0.165442,7.32939,92.0269
-171.467,-250.169,10000,-2.07959,-11.4707,-159.995,-159.955,-0.287513,7.32881,92.0269
-171.467,-250.169,10000,-1.98805,-11.4718,-159.994,-159.953,0.200769,7.32922,92.0269
-171.467,-250.17,10000,-1.88476,-11.4732,-159.992,-159.951,-0.348548,7.32852,92.0324
-171.467,-250.17,10000,-1.81882,-11.4749,-159.99,-159.951,-0.226478,7.32807,92.0269
-171.467,-250.171,10000,-1.79697,-11.4766,-159.989,-159.951,0.200769,7.32847,92.0324
-171.467,-250.171,10000,-1.80671,-11.4781,-159.987,-159.951,0.200769,7.32888,92.0269
-171.467,-250.171,10000,-1.85182,-11.4795,-159.986,-159.952,0.0786982,7.32903,92.0324
-171.467,-250.171,10000,-1.91837,-11.4806,-159.985,-159.952,-0.348548,7.32834,92.0269
-171.467,-250.17,10000,-2.00905,-11.4815,-159.985,-159.952,-0.287513,7.32776,92.0324
-171.467,-250.17,10000,-2.10818,-11.4821,-159.984,-159.952,0.261804,7.32829,92.0214
-171.467,-250.169,10000,-2.27539,-11.4825,-159.985,-159.955,-0.0433721,7.3282,92.0269
-171.467,-250.168,10000,-2.4343,-11.4822,-159.985,-159.955,0.200769,7.3286,92.0379
-171.467,-250.168,10000,-2.51476,-11.4816,-159.986,-159.952,0.0786982,7.32876,92.0324
-171.467,-250.167,10000,-2.53469,-11.4811,-159.986,-159.95,-0.104407,7.32854,92.0214
-171.467,-250.167,10000,-2.61517,-11.4809,-159.987,-159.953,-0.226478,7.32808,92.0269
-171.467,-250.167,10000,-2.73345,-11.4802,-159.988,-159.955,0.0176631,7.32812,92.0269
-171.467,-250.166,10000,-2.82832,-11.4791,-159.989,-159.955,0.322839,7.32876,92.0324
-171.467,-250.165,10000,-2.89011,-11.478,-159.99,-159.955,0.322839,7.32941,92.0159
-171.467,-250.165,10000,-3.08793,-11.4768,-159.992,-159.963,0.200769,7.32981,92.0269
-171.467,-250.164,10000,-3.22613,-11.4746,-159.995,-159.963,0.200769,7.33021,92.0214
-171.467,-250.163,10000,-3.36263,-11.4724,-159.997,-159.965,-0.531653,7.32914,92.0214
-171.467,-250.163,10000,-3.48838,-11.4699,-160,-159.967,0.139733,7.32942,92.0269
-171.467,-250.162,10000,-3.53919,-11.4671,-160.002,-159.966,0.383874,7.33019,92.0214
-171.467,-250.162,10000,-3.53045,-11.4646,-160.005,-159.966,-0.0433721,7.3301,92.0269
-171.467,-250.162,10000,-3.41296,-11.4623,-160.006,-159.963,-0.592689,7.32892,92.0269
-171.467,-250.162,10000,-3.25717,-11.4608,-160.007,-159.962,-0.0433721,7.32883,92.0324
-171.467,-250.163,10000,-3.0187,-11.4597,-160.007,-159.959,0.444909,7.32973,92.0324
-171.467,-250.164,10000,-2.76996,-11.4595,-160.007,-159.959,0.505944,7.33074,92.0269
-171.467,-250.165,10000,-2.53191,-11.4599,-160.006,-159.959,0.0176631,7.33078,92.0324
-171.467,-250.167,10000,-2.30645,-11.4608,-160.005,-159.958,-0.226478,7.33033,92.0269
-171.467,-250.168,10000,-2.15907,-11.4621,-160.004,-159.96,-0.226478,7.32987,92.0324
-171.467,-250.169,10000,-2.02824,-11.4634,-160.002,-159.96,-0.165442,7.32953,92.0214
-171.467,-250.169,10000,-1.93426,-11.4649,-160.001,-159.96,-0.348548,7.32883,92.0324
-171.467,-250.17,10000,-1.81364,-11.4664,-159.999,-159.957,-0.470618,7.32789,92.0269
-171.467,-250.171,10000,-1.73475,-11.4683,-159.997,-159.957,0.0786982,7.32805,92.0269
-171.467,-250.171,10000,-1.6966,-11.4702,-159.995,-159.957,0.139733,7.32834,92.0214
-171.467,-250.171,10000,-1.70431,-11.4721,-159.993,-159.957,0.261804,7.32886,92.0324
-171.467,-250.171,10000,-1.68785,-11.4737,-159.992,-159.954,0.0176631,7.3289,92.0269
-171.467,-250.171,10000,-1.75938,-11.4754,-159.99,-159.957,-0.104407,7.32868,92.0269
-171.467,-250.171,10000,-1.90171,-11.4766,-159.99,-159.959,0.0786982,7.32884,92.0324
-171.467,-250.17,10000,-2.04125,-11.4772,-159.989,-159.959,0.322839,7.32948,92.0214
-171.467,-250.17,10000,-2.18861,-11.4775,-159.989,-159.959,-0.226478,7.32903,92.0324
-171.467,-250.169,10000,-2.27209,-11.4775,-159.989,-159.956,0.322839,7.32967,92.0214
-171.467,-250.168,10000,-2.41196,-11.4776,-159.99,-159.959,0.0176631,7.32971,92.0269
-171.467,-250.168,10000,-2.53493,-11.4771,-159.991,-159.958,-0.165442,7.32938,92.0324
-171.467,-250.167,10000,-2.63028,-11.4764,-159.991,-159.958,-0.348548,7.32868,92.0324
-171.467,-250.166,10000,-2.64938,-11.4757,-159.992,-159.955,-0.348548,7.32797,92.0269
-171.467,-250.166,10000,-2.66002,-11.4752,-159.992,-159.955,0.261804,7.32849,92.0214
-171.467,-250.166,10000,-2.6703,-11.4747,-159.993,-159.956,0.322839,7.32913,92.0269
-171.467,-250.166,10000,-2.71931,-11.4742,-159.994,-159.958,-0.104407,7.32892,92.0214
-171.467,-250.166,10000,-2.80556,-11.4735,-159.995,-159.961,-0.165442,7.32859,92.0269
-171.467,-250.166,10000,-2.86073,-11.4724,-159.996,-159.96,0.0176631,7.32863,92.0269
-171.467,-250.165,10000,-2.88612,-11.4713,-159.997,-159.96,-0.165442,7.3283,92.0324
-171.467,-250.165,10000,-2.82874,-11.4703,-159.997,-159.957,-0.775794,7.32674,92.0269
-171.467,-250.165,10000,-2.7606,-11.4697,-159.998,-159.957,0.139733,7.32701,92.0324
-171.467,-250.166,10000,-2.678,-11.4694,-159.998,-159.957,0.0176631,7.32704,92.0269
-171.467,-250.166,10000,-2.59497,-11.4693,-159.998,-159.957,0.139733,7.32733,92.0269
-171.467,-250.167,10000,-2.51508,-11.4693,-159.997,-159.957,-0.287513,7.32675,92.0269
-171.467,-250.167,10000,-2.48979,-11.4696,-159.997,-159.959,-0.226478,7.32629,92.0324
-171.467,-250.167,10000,-2.45457,-11.4696,-159.997,-159.958,-0.0433721,7.3262,92.0324
-171.467,-250.167,10000,-2.41273,-11.4698,-159.997,-159.958,0.628015,7.32746,92.0214
-171.467,-250.168,10000,-2.43219,-11.4701,-159.997,-159.96,0.505944,7.32847,92.0269
-171.467,-250.167,10000,-2.44485,-11.4701,-159.997,-159.96,-0.958899,7.32655,92.0214
-171.467,-250.167,10000,-2.4594,-11.4701,-159.997,-159.96,-0.287513,7.32597,92.0324
-171.467,-250.167,10000,-2.4107,-11.47,-159.997,-159.957,0.200769,7.32637,92.0214
-171.467,-250.168,10000,-2.42504,-11.4703,-159.997,-159.96,0.139733,7.32665,92.0269
-171.467,-250.167,10000,-2.43422,-11.4704,-159.997,-159.96,0.200769,7.32706,92.0214
-171.467,-250.167,10000,-2.49511,-11.4704,-159.997,-159.962,0.0176631,7.32709,92.0214
-171.467,-250.167,10000,-2.59571,-11.4701,-159.998,-159.965,-0.348548,7.32639,92.0269
-171.467,-250.167,10000,-2.61923,-11.4694,-159.998,-159.962,0.0786982,7.32655,92.0324
-171.467,-250.166,10000,-2.56975,-11.4689,-159.998,-159.959,-0.104407,7.32634,92.0324
-171.467,-250.167,10000,-2.51034,-11.4689,-159.998,-159.958,-0.165442,7.32601,92.0324
-171.467,-250.167,10000,-2.44502,-11.4691,-159.998,-159.957,-0.0433721,7.32592,92.0324
-171.467,-250.167,10000,-2.28197,-11.4694,-159.997,-159.952,0.0176631,7.32596,92.0214
-171.467,-250.168,10000,-2.20736,-11.4705,-159.996,-159.955,0.0786982,7.32611,92.0324
-171.467,-250.169,10000,-2.09812,-11.4713,-159.994,-159.953,0.261804,7.32664,92.0324
-171.467,-250.169,10000,-2.01456,-11.4726,-159.993,-159.953,0.0786982,7.32679,92.0324
-171.467,-250.17,10000,-1.95782,-11.4739,-159.992,-159.952,0.139733,7.32707,92.0324
-171.467,-250.17,10000,-1.92773,-11.4753,-159.99,-159.952,-0.470618,7.32613,92.0269
-171.467,-250.17,10000,-1.93056,-11.4765,-159.989,-159.953,-0.0433721,7.32604,92.0269
-171.467,-250.17,10000,-1.96225,-11.4777,-159.988,-159.953,0.261804,7.32656,92.0269
-171.467,-250.17,10000,-2.06622,-11.4787,-159.988,-159.955,-0.226478,7.32611,92.0324
-171.467,-250.169,10000,-2.12159,-11.4791,-159.987,-159.953,0.628015,7.32737,92.0324
-171.467,-250.169,10000,-2.18339,-11.4796,-159.987,-159.953,0.139733,7.32765,92.0269
-171.467,-250.169,10000,-2.25604,-11.4799,-159.987,-159.953,-0.470618,7.32671,92.0269
-171.467,-250.169,10000,-2.38292,-11.4801,-159.987,-159.956,0.0786982,7.32687,92.0214
-171.467,-250.168,10000,-2.55649,-11.4797,-159.988,-159.958,0.383874,7.32764,92.0324
-171.467,-250.167,10000,-2.64757,-11.4787,-159.989,-159.955,-0.531653,7.32657,92.0269
-171.467,-250.166,10000,-2.72175,-11.478,-159.99,-159.956,-0.592689,7.32538,92.0269
-171.467,-250.166,10000,-2.77739,-11.4771,-159.991,-159.956,0.0176631,7.32542,92.0214
-171.467,-250.166,10000,-2.86995,-11.4762,-159.992,-159.958,-0.287513,7.32484,92.0269
-171.467,-250.165,10000,-2.93126,-11.4749,-159.993,-159.958,-0.0433721,7.32476,92.0214
-171.467,-250.165,10000,-3.01856,-11.4736,-159.995,-159.961,0.0176631,7.32479,92.0324
-171.467,-250.164,10000,-3.00913,-11.4721,-159.996,-159.958,-0.165442,7.32447,92.0324
-171.467,-250.164,10000,-2.91849,-11.4709,-159.997,-159.955,-0.409583,7.32364,92.0269
-171.467,-250.165,10000,-2.81987,-11.4703,-159.997,-159.955,-0.287513,7.32306,92.0269
-171.467,-250.165,10000,-2.7186,-11.47,-159.997,-159.955,0.0786982,7.32322,92.0324
-171.467,-250.166,10000,-2.61127,-11.4699,-159.997,-159.955,-0.0433721,7.32313,92.0269
-171.467,-250.167,10000,-2.4631,-11.47,-159.996,-159.953,-0.226478,7.32268,92.0214
-171.467,-250.167,10000,-2.39337,-11.4707,-159.996,-159.956,0.139733,7.32296,92.0379
-171.467,-250.168,10000,-2.27172,-11.4711,-159.995,-159.953,0.200769,7.32336,92.0214
-171.467,-250.168,10000,-2.18563,-11.4721,-159.994,-159.953,-0.409583,7.32253,92.0324
-171.467,-250.169,10000,-2.11828,-11.473,-159.993,-159.953,0.0786982,7.32269,92.0214
-171.467,-250.169,10000,-2.08651,-11.4741,-159.992,-159.954,0.200769,7.32309,92.0214
-171.467,-250.169,10000,-2.08743,-11.475,-159.991,-159.954,-0.104407,7.32288,92.0214
-171.467,-250.169,10000,-2.16401,-11.4758,-159.991,-159.957,-0.287513,7.3223,92.0269
-171.467,-250.169,10000,-2.24413,-11.4762,-159.991,-159.957,-0.653724,7.32099,92.0214
-171.467,-250.169,10000,-2.33221,-11.4763,-159.991,-159.957,0.0786982,7.32115,92.0269
-171.467,-250.168,10000,-2.41477,-11.4762,-159.991,-159.957,0.200769,7.32155,92.0324
-171.467,-250.168,10000,-2.48105,-11.476,-159.991,-159.957,-0.104407,7.32134,92.0269
-171.467,-250.167,10000,-2.5386,-11.4756,-159.992,-159.957,-0.165442,7.32101,92.0269
-171.467,-250.167,10000,-2.63402,-11.4752,-159.993,-159.959,-0.409583,7.32019,92.0269
-171.467,-250.166,10000,-2.70723,-11.4745,-159.993,-159.959,-0.287513,7.31961,92.0214
-171.467,-250.166,10000,-2.81431,-11.4736,-159.995,-159.962,-0.226478,7.31915,92.0269
-171.467,-250.165,10000,-2.88616,-11.4724,-159.996,-159.961,0.322839,7.31981,92.0379
-171.467,-250.165,10000,-2.81229,-11.4712,-159.996,-159.955,0.261804,7.32033,92.0269
-171.467,-250.165,10000,-2.73282,-11.4708,-159.996,-159.955,0.383874,7.32111,92.0214
-171.467,-250.166,10000,-2.70818,-11.4705,-159.997,-159.958,-0.287513,7.32053,92.0324
-171.467,-250.166,10000,-2.61683,-11.4701,-159.997,-159.955,-0.836829,7.31885,92.0214
-171.467,-250.166,10000,-2.58659,-11.4702,-159.997,-159.958,-0.104407,7.31864,92.0324
-171.467,-250.167,10000,-2.49561,-11.47,-159.997,-159.955,-0.0433721,7.31855,92.0214
-171.467,-250.167,10000,-2.47144,-11.4704,-159.997,-159.958,0.0786982,7.3187,92.0269
-171.467,-250.167,10000,-2.44693,-11.4705,-159.996,-159.958,-0.104407,7.31849,92.0269
-171.467,-250.167,10000,-2.37531,-11.4706,-159.996,-159.956,-0.0433721,7.31839,92.0324
-171.467,-250.168,10000,-2.30887,-11.4711,-159.995,-159.955,0.261804,7.31891,92.0324
-171.467,-250.168,10000,-2.20203,-11.4717,-159.994,-159.953,-0.531653,7.31785,92.0269
-171.467,-250.169,10000,-2.12411,-11.4727,-159.993,-159.953,-0.287513,7.31727,92.0214
-171.467,-250.169,10000,-2.13148,-11.4738,-159.993,-159.956,0.0176631,7.31731,92.0214
-171.467,-250.169,10000,-2.1615,-11.4745,-159.992,-159.956,0.139733,7.31759,92.0214
-171.467,-250.169,10000,-2.20982,-11.475,-159.992,-159.957,-0.409583,7.31677,92.0269
-171.467,-250.169,10000,-2.26373,-11.4753,-159.991,-159.957,0.200769,7.31717,92.0214
-171.467,-250.168,10000,-2.3282,-11.4756,-159.991,-159.957,-0.287513,7.31659,92.0324
-171.467,-250.168,10000,-2.33444,-11.4756,-159.991,-159.954,-0.165442,7.31626,92.0269
-171.467,-250.168,10000,-2.349,-11.4758,-159.991,-159.954,0.0176631,7.3163,92.0324
-171.467,-250.168,10000,-2.36209,-11.476,-159.991,-159.954,-0.287513,7.31573,92.0214
-171.467,-250.168,10000,-2.43773,-11.4762,-159.991,-159.957,-0.104407,7.31552,92.0379
-171.467,-250.168,10000,-2.44145,-11.4759,-159.991,-159.954,-0.104407,7.31531,92.0324
-171.467,-250.167,10000,-2.44167,-11.476,-159.991,-159.954,-0.0433721,7.31522,92.0214
-171.467,-250.167,10000,-2.45477,-11.476,-159.991,-159.954,0.261804,7.31573,92.0214
-171.467,-250.167,10000,-2.52615,-11.476,-159.991,-159.957,0.0786982,7.31589,92.0214
-171.467,-250.167,10000,-2.59384,-11.4756,-159.992,-159.957,-0.287513,7.31532,92.0269
-171.467,-250.167,10000,-2.64675,-11.475,-159.993,-159.957,0.0176631,7.31535,92.0214
-171.467,-250.166,10000,-2.69185,-11.4744,-159.993,-159.958,0.444909,7.31624,92.0324
-171.467,-250.166,10000,-2.71222,-11.4737,-159.994,-159.957,0.0786982,7.31639,92.0324
-171.467,-250.166,10000,-2.66197,-11.4731,-159.994,-159.954,-0.226478,7.31594,92.0269
-171.467,-250.166,10000,-2.61153,-11.4729,-159.994,-159.955,0.0176631,7.31598,92.0214
-171.467,-250.167,10000,-2.61917,-11.4728,-159.995,-159.957,0.322839,7.31663,92.0324
-171.467,-250.167,10000,-2.56165,-11.4724,-159.995,-159.955,0.322839,7.31728,92.0269
-171.467,-250.167,10000,-2.50882,-11.4725,-159.994,-159.955,-0.348548,7.31657,92.0324
-171.467,-250.167,10000,-2.45444,-11.4726,-159.994,-159.954,-0.226478,7.31611,92.0269
-171.467,-250.167,10000,-2.40946,-11.4728,-159.994,-159.955,-0.531653,7.31505,92.0324
-171.467,-250.168,10000,-2.36671,-11.4732,-159.993,-159.954,-0.531653,7.31398,92.0324
-171.467,-250.168,10000,-2.32807,-11.4736,-159.993,-159.954,0.383874,7.31475,92.0324
-171.467,-250.168,10000,-2.24729,-11.474,-159.992,-159.952,0.444909,7.31564,92.0324
-171.467,-250.168,10000,-2.13631,-11.4748,-159.991,-159.949,0.0786982,7.3158,92.0324
-171.467,-250.169,10000,-2.05484,-11.476,-159.99,-159.949,-0.226478,7.31534,92.0324
-171.467,-250.17,10000,-1.95499,-11.4773,-159.988,-159.947,-0.165442,7.31501,92.0214
-171.467,-250.17,10000,-1.91037,-11.4788,-159.987,-159.948,0.0786982,7.31517,92.0324
-171.467,-250.17,10000,-1.85127,-11.4802,-159.985,-159.946,0.0176631,7.3152,92.0214
-171.467,-250.171,10000,-1.89749,-11.4818,-159.984,-159.949,0.261804,7.31572,92.0214
-171.467,-250.17,10000,-2.03024,-11.4828,-159.984,-159.953,-0.165442,7.31539,92.0269
-171.467,-250.17,10000,-2.17271,-11.4832,-159.984,-159.953,-0.104407,7.31518,92.0379
-171.467,-250.169,10000,-2.20537,-11.4832,-159.983,-159.948,-0.104407,7.31497,92.0324
-171.467,-250.169,10000,-2.20238,-11.4836,-159.983,-159.946,-0.287513,7.31439,92.0324
-171.467,-250.169,10000,-2.21904,-11.4842,-159.982,-159.946,0.139733,7.31467,92.0214
-171.467,-250.169,10000,-2.31607,-11.4847,-159.982,-159.949,0.200769,7.31507,92.0214
-171.467,-250.168,10000,-2.4264,-11.4846,-159.983,-159.95,0.505944,7.31608,92.0214
-171.467,-250.168,10000,-2.59165,-11.4842,-159.984,-159.953,0.0176631,7.31612,92.0324
-171.467,-250.167,10000,-2.63271,-11.4832,-159.984,-159.949,0.0786982,7.31627,92.0214
-171.467,-250.167,10000,-2.68129,-11.4827,-159.985,-159.95,-0.0433721,7.31618,92.0324
-171.467,-250.166,10000,-2.71653,-11.482,-159.986,-159.95,-0.287513,7.3156,92.0269
-171.467,-250.166,10000,-2.7466,-11.4813,-159.986,-159.95,0.261804,7.31613,92.0269
-171.467,-250.166,10000,-2.76989,-11.4806,-159.987,-159.951,0.139733,7.31641,92.0269
-171.467,-250.166,10000,-2.78543,-11.4798,-159.988,-159.951,0.322839,7.31706,92.0324
-171.467,-250.166,10000,-2.73688,-11.4791,-159.988,-159.949,-0.226478,7.3166,92.0269
-171.467,-250.166,10000,-2.69314,-11.4787,-159.989,-159.949,-0.348548,7.3159,92.0269
-171.467,-250.166,10000,-2.65443,-11.4784,-159.989,-159.95,0.139733,7.31619,92.0324
-171.467,-250.166,10000,-2.56527,-11.4782,-159.989,-159.947,0.383874,7.31695,92.0269
-171.467,-250.167,10000,-2.543,-11.4783,-159.989,-159.95,0.322839,7.3176,92.0324
-171.467,-250.167,10000,-2.4725,-11.4783,-159.988,-159.948,0.139733,7.31788,92.0214
-171.467,-250.167,10000,-2.42953,-11.4785,-159.988,-159.949,-0.104407,7.31767,92.0324
-171.467,-250.168,10000,-2.34736,-11.4788,-159.988,-159.947,-0.226478,7.31722,92.0324
-171.467,-250.168,10000,-2.23723,-11.4794,-159.987,-159.945,0.139733,7.3175,92.0214
-171.467,-250.169,10000,-2.22278,-11.4804,-159.986,-159.948,0.383874,7.31827,92.0324
-171.467,-250.169,10000,-2.22469,-11.481,-159.986,-159.948,-0.348548,7.31757,92.0269
-171.467,-250.169,10000,-2.29698,-11.4815,-159.985,-159.951,-0.531653,7.3165,92.0324
-171.467,-250.168,10000,-2.36781,-11.4815,-159.986,-159.951,-0.165442,7.31617,92.0324
-171.467,-250.168,10000,-2.43403,-11.4814,-159.986,-159.951,-0.409583,7.31536,92.0324
-171.467,-250.168,10000,-2.49368,-11.4812,-159.986,-159.951,0.322839,7.31601,92.0214
-171.467,-250.167,10000,-2.60915,-11.4809,-159.987,-159.954,0.0786982,7.31617,92.0269
-171.467,-250.167,10000,-2.66006,-11.4801,-159.988,-159.952,0.139733,7.31645,92.0214
-171.467,-250.166,10000,-2.75898,-11.4795,-159.989,-159.955,0.505944,7.31746,92.0324
-171.467,-250.166,10000,-2.77947,-11.4784,-159.989,-159.953,0.200769,7.31786,92.0269
-171.467,-250.166,10000,-2.78907,-11.4777,-159.99,-159.953,0.200769,7.31826,92.0214
-171.467,-250.166,10000,-2.84472,-11.4769,-159.991,-159.956,-0.0433721,7.31818,92.0324
-171.467,-250.165,10000,-2.87002,-11.4759,-159.992,-159.955,-0.165442,7.31785,92.0324
-171.467,-250.165,10000,-2.86799,-11.4749,-159.993,-159.955,-0.165442,7.31751,92.0214
-171.467,-250.165,10000,-2.90625,-11.474,-159.994,-159.958,0.0786982,7.31767,92.0269
-171.467,-250.165,10000,-2.91835,-11.4729,-159.995,-159.958,-0.0433721,7.31758,92.0324
-171.467,-250.165,10000,-2.89899,-11.4719,-159.996,-159.957,0.0176631,7.31762,92.0269
-171.467,-250.165,10000,-2.86091,-11.471,-159.997,-159.957,0.139733,7.3179,92.0324
-171.467,-250.165,10000,-2.80018,-11.4703,-159.997,-159.957,0.383874,7.31867,92.0379
-171.467,-250.165,10000,-2.61853,-11.4699,-159.997,-159.951,0.0786982,7.31882,92.0324
-171.467,-250.166,10000,-2.49791,-11.4703,-159.996,-159.954,0.261804,7.31934,92.0214
-171.467,-250.167,10000,-2.49723,-11.4707,-159.996,-159.959,0.383874,7.32012,92.0324
-171.467,-250.167,10000,-2.48369,-11.4707,-159.996,-159.958,-0.287513,7.31954,92.0269
-171.467,-250.167,10000,-2.4677,-11.4707,-159.996,-159.958,0.0786982,7.31971,92.0324
-171.467,-250.167,10000,-2.44311,-11.4708,-159.996,-159.958,0.0786982,7.31987,92.0214
-171.467,-250.167,10000,-2.42803,-11.4709,-159.996,-159.958,-0.470618,7.31892,92.0269
-171.467,-250.167,10000,-2.4136,-11.471,-159.996,-159.958,-0.165442,7.31859,92.0214
-171.467,-250.168,10000,-2.4088,-11.4712,-159.996,-159.958,0.0786982,7.31875,92.0324
-171.467,-250.168,10000,-2.34823,-11.4714,-159.995,-159.955,0.0786982,7.3189,92.0324
-171.467,-250.168,10000,-2.29338,-11.4719,-159.995,-159.955,-0.348548,7.3182,92.0214
-171.467,-250.168,10000,-2.3584,-11.4725,-159.995,-159.96,-0.226478,7.31774,92.0324
-171.467,-250.168,10000,-2.40722,-11.4724,-159.995,-159.96,0.261804,7.31827,92.0324
-171.467,-250.168,10000,-2.39278,-11.4723,-159.994,-159.957,0.0786982,7.31843,92.0324
-171.467,-250.168,10000,-2.37512,-11.4725,-159.994,-159.956,0.0176631,7.31846,92.0214
-171.467,-250.168,10000,-2.41986,-11.4728,-159.994,-159.959,0.139733,7.31875,92.0269
-171.467,-250.168,10000,-2.4577,-11.4727,-159.994,-159.959,-0.0433721,7.31865,92.0324
-171.467,-250.167,10000,-2.43194,-11.4726,-159.994,-159.956,-0.287513,7.31808,92.0324
-171.467,-250.167,10000,-2.35562,-11.4728,-159.994,-159.953,-0.287513,7.3175,92.0379
-171.467,-250.168,10000,-2.23318,-11.4733,-159.993,-159.95,0.139733,7.31778,92.0324
-171.467,-250.169,10000,-2.1359,-11.4743,-159.992,-159.95,0.322839,7.31843,92.0269
-171.467,-250.169,10000,-2.12091,-11.4755,-159.991,-159.953,0.0176631,7.31846,92.0214
-171.467,-250.169,10000,-2.18411,-11.4763,-159.99,-159.956,0.139733,7.31875,92.0269
-171.467,-250.169,10000,-2.25318,-11.4766,-159.99,-159.956,-0.226478,7.31829,92.0324
-171.467,-250.168,10000,-2.31632,-11.4768,-159.99,-159.956,-0.165442,7.31797,92.0269
-171.467,-250.168,10000,-2.42833,-11.4768,-159.991,-159.958,0.200769,7.31837,92.0269
-171.467,-250.168,10000,-2.52704,-11.4764,-159.991,-159.958,-0.104407,7.31816,92.0214
-171.467,-250.167,10000,-2.66579,-11.4759,-159.992,-159.961,-0.104407,7.31795,92.0324
-171.467,-250.166,10000,-2.76575,-11.4748,-159.993,-159.96,-0.165442,7.31762,92.0214
-171.467,-250.166,10000,-2.84406,-11.4738,-159.994,-159.96,-0.104407,7.31742,92.0269
-171.467,-250.165,10000,-2.8916,-11.4726,-159.995,-159.96,-0.287513,7.31685,92.0324
-171.467,-250.165,10000,-2.90204,-11.4715,-159.996,-159.959,0.0176631,7.31688,92.0214
-171.467,-250.165,10000,-2.89556,-11.4705,-159.997,-159.959,0.0176631,7.31692,92.0269
-171.467,-250.165,10000,-2.86644,-11.4696,-159.998,-159.959,-0.470618,7.31597,92.0324
-171.467,-250.165,10000,-2.81068,-11.4689,-159.999,-159.959,-0.165442,7.31564,92.0214
-171.467,-250.165,10000,-2.79896,-11.4684,-159.999,-159.961,-0.348548,7.31494,92.0214
-171.467,-250.165,10000,-2.82315,-11.4677,-160,-159.964,-0.104407,7.31473,92.0324
-171.467,-250.165,10000,-2.76248,-11.4668,-160.001,-159.96,0.200769,7.31513,92.0324
-171.467,-250.166,10000,-2.63334,-11.4664,-160,-159.957,-0.226478,7.31468,92.0269
-171.467,-250.166,10000,-2.51026,-11.4666,-160,-159.957,-0.470618,7.31374,92.0269
-171.467,-250.167,10000,-2.39768,-11.4671,-159.999,-159.957,-0.104407,7.31353,92.0214
-171.467,-250.168,10000,-2.35569,-11.4677,-159.999,-159.96,0.383874,7.31429,92.0214
-171.467,-250.168,10000,-2.37417,-11.4681,-159.999,-159.962,-0.104407,7.31408,92.0324
-171.467,-250.168,10000,-2.32994,-11.4682,-159.998,-159.959,-0.592689,7.31289,92.0324
-171.467,-250.168,10000,-2.23658,-11.4687,-159.997,-159.956,-0.165442,7.31256,92.0269
-171.467,-250.168,10000,-2.16384,-11.4696,-159.996,-159.956,0.0176631,7.31259,92.0269
-171.467,-250.169,10000,-2.1125,-11.4705,-159.995,-159.956,0.139733,7.31288,92.0324
-171.467,-250.169,10000,-2.07492,-11.4715,-159.994,-159.956,0.322839,7.31352,92.0324
-171.467,-250.169,10000,-2.0031,-11.4725,-159.993,-159.953,-0.165442,7.31318,92.0324
-171.467,-250.17,10000,-1.90855,-11.4738,-159.992,-159.951,-0.470618,7.31223,92.0214
-171.467,-250.17,10000,-1.91367,-11.4754,-159.99,-159.954,0.0176631,7.31227,92.0214
-171.467,-250.17,10000,-1.95404,-11.4766,-159.989,-159.954,-0.104407,7.31206,92.0269
-171.467,-250.17,10000,-2.01551,-11.4775,-159.989,-159.955,0.200769,7.31246,92.0324
-171.467,-250.17,10000,-2.03678,-11.4782,-159.988,-159.952,0.505944,7.31348,92.0324
-171.467,-250.17,10000,-2.07324,-11.479,-159.987,-159.952,0.444909,7.31437,92.0269
-171.467,-250.169,10000,-2.1779,-11.4797,-159.987,-159.955,-0.104407,7.31417,92.0269
-171.467,-250.169,10000,-2.28619,-11.4799,-159.987,-159.955,-0.165442,7.31384,92.0269
-171.467,-250.168,10000,-2.39309,-11.4798,-159.987,-159.955,0.139733,7.31412,92.0324
-171.467,-250.168,10000,-2.48565,-11.4795,-159.988,-159.955,0.200769,7.31452,92.0269
-171.467,-250.167,10000,-2.56948,-11.4791,-159.988,-159.955,-0.348548,7.31382,92.0214
-171.467,-250.167,10000,-2.74604,-11.4785,-159.99,-159.96,-0.592689,7.31263,92.0214
-171.467,-250.166,10000,-2.8932,-11.4772,-159.991,-159.96,-0.348548,7.31194,92.0324
-171.467,-250.165,10000,-2.94402,-11.4756,-159.993,-159.957,0.444909,7.31283,92.0324
-171.467,-250.165,10000,-2.91103,-11.4744,-159.993,-159.954,0.261804,7.31336,92.0269
-171.467,-250.165,10000,-2.91329,-11.4736,-159.994,-159.957,0.0786982,7.31352,92.0324
-171.467,-250.165,10000,-2.88709,-11.4726,-159.995,-159.956,-0.348548,7.31281,92.0269
-171.467,-250.165,10000,-2.84522,-11.4718,-159.996,-159.956,-0.287513,7.31224,92.0324
-171.467,-250.165,10000,-2.78322,-11.4712,-159.996,-159.956,0.56698,7.31338,92.0324
-171.467,-250.166,10000,-2.65846,-11.4707,-159.996,-159.953,0.139733,7.31365,92.0269
-171.467,-250.166,10000,-2.59188,-11.4708,-159.996,-159.956,-0.287513,7.31308,92.0269
-171.467,-250.167,10000,-2.5763,-11.4709,-159.996,-159.958,0.200769,7.31348,92.0324
-171.467,-250.167,10000,-2.54688,-11.4707,-159.996,-159.958,0.139733,7.31375,92.0214
-171.467,-250.167,10000,-2.57136,-11.4706,-159.997,-159.96,-0.226478,7.3133,92.0269
-171.467,-250.167,10000,-2.58256,-11.4703,-159.997,-159.96,-0.0433721,7.31321,92.0214
-171.467,-250.167,10000,-2.58964,-11.47,-159.997,-159.96,-0.104407,7.313,92.0324
-171.467,-250.167,10000,-2.52907,-11.4697,-159.997,-159.957,0.0176631,7.31303,92.0324
-171.467,-250.167,10000,-2.46326,-11.4698,-159.997,-159.957,0.0786982,7.31319,92.0324
-171.467,-250.167,10000,-2.39666,-11.4701,-159.996,-159.956,0.200769,7.31358,92.0269
-171.467,-250.168,10000,-2.34062,-11.4705,-159.996,-159.956,-0.0433721,7.31349,92.0324
-171.467,-250.168,10000,-2.28849,-11.471,-159.995,-159.956,-0.104407,7.31328,92.0324
-171.467,-250.168,10000,-2.24272,-11.4716,-159.995,-159.956,-0.653724,7.31197,92.0214
-171.467,-250.168,10000,-2.22101,-11.4723,-159.994,-159.956,-0.0433721,7.31188,92.0269
-171.467,-250.169,10000,-2.16483,-11.4729,-159.993,-159.954,0.0786982,7.31203,92.0324
-171.467,-250.169,10000,-2.12411,-11.4738,-159.992,-159.954,0.505944,7.31305,92.0324
-171.467,-250.169,10000,-2.05125,-11.4747,-159.991,-159.951,0.322839,7.31369,92.0324
-171.467,-250.17,10000,-1.95677,-11.4759,-159.99,-159.949,-0.409583,7.31286,92.0324
-171.467,-250.17,10000,-1.94681,-11.4774,-159.988,-159.951,0.139733,7.31313,92.0324
-171.467,-250.17,10000,-1.96081,-11.4786,-159.987,-159.951,0.383874,7.3139,92.0324
-171.467,-250.17,10000,-1.94694,-11.4796,-159.986,-159.949,0.505944,7.31491,92.0269
-171.467,-250.17,10000,-1.96862,-11.4808,-159.985,-159.949,0.139733,7.31519,92.0214
-171.467,-250.17,10000,-2.0765,-11.4818,-159.985,-159.953,-0.226478,7.31473,92.0269
-171.467,-250.169,10000,-2.19499,-11.4821,-159.985,-159.953,-0.409583,7.31389,92.0269
-171.467,-250.169,10000,-2.3174,-11.4822,-159.985,-159.953,-0.409583,7.31306,92.0324
-171.467,-250.168,10000,-2.38144,-11.482,-159.985,-159.951,0.383874,7.31384,92.0269
-171.467,-250.168,10000,-2.45025,-11.4819,-159.985,-159.951,0.56698,7.31498,92.0269
-171.467,-250.168,10000,-2.51995,-11.4817,-159.986,-159.951,0.383874,7.31574,92.0324
-171.467,-250.167,10000,-2.57869,-11.4813,-159.986,-159.951,-0.104407,7.31553,92.0269
-171.467,-250.167,10000,-2.68173,-11.4808,-159.987,-159.954,-0.409583,7.3147,92.0324
-171.467,-250.166,10000,-2.75897,-11.4799,-159.988,-159.954,0.0176631,7.31473,92.0324
-171.467,-250.166,10000,-2.81042,-11.4789,-159.989,-159.954,0.139733,7.31501,92.0269
-171.467,-250.166,10000,-2.89299,-11.478,-159.99,-159.956,0.322839,7.31565,92.0214
-171.467,-250.165,10000,-2.95563,-11.4767,-159.992,-159.957,0.200769,7.31605,92.0324
-171.467,-250.165,10000,-2.98123,-11.4754,-159.993,-159.956,-0.470618,7.3151,92.0324
-171.467,-250.165,10000,-2.97397,-11.4741,-159.994,-159.956,-0.104407,7.31489,92.0324
-171.467,-250.165,10000,-2.93757,-11.4731,-159.995,-159.955,0.383874,7.31566,92.0214
-171.467,-250.165,10000,-2.94185,-11.4722,-159.996,-159.958,-0.348548,7.31496,92.0324
-171.467,-250.165,10000,-2.91376,-11.4712,-159.997,-159.958,-0.287513,7.31438,92.0214
-171.467,-250.165,10000,-2.92327,-11.4703,-159.998,-159.96,-0.226478,7.31392,92.0324
-171.467,-250.165,10000,-2.84963,-11.4693,-159.998,-159.957,0.0786982,7.31408,92.0269
-171.467,-250.165,10000,-2.76549,-11.4688,-159.998,-159.957,-0.104407,7.31387,92.0324
-171.467,-250.166,10000,-2.62026,-11.4685,-159.998,-159.954,-0.104407,7.31366,92.0269
-171.467,-250.166,10000,-2.48719,-11.4688,-159.998,-159.955,-0.0433721,7.31356,92.0324
-171.467,-250.167,10000,-2.26654,-11.4693,-159.996,-159.95,-0.409583,7.31274,92.0269
-171.467,-250.168,10000,-2.13704,-11.4707,-159.995,-159.952,-0.104407,7.31252,92.0324
-171.467,-250.169,10000,-1.98643,-11.4719,-159.993,-159.95,0.322839,7.31317,92.0324
-171.467,-250.17,10000,-1.87511,-11.4736,-159.992,-159.95,0.444909,7.31406,92.0214
-171.467,-250.17,10000,-1.81929,-11.4753,-159.99,-159.951,-0.165442,7.31372,92.0324
-171.467,-250.171,10000,-1.79823,-11.477,-159.988,-159.951,-0.104407,7.31351,92.0324
-171.467,-250.171,10000,-1.80931,-11.4785,-159.987,-159.951,0.0176631,7.31354,92.0269
-171.467,-250.171,10000,-1.8561,-11.4799,-159.986,-159.951,-0.165442,7.3132,92.0324
-171.467,-250.171,10000,-1.92433,-11.481,-159.985,-159.951,-0.287513,7.31262,92.0269
-171.467,-250.17,10000,-2.06477,-11.4819,-159.985,-159.954,0.0786982,7.31278,92.0324
-171.467,-250.17,10000,-2.20264,-11.4821,-159.985,-159.954,0.139733,7.31307,92.0214
-171.467,-250.169,10000,-2.39691,-11.4821,-159.986,-159.957,0.0176631,7.3131,92.0269
-171.467,-250.168,10000,-2.57161,-11.4814,-159.987,-159.957,0.0176631,7.31315,92.0269
-171.467,-250.167,10000,-2.7219,-11.4805,-159.988,-159.957,0.200769,7.31356,92.0324
-171.467,-250.166,10000,-2.78769,-11.4793,-159.989,-159.954,0.200769,7.31396,92.0324
-171.467,-250.166,10000,-2.82762,-11.4783,-159.99,-159.954,0.505944,7.31498,92.0324
-171.467,-250.165,10000,-2.84274,-11.4773,-159.991,-159.953,0.200769,7.31538,92.0324
-171.467,-250.165,10000,-2.83578,-11.4765,-159.991,-159.953,0.383874,7.31616,92.0214
-171.467,-250.165,10000,-2.87383,-11.4757,-159.992,-159.956,0.0176631,7.31619,92.0269
-171.467,-250.165,10000,-2.88963,-11.4747,-159.993,-159.956,-0.287513,7.31562,92.0214
-171.467,-250.165,10000,-2.94109,-11.4737,-159.995,-159.959,0.261804,7.31614,92.0269
-171.467,-250.165,10000,-2.96227,-11.4724,-159.996,-159.959,-0.0433721,7.31606,92.0269
-171.467,-250.165,10000,-2.95545,-11.4713,-159.997,-159.959,-0.0433721,7.31597,92.0269
-171.467,-250.165,10000,-2.92414,-11.4703,-159.998,-159.958,-0.470618,7.31503,92.0269
-171.467,-250.165,10000,-2.87265,-11.4694,-159.998,-159.958,-0.531653,7.31397,92.0269
-171.467,-250.165,10000,-2.80619,-11.4687,-159.999,-159.958,-0.226478,7.31352,92.0324
-171.467,-250.165,10000,-2.67335,-11.4683,-159.999,-159.955,0.139733,7.3138,92.0324
-171.467,-250.166,10000,-2.49183,-11.4684,-159.998,-159.953,0.200769,7.31421,92.0269
-171.467,-250.167,10000,-2.33472,-11.4691,-159.997,-159.953,0.200769,7.31461,92.0324
-171.467,-250.168,10000,-2.19794,-11.4701,-159.996,-159.953,0.0176631,7.31464,92.0269
-171.467,-250.169,10000,-2.09339,-11.4712,-159.995,-159.953,-0.104407,7.31442,92.0324
-171.467,-250.169,10000,-2.01359,-11.4725,-159.993,-159.953,-0.165442,7.3141,92.0269
-171.467,-250.17,10000,-1.91981,-11.4738,-159.992,-159.951,0.200769,7.31451,92.0214
-171.467,-250.17,10000,-1.92488,-11.4754,-159.99,-159.954,-0.287513,7.31393,92.0214
-171.467,-250.17,10000,-1.96497,-11.4765,-159.99,-159.954,-0.409583,7.31311,92.0269
-171.467,-250.17,10000,-2.02552,-11.4774,-159.989,-159.955,0.200769,7.31352,92.0214
-171.467,-250.17,10000,-2.10914,-11.4781,-159.988,-159.955,0.750085,7.31503,92.0269
-171.467,-250.169,10000,-2.20081,-11.4785,-159.988,-159.955,-0.0433721,7.31494,92.0269
-171.467,-250.169,10000,-2.29561,-11.4787,-159.988,-159.955,-0.592689,7.31376,92.0324
-171.467,-250.168,10000,-2.33266,-11.4786,-159.988,-159.953,-0.348548,7.31306,92.0324
-171.467,-250.168,10000,-2.36881,-11.4788,-159.988,-159.952,0.0176631,7.3131,92.0324
-171.467,-250.168,10000,-2.40293,-11.4788,-159.988,-159.952,0.505944,7.31411,92.0324
-171.467,-250.168,10000,-2.4337,-11.4788,-159.988,-159.952,-0.0433721,7.31402,92.0269
-171.467,-250.168,10000,-2.46818,-11.4787,-159.988,-159.953,-0.165442,7.31369,92.0214
-171.467,-250.167,10000,-2.56053,-11.4786,-159.989,-159.956,-0.470618,7.31275,92.0324
-171.467,-250.167,10000,-2.58361,-11.478,-159.989,-159.953,0.0786982,7.31291,92.0269
-171.467,-250.167,10000,-2.60356,-11.4776,-159.99,-159.953,0.444909,7.3138,92.0324
-171.467,-250.167,10000,-2.61176,-11.4772,-159.99,-159.953,0.322839,7.31444,92.0269
-171.467,-250.167,10000,-2.66567,-11.4769,-159.991,-159.956,0.0786982,7.3146,92.0269
-171.467,-250.166,10000,-2.75451,-11.4762,-159.992,-159.958,-0.714759,7.31316,92.0269
-171.467,-250.166,10000,-2.77005,-11.4752,-159.992,-159.956,-0.470618,7.31222,92.0324
-171.467,-250.166,10000,-2.71541,-11.4745,-159.993,-159.953,0.200769,7.31262,92.0214
-171.467,-250.166,10000,-2.71731,-11.4742,-159.993,-159.956,-0.165442,7.31229,92.0269
-171.467,-250.166,10000,-2.70844,-11.4737,-159.994,-159.956,-0.653724,7.31098,92.0214
-171.467,-250.166,10000,-2.6984,-11.4732,-159.994,-159.956,-0.287513,7.3104,92.0269
-171.467,-250.166,10000,-2.67905,-11.4727,-159.995,-159.956,-0.0433721,7.31032,92.0324
-171.467,-250.166,10000,-2.59645,-11.4723,-159.995,-159.954,-0.348548,7.30962,92.0324
-171.467,-250.167,10000,-2.51317,-11.4724,-159.994,-159.953,-0.226478,7.30917,92.0269
-171.467,-250.167,10000,-2.44153,-11.4726,-159.994,-159.954,0.0176631,7.3092,92.0324
-171.467,-250.167,10000,-2.37474,-11.473,-159.994,-159.953,0.139733,7.30948,92.0324
-171.467,-250.168,10000,-2.26788,-11.4735,-159.993,-159.951,0.0176631,7.30951,92.0324
-171.467,-250.168,10000,-2.18185,-11.4744,-159.992,-159.951,0.139733,7.30979,92.0214
-171.467,-250.169,10000,-2.1823,-11.4753,-159.991,-159.954,-0.104407,7.30957,92.0269
-171.467,-250.169,10000,-2.15033,-11.4759,-159.99,-159.952,0.139733,7.30986,92.0324
-171.467,-250.169,10000,-2.08667,-11.4768,-159.989,-159.949,0.261804,7.31038,92.0269
-171.467,-250.169,10000,-2.057,-11.4779,-159.988,-159.95,-0.104407,7.31018,92.0269
-171.467,-250.17,10000,-2.0582,-11.4789,-159.987,-159.95,-0.0433721,7.31009,92.0324
-171.467,-250.17,10000,-2.07801,-11.4797,-159.986,-159.95,-0.0433721,7.31,92.0269
-171.467,-250.169,10000,-2.12157,-11.4805,-159.986,-159.951,-0.104407,7.30979,92.0324
-171.467,-250.169,10000,-2.17549,-11.4811,-159.986,-159.951,0.139733,7.31007,92.0324
-171.467,-250.169,10000,-2.18839,-11.4815,-159.985,-159.948,0.0176631,7.3101,92.0324
-171.467,-250.169,10000,-2.16759,-11.482,-159.984,-159.946,-0.104407,7.30989,92.0324
-171.467,-250.169,10000,-2.16894,-11.4827,-159.984,-159.947,-0.165442,7.30955,92.0269
-171.467,-250.169,10000,-2.19783,-11.4834,-159.983,-159.947,0.383874,7.31032,92.0269
-171.467,-250.169,10000,-2.29674,-11.4838,-159.983,-159.95,0.68905,7.3117,92.0269
-171.467,-250.168,10000,-2.35261,-11.4838,-159.983,-159.948,-0.226478,7.31124,92.0324
-171.467,-250.168,10000,-2.36276,-11.4838,-159.983,-159.946,-0.470618,7.31029,92.0214
-171.467,-250.168,10000,-2.39912,-11.484,-159.983,-159.947,-0.470618,7.30935,92.0214
-171.467,-250.168,10000,-2.5035,-11.484,-159.984,-159.951,-0.0433721,7.30926,92.0214
-171.467,-250.167,10000,-2.65937,-11.4834,-159.985,-159.954,0.628015,7.31051,92.0214
-171.467,-250.166,10000,-2.84881,-11.4824,-159.986,-159.957,0.505944,7.31153,92.0324
-171.467,-250.165,10000,-2.94374,-11.4807,-159.988,-159.954,0.383874,7.31229,92.0324
-171.467,-250.165,10000,-3.00212,-11.4793,-159.989,-159.954,0.200769,7.31269,92.0214
-171.467,-250.165,10000,-3.09033,-11.4779,-159.991,-159.957,-0.348548,7.31199,92.0324
-171.467,-250.164,10000,-3.08454,-11.4762,-159.992,-159.954,-0.0433721,7.3119,92.0214
-171.467,-250.164,10000,-3.11154,-11.4748,-159.994,-159.957,0.0176631,7.31194,92.0269
-171.467,-250.164,10000,-3.15474,-11.4733,-159.995,-159.959,-0.104407,7.31172,92.0269
-171.467,-250.164,10000,-3.15818,-11.4717,-159.997,-159.959,0.200769,7.31212,92.0324
-171.467,-250.164,10000,-3.11925,-11.4702,-159.998,-159.958,0.68905,7.3135,92.0214
-171.467,-250.164,10000,-3.10884,-11.4689,-159.999,-159.961,0.383874,7.31427,92.0269
-171.467,-250.164,10000,-3.11256,-11.4676,-160.001,-159.963,0.261804,7.3148,92.0324
-171.467,-250.164,10000,-3.02169,-11.4662,-160.002,-159.96,0.0786982,7.31496,92.0324
-171.467,-250.164,10000,-2.90316,-11.4653,-160.002,-159.959,-0.104407,7.31475,92.0324
-171.467,-250.165,10000,-2.76638,-11.4649,-160.002,-159.959,-0.104407,7.31454,92.0324
-171.467,-250.166,10000,-2.57201,-11.4648,-160.002,-159.956,-0.104407,7.31433,92.0324
-171.467,-250.167,10000,-2.3397,-11.4654,-160,-159.953,-0.0433721,7.31425,92.0324
-171.467,-250.168,10000,-2.13583,-11.4667,-159.999,-159.953,0.200769,7.31465,92.0324
-171.467,-250.169,10000,-1.96644,-11.4683,-159.997,-159.953,0.261804,7.31517,92.0324
-171.467,-250.17,10000,-1.73895,-11.4701,-159.994,-159.948,0.0176631,7.31521,92.0269
-171.467,-250.171,10000,-1.62959,-11.4726,-159.992,-159.951,-0.226478,7.31475,92.0324
-171.467,-250.172,10000,-1.52127,-11.4749,-159.99,-159.949,-0.104407,7.31454,92.0214
-171.467,-250.172,10000,-1.53438,-11.4774,-159.988,-159.952,0.200769,7.31494,92.0214
-171.467,-250.172,10000,-1.6503,-11.4793,-159.986,-159.955,0.200769,7.31535,92.0324
-171.467,-250.172,10000,-1.73548,-11.4806,-159.985,-159.952,-0.470618,7.31441,92.0269
-171.467,-250.171,10000,-1.84951,-11.4818,-159.984,-159.953,0.139733,7.31469,92.0324
-171.467,-250.171,10000,-1.92776,-11.4826,-159.984,-159.95,-0.287513,7.31411,92.0214
-171.467,-250.17,10000,-2.08644,-11.4835,-159.983,-159.953,0.0786982,7.31426,92.0269
-171.467,-250.169,10000,-2.24862,-11.4836,-159.984,-159.953,0.383874,7.31503,92.0269
-171.467,-250.169,10000,-2.40655,-11.4834,-159.984,-159.954,-0.287513,7.31445,92.0214
-171.467,-250.168,10000,-2.56119,-11.4828,-159.985,-159.954,-0.531653,7.31338,92.0324
-171.467,-250.167,10000,-2.64144,-11.482,-159.986,-159.952,0.0786982,7.31354,92.0269
-171.467,-250.167,10000,-2.7602,-11.4813,-159.987,-159.954,0.0176631,7.31357,92.0269
-171.467,-250.166,10000,-2.8554,-11.4801,-159.988,-159.954,0.0786982,7.31372,92.0324
-171.467,-250.165,10000,-2.8694,-11.4789,-159.989,-159.952,0.0176631,7.31376,92.0269
-171.467,-250.165,10000,-2.87019,-11.478,-159.99,-159.952,-0.409583,7.31294,92.0324
-171.467,-250.165,10000,-2.8029,-11.4771,-159.99,-159.95,0.261804,7.31346,92.0269
-171.467,-250.166,10000,-2.73756,-11.4766,-159.991,-159.95,0.0786982,7.31362,92.0324
-171.467,-250.166,10000,-2.66839,-11.4763,-159.991,-159.95,-0.165442,7.31329,92.0324
-171.467,-250.166,10000,-2.59915,-11.4762,-159.991,-159.95,-0.226478,7.31284,92.0324
-171.467,-250.167,10000,-2.53248,-11.4762,-159.991,-159.95,0.0176631,7.31288,92.0214
-171.467,-250.167,10000,-2.53509,-11.4764,-159.991,-159.954,-0.226478,7.31242,92.0269
-171.467,-250.167,10000,-2.49043,-11.4762,-159.991,-159.951,-0.0433721,7.31234,92.0214
-171.467,-250.167,10000,-2.51338,-11.4763,-159.991,-159.954,-0.287513,7.31176,92.0324
-171.467,-250.167,10000,-2.47824,-11.4761,-159.991,-159.952,-0.104407,7.31154,92.0214
-171.467,-250.167,10000,-2.46065,-11.4762,-159.991,-159.953,0.200769,7.31194,92.0214
-171.467,-250.167,10000,-2.45878,-11.4763,-159.991,-159.953,-0.104407,7.31174,92.0214
-171.467,-250.167,10000,-2.51841,-11.4764,-159.991,-159.956,0.0786982,7.31189,92.0324
-171.467,-250.167,10000,-2.51312,-11.476,-159.991,-159.953,-0.0433721,7.31181,92.0214
-171.467,-250.167,10000,-2.56695,-11.4759,-159.992,-159.956,0.139733,7.31209,92.0214
-171.467,-250.167,10000,-2.66622,-11.4755,-159.992,-159.959,-0.348548,7.3114,92.0324
-171.467,-250.166,10000,-2.7334,-11.4746,-159.993,-159.959,0.0786982,7.31156,92.0324
-171.467,-250.166,10000,-2.77024,-11.4737,-159.994,-159.958,-0.348548,7.31086,92.0214
-171.467,-250.166,10000,-2.79465,-11.4729,-159.995,-159.958,-0.409583,7.31004,92.0269
-171.467,-250.166,10000,-2.79878,-11.4721,-159.996,-159.958,0.0786982,7.31019,92.0324
-171.467,-250.166,10000,-2.72884,-11.4714,-159.996,-159.955,0.200769,7.31059,92.0269
-171.467,-250.166,10000,-2.70489,-11.4711,-159.996,-159.958,0.322839,7.31124,92.0269
-171.467,-250.166,10000,-2.6712,-11.4707,-159.997,-159.958,0.322839,7.31189,92.0269
-171.467,-250.166,10000,-2.63012,-11.4704,-159.997,-159.958,0.139733,7.31216,92.0324
-171.467,-250.166,10000,-2.57688,-11.4702,-159.997,-159.957,0.0176631,7.31219,92.0214
-171.467,-250.167,10000,-2.57955,-11.4702,-159.997,-159.96,-0.348548,7.3115,92.0214
-171.467,-250.167,10000,-2.62822,-11.4699,-159.998,-159.962,-0.226478,7.31105,92.0269
-171.467,-250.166,10000,-2.60754,-11.4694,-159.998,-159.96,-0.226478,7.3106,92.0214
-171.467,-250.167,10000,-2.63474,-11.4691,-159.998,-159.962,0.139733,7.31088,92.0269
-171.467,-250.166,10000,-2.64299,-11.4687,-159.999,-159.962,-0.653724,7.30957,92.0214
-171.467,-250.166,10000,-2.6911,-11.4682,-159.999,-159.964,0.200769,7.30997,92.0269
-171.467,-250.166,10000,-2.71283,-11.4675,-160,-159.963,0.383874,7.31074,92.0214
-171.467,-250.166,10000,-2.71879,-11.4669,-160.001,-159.963,0.628015,7.312,92.0269
-171.467,-250.166,10000,-2.70265,-11.4663,-160.001,-159.963,0.0786982,7.31215,92.0214
-171.467,-250.166,10000,-2.67603,-11.4659,-160.001,-159.963,-0.348548,7.31145,92.0324
-171.467,-250.166,10000,-2.52967,-11.4656,-160.001,-159.957,-0.470618,7.3105,92.0269
-171.467,-250.167,10000,-2.34727,-11.466,-160,-159.955,0.261804,7.31103,92.0269
-171.467,-250.168,10000,-2.19225,-11.4671,-159.999,-159.955,0.383874,7.31179,92.0269
-171.467,-250.169,10000,-2.06856,-11.4683,-159.997,-159.955,0.0786982,7.31195,92.0269
-171.467,-250.169,10000,-1.93028,-11.4697,-159.996,-159.953,-0.653724,7.31065,92.0214
-171.467,-250.17,10000,-1.84432,-11.4714,-159.994,-159.953,-0.287513,7.31007,92.0214
-171.467,-250.171,10000,-1.85587,-11.4731,-159.993,-159.956,0.0786982,7.31022,92.0269
-171.467,-250.171,10000,-1.84479,-11.4744,-159.991,-159.954,0.139733,7.3105,92.0324
-171.467,-250.171,10000,-1.8579,-11.4758,-159.99,-159.954,-0.0433721,7.31041,92.0324
-171.467,-250.171,10000,-1.89217,-11.477,-159.989,-159.954,0.200769,7.31082,92.0269
-171.467,-250.17,10000,-1.9519,-11.4781,-159.988,-159.954,0.383874,7.31158,92.0324
-171.467,-250.17,10000,-2.02351,-11.479,-159.987,-159.954,-0.104407,7.31137,92.0269
-171.467,-250.17,10000,-2.11056,-11.4796,-159.987,-159.954,0.0786982,7.31153,92.0269
-171.467,-250.169,10000,-2.20766,-11.48,-159.987,-159.954,-0.226478,7.31108,92.0214
-171.467,-250.169,10000,-2.36502,-11.4801,-159.987,-159.957,-0.287513,7.31051,92.0269
-171.467,-250.168,10000,-2.50868,-11.4797,-159.988,-159.957,-0.104407,7.3103,92.0269
-171.467,-250.167,10000,-2.58557,-11.479,-159.989,-159.954,0.200769,7.3107,92.0324
-171.467,-250.167,10000,-2.59522,-11.4784,-159.989,-159.952,-0.104407,7.31048,92.0214
-171.467,-250.167,10000,-2.66059,-11.4781,-159.99,-159.955,0.444909,7.31138,92.0324
-171.467,-250.166,10000,-2.6562,-11.4774,-159.99,-159.952,0.0176631,7.31141,92.0324
-171.467,-250.166,10000,-2.59353,-11.477,-159.99,-159.95,-0.165442,7.31107,92.0324
-171.467,-250.167,10000,-2.53378,-11.477,-159.99,-159.95,-0.348548,7.31037,92.0214
-171.467,-250.167,10000,-2.49487,-11.4771,-159.99,-159.951,0.200769,7.31077,92.0324
-171.467,-250.167,10000,-2.45903,-11.4772,-159.99,-159.951,0.505944,7.31179,92.0324
-171.467,-250.167,10000,-2.42746,-11.4773,-159.989,-159.951,0.0786982,7.31194,92.0214
-171.467,-250.168,10000,-2.46537,-11.4776,-159.99,-159.954,-0.226478,7.31149,92.0269
-171.467,-250.167,10000,-2.50277,-11.4774,-159.99,-159.954,0.139733,7.31176,92.0324
-171.467,-250.167,10000,-2.52976,-11.4772,-159.99,-159.954,0.0176631,7.3118,92.0269
-171.467,-250.167,10000,-2.55458,-11.4769,-159.99,-159.954,-0.104407,7.31158,92.0324
-171.467,-250.167,10000,-2.52015,-11.4766,-159.99,-159.951,0.505944,7.31258,92.0324
-171.467,-250.167,10000,-2.48599,-11.4766,-159.99,-159.951,-0.165442,7.31225,92.0214
-171.467,-250.167,10000,-2.46979,-11.4767,-159.99,-159.952,-0.470618,7.3113,92.0269
-171.467,-250.167,10000,-2.50937,-11.4768,-159.99,-159.955,-0.287513,7.31071,92.0324
-171.467,-250.167,10000,-2.48892,-11.4765,-159.99,-159.952,-0.348548,7.31001,92.0269
-171.467,-250.167,10000,-2.52417,-11.4766,-159.991,-159.955,-0.226478,7.30956,92.0324
-171.467,-250.167,10000,-2.49909,-11.4763,-159.991,-159.952,0.200769,7.30996,92.0269
-171.467,-250.167,10000,-2.48143,-11.4763,-159.991,-159.952,0.383874,7.31073,92.0324
-171.467,-250.167,10000,-2.46272,-11.4764,-159.991,-159.952,-0.348548,7.31002,92.0324
-171.467,-250.167,10000,-2.44395,-11.4765,-159.99,-159.952,0.139733,7.3103,92.0269
-171.467,-250.167,10000,-2.4341,-11.4766,-159.99,-159.953,0.322839,7.31095,92.0324
-171.467,-250.168,10000,-2.42413,-11.4767,-159.99,-159.952,-0.165442,7.31062,92.0269
-171.467,-250.168,10000,-2.42276,-11.4768,-159.99,-159.953,0.261804,7.31115,92.0214
-171.467,-250.168,10000,-2.43675,-11.4769,-159.99,-159.953,0.139733,7.31143,92.0269
-171.467,-250.168,10000,-2.45486,-11.4769,-159.99,-159.954,-0.287513,7.31084,92.0214
-171.467,-250.167,10000,-2.48319,-11.4769,-159.99,-159.954,-0.226478,7.31039,92.0269
-171.467,-250.167,10000,-2.55882,-11.4767,-159.991,-159.957,0.383874,7.31116,92.0214
-171.467,-250.167,10000,-2.62944,-11.4762,-159.991,-159.957,-0.409583,7.31034,92.0269
-171.467,-250.166,10000,-2.68391,-11.4755,-159.992,-159.957,-0.165442,7.31,92.0324
-171.467,-250.166,10000,-2.66532,-11.4748,-159.993,-159.954,0.200769,7.31041,92.0379
-171.467,-250.166,10000,-2.57929,-11.4745,-159.992,-159.951,0.628015,7.31167,92.0269
-171.467,-250.167,10000,-2.50543,-11.4746,-159.992,-159.952,-0.348548,7.31097,92.0324
-171.467,-250.167,10000,-2.43708,-11.4748,-159.992,-159.952,-0.226478,7.31052,92.0214
-171.467,-250.167,10000,-2.44089,-11.4752,-159.992,-159.955,0.93319,7.3124,92.0214
-171.467,-250.167,10000,-2.50423,-11.4752,-159.992,-159.957,0.505944,7.31342,92.0269
-171.467,-250.167,10000,-2.55707,-11.4749,-159.993,-159.957,-0.226478,7.31296,92.0379
-171.467,-250.167,10000,-2.53444,-11.4744,-159.993,-159.954,-0.0433721,7.31287,92.0214
-171.467,-250.167,10000,-2.57045,-11.4744,-159.993,-159.957,0.200769,7.31327,92.0269
-171.467,-250.167,10000,-2.59666,-11.474,-159.993,-159.957,0.139733,7.31355,92.0269
-171.467,-250.167,10000,-2.61311,-11.4736,-159.994,-159.957,-0.0433721,7.31346,92.0324
-171.467,-250.167,10000,-2.56412,-11.4732,-159.994,-159.954,-0.348548,7.31276,92.0324
-171.467,-250.167,10000,-2.46328,-11.4732,-159.993,-159.952,0.261804,7.31329,92.0269
-171.467,-250.167,10000,-2.38089,-11.4737,-159.993,-159.952,0.139733,7.31357,92.0324
-171.467,-250.168,10000,-2.26148,-11.4742,-159.992,-159.95,-0.287513,7.31298,92.0214
-171.467,-250.168,10000,-2.27861,-11.4751,-159.992,-159.955,0.200769,7.31338,92.0214
-171.467,-250.168,10000,-2.35985,-11.4755,-159.992,-159.958,-0.409583,7.31255,92.0324
-171.467,-250.168,10000,-2.4262,-11.4753,-159.992,-159.957,-0.104407,7.31235,92.0269
-171.467,-250.168,10000,-2.48541,-11.4751,-159.992,-159.957,0.200769,7.31275,92.0214
-171.467,-250.167,10000,-2.59161,-11.4748,-159.993,-159.96,0.200769,7.31314,92.0269
-171.467,-250.167,10000,-2.67508,-11.4741,-159.994,-159.96,-0.104407,7.31293,92.0214
-171.467,-250.166,10000,-2.74268,-11.4733,-159.995,-159.96,-0.165442,7.3126,92.0214
-171.467,-250.166,10000,-2.8414,-11.4724,-159.996,-159.962,0.200769,7.313,92.0214
-171.467,-250.165,10000,-2.96016,-11.4712,-159.997,-159.965,0.322839,7.31365,92.0324
-171.467,-250.165,10000,-2.97583,-11.4696,-159.999,-159.961,-0.104407,7.31343,92.0324
-171.467,-250.165,10000,-2.90356,-11.4684,-159.999,-159.958,0.0176631,7.31347,92.0269
-171.467,-250.165,10000,-2.81698,-11.4678,-160,-159.958,0.0786982,7.31363,92.0324
-171.467,-250.165,10000,-2.66554,-11.4674,-159.999,-159.955,-0.0433721,7.31353,92.0214
-171.467,-250.166,10000,-2.58014,-11.4676,-159.999,-159.958,-0.104407,7.31332,92.0269
-171.467,-250.167,10000,-2.4482,-11.4677,-159.999,-159.956,0.0786982,7.31348,92.0324
-171.467,-250.167,10000,-2.32486,-11.4683,-159.998,-159.955,-0.226478,7.31302,92.0269
-171.467,-250.168,10000,-2.27162,-11.4692,-159.997,-159.958,-0.714759,7.31158,92.0324
-171.467,-250.168,10000,-2.17469,-11.4698,-159.996,-159.955,-0.409583,7.31076,92.0324
-171.467,-250.169,10000,-2.04765,-11.4708,-159.995,-159.952,0.383874,7.31153,92.0214
-171.467,-250.169,10000,-2.01518,-11.4723,-159.994,-159.955,0.139733,7.31181,92.0214
-171.467,-250.17,10000,-2.01597,-11.4734,-159.993,-159.956,0.139733,7.31209,92.0214
-171.467,-250.17,10000,-2.04529,-11.4743,-159.992,-159.956,-0.226478,7.31164,92.0324
-171.467,-250.17,10000,-2.03407,-11.4751,-159.991,-159.954,-0.0433721,7.31155,92.0214
-171.467,-250.17,10000,-2.10377,-11.4761,-159.99,-159.956,0.628015,7.31281,92.0324
-171.467,-250.169,10000,-2.12561,-11.4766,-159.99,-159.954,0.383874,7.31358,92.0214
-171.467,-250.169,10000,-2.22014,-11.4772,-159.99,-159.957,0.200769,7.31398,92.0269
-171.467,-250.169,10000,-2.3146,-11.4773,-159.99,-159.957,-0.226478,7.31353,92.0269
-171.467,-250.168,10000,-2.40492,-11.4773,-159.99,-159.957,-0.226478,7.31307,92.0324
-171.467,-250.168,10000,-2.47931,-11.477,-159.99,-159.956,-0.409583,7.31224,92.0269
-171.467,-250.167,10000,-2.5451,-11.4767,-159.991,-159.956,0.261804,7.31276,92.0324
-171.467,-250.167,10000,-2.59223,-11.4762,-159.991,-159.956,0.322839,7.3134,92.0269
-171.467,-250.167,10000,-2.62895,-11.4757,-159.992,-159.956,0.505944,7.31442,92.0324
-171.467,-250.166,10000,-2.64727,-11.4752,-159.992,-159.956,0.0176631,7.31445,92.0214
-171.467,-250.166,10000,-2.71285,-11.4748,-159.993,-159.958,-0.348548,7.31376,92.0324
-171.467,-250.166,10000,-2.70099,-11.4739,-159.994,-159.955,0.139733,7.31404,92.0269
-171.467,-250.166,10000,-2.68142,-11.4735,-159.994,-159.956,0.139733,7.31432,92.0324
-171.467,-250.166,10000,-2.64761,-11.4731,-159.994,-159.955,-0.0433721,7.31424,92.0214
-171.467,-250.166,10000,-2.66761,-11.4728,-159.995,-159.958,-0.165442,7.31392,92.0324
-171.467,-250.166,10000,-2.61801,-11.4723,-159.995,-159.955,-0.470618,7.31297,92.0269
-171.467,-250.167,10000,-2.61734,-11.4722,-159.995,-159.958,-0.409583,7.31214,92.0214
-171.467,-250.167,10000,-2.61588,-11.4719,-159.995,-159.958,-0.287513,7.31156,92.0269
-171.467,-250.167,10000,-2.65393,-11.4716,-159.996,-159.96,0.56698,7.3127,92.0324
-171.467,-250.166,10000,-2.66582,-11.471,-159.996,-159.959,0.139733,7.31298,92.0269
-171.467,-250.166,10000,-2.66303,-11.4705,-159.997,-159.959,0.0176631,7.31302,92.0214
-171.467,-250.166,10000,-2.70408,-11.4701,-159.998,-159.962,-0.104407,7.3128,92.0324
-171.467,-250.166,10000,-2.71401,-11.4694,-159.998,-159.961,0.383874,7.31357,92.0269
-171.467,-250.166,10000,-2.70459,-11.4688,-159.999,-159.961,0.444909,7.31446,92.0324
-171.467,-250.166,10000,-2.62332,-11.4683,-159.999,-159.958,-0.470618,7.31351,92.0324
-171.467,-250.166,10000,-2.5345,-11.4683,-159.998,-159.957,-0.165442,7.31318,92.0324
-171.467,-250.167,10000,-2.44329,-11.4686,-159.998,-159.957,-0.165442,7.31284,92.0269
-171.467,-250.167,10000,-2.36272,-11.469,-159.997,-159.957,-0.409583,7.31202,92.0214
-171.467,-250.168,10000,-2.35155,-11.4696,-159.997,-159.959,0.0176631,7.31205,92.0269
-171.467,-250.168,10000,-2.34192,-11.4699,-159.997,-159.959,0.68905,7.31343,92.0214
-171.467,-250.168,10000,-2.39095,-11.4702,-159.997,-159.962,0.444909,7.31432,92.0269
-171.467,-250.168,10000,-2.42977,-11.4701,-159.997,-159.961,0.0786982,7.31448,92.0269
-171.467,-250.167,10000,-2.4585,-11.47,-159.997,-159.961,0.444909,7.31536,92.0324
-171.467,-250.167,10000,-2.46934,-11.4699,-159.997,-159.96,0.200769,7.31576,92.0324
-171.467,-250.167,10000,-2.41708,-11.4698,-159.997,-159.957,0.444909,7.31665,92.0269
-171.467,-250.168,10000,-2.37174,-11.4702,-159.996,-159.957,-0.0433721,7.31656,92.0269
-171.467,-250.168,10000,-2.33417,-11.4706,-159.996,-159.957,-0.226478,7.3161,92.0269
-171.467,-250.168,10000,-2.30552,-11.471,-159.996,-159.957,-0.0433721,7.316,92.0214
-171.467,-250.168,10000,-2.29403,-11.4715,-159.995,-159.957,0.0786982,7.31616,92.0269
-171.467,-250.168,10000,-2.33786,-11.4719,-159.995,-159.96,0.0176631,7.3162,92.0269
-171.467,-250.168,10000,-2.32936,-11.472,-159.995,-159.957,0.0176631,7.31623,92.0269
-171.467,-250.168,10000,-2.32666,-11.4723,-159.994,-159.957,0.0176631,7.31626,92.0269
-171.467,-250.168,10000,-2.37756,-11.4726,-159.994,-159.959,0.261804,7.31678,92.0269
-171.467,-250.168,10000,-2.47088,-11.4726,-159.995,-159.962,-0.348548,7.31609,92.0324
-171.467,-250.167,10000,-2.48971,-11.4722,-159.995,-159.958,-0.104407,7.31588,92.0269
-171.467,-250.167,10000,-2.55068,-11.472,-159.995,-159.961,-0.226478,7.31542,92.0214
-171.467,-250.167,10000,-2.60269,-11.4716,-159.996,-159.961,0.0786982,7.31558,92.0269
-171.467,-250.167,10000,-2.58802,-11.4711,-159.996,-159.958,0.0786982,7.31573,92.0324
-171.467,-250.167,10000,-2.5108,-11.4709,-159.996,-159.955,-0.104407,7.31552,92.0214
-171.467,-250.167,10000,-2.54626,-11.4711,-159.996,-159.96,-0.226478,7.31507,92.0214
-171.467,-250.167,10000,-2.62457,-11.4708,-159.997,-159.963,0.505944,7.31609,92.0269
-171.467,-250.166,10000,-2.62948,-11.4701,-159.997,-159.96,0.0786982,7.31625,92.0269
-171.467,-250.166,10000,-2.62111,-11.4697,-159.998,-159.96,0.200769,7.31665,92.0214
-171.467,-250.166,10000,-2.60946,-11.4694,-159.998,-159.96,-0.165442,7.31632,92.0269
-171.467,-250.167,10000,-2.58775,-11.4691,-159.998,-159.96,-0.226478,7.31585,92.0324
-171.467,-250.167,10000,-2.55023,-11.469,-159.998,-159.959,-0.0433721,7.31576,92.0269
-171.467,-250.167,10000,-2.50915,-11.4689,-159.998,-159.959,0.261804,7.31629,92.0324
-171.467,-250.167,10000,-2.36303,-11.469,-159.997,-159.954,0.139733,7.31658,92.0324
-171.467,-250.168,10000,-2.23402,-11.4699,-159.996,-159.953,-0.409583,7.31575,92.0324
-171.467,-250.168,10000,-2.12583,-11.4709,-159.995,-159.953,-0.165442,7.31542,92.0269
-171.467,-250.169,10000,-2.04918,-11.4721,-159.994,-159.953,0.0786982,7.31558,92.0269
-171.467,-250.169,10000,-2.05207,-11.4733,-159.993,-159.956,-0.287513,7.315,92.0324
-171.467,-250.169,10000,-2.0177,-11.4742,-159.992,-159.953,0.0786982,7.31516,92.0324
-171.467,-250.17,10000,-2.00327,-11.4753,-159.991,-159.953,-0.226478,7.31469,92.0214
-171.467,-250.17,10000,-2.02349,-11.4764,-159.99,-159.954,-0.226478,7.31424,92.0269
-171.467,-250.17,10000,-2.06467,-11.4772,-159.989,-159.954,-0.0433721,7.31416,92.0324
-171.467,-250.169,10000,-2.11468,-11.4779,-159.989,-159.954,-0.226478,7.31371,92.0324
-171.467,-250.169,10000,-2.12239,-11.4784,-159.988,-159.951,0.81112,7.31534,92.0214
-171.467,-250.169,10000,-2.20811,-11.4792,-159.988,-159.954,0.56698,7.31647,92.0269
-171.467,-250.169,10000,-2.34708,-11.4793,-159.988,-159.957,-0.165442,7.31614,92.0324
-171.467,-250.168,10000,-2.41902,-11.479,-159.988,-159.954,-0.226478,7.31569,92.0269
-171.467,-250.168,10000,-2.48839,-11.4788,-159.989,-159.954,0.383874,7.31646,92.0324
-171.467,-250.167,10000,-2.54467,-11.4785,-159.989,-159.954,0.750085,7.31796,92.0269
-171.467,-250.167,10000,-2.59444,-11.4781,-159.989,-159.954,-0.104407,7.31775,92.0269
-171.467,-250.167,10000,-2.68453,-11.4776,-159.99,-159.957,-0.226478,7.3173,92.0324
-171.467,-250.166,10000,-2.69831,-11.4767,-159.991,-159.954,-0.0433721,7.31722,92.0269
-171.467,-250.166,10000,-2.70357,-11.4761,-159.991,-159.954,0.200769,7.31762,92.0269
-171.467,-250.166,10000,-2.70142,-11.4756,-159.992,-159.954,0.200769,7.31802,92.0214
-171.467,-250.166,10000,-2.74806,-11.4751,-159.993,-159.957,-0.226478,7.31756,92.0269
-171.467,-250.166,10000,-2.77582,-11.4743,-159.993,-159.957,-0.104407,7.31736,92.0324
-171.467,-250.166,10000,-2.7297,-11.4735,-159.994,-159.954,-0.348548,7.31666,92.0324
-171.467,-250.166,10000,-2.67199,-11.4731,-159.994,-159.954,0.0176631,7.3167,92.0324
-171.467,-250.166,10000,-2.60694,-11.4729,-159.994,-159.954,0.383874,7.31747,92.0324
-171.467,-250.167,10000,-2.53847,-11.4729,-159.994,-159.954,-0.104407,7.31727,92.0269
-171.467,-250.167,10000,-2.47825,-11.473,-159.994,-159.954,-0.104407,7.31705,92.0269
-171.467,-250.167,10000,-2.42823,-11.4733,-159.993,-159.954,-0.531653,7.31598,92.0324
-171.467,-250.168,10000,-2.38092,-11.4736,-159.993,-159.954,0.0786982,7.31614,92.0269
-171.467,-250.168,10000,-2.34655,-11.4739,-159.993,-159.954,0.383874,7.31692,92.0324
-171.467,-250.168,10000,-2.2683,-11.4743,-159.992,-159.951,-0.226478,7.31646,92.0324
-171.467,-250.168,10000,-2.20696,-11.4751,-159.991,-159.951,0.0176631,7.31649,92.0269
-171.467,-250.169,10000,-2.17093,-11.4759,-159.99,-159.952,0.0176631,7.31653,92.0214
-171.467,-250.169,10000,-2.21526,-11.4767,-159.99,-159.955,-0.0433721,7.31643,92.0324
-171.467,-250.169,10000,-2.26022,-11.4771,-159.99,-159.954,-0.0433721,7.31634,92.0269
-171.467,-250.168,10000,-2.31203,-11.4773,-159.99,-159.955,0.383874,7.31711,92.0214
-171.467,-250.168,10000,-2.37523,-11.4774,-159.99,-159.955,0.0176631,7.31714,92.0324
-171.467,-250.168,10000,-2.42905,-11.4773,-159.99,-159.955,-0.409583,7.31633,92.0324
-171.467,-250.168,10000,-2.42459,-11.4772,-159.99,-159.952,-0.165442,7.316,92.0324
-171.467,-250.168,10000,-2.37253,-11.4773,-159.989,-159.95,0.261804,7.31652,92.0269
-171.467,-250.168,10000,-2.38833,-11.4777,-159.989,-159.953,-0.104407,7.31631,92.0269
-171.467,-250.168,10000,-2.45952,-11.4778,-159.989,-159.955,-0.165442,7.31598,92.0269
-171.467,-250.167,10000,-2.52475,-11.4775,-159.99,-159.955,0.139733,7.31626,92.0324
-171.467,-250.167,10000,-2.52554,-11.4771,-159.99,-159.953,0.261804,7.31679,92.0324
-171.467,-250.167,10000,-2.52108,-11.477,-159.99,-159.953,0.0176631,7.31682,92.0324
-171.467,-250.167,10000,-2.51221,-11.4769,-159.99,-159.952,0.0176631,7.31685,92.0269
-171.467,-250.167,10000,-2.50763,-11.4768,-159.99,-159.953,0.200769,7.31725,92.0214
-171.467,-250.167,10000,-2.51504,-11.4768,-159.99,-159.953,0.444909,7.31815,92.0324
-171.467,-250.167,10000,-2.46759,-11.4766,-159.99,-159.951,0.383874,7.31892,92.0324
-171.467,-250.167,10000,-2.4254,-11.4768,-159.99,-159.951,-0.165442,7.31858,92.0269
-171.467,-250.168,10000,-2.44619,-11.4771,-159.99,-159.954,-0.226478,7.31812,92.0214
-171.467,-250.167,10000,-2.52631,-11.4771,-159.99,-159.956,-0.226478,7.31767,92.0214
-171.467,-250.167,10000,-2.60251,-11.4766,-159.991,-159.957,-0.409583,7.31684,92.0324
-171.467,-250.167,10000,-2.60754,-11.476,-159.991,-159.954,0.139733,7.31713,92.0214
-171.467,-250.167,10000,-2.61692,-11.4756,-159.992,-159.955,-0.0433721,7.31704,92.0324
-171.467,-250.167,10000,-2.56487,-11.4753,-159.992,-159.952,0.200769,7.31744,92.0324
-171.467,-250.167,10000,-2.56096,-11.4753,-159.992,-159.954,0.200769,7.31784,92.0269
-171.467,-250.167,10000,-2.55601,-11.4751,-159.992,-159.954,0.261804,7.31837,92.0214
-171.467,-250.167,10000,-2.60648,-11.4749,-159.993,-159.957,-0.348548,7.31766,92.0324
-171.467,-250.167,10000,-2.63577,-11.4744,-159.993,-159.957,-0.226478,7.3172,92.0269
-171.467,-250.166,10000,-2.65355,-11.4739,-159.994,-159.957,0.139733,7.31747,92.0214
-171.467,-250.166,10000,-2.71634,-11.4734,-159.994,-159.96,-0.226478,7.31702,92.0269
-171.467,-250.166,10000,-2.75649,-11.4726,-159.995,-159.959,-0.0433721,7.31694,92.0324
-171.467,-250.166,10000,-2.71889,-11.4718,-159.996,-159.956,-0.0433721,7.31686,92.0379
-171.467,-250.166,10000,-2.61036,-11.4714,-159.995,-159.953,-0.104407,7.31665,92.0324
-171.467,-250.167,10000,-2.50407,-11.4716,-159.995,-159.953,-0.287513,7.31607,92.0214
-171.467,-250.167,10000,-2.42056,-11.4719,-159.995,-159.954,-0.348548,7.31537,92.0324
-171.467,-250.168,10000,-2.34412,-11.4724,-159.994,-159.954,0.261804,7.31589,92.0269
-171.467,-250.168,10000,-2.28579,-11.473,-159.993,-159.954,0.505944,7.31692,92.0324
-171.467,-250.168,10000,-2.23765,-11.4736,-159.993,-159.954,-0.165442,7.31658,92.0269
-171.467,-250.169,10000,-2.20935,-11.4743,-159.992,-159.954,-0.470618,7.31564,92.0269
-171.467,-250.169,10000,-2.2476,-11.475,-159.992,-159.956,-0.775794,7.31408,92.0159
-171.467,-250.168,10000,-2.35539,-11.4753,-159.992,-159.959,0.200769,7.31448,92.0269
-171.467,-250.168,10000,-2.45187,-11.4751,-159.992,-159.959,0.56698,7.31562,92.0324
-171.467,-250.167,10000,-2.47782,-11.4747,-159.992,-159.956,-0.226478,7.31517,92.0269
-171.467,-250.167,10000,-2.5489,-11.4745,-159.993,-159.959,-0.104407,7.31496,92.0324
-171.467,-250.167,10000,-2.59728,-11.4741,-159.993,-159.958,0.200769,7.31537,92.0269
-171.467,-250.167,10000,-2.63174,-11.4736,-159.994,-159.958,-0.104407,7.31516,92.0269
-171.467,-250.166,10000,-2.65266,-11.4731,-159.994,-159.958,-0.165442,7.31483,92.0324
-171.467,-250.166,10000,-2.60522,-11.4726,-159.995,-159.955,0.0786982,7.31498,92.0159
-171.467,-250.167,10000,-2.67081,-11.4725,-159.995,-159.961,0.0176631,7.31502,92.0269
-171.467,-250.166,10000,-2.71402,-11.4718,-159.996,-159.96,-0.226478,7.31457,92.0269
-171.467,-250.166,10000,-2.78386,-11.471,-159.997,-159.962,-0.775794,7.31301,92.0214
-171.467,-250.166,10000,-2.83133,-11.47,-159.998,-159.962,-0.409583,7.31219,92.0269
-171.467,-250.165,10000,-2.84855,-11.469,-159.999,-159.962,-0.165442,7.31185,92.0324
-171.467,-250.165,10000,-2.83088,-11.4681,-160,-159.961,-0.0433721,7.31176,92.0324
-171.467,-250.165,10000,-2.7359,-11.4674,-160,-159.958,0.68905,7.31314,92.0324
-171.467,-250.166,10000,-2.62906,-11.4673,-160,-159.958,0.261804,7.31367,92.0324
-171.467,-250.166,10000,-2.51724,-11.4674,-159.999,-159.957,-0.287513,7.31308,92.0269
-171.467,-250.167,10000,-2.36629,-11.4677,-159.998,-159.955,-0.104407,7.31287,92.0269
-171.467,-250.168,10000,-2.2393,-11.4686,-159.997,-159.955,0.139733,7.31314,92.0214
-171.467,-250.168,10000,-2.19507,-11.4696,-159.997,-159.958,-0.165442,7.31281,92.0269
-171.467,-250.169,10000,-2.16572,-11.4704,-159.996,-159.958,-0.104407,7.3126,92.0269
-171.467,-250.169,10000,-2.15121,-11.4711,-159.995,-159.957,0.322839,7.31325,92.0324
-171.467,-250.169,10000,-2.1427,-11.4719,-159.994,-159.957,0.139733,7.31353,92.0214
-171.467,-250.169,10000,-2.20479,-11.4726,-159.994,-159.96,-0.104407,7.31331,92.0214
-171.467,-250.169,10000,-2.27471,-11.4729,-159.994,-159.96,-0.104407,7.3131,92.0324
-171.467,-250.168,10000,-2.28397,-11.473,-159.994,-159.957,-0.0433721,7.31301,92.0269
-171.467,-250.168,10000,-2.34808,-11.4734,-159.994,-159.959,0.444909,7.3139,92.0324
-171.467,-250.168,10000,-2.39822,-11.4733,-159.994,-159.959,0.200769,7.3143,92.0214
-171.467,-250.168,10000,-2.45039,-11.4733,-159.994,-159.959,-0.0433721,7.31421,92.0269
-171.467,-250.167,10000,-2.54218,-11.4731,-159.994,-159.961,0.0786982,7.31438,92.0324
-171.467,-250.167,10000,-2.55765,-11.4725,-159.995,-159.958,-0.409583,7.31356,92.0324
-171.467,-250.167,10000,-2.60567,-11.4723,-159.995,-159.96,-0.0433721,7.31347,92.0324
-171.467,-250.167,10000,-2.58081,-11.4718,-159.995,-159.957,0.261804,7.31399,92.0214
-171.467,-250.167,10000,-2.56077,-11.4716,-159.995,-159.957,-0.348548,7.3133,92.0324
-171.467,-250.167,10000,-2.52953,-11.4715,-159.995,-159.957,-0.0433721,7.31321,92.0269
-171.467,-250.167,10000,-2.49844,-11.4715,-159.995,-159.957,-0.165442,7.31288,92.0324
-171.467,-250.167,10000,-2.3646,-11.4715,-159.995,-159.952,-0.287513,7.3123,92.0214
-171.467,-250.168,10000,-2.31332,-11.4723,-159.994,-159.955,-0.0433721,7.31221,92.0324
-171.467,-250.168,10000,-2.22099,-11.4729,-159.993,-159.952,-0.287513,7.31163,92.0269
-171.467,-250.169,10000,-2.20423,-11.4738,-159.993,-159.955,0.261804,7.31215,92.0324
-171.467,-250.169,10000,-2.19517,-11.4744,-159.992,-159.954,-0.226478,7.3117,92.0324
-171.467,-250.169,10000,-2.19359,-11.475,-159.991,-159.954,0.0786982,7.31185,92.0269
-171.467,-250.169,10000,-2.2556,-11.4756,-159.991,-159.957,-0.104407,7.31164,92.0214
-171.467,-250.168,10000,-2.3759,-11.4758,-159.991,-159.959,-0.165442,7.31131,92.0269
-171.467,-250.168,10000,-2.48229,-11.4755,-159.992,-159.959,-0.165442,7.31098,92.0324
-171.467,-250.167,10000,-2.516,-11.475,-159.992,-159.956,-0.104407,7.31077,92.0324
-171.467,-250.167,10000,-2.5356,-11.4747,-159.992,-159.956,-0.165442,7.31044,92.0214
-171.467,-250.167,10000,-2.60697,-11.4745,-159.993,-159.959,0.505944,7.31145,92.0269
-171.467,-250.167,10000,-2.66059,-11.4739,-159.994,-159.959,0.261804,7.31198,92.0324
-171.467,-250.166,10000,-2.68848,-11.4732,-159.994,-159.958,-0.104407,7.31177,92.0269
-171.467,-250.166,10000,-2.70079,-11.4726,-159.995,-159.958,-0.104407,7.31157,92.0269
-171.467,-250.166,10000,-2.69898,-11.4721,-159.995,-159.958,0.0176631,7.31161,92.0269
-171.467,-250.166,10000,-2.68487,-11.4716,-159.996,-159.958,0.200769,7.31202,92.0214
-171.467,-250.166,10000,-2.71732,-11.4712,-159.996,-159.96,0.200769,7.31242,92.0214
-171.467,-250.166,10000,-2.73678,-11.4705,-159.997,-159.96,0.0786982,7.31258,92.0324
-171.467,-250.166,10000,-2.68039,-11.4698,-159.997,-159.957,0.139733,7.31286,92.0214
-171.467,-250.166,10000,-2.72381,-11.4696,-159.998,-159.962,-0.0433721,7.31277,92.0269
-171.467,-250.166,10000,-2.74172,-11.4689,-159.999,-159.962,-0.531653,7.31171,92.0324
-171.467,-250.166,10000,-2.68121,-11.4682,-159.999,-159.959,-0.348548,7.31101,92.0269
-171.467,-250.166,10000,-2.61419,-11.468,-159.999,-159.959,0.139733,7.31129,92.0324
-171.467,-250.166,10000,-2.48876,-11.4679,-159.999,-159.956,-0.104407,7.31109,92.0324
-171.467,-250.167,10000,-2.3209,-11.4684,-159.998,-159.953,-0.470618,7.31015,92.0214
-171.467,-250.168,10000,-2.23908,-11.4694,-159.997,-159.956,0.200769,7.31055,92.0214
-171.467,-250.168,10000,-2.23315,-11.4703,-159.996,-159.959,0.444909,7.31144,92.0214
-171.467,-250.168,10000,-2.24247,-11.4708,-159.996,-159.959,0.872155,7.31319,92.0324
-171.467,-250.168,10000,-2.20061,-11.4712,-159.995,-159.956,0.383874,7.31396,92.0269
-171.467,-250.169,10000,-2.17574,-11.472,-159.994,-159.956,-0.226478,7.3135,92.0324
-171.467,-250.169,10000,-2.11061,-11.4727,-159.993,-159.953,-0.348548,7.3128,92.0269
-171.467,-250.169,10000,-2.07234,-11.4737,-159.992,-159.954,-0.470618,7.31186,92.0324
-171.467,-250.169,10000,-2.05188,-11.4748,-159.991,-159.953,-0.226478,7.3114,92.0269
-171.467,-250.17,10000,-2.1046,-11.4757,-159.991,-159.956,-0.0433721,7.31132,92.0324
-171.467,-250.169,10000,-2.15998,-11.4763,-159.99,-159.956,-0.0433721,7.31123,92.0269
-171.467,-250.169,10000,-2.27225,-11.4767,-159.99,-159.958,0.0786982,7.31139,92.0324
-171.467,-250.168,10000,-2.32169,-11.4766,-159.99,-159.955,0.0786982,7.31155,92.0269
-171.467,-250.168,10000,-2.37365,-11.4767,-159.99,-159.955,0.0176631,7.31158,92.0269
-171.467,-250.168,10000,-2.42524,-11.4767,-159.99,-159.955,0.322839,7.31223,92.0324
-171.467,-250.168,10000,-2.46628,-11.4766,-159.991,-159.955,0.444909,7.31311,92.0269
-171.467,-250.167,10000,-2.50466,-11.4764,-159.991,-159.955,0.261804,7.31363,92.0269
-171.467,-250.167,10000,-2.53878,-11.4762,-159.991,-159.955,0.322839,7.31428,92.0214
-171.467,-250.167,10000,-2.57534,-11.4759,-159.992,-159.956,-0.409583,7.31346,92.0324
-171.467,-250.167,10000,-2.54762,-11.4755,-159.992,-159.953,-0.0433721,7.31336,92.0214
-171.467,-250.167,10000,-2.53239,-11.4754,-159.992,-159.954,-0.531653,7.3123,92.0324
-171.467,-250.167,10000,-2.4639,-11.4753,-159.991,-159.951,-0.104407,7.31209,92.0324
-171.467,-250.167,10000,-2.40269,-11.4756,-159.991,-159.951,0.261804,7.31262,92.0214
-171.467,-250.168,10000,-2.41501,-11.476,-159.991,-159.954,0.383874,7.31339,92.0269
-171.467,-250.168,10000,-2.4316,-11.4761,-159.991,-159.954,0.139733,7.31367,92.0324
-171.467,-250.168,10000,-2.39466,-11.4761,-159.991,-159.952,0.505944,7.31468,92.0269
-171.467,-250.168,10000,-2.3716,-11.4764,-159.99,-159.952,0.68905,7.31605,92.0324
-171.467,-250.168,10000,-2.35359,-11.4767,-159.99,-159.952,-0.0433721,7.31597,92.0214
-171.467,-250.168,10000,-2.40506,-11.477,-159.99,-159.955,-0.531653,7.3149,92.0269
-171.467,-250.168,10000,-2.50356,-11.4769,-159.991,-159.957,-0.348548,7.3142,92.0214
-171.467,-250.167,10000,-2.59542,-11.4764,-159.991,-159.958,-0.409583,7.31338,92.0214
-171.467,-250.167,10000,-2.67721,-11.4757,-159.992,-159.958,-0.165442,7.31305,92.0269
-171.467,-250.166,10000,-2.73783,-11.4749,-159.993,-159.958,0.0786982,7.31321,92.0324
-171.467,-250.166,10000,-2.72149,-11.4741,-159.993,-159.955,0.383874,7.31398,92.0269
-171.467,-250.166,10000,-2.69733,-11.4736,-159.994,-159.955,0.444909,7.31487,92.0214
-171.467,-250.166,10000,-2.67541,-11.4732,-159.994,-159.956,0.68905,7.31626,92.0324
-171.467,-250.166,10000,-2.5915,-11.4728,-159.994,-159.953,0.0176631,7.31628,92.0214
-171.467,-250.167,10000,-2.5725,-11.4729,-159.994,-159.956,-0.0433721,7.31618,92.0214
-171.467,-250.167,10000,-2.5593,-11.4728,-159.994,-159.956,-0.226478,7.31573,92.0324
-171.467,-250.167,10000,-2.53548,-11.4726,-159.994,-159.956,-0.653724,7.31441,92.0324
-171.467,-250.167,10000,-2.50349,-11.4726,-159.994,-159.956,-0.165442,7.31408,92.0269
-171.467,-250.167,10000,-2.4745,-11.4726,-159.994,-159.956,0.505944,7.31509,92.0324
-171.467,-250.167,10000,-2.44152,-11.4727,-159.994,-159.955,0.872155,7.31684,92.0269
-171.467,-250.167,10000,-2.4149,-11.4729,-159.994,-159.955,0.505944,7.31785,92.0269
-171.467,-250.168,10000,-2.3945,-11.4731,-159.994,-159.955,0.0786982,7.318,92.0324
-171.467,-250.168,10000,-2.32469,-11.4734,-159.993,-159.953,-0.470618,7.31705,92.0214
-171.467,-250.168,10000,-2.33037,-11.474,-159.993,-159.956,-0.775794,7.31549,92.0269
-171.467,-250.168,10000,-2.34213,-11.4742,-159.993,-159.956,-0.409583,7.31466,92.0214
-171.467,-250.168,10000,-2.36675,-11.4745,-159.992,-159.956,-0.226478,7.31421,92.0324
-171.467,-250.168,10000,-2.33754,-11.4746,-159.992,-159.954,0.0786982,7.31436,92.0379
-171.467,-250.168,10000,-2.25718,-11.475,-159.991,-159.951,0.81112,7.31599,92.0269
-171.467,-250.168,10000,-2.2031,-11.4758,-159.99,-159.951,0.139733,7.31627,92.0269
-171.467,-250.169,10000,-2.22283,-11.4765,-159.99,-159.954,0.383874,7.31704,92.0269
-171.467,-250.169,10000,-2.25507,-11.477,-159.99,-159.954,0.322839,7.31768,92.0269
-171.467,-250.168,10000,-2.29639,-11.4773,-159.989,-159.954,-0.714759,7.31623,92.0324
-171.467,-250.168,10000,-2.28787,-11.4775,-159.989,-159.952,-0.653724,7.31492,92.0324
-171.467,-250.168,10000,-2.33563,-11.4779,-159.989,-159.954,-0.226478,7.31447,92.0324
-171.467,-250.168,10000,-2.37947,-11.478,-159.989,-159.954,-0.0433721,7.31439,92.0269
-171.467,-250.168,10000,-2.47481,-11.478,-159.989,-159.956,1.17733,7.31676,92.0214
-171.467,-250.167,10000,-2.61545,-11.4776,-159.99,-159.959,0.628015,7.31802,92.0324
-171.467,-250.167,10000,-2.67376,-11.4766,-159.991,-159.956,-0.348548,7.31731,92.0269
-171.467,-250.166,10000,-2.71662,-11.4759,-159.992,-159.956,-0.287513,7.31673,92.0269
-171.467,-250.166,10000,-2.74396,-11.4752,-159.992,-159.956,-0.531653,7.31566,92.0269
-171.467,-250.166,10000,-2.75613,-11.4745,-159.993,-159.956,-1.08097,7.31349,92.0269
-171.467,-250.166,10000,-2.80282,-11.4738,-159.994,-159.958,-0.104407,7.31328,92.0214
-171.467,-250.166,10000,-2.83429,-11.4729,-159.995,-159.959,0.0786982,7.31344,92.0324
-171.467,-250.165,10000,-2.83464,-11.472,-159.996,-159.958,0.750085,7.31494,92.0269
-171.467,-250.165,10000,-2.86442,-11.4712,-159.997,-159.96,0.139733,7.31522,92.0214
-171.467,-250.165,10000,-2.92365,-11.4702,-159.998,-159.963,-0.348548,7.31451,92.0159
-171.467,-250.165,10000,-3.01047,-11.469,-160,-159.965,-0.531653,7.31344,92.0214
-171.467,-250.164,10000,-3.05802,-11.4674,-160.001,-159.965,-0.714759,7.312,92.0214
-171.467,-250.164,10000,-3.06879,-11.4659,-160.002,-159.965,0.0786982,7.31217,92.0269
-171.467,-250.164,10000,-2.99114,-11.4646,-160.003,-159.962,0.0176631,7.3122,92.0269
-171.467,-250.164,10000,-2.89051,-11.4638,-160.004,-159.962,0.322839,7.31284,92.0214
-171.467,-250.165,10000,-2.78266,-11.4633,-160.004,-159.962,0.200769,7.31324,92.0214
-171.467,-250.165,10000,-2.72109,-11.463,-160.004,-159.964,-0.287513,7.31266,92.0214
-171.467,-250.166,10000,-2.60368,-11.4628,-160.004,-159.962,-0.0433721,7.31257,92.0214
-171.467,-250.166,10000,-2.49355,-11.463,-160.004,-159.962,0.261804,7.31309,92.0324
-171.467,-250.167,10000,-2.33098,-11.4634,-160.003,-159.958,0.81112,7.31473,92.0324
-171.467,-250.168,10000,-2.1815,-11.4643,-160.001,-159.958,0.68905,7.31611,92.0324
-171.467,-250.169,10000,-2.05111,-11.4656,-160,-159.957,0.261804,7.31663,92.0324
-171.467,-250.169,10000,-1.89624,-11.467,-159.998,-159.955,-0.409583,7.31581,92.0269
-171.467,-250.17,10000,-1.78634,-11.4689,-159.996,-159.955,-0.653724,7.31451,92.0269
-171.467,-250.171,10000,-1.72108,-11.4709,-159.994,-159.955,-0.470618,7.31356,92.0269
-171.467,-250.171,10000,-1.69813,-11.4727,-159.992,-159.955,0.322839,7.31421,92.0324
-171.467,-250.171,10000,-1.65797,-11.4745,-159.991,-159.952,0.81112,7.31584,92.0269
-171.467,-250.172,10000,-1.6638,-11.4764,-159.989,-159.953,0.383874,7.31661,92.0324
-171.467,-250.172,10000,-1.7022,-11.4781,-159.987,-159.952,0.0786982,7.31677,92.0214
-171.467,-250.171,10000,-1.83181,-11.4796,-159.987,-159.955,-0.165442,7.31644,92.0214
-171.467,-250.171,10000,-1.98442,-11.4804,-159.986,-159.956,-0.653724,7.31513,92.0269
-171.467,-250.17,10000,-2.14179,-11.4808,-159.986,-159.956,-0.165442,7.31481,92.0269
-171.467,-250.169,10000,-2.2482,-11.4808,-159.986,-159.954,0.200769,7.31522,92.0324
-171.467,-250.169,10000,-2.30057,-11.4808,-159.986,-159.951,-0.104407,7.31501,92.0269
-171.467,-250.168,10000,-2.41025,-11.481,-159.986,-159.954,0.200769,7.3154,92.0269
-171.467,-250.168,10000,-2.51399,-11.4806,-159.987,-159.954,0.56698,7.31655,92.0324
-171.467,-250.167,10000,-2.50346,-11.4801,-159.987,-159.949,-0.409583,7.31573,92.0324
-171.467,-250.167,10000,-2.44692,-11.48,-159.987,-159.947,-0.531653,7.31466,92.0324
-171.467,-250.168,10000,-2.40326,-11.4803,-159.986,-159.947,-0.836829,7.31298,92.0214
-171.467,-250.168,10000,-2.43697,-11.4806,-159.986,-159.951,-0.348548,7.31228,92.0324
-171.467,-250.168,10000,-2.4685,-11.4806,-159.987,-159.951,0.0176631,7.31232,92.0269
-171.467,-250.167,10000,-2.50486,-11.4804,-159.987,-159.951,0.322839,7.31296,92.0324
-171.467,-250.167,10000,-2.53527,-11.4802,-159.987,-159.951,0.322839,7.31362,92.0269
-171.467,-250.167,10000,-2.56715,-11.4799,-159.987,-159.951,0.0786982,7.31377,92.0324
-171.467,-250.167,10000,-2.59009,-11.4796,-159.988,-159.951,-0.348548,7.31307,92.0324
-171.467,-250.167,10000,-2.6043,-11.4792,-159.988,-159.951,-0.653724,7.31176,92.0324
-171.467,-250.167,10000,-2.56232,-11.4788,-159.988,-159.949,-0.165442,7.31143,92.0214
-171.467,-250.167,10000,-2.53941,-11.4788,-159.988,-159.95,0.139733,7.31171,92.0324
-171.467,-250.167,10000,-2.46938,-11.4788,-159.988,-159.948,0.322839,7.31236,92.0379
-171.467,-250.167,10000,-2.30737,-11.479,-159.987,-159.943,0.0786982,7.31252,92.0269
-171.467,-250.168,10000,-2.19046,-11.4801,-159.986,-159.944,-0.165442,7.31218,92.0214
-171.467,-250.169,10000,-2.17343,-11.4812,-159.985,-159.947,-0.226478,7.31173,92.0269
-171.467,-250.169,10000,-2.23299,-11.4819,-159.985,-159.95,0.0176631,7.31176,92.0214
-171.467,-250.169,10000,-2.31276,-11.4821,-159.985,-159.951,0.200769,7.31217,92.0324
-171.467,-250.168,10000,-2.34173,-11.4821,-159.985,-159.949,0.628015,7.31343,92.0269
-171.467,-250.168,10000,-2.43226,-11.4823,-159.985,-159.952,0.261804,7.31395,92.0379
-171.467,-250.168,10000,-2.45724,-11.482,-159.985,-159.949,-0.470618,7.313,92.0324
-171.467,-250.167,10000,-2.48264,-11.4819,-159.985,-159.949,-0.226478,7.31255,92.0269
-171.467,-250.167,10000,-2.51543,-11.4817,-159.985,-159.95,-0.165442,7.31223,92.0269
-171.467,-250.167,10000,-2.50392,-11.4815,-159.986,-159.948,0.200769,7.31263,92.0324
-171.467,-250.167,10000,-2.49687,-11.4815,-159.986,-159.948,0.505944,7.31365,92.0269
-171.467,-250.167,10000,-2.50144,-11.4814,-159.986,-159.948,0.505944,7.31467,92.0269
-171.467,-250.167,10000,-2.51523,-11.4813,-159.986,-159.949,-0.226478,7.31421,92.0324
-171.467,-250.167,10000,-2.52789,-11.4812,-159.986,-159.949,0.0786982,7.31438,92.0269
-171.467,-250.167,10000,-2.54658,-11.481,-159.986,-159.95,-0.226478,7.31392,92.0214
-171.467,-250.167,10000,-2.6255,-11.4807,-159.987,-159.953,-1.01993,7.31186,92.0269
-171.467,-250.167,10000,-2.69344,-11.48,-159.988,-159.953,-0.165442,7.31153,92.0269
-171.467,-250.166,10000,-2.7484,-11.4793,-159.989,-159.953,0.81112,7.31317,92.0269
-171.467,-250.166,10000,-2.78883,-11.4784,-159.989,-159.954,0.56698,7.3143,92.0324
-171.467,-250.166,10000,-2.75838,-11.4775,-159.99,-159.951,0.261804,7.31482,92.0269
-171.467,-250.166,10000,-2.72616,-11.477,-159.99,-159.951,-0.287513,7.31424,92.0269
-171.467,-250.166,10000,-2.69312,-11.4766,-159.991,-159.952,-0.348548,7.31354,92.0324
-171.467,-250.166,10000,-2.6043,-11.4763,-159.991,-159.949,-0.470618,7.31259,92.0269
-171.467,-250.167,10000,-2.52932,-11.4763,-159.99,-159.95,-0.348548,7.31188,92.0324
-171.467,-250.167,10000,-2.4616,-11.4765,-159.99,-159.95,0.444909,7.31277,92.0214
-171.467,-250.167,10000,-2.467,-11.4768,-159.99,-159.953,0.750085,7.31428,92.0324
-171.467,-250.167,10000,-2.46857,-11.4768,-159.99,-159.953,0.200769,7.31469,92.0214
-171.467,-250.167,10000,-2.53101,-11.4768,-159.991,-159.956,-0.0433721,7.31459,92.0269
-171.467,-250.167,10000,-2.63232,-11.4764,-159.991,-159.958,-0.714759,7.31316,92.0324
-171.467,-250.166,10000,-2.70424,-11.4756,-159.992,-159.958,-0.348548,7.31247,92.0324
-171.467,-250.166,10000,-2.69945,-11.4748,-159.993,-159.955,0.139733,7.31274,92.0269
-171.467,-250.166,10000,-2.73545,-11.4743,-159.993,-159.957,0.505944,7.31376,92.0324
-171.467,-250.166,10000,-2.69785,-11.4735,-159.994,-159.955,0.139733,7.31404,92.0269
-171.467,-250.166,10000,-2.65668,-11.4732,-159.994,-159.955,-0.0433721,7.31396,92.0269
-171.467,-250.166,10000,-2.61359,-11.473,-159.994,-159.955,0.322839,7.3146,92.0269
-171.467,-250.167,10000,-2.57098,-11.4728,-159.994,-159.955,0.200769,7.315,92.0269
-171.467,-250.167,10000,-2.53047,-11.4728,-159.994,-159.955,-0.470618,7.31405,92.0269
-171.467,-250.167,10000,-2.49351,-11.4728,-159.994,-159.955,-0.165442,7.31372,92.0269
-171.467,-250.167,10000,-2.41281,-11.4729,-159.994,-159.953,0.322839,7.31437,92.0269
-171.467,-250.168,10000,-2.34833,-11.4734,-159.993,-159.953,0.81112,7.316,92.0379
-171.467,-250.168,10000,-2.23729,-11.4739,-159.992,-159.95,0.0786982,7.31616,92.0269
-171.467,-250.169,10000,-2.20608,-11.4749,-159.991,-159.953,-0.348548,7.31545,92.0324
-171.467,-250.169,10000,-2.18694,-11.4756,-159.991,-159.953,-0.409583,7.31463,92.0269
-171.467,-250.169,10000,-2.23562,-11.4762,-159.99,-159.955,-0.531653,7.31356,92.0324
-171.467,-250.169,10000,-2.28262,-11.4765,-159.99,-159.955,-0.348548,7.31286,92.0269
-171.467,-250.168,10000,-2.3341,-11.4767,-159.99,-159.955,0.322839,7.3135,92.0214
-171.467,-250.168,10000,-2.44385,-11.4768,-159.991,-159.958,0.383874,7.31427,92.0324
-171.467,-250.167,10000,-2.48358,-11.4764,-159.991,-159.955,0.628015,7.31553,92.0324
-171.467,-250.167,10000,-2.46402,-11.4762,-159.991,-159.953,-0.0433721,7.31544,92.0214
-171.467,-250.167,10000,-2.46,-11.4762,-159.991,-159.953,-0.409583,7.31461,92.0324
-171.467,-250.167,10000,-2.40541,-11.4763,-159.99,-159.951,-0.592689,7.31342,92.0269
-171.467,-250.168,10000,-2.36783,-11.4766,-159.99,-159.951,0.139733,7.3137,92.0324
-171.467,-250.168,10000,-2.29019,-11.477,-159.989,-159.949,0.505944,7.31472,92.0324
-171.467,-250.168,10000,-2.18397,-11.4777,-159.988,-159.947,0.322839,7.31537,92.0269
-171.467,-250.169,10000,-2.11625,-11.4788,-159.987,-159.947,0.200769,7.31576,92.0269
-171.467,-250.169,10000,-2.03645,-11.4798,-159.986,-159.946,0.139733,7.31605,92.0324
-171.467,-250.17,10000,-1.99258,-11.4811,-159.985,-159.946,-0.104407,7.31584,92.0269
-171.467,-250.17,10000,-1.98967,-11.4823,-159.984,-159.947,-0.348548,7.31515,92.0269
-171.467,-250.17,10000,-2.02233,-11.4833,-159.983,-159.947,-0.592689,7.31395,92.0324
-171.467,-250.17,10000,-2.07605,-11.4842,-159.982,-159.948,0.139733,7.31423,92.0269
-171.467,-250.17,10000,-2.15346,-11.4848,-159.982,-159.948,0.322839,7.31488,92.0324
-171.467,-250.169,10000,-2.19219,-11.4851,-159.981,-159.946,0.261804,7.3154,92.0214
-171.467,-250.169,10000,-2.30958,-11.4855,-159.982,-159.949,0.0786982,7.31556,92.0324
-171.467,-250.168,10000,-2.42269,-11.4854,-159.982,-159.95,-0.0433721,7.31547,92.0214
-171.467,-250.168,10000,-2.59144,-11.485,-159.983,-159.953,-0.165442,7.31514,92.0269
-171.467,-250.167,10000,-2.69296,-11.484,-159.984,-159.951,0.0176631,7.31518,92.0324
-171.467,-250.166,10000,-2.77356,-11.4831,-159.985,-159.951,-0.409583,7.31436,92.0214
-171.467,-250.166,10000,-2.89555,-11.4821,-159.986,-159.954,0.200769,7.31476,92.0324
-171.467,-250.165,10000,-2.9804,-11.4806,-159.988,-159.954,0.139733,7.31503,92.0324
-171.467,-250.165,10000,-3.02877,-11.4792,-159.989,-159.953,0.322839,7.31567,92.0324
-171.467,-250.164,10000,-3.04276,-11.4777,-159.991,-159.953,0.0786982,7.31583,92.0269
-171.467,-250.164,10000,-3.08274,-11.4764,-159.992,-159.956,-0.592689,7.31465,92.0269
-171.467,-250.164,10000,-3.09134,-11.4749,-159.993,-159.956,0.0176631,7.31469,92.0269
-171.467,-250.164,10000,-3.12063,-11.4736,-159.995,-159.958,-0.226478,7.31423,92.0104
-171.467,-250.164,10000,-3.23498,-11.472,-159.997,-159.964,0.0786982,7.31438,92.0324
-171.467,-250.163,10000,-3.23535,-11.4699,-159.999,-159.961,0.383874,7.31514,92.0324
-171.467,-250.163,10000,-3.13889,-11.4682,-160,-159.958,0.0786982,7.31531,92.0269
-171.467,-250.164,10000,-3.02161,-11.4672,-160.001,-159.958,-0.165442,7.31498,92.0269
-171.467,-250.164,10000,-2.89076,-11.4665,-160.001,-159.958,-0.592689,7.31379,92.0214
-171.467,-250.165,10000,-2.76194,-11.4661,-160.001,-159.958,0.0786982,7.31394,92.0269
-171.467,-250.166,10000,-2.58401,-11.466,-160,-159.955,0.505944,7.31496,92.0269
-171.467,-250.167,10000,-2.3742,-11.4665,-159.999,-159.953,0.200769,7.31536,92.0324
-171.467,-250.168,10000,-2.14063,-11.4676,-159.998,-159.951,0.139733,7.31564,92.0324
-171.467,-250.169,10000,-1.94782,-11.4693,-159.996,-159.951,-0.165442,7.31531,92.0324
-171.467,-250.17,10000,-1.8,-11.4712,-159.994,-159.951,-0.409583,7.3145,92.0269
-171.467,-250.171,10000,-1.70637,-11.4733,-159.992,-159.951,-0.165442,7.31417,92.0324
-171.467,-250.171,10000,-1.60855,-11.4753,-159.989,-159.949,0.139733,7.31445,92.0214
-171.467,-250.172,10000,-1.62723,-11.4776,-159.988,-159.952,0.383874,7.31522,92.0269
-171.467,-250.172,10000,-1.68731,-11.4793,-159.986,-159.952,0.383874,7.31599,92.0324
-171.467,-250.172,10000,-1.72503,-11.4808,-159.985,-159.95,-0.0433721,7.31589,92.0269
-171.467,-250.171,10000,-1.84892,-11.4822,-159.984,-159.953,0.0786982,7.31606,92.0324
-171.467,-250.171,10000,-1.98398,-11.483,-159.984,-159.952,-0.348548,7.31536,92.0269
-171.467,-250.17,10000,-2.13126,-11.4835,-159.983,-159.953,-0.348548,7.31466,92.0324
-171.467,-250.169,10000,-2.22607,-11.4836,-159.983,-159.95,-0.226478,7.3142,92.0214
-171.467,-250.169,10000,-2.38568,-11.4837,-159.984,-159.953,0.0176631,7.31424,92.0214
-171.467,-250.168,10000,-2.54322,-11.4832,-159.985,-159.954,-0.0433721,7.31416,92.0214
-171.467,-250.167,10000,-2.69115,-11.4823,-159.986,-159.955,0.0786982,7.31431,92.0214
-171.467,-250.166,10000,-2.82298,-11.4812,-159.987,-159.955,0.0176631,7.31434,92.0269
-171.467,-250.166,10000,-2.92596,-11.4799,-159.989,-159.955,0.0786982,7.31451,92.0269
-171.467,-250.165,10000,-2.9507,-11.4784,-159.99,-159.953,-0.348548,7.31382,92.0324
-171.467,-250.165,10000,-2.90011,-11.4773,-159.99,-159.95,0.0176631,7.31386,92.0269
-171.467,-250.165,10000,-2.84414,-11.4766,-159.991,-159.951,0.322839,7.3145,92.0269
-171.467,-250.165,10000,-2.78558,-11.476,-159.991,-159.951,0.261804,7.31502,92.0269
-171.467,-250.166,10000,-2.72675,-11.4756,-159.992,-159.952,0.383874,7.31579,92.0269
-171.467,-250.166,10000,-2.66958,-11.4753,-159.992,-159.952,-0.409583,7.31497,92.0214
-171.467,-250.166,10000,-2.6726,-11.4751,-159.992,-159.955,-0.165442,7.31464,92.0214
-171.467,-250.166,10000,-2.67596,-11.4746,-159.993,-159.955,0.0786982,7.31479,92.0324
-171.467,-250.166,10000,-2.61494,-11.4741,-159.993,-159.953,0.139733,7.31507,92.0214
-171.467,-250.167,10000,-2.6156,-11.4741,-159.993,-159.956,0.0786982,7.31524,92.0269
-171.467,-250.167,10000,-2.61037,-11.4737,-159.994,-159.956,0.322839,7.31588,92.0269
-171.467,-250.167,10000,-2.55194,-11.4735,-159.993,-159.954,0.0786982,7.31603,92.0324
-171.467,-250.167,10000,-2.4444,-11.4735,-159.993,-159.951,-0.0433721,7.31594,92.0214
-171.467,-250.167,10000,-2.41386,-11.474,-159.993,-159.954,-0.592689,7.31476,92.0269
-171.467,-250.168,10000,-2.39215,-11.4743,-159.992,-159.954,-0.470618,7.31382,92.0269
-171.467,-250.168,10000,-2.37917,-11.4745,-159.992,-159.954,0.139733,7.31409,92.0214
-171.467,-250.168,10000,-2.43055,-11.4748,-159.992,-159.957,0.322839,7.31474,92.0324
-171.467,-250.168,10000,-2.42028,-11.4746,-159.992,-159.954,0.261804,7.31527,92.0269
-171.467,-250.168,10000,-2.41589,-11.4748,-159.992,-159.955,-0.348548,7.31457,92.0269
-171.467,-250.168,10000,-2.4649,-11.4749,-159.992,-159.957,-0.287513,7.31399,92.0269
-171.467,-250.167,10000,-2.50729,-11.4747,-159.993,-159.957,0.0176631,7.31404,92.0269
-171.467,-250.167,10000,-2.54232,-11.4744,-159.993,-159.957,0.261804,7.31457,92.0324
-171.467,-250.167,10000,-2.51298,-11.4741,-159.993,-159.954,-0.470618,7.31362,92.0214
-171.467,-250.167,10000,-2.49587,-11.4741,-159.993,-159.955,0.383874,7.31439,92.0214
-171.467,-250.167,10000,-2.53783,-11.4741,-159.993,-159.958,0.750085,7.3159,92.0269
-171.467,-250.167,10000,-2.56984,-11.4738,-159.994,-159.958,-0.0433721,7.31581,92.0324
-171.467,-250.167,10000,-2.53596,-11.4734,-159.994,-159.955,-0.165442,7.31547,92.0324
-171.467,-250.167,10000,-2.4967,-11.4734,-159.993,-159.954,-0.104407,7.31526,92.0269
-171.467,-250.167,10000,-2.46345,-11.4735,-159.993,-159.955,0.0176631,7.3153,92.0269
-171.467,-250.167,10000,-2.48457,-11.4736,-159.993,-159.957,0.383874,7.31607,92.0269
-171.467,-250.167,10000,-2.50144,-11.4735,-159.994,-159.957,-0.0433721,7.31598,92.0269
-171.467,-250.167,10000,-2.51397,-11.4734,-159.994,-159.957,-0.287513,7.3154,92.0269
-171.467,-250.167,10000,-2.52182,-11.4732,-159.994,-159.957,-0.287513,7.31482,92.0269
-171.467,-250.167,10000,-2.52554,-11.473,-159.994,-159.957,-0.104407,7.31462,92.0269
-171.467,-250.167,10000,-2.57377,-11.4729,-159.995,-159.959,-0.104407,7.31442,92.0214
-171.467,-250.167,10000,-2.66394,-11.4725,-159.995,-159.962,-0.104407,7.31421,92.0324
-171.467,-250.166,10000,-2.67144,-11.4716,-159.996,-159.959,0.139733,7.31449,92.0324
-171.467,-250.166,10000,-2.65747,-11.4712,-159.996,-159.958,0.200769,7.31488,92.0324
-171.467,-250.166,10000,-2.57779,-11.4708,-159.996,-159.955,0.322839,7.31553,92.0214
-171.467,-250.167,10000,-2.51156,-11.4709,-159.996,-159.956,-0.287513,7.31496,92.0269
-171.467,-250.167,10000,-2.40344,-11.4711,-159.995,-159.953,-0.287513,7.31439,92.0214
-171.467,-250.168,10000,-2.37054,-11.4717,-159.995,-159.956,-0.0433721,7.3143,92.0269
-171.467,-250.168,10000,-2.3456,-11.472,-159.995,-159.956,-0.165442,7.31397,92.0214
-171.467,-250.168,10000,-2.38512,-11.4724,-159.995,-159.959,-0.287513,7.31339,92.0214
-171.467,-250.168,10000,-2.47621,-11.4724,-159.995,-159.962,-0.104407,7.31317,92.0324
-171.467,-250.167,10000,-2.54089,-11.472,-159.995,-159.961,-0.0433721,7.31308,92.0269
-171.467,-250.167,10000,-2.58836,-11.4715,-159.996,-159.961,0.0176631,7.31312,92.0324
-171.467,-250.167,10000,-2.61097,-11.4711,-159.996,-159.96,0.139733,7.31341,92.0324
-171.467,-250.167,10000,-2.61175,-11.4706,-159.997,-159.959,-0.409583,7.31259,92.0269
-171.467,-250.167,10000,-2.60213,-11.4703,-159.997,-159.959,-0.165442,7.31226,92.0269
-171.467,-250.167,10000,-2.63177,-11.4701,-159.997,-159.961,-0.104407,7.31205,92.0214
-171.467,-250.166,10000,-2.65158,-11.4696,-159.998,-159.961,0.139733,7.31231,92.0324
-171.467,-250.166,10000,-2.64579,-11.4691,-159.998,-159.961,0.0176631,7.31234,92.0379
-171.467,-250.166,10000,-2.56263,-11.4687,-159.998,-159.957,-0.165442,7.31202,92.0269
-171.467,-250.167,10000,-2.48281,-11.4689,-159.998,-159.957,-0.104407,7.31182,92.0214
-171.467,-250.167,10000,-2.46634,-11.4692,-159.998,-159.96,-0.409583,7.311,92.0269
-171.467,-250.167,10000,-2.44665,-11.4692,-159.998,-159.96,-0.0433721,7.31091,92.0269
-171.467,-250.167,10000,-2.42528,-11.4693,-159.997,-159.959,0.383874,7.31168,92.0269
-171.467,-250.167,10000,-2.45222,-11.4695,-159.998,-159.961,0.872155,7.31342,92.0324
-171.467,-250.167,10000,-2.46118,-11.4694,-159.998,-159.961,0.0176631,7.31345,92.0269
-171.467,-250.167,10000,-2.51153,-11.4694,-159.998,-159.963,-0.653724,7.31214,92.0214
-171.467,-250.167,10000,-2.60108,-11.4691,-159.999,-159.965,-0.470618,7.3112,92.0269
-171.467,-250.167,10000,-2.66198,-11.4684,-159.999,-159.964,-0.470618,7.31026,92.0269
-171.467,-250.166,10000,-2.69554,-11.4677,-160,-159.964,0.0786982,7.31042,92.0324
-171.467,-250.166,10000,-2.64865,-11.4671,-160,-159.961,0.139733,7.31069,92.0324
-171.467,-250.166,10000,-2.58464,-11.4669,-160,-159.96,0.628015,7.31195,92.0214
-171.467,-250.167,10000,-2.52523,-11.4669,-160,-159.96,0.383874,7.31272,92.0214
-171.467,-250.167,10000,-2.52079,-11.467,-160,-159.963,-0.165442,7.31239,92.0214
-171.467,-250.167,10000,-2.51339,-11.4669,-160,-159.962,-0.470618,7.31145,92.0324
-171.467,-250.167,10000,-2.48796,-11.4668,-160,-159.962,0.0176631,7.31149,92.0324
-171.467,-250.167,10000,-2.44843,-11.4669,-160,-159.961,-0.470618,7.31054,92.0269
-171.467,-250.167,10000,-2.40771,-11.4671,-160,-159.961,0.322839,7.31118,92.0269
-171.467,-250.168,10000,-2.36797,-11.4674,-159.999,-159.96,0.68905,7.31256,92.0379
-171.467,-250.168,10000,-2.26747,-11.4678,-159.998,-159.957,-0.409583,7.31174,92.0269
-171.467,-250.168,10000,-2.18613,-11.4686,-159.997,-159.957,-0.653724,7.31043,92.0214
-171.467,-250.169,10000,-2.22992,-11.4696,-159.997,-159.962,-0.165442,7.3101,92.0269
-171.467,-250.168,10000,-2.2709,-11.4699,-159.997,-159.962,-0.165442,7.30977,92.0214
-171.467,-250.168,10000,-2.3648,-11.4701,-159.997,-159.964,-0.104407,7.30956,92.0324
-171.467,-250.168,10000,-2.38586,-11.4699,-159.997,-159.961,0.505944,7.31058,92.0269
-171.467,-250.168,10000,-2.40187,-11.47,-159.997,-159.96,0.383874,7.31134,92.0269
-171.467,-250.168,10000,-2.41329,-11.4701,-159.997,-159.96,0.0176631,7.31136,92.0269
-171.467,-250.168,10000,-2.4201,-11.4701,-159.997,-159.96,-0.104407,7.31116,92.0214
-171.467,-250.168,10000,-2.38309,-11.4702,-159.996,-159.958,-0.287513,7.31058,92.0269
-171.467,-250.168,10000,-2.40029,-11.4705,-159.996,-159.96,-0.470618,7.30964,92.0214
-171.467,-250.168,10000,-2.46945,-11.4706,-159.997,-159.962,-0.0433721,7.30955,92.0269
-171.467,-250.167,10000,-2.52216,-11.4703,-159.997,-159.962,0.750085,7.31106,92.0269
-171.467,-250.167,10000,-2.55816,-11.47,-159.997,-159.962,0.750085,7.31256,92.0269
-171.467,-250.167,10000,-2.57845,-11.4696,-159.998,-159.961,0.139733,7.31283,92.0269
-171.467,-250.167,10000,-2.58474,-11.4693,-159.998,-159.961,-0.592689,7.31164,92.0269
-171.467,-250.167,10000,-2.57825,-11.469,-159.998,-159.961,-0.531653,7.31057,92.0324
-171.467,-250.167,10000,-2.55366,-11.4688,-159.998,-159.96,0.139733,7.31085,92.0269
-171.467,-250.167,10000,-2.52291,-11.4687,-159.998,-159.96,0.261804,7.31137,92.0269
-171.467,-250.167,10000,-2.48812,-11.4687,-159.998,-159.959,0.505944,7.31238,92.0269
-171.467,-250.167,10000,-2.45187,-11.4688,-159.998,-159.959,0.322839,7.31303,92.0269
-171.467,-250.167,10000,-2.41596,-11.469,-159.998,-159.959,-0.165442,7.3127,92.0324
-171.467,-250.168,10000,-2.32657,-11.4692,-159.997,-159.956,-0.348548,7.312,92.0269
-171.467,-250.168,10000,-2.25375,-11.4699,-159.996,-159.956,-0.531653,7.31093,92.0324
-171.467,-250.168,10000,-2.19073,-11.4707,-159.995,-159.956,-0.287513,7.31036,92.0269
-171.467,-250.169,10000,-2.1479,-11.4715,-159.995,-159.956,-0.165442,7.31004,92.0324
-171.467,-250.169,10000,-2.06881,-11.4724,-159.993,-159.953,-0.0433721,7.30995,92.0269
-171.467,-250.169,10000,-2.02082,-11.4736,-159.992,-159.953,0.139733,7.31023,92.0214
-171.467,-250.17,10000,-2.05839,-11.4747,-159.992,-159.956,0.383874,7.311,92.0324
-171.467,-250.169,10000,-2.05401,-11.4754,-159.991,-159.954,-0.104407,7.31079,92.0214
-171.467,-250.17,10000,-2.1769,-11.4763,-159.991,-159.959,-0.0433721,7.3107,92.0269
-171.467,-250.169,10000,-2.24716,-11.4764,-159.99,-159.956,-0.0433721,7.31061,92.0214
-171.467,-250.169,10000,-2.3755,-11.4766,-159.991,-159.959,0.200769,7.31102,92.0214
-171.467,-250.168,10000,-2.54557,-11.4762,-159.992,-159.962,0.0176631,7.31106,92.0324
-171.467,-250.167,10000,-2.62927,-11.4753,-159.992,-159.958,0.56698,7.31218,92.0214
-171.467,-250.166,10000,-2.70119,-11.4746,-159.993,-159.959,0.0786982,7.31234,92.0214
-171.467,-250.166,10000,-2.80752,-11.4738,-159.994,-159.961,-0.714759,7.31091,92.0269
-171.467,-250.165,10000,-2.87944,-11.4726,-159.996,-159.961,-0.409583,7.31009,92.0214
-171.467,-250.165,10000,-2.97458,-11.4714,-159.997,-159.963,-0.0433721,7.31,92.0269
-171.467,-250.165,10000,-3.02638,-11.4699,-159.998,-159.963,0.139733,7.31028,92.0269
-171.467,-250.164,10000,-3.03813,-11.4685,-160,-159.962,0.322839,7.31093,92.0214
-171.467,-250.164,10000,-3.0705,-11.4672,-160.001,-159.965,0.0786982,7.31109,92.0324
-171.467,-250.164,10000,-3.05234,-11.4658,-160.002,-159.964,-0.226478,7.31064,92.0269
-171.467,-250.164,10000,-2.99951,-11.4646,-160.003,-159.963,0.0786982,7.3108,92.0324
-171.467,-250.164,10000,-2.91075,-11.4636,-160.004,-159.962,0.139733,7.31108,92.0269
-171.467,-250.165,10000,-2.80346,-11.4631,-160.004,-159.962,0.322839,7.31172,92.0214
-171.467,-250.165,10000,-2.74133,-11.4628,-160.005,-159.964,0.505944,7.31274,92.0214
-171.467,-250.166,10000,-2.71871,-11.4625,-160.005,-159.966,0.505944,7.31375,92.0269
-171.467,-250.166,10000,-2.67259,-11.462,-160.005,-159.966,-0.165442,7.31341,92.0324
-171.467,-250.166,10000,-2.55265,-11.4617,-160.005,-159.962,-0.592689,7.31223,92.0269
-171.467,-250.167,10000,-2.4818,-11.4621,-160.005,-159.964,-0.165442,7.3119,92.0269
-171.467,-250.167,10000,-2.35861,-11.4623,-160.004,-159.961,-0.0433721,7.31182,92.0269
-171.467,-250.168,10000,-2.24645,-11.4631,-160.003,-159.961,0.200769,7.31223,92.0324
-171.467,-250.168,10000,-2.09389,-11.464,-160.002,-159.958,0.383874,7.31299,92.0324
-171.467,-250.169,10000,-1.96454,-11.4655,-160,-159.958,0.68905,7.31436,92.0269
-171.467,-250.17,10000,-1.91831,-11.4671,-159.999,-159.96,0.139733,7.31464,92.0214
-171.467,-250.17,10000,-1.95288,-11.4684,-159.998,-159.962,-0.348548,7.31394,92.0269
-171.467,-250.17,10000,-1.99778,-11.4694,-159.997,-159.962,-0.653724,7.31263,92.0269
-171.467,-250.17,10000,-2.05052,-11.4702,-159.996,-159.961,-0.348548,7.31192,92.0269
-171.467,-250.169,10000,-2.10862,-11.4709,-159.996,-159.961,-0.409583,7.3111,92.0269
-171.467,-250.169,10000,-2.16895,-11.4714,-159.995,-159.961,0.872155,7.31284,92.0324
-171.467,-250.169,10000,-2.17346,-11.4718,-159.995,-159.958,0.628015,7.31411,92.0214
-171.467,-250.169,10000,-2.1964,-11.4724,-159.994,-159.958,-0.226478,7.31365,92.0269
-171.467,-250.169,10000,-2.22619,-11.4729,-159.994,-159.958,-0.165442,7.31332,92.0324
-171.467,-250.169,10000,-2.25291,-11.4733,-159.993,-159.957,-0.348548,7.31263,92.0269
-171.467,-250.168,10000,-2.28467,-11.4736,-159.993,-159.957,-0.165442,7.3123,92.0269
-171.467,-250.168,10000,-2.31934,-11.4739,-159.993,-159.957,-0.0433721,7.31221,92.0324
-171.467,-250.168,10000,-2.34732,-11.474,-159.993,-159.957,0.261804,7.31273,92.0214
-171.467,-250.168,10000,-2.43268,-11.4742,-159.993,-159.96,0.505944,7.31374,92.0324
-171.467,-250.168,10000,-2.4496,-11.4739,-159.993,-159.957,0.0786982,7.3139,92.0214
-171.467,-250.167,10000,-2.52132,-11.4738,-159.994,-159.959,-0.836829,7.31222,92.0324
-171.467,-250.167,10000,-2.52224,-11.4734,-159.994,-159.956,-0.775794,7.31066,92.0214
-171.467,-250.167,10000,-2.57677,-11.4733,-159.994,-159.959,-0.104407,7.31045,92.0214
-171.467,-250.167,10000,-2.67253,-11.4728,-159.995,-159.962,0.0176631,7.31048,92.0324
-171.467,-250.166,10000,-2.68463,-11.4719,-159.996,-159.959,0.139733,7.31076,92.0324
-171.467,-250.166,10000,-2.67478,-11.4714,-159.996,-159.958,0.444909,7.31165,92.0214
-171.467,-250.166,10000,-2.71058,-11.471,-159.997,-159.961,0.139733,7.31192,92.0324
-171.467,-250.166,10000,-2.71738,-11.4703,-159.997,-159.96,-0.104407,7.31171,92.0214
-171.467,-250.166,10000,-2.71501,-11.4698,-159.998,-159.96,-0.287513,7.31115,92.0214
-171.467,-250.166,10000,-2.75249,-11.4692,-159.999,-159.963,0.0786982,7.31131,92.0269
-171.467,-250.166,10000,-2.7158,-11.4684,-159.999,-159.96,0.383874,7.31208,92.0269
-171.467,-250.166,10000,-2.66737,-11.4681,-159.999,-159.96,0.322839,7.31273,92.0214
-171.467,-250.166,10000,-2.66684,-11.4678,-160,-159.962,0.0176631,7.31276,92.0324
-171.467,-250.166,10000,-2.64113,-11.4674,-160,-159.961,-0.104407,7.31255,92.0269
-171.467,-250.166,10000,-2.60311,-11.4671,-160,-159.961,-0.226478,7.3121,92.0269
-171.467,-250.167,10000,-2.50877,-11.467,-160,-159.958,-0.531653,7.31103,92.0324
-171.467,-250.167,10000,-2.36396,-11.4673,-159.999,-159.955,-0.470618,7.31009,92.0324
-171.467,-250.168,10000,-2.28136,-11.4681,-159.998,-159.957,0.0176631,7.31012,92.0324
-171.467,-250.168,10000,-2.20695,-11.4689,-159.997,-159.957,0.56698,7.31126,92.0269
-171.467,-250.169,10000,-2.19948,-11.4697,-159.997,-159.959,0.505944,7.31228,92.0324
-171.467,-250.169,10000,-2.14443,-11.4703,-159.996,-159.956,0.200769,7.31268,92.0214
-171.467,-250.169,10000,-2.1664,-11.4713,-159.995,-159.959,-0.409583,7.31185,92.0214
-171.467,-250.169,10000,-2.20324,-11.4718,-159.995,-159.959,-0.226478,7.3114,92.0214
-171.467,-250.169,10000,-2.25122,-11.4722,-159.994,-159.959,0.0786982,7.31155,92.0214
-171.467,-250.168,10000,-2.25858,-11.4725,-159.994,-159.957,0.200769,7.31195,92.0324
-171.467,-250.168,10000,-2.21693,-11.4729,-159.993,-159.954,0.383874,7.31272,92.0269
-171.467,-250.169,10000,-2.14552,-11.4736,-159.992,-159.952,0.444909,7.3136,92.0324
-171.467,-250.169,10000,-2.04617,-11.4746,-159.991,-159.95,-0.409583,7.31279,92.0269
-171.467,-250.17,10000,-1.98607,-11.4759,-159.99,-159.95,-0.287513,7.31222,92.0269
-171.467,-250.17,10000,-1.96247,-11.4772,-159.989,-159.951,-0.592689,7.31103,92.0214
-171.467,-250.17,10000,-2.02814,-11.4784,-159.988,-159.954,-0.409583,7.31021,92.0324
-171.467,-250.17,10000,-2.10135,-11.4791,-159.987,-159.954,0.139733,7.3105,92.0324
-171.467,-250.169,10000,-2.13067,-11.4795,-159.987,-159.951,0.628015,7.31175,92.0324
-171.467,-250.169,10000,-2.17137,-11.4801,-159.986,-159.951,0.322839,7.3124,92.0214
-171.467,-250.169,10000,-2.28476,-11.4806,-159.986,-159.954,0.0786982,7.31256,92.0324
-171.467,-250.168,10000,-2.34048,-11.4805,-159.986,-159.952,-0.470618,7.31162,92.0324
-171.467,-250.168,10000,-2.34596,-11.4805,-159.986,-159.949,-0.409583,7.3108,92.0324
-171.467,-250.168,10000,-2.35836,-11.4808,-159.986,-159.949,-0.0433721,7.3107,92.0324
-171.467,-250.168,10000,-2.3764,-11.4809,-159.986,-159.949,0.322839,7.31134,92.0269
-171.467,-250.168,10000,-2.4066,-11.4811,-159.986,-159.95,0.322839,7.312,92.0214
-171.467,-250.168,10000,-2.50152,-11.4811,-159.986,-159.953,0.0786982,7.31215,92.0214
-171.467,-250.167,10000,-2.59687,-11.4806,-159.987,-159.954,-0.348548,7.31146,92.0324
-171.467,-250.167,10000,-2.67159,-11.4799,-159.988,-159.954,-0.958899,7.30954,92.0269
-171.467,-250.166,10000,-2.73304,-11.4791,-159.989,-159.954,-0.348548,7.30883,92.0324
-171.467,-250.166,10000,-2.77151,-11.4783,-159.989,-159.954,0.0176631,7.30886,92.0269
-171.467,-250.166,10000,-2.79647,-11.4775,-159.99,-159.954,0.505944,7.30987,92.0269
-171.467,-250.166,10000,-2.80752,-11.4767,-159.991,-159.954,0.56698,7.31101,92.0324
-171.467,-250.166,10000,-2.84626,-11.4759,-159.992,-159.956,0.261804,7.31154,92.0324
-171.467,-250.165,10000,-2.85635,-11.4749,-159.993,-159.956,-0.104407,7.31133,92.0214
-171.467,-250.165,10000,-2.90514,-11.474,-159.994,-159.958,-0.348548,7.31063,92.0269
-171.467,-250.165,10000,-2.9257,-11.4729,-159.995,-159.958,-0.104407,7.31042,92.0269
-171.467,-250.165,10000,-2.92068,-11.4718,-159.996,-159.958,0.0786982,7.31057,92.0214
-171.467,-250.165,10000,-2.90141,-11.4708,-159.997,-159.958,0.444909,7.31146,92.0324
-171.467,-250.165,10000,-2.85397,-11.47,-159.998,-159.958,0.261804,7.31199,92.0269
-171.467,-250.165,10000,-2.79219,-11.4693,-159.998,-159.958,0.261804,7.31251,92.0324
-171.467,-250.166,10000,-2.71273,-11.4689,-159.998,-159.957,-0.104407,7.31229,92.0269
-171.467,-250.166,10000,-2.63013,-11.4687,-159.998,-159.957,-0.287513,7.31172,92.0324
-171.467,-250.166,10000,-2.58884,-11.4687,-159.998,-159.959,-0.226478,7.31127,92.0214
-171.467,-250.167,10000,-2.5502,-11.4686,-159.998,-159.959,0.139733,7.31155,92.0324
-171.467,-250.167,10000,-2.49961,-11.4686,-159.998,-159.959,0.56698,7.31268,92.0324
-171.467,-250.167,10000,-2.34564,-11.4687,-159.997,-159.954,0.383874,7.31345,92.0269
-171.467,-250.168,10000,-2.26655,-11.4696,-159.997,-159.956,-0.104407,7.31324,92.0269
-171.467,-250.168,10000,-2.20542,-11.4704,-159.996,-159.956,-0.531653,7.31217,92.0214
-171.467,-250.169,10000,-2.17086,-11.4712,-159.995,-159.956,-1.20304,7.30976,92.0269
-171.467,-250.169,10000,-2.15284,-11.472,-159.994,-159.956,-0.226478,7.3093,92.0214
-171.467,-250.169,10000,-2.20689,-11.4727,-159.994,-159.959,0.444909,7.31019,92.0324
-171.467,-250.169,10000,-2.25424,-11.4731,-159.994,-159.959,0.628015,7.31145,92.0324
-171.467,-250.168,10000,-2.29432,-11.4733,-159.993,-159.958,0.56698,7.31258,92.0324
-171.467,-250.168,10000,-2.32711,-11.4735,-159.993,-159.958,-0.165442,7.31224,92.0214
-171.467,-250.168,10000,-2.41709,-11.4737,-159.994,-159.96,-0.470618,7.3113,92.0269
-171.467,-250.168,10000,-2.44549,-11.4734,-159.994,-159.958,-0.470618,7.31036,92.0324
-171.467,-250.167,10000,-2.41369,-11.4733,-159.993,-159.955,-0.348548,7.30965,92.0324
-171.467,-250.168,10000,-2.38211,-11.4735,-159.993,-159.955,0.0176631,7.30968,92.0324
-171.467,-250.168,10000,-2.35248,-11.4739,-159.993,-159.954,0.139733,7.30996,92.0324
-171.467,-250.168,10000,-2.32608,-11.4742,-159.992,-159.954,0.444909,7.31086,92.0269
-171.467,-250.168,10000,-2.31207,-11.4746,-159.992,-159.954,0.505944,7.31187,92.0324
-171.467,-250.168,10000,-2.30209,-11.475,-159.992,-159.954,-0.165442,7.31154,92.0214
-171.467,-250.168,10000,-2.31183,-11.4754,-159.991,-159.955,-0.348548,7.31086,92.0269
-171.467,-250.168,10000,-2.32975,-11.4757,-159.991,-159.955,-0.104407,7.31065,92.0269
-171.467,-250.168,10000,-2.35423,-11.4759,-159.991,-159.955,0.200769,7.31104,92.0269
-171.467,-250.168,10000,-2.38318,-11.4761,-159.991,-159.955,0.0786982,7.3112,92.0324
-171.467,-250.168,10000,-2.40703,-11.4761,-159.991,-159.955,0.139733,7.31148,92.0324
-171.467,-250.168,10000,-2.37728,-11.4762,-159.991,-159.952,-0.104407,7.31128,92.0324
-171.467,-250.168,10000,-2.35297,-11.4765,-159.99,-159.952,-0.165442,7.31095,92.0269
-171.467,-250.168,10000,-2.39102,-11.4768,-159.99,-159.955,-0.287513,7.31037,92.0269
-171.467,-250.168,10000,-2.47912,-11.4768,-159.991,-159.957,0.200769,7.31077,92.0269
-171.467,-250.167,10000,-2.55587,-11.4764,-159.991,-159.957,0.200769,7.31116,92.0214
-171.467,-250.167,10000,-2.67561,-11.4759,-159.992,-159.96,0.261804,7.31169,92.0324
-171.467,-250.166,10000,-2.75951,-11.4749,-159.993,-159.959,-0.104407,7.31148,92.0269
-171.467,-250.166,10000,-2.81692,-11.4739,-159.994,-159.959,-0.104407,7.31128,92.0324
-171.467,-250.165,10000,-2.84077,-11.4729,-159.995,-159.958,-0.226478,7.31083,92.0324
-171.467,-250.165,10000,-2.78626,-11.472,-159.995,-159.955,-0.653724,7.30952,92.0269
-171.467,-250.166,10000,-2.77306,-11.4715,-159.996,-159.958,-0.165442,7.30919,92.0269
-171.467,-250.166,10000,-2.74534,-11.4709,-159.997,-159.958,0.628015,7.31043,92.0324
-171.467,-250.166,10000,-2.65002,-11.4704,-159.997,-159.955,1.1163,7.31267,92.0324
-171.467,-250.166,10000,-2.55142,-11.4704,-159.996,-159.955,0.200769,7.31307,92.0214
-171.467,-250.167,10000,-2.51865,-11.4707,-159.996,-159.958,-0.714759,7.31164,92.0324
-171.467,-250.167,10000,-2.47735,-11.4707,-159.996,-159.957,-0.836829,7.30997,92.0214
-171.467,-250.167,10000,-2.49534,-11.4709,-159.996,-159.96,-0.409583,7.30915,92.0324
-171.467,-250.167,10000,-2.44901,-11.4707,-159.996,-159.957,-0.287513,7.30858,92.0269
-171.467,-250.167,10000,-2.40794,-11.4709,-159.996,-159.957,0.68905,7.30995,92.0214
-171.467,-250.168,10000,-2.42985,-11.4712,-159.996,-159.959,0.81112,7.31159,92.0324
-171.467,-250.167,10000,-2.43866,-11.4712,-159.996,-159.959,-0.104407,7.31139,92.0214
-171.467,-250.167,10000,-2.50034,-11.4712,-159.996,-159.961,-0.531653,7.31032,92.0214
-171.467,-250.167,10000,-2.60225,-11.4709,-159.997,-159.964,-0.470618,7.30938,92.0269
-171.467,-250.167,10000,-2.67587,-11.4702,-159.998,-159.963,-0.0433721,7.3093,92.0214
-171.467,-250.166,10000,-2.7783,-11.4694,-159.999,-159.966,0.261804,7.30982,92.0324
-171.467,-250.166,10000,-2.78614,-11.4683,-159.999,-159.962,0.322839,7.31046,92.0214
-171.467,-250.166,10000,-2.77834,-11.4675,-160,-159.962,0.505944,7.31148,92.0214
-171.467,-250.166,10000,-2.75717,-11.4669,-160.001,-159.962,-0.409583,7.31066,92.0324
-171.467,-250.166,10000,-2.66108,-11.4664,-160.001,-159.959,-0.653724,7.30936,92.0269
-171.467,-250.166,10000,-2.56337,-11.4663,-160,-159.959,-0.409583,7.30854,92.0214
-171.467,-250.167,10000,-2.47665,-11.4665,-160,-159.959,-0.348548,7.30785,92.0324
-171.467,-250.167,10000,-2.33911,-11.4669,-159.999,-159.956,0.0786982,7.308,92.0324
-171.467,-250.168,10000,-2.16676,-11.4678,-159.998,-159.953,0.383874,7.30877,92.0214
-171.467,-250.169,10000,-2.13576,-11.4691,-159.997,-159.959,0.0786982,7.30893,92.0324
-171.467,-250.169,10000,-2.06346,-11.47,-159.996,-159.956,-0.0433721,7.30885,92.0214
-171.467,-250.169,10000,-2.0741,-11.4711,-159.995,-159.959,-0.531653,7.30778,92.0269
-171.467,-250.169,10000,-2.14597,-11.4719,-159.995,-159.961,-0.714759,7.30635,92.0214
-171.467,-250.169,10000,-2.32214,-11.4723,-159.995,-159.966,0.0176631,7.30639,92.0214
-171.467,-250.168,10000,-2.52773,-11.4719,-159.996,-159.968,0.200769,7.30678,92.0269
-171.467,-250.167,10000,-2.69123,-11.4709,-159.997,-159.967,0.505944,7.3078,92.0269
-171.467,-250.166,10000,-2.76295,-11.4697,-159.998,-159.964,0.322839,7.30844,92.0214
-171.467,-250.166,10000,-2.85866,-11.4687,-160,-159.966,0.0176631,7.30848,92.0324
-171.467,-250.165,10000,-2.85642,-11.4675,-160,-159.963,-0.348548,7.30779,92.0269
-171.467,-250.165,10000,-2.7801,-11.4666,-160.001,-159.96,-0.470618,7.30684,92.0324
-171.467,-250.166,10000,-2.63711,-11.4663,-160,-159.957,0.0176631,7.30688,92.0214
-171.467,-250.166,10000,-2.55765,-11.4665,-160,-159.96,0.444909,7.30776,92.0324
-171.467,-250.167,10000,-2.42255,-11.4666,-160,-159.957,0.505944,7.30877,92.0324
-171.467,-250.167,10000,-2.29633,-11.4673,-159.999,-159.956,-0.104407,7.30855,92.0269
-171.467,-250.168,10000,-2.19206,-11.4682,-159.998,-159.956,0.0786982,7.30871,92.0269
-171.467,-250.169,10000,-2.16014,-11.4692,-159.997,-159.959,-0.165442,7.30839,92.0214
-171.467,-250.169,10000,-2.1984,-11.47,-159.997,-159.961,-0.470618,7.30745,92.0269
-171.467,-250.169,10000,-2.2372,-11.4704,-159.996,-159.961,-0.287513,7.30686,92.0324
-171.467,-250.168,10000,-2.21941,-11.4708,-159.996,-159.958,0.68905,7.30824,92.0269
-171.467,-250.169,10000,-2.21236,-11.4714,-159.995,-159.958,0.68905,7.30962,92.0324
-171.467,-250.169,10000,-2.15942,-11.4719,-159.994,-159.955,0.444909,7.31051,92.0324
-171.467,-250.169,10000,-2.02391,-11.4728,-159.993,-159.95,-0.348548,7.30981,92.0324
-171.467,-250.17,10000,-1.92462,-11.4744,-159.991,-159.95,-0.653724,7.30851,92.0214
-171.467,-250.17,10000,-1.87754,-11.4759,-159.99,-159.951,-0.287513,7.30792,92.0214
-171.467,-250.17,10000,-1.87764,-11.4774,-159.988,-159.952,0.0176631,7.30795,92.0214
-171.467,-250.17,10000,-1.9674,-11.4787,-159.988,-159.955,0.56698,7.30909,92.0269
-171.467,-250.17,10000,-2.02355,-11.4794,-159.987,-159.952,0.81112,7.31072,92.0324
-171.467,-250.17,10000,-2.09068,-11.4801,-159.986,-159.952,0.322839,7.31136,92.0269
-171.467,-250.169,10000,-2.17283,-11.4806,-159.986,-159.953,-0.470618,7.31041,92.0324
-171.467,-250.169,10000,-2.20856,-11.4809,-159.986,-159.95,-0.958899,7.30849,92.0324
-171.467,-250.169,10000,-2.25288,-11.4813,-159.985,-159.95,-0.470618,7.30755,92.0324
-171.467,-250.169,10000,-2.25465,-11.4816,-159.985,-159.948,0.322839,7.3082,92.0379
-171.467,-250.169,10000,-2.214,-11.482,-159.984,-159.945,0.628015,7.30946,92.0269
-171.467,-250.169,10000,-2.25351,-11.4827,-159.984,-159.949,0.444909,7.31034,92.0269
-171.467,-250.169,10000,-2.30924,-11.483,-159.984,-159.949,0.139733,7.31062,92.0324
-171.467,-250.168,10000,-2.32022,-11.4831,-159.984,-159.947,0.383874,7.31139,92.0269
-171.467,-250.168,10000,-2.35024,-11.4834,-159.983,-159.948,-0.470618,7.31045,92.0214
-171.467,-250.168,10000,-2.45104,-11.4835,-159.984,-159.951,-0.653724,7.30914,92.0324
-171.467,-250.168,10000,-2.49313,-11.4831,-159.984,-159.949,0.383874,7.3099,92.0269
-171.467,-250.167,10000,-2.58883,-11.4829,-159.985,-159.951,0.68905,7.31128,92.0324
-171.467,-250.167,10000,-2.61959,-11.4822,-159.985,-159.949,0.68905,7.31266,92.0214
-171.467,-250.167,10000,-2.7069,-11.4818,-159.986,-159.952,0.139733,7.31294,92.0324
-171.467,-250.166,10000,-2.72349,-11.4809,-159.987,-159.95,-0.531653,7.31188,92.0269
-171.467,-250.166,10000,-2.688,-11.4803,-159.987,-159.948,-0.775794,7.31033,92.0214
-171.467,-250.166,10000,-2.66663,-11.4799,-159.987,-159.949,-0.531653,7.30926,92.0269
-171.467,-250.166,10000,-2.6976,-11.4796,-159.988,-159.952,0.139733,7.30953,92.0214
-171.467,-250.166,10000,-2.77771,-11.479,-159.989,-159.955,1.17733,7.31189,92.0214
-171.467,-250.166,10000,-2.89306,-11.4779,-159.99,-159.958,0.444909,7.31279,92.0269
-171.467,-250.165,10000,-2.97506,-11.4765,-159.992,-159.958,-0.287513,7.31221,92.0269
-171.467,-250.165,10000,-3.07174,-11.4751,-159.994,-159.96,-0.226478,7.31175,92.0269
-171.467,-250.164,10000,-3.12558,-11.4734,-159.995,-159.96,-0.531653,7.31068,92.0214
-171.467,-250.164,10000,-3.19555,-11.4717,-159.997,-159.962,-0.348548,7.30998,92.0269
-171.467,-250.163,10000,-3.21667,-11.4698,-159.999,-159.962,0.200769,7.31037,92.0214
-171.467,-250.163,10000,-3.20243,-11.4681,-160,-159.962,0.200769,7.31077,92.0269
-171.467,-250.163,10000,-3.14931,-11.4666,-160.002,-159.961,0.200769,7.31116,92.0269
-171.467,-250.164,10000,-3.06473,-11.4654,-160.003,-159.961,0.505944,7.31218,92.0214
-171.467,-250.164,10000,-3.01233,-11.4644,-160.004,-159.963,-0.714759,7.31074,92.0324
-171.467,-250.164,10000,-2.8757,-11.4635,-160.004,-159.96,-0.653724,7.30943,92.0269
-171.467,-250.165,10000,-2.77898,-11.4632,-160.004,-159.962,0.139733,7.30971,92.0269
-171.467,-250.165,10000,-2.71852,-11.4629,-160.004,-159.964,0.750085,7.31121,92.0214
-171.467,-250.166,10000,-2.65025,-11.4626,-160.004,-159.964,0.750085,7.31271,92.0214
-171.467,-250.166,10000,-2.57828,-11.4625,-160.004,-159.964,0.139733,7.31299,92.0214
-171.467,-250.167,10000,-2.50609,-11.4626,-160.004,-159.964,0.322839,7.31364,92.0324
-171.467,-250.167,10000,-2.37338,-11.4628,-160.003,-159.961,-0.836829,7.31196,92.0214
-171.467,-250.168,10000,-2.3098,-11.4635,-160.003,-159.963,-1.08097,7.3098,92.0214
-171.467,-250.168,10000,-2.30681,-11.4641,-160.002,-159.965,-0.226478,7.30934,92.0214
-171.467,-250.168,10000,-2.30612,-11.4645,-160.002,-159.965,0.872155,7.31108,92.0269
-171.467,-250.168,10000,-2.30007,-11.4648,-160.002,-159.964,0.56698,7.31221,92.0269
-171.467,-250.168,10000,-2.29023,-11.4652,-160.001,-159.964,0.0176631,7.31224,92.0324
-171.467,-250.168,10000,-2.22245,-11.4656,-160.001,-159.961,-0.287513,7.31168,92.0324
-171.467,-250.168,10000,-2.1588,-11.4664,-160,-159.96,-0.592689,7.3105,92.0214
-171.467,-250.169,10000,-2.16686,-11.4674,-159.999,-159.962,-0.287513,7.30993,92.0269
-171.467,-250.169,10000,-2.17836,-11.468,-159.998,-159.962,-0.531653,7.30886,92.0269
-171.467,-250.169,10000,-2.19311,-11.4685,-159.998,-159.962,0.322839,7.3095,92.0269
-171.467,-250.169,10000,-2.21054,-11.469,-159.997,-159.961,0.444909,7.31038,92.0324
-171.467,-250.169,10000,-2.22252,-11.4695,-159.997,-159.96,0.444909,7.31127,92.0214
-171.467,-250.169,10000,-2.24581,-11.47,-159.997,-159.961,-0.0433721,7.31119,92.0214
-171.467,-250.168,10000,-2.27805,-11.4704,-159.996,-159.961,-0.714759,7.30976,92.0214
-171.467,-250.168,10000,-2.3651,-11.4706,-159.997,-159.963,-0.897864,7.30796,92.0214
-171.467,-250.168,10000,-2.44479,-11.4705,-159.997,-159.963,-0.165442,7.30763,92.0214
-171.467,-250.167,10000,-2.56299,-11.4702,-159.998,-159.965,0.383874,7.3084,92.0379
-171.467,-250.167,10000,-2.58705,-11.4694,-159.998,-159.962,0.444909,7.30929,92.0269
-171.467,-250.167,10000,-2.64376,-11.4691,-159.999,-159.964,0.139733,7.30957,92.0269
-171.467,-250.166,10000,-2.67586,-11.4684,-159.999,-159.963,-0.470618,7.30863,92.0269
-171.467,-250.166,10000,-2.68537,-11.4679,-160,-159.963,-0.226478,7.30818,92.0324
-171.467,-250.166,10000,-2.619,-11.4673,-160,-159.959,0.139733,7.30846,92.0214
-171.467,-250.166,10000,-2.55681,-11.4673,-160,-159.96,0.200769,7.30886,92.0324
-171.467,-250.167,10000,-2.43696,-11.4674,-159.999,-159.957,0.628015,7.31011,92.0324
-171.467,-250.167,10000,-2.2755,-11.4679,-159.998,-159.954,0.68905,7.31149,92.0269
-171.467,-250.168,10000,-2.14371,-11.469,-159.997,-159.954,0.383874,7.31226,92.0269
-171.467,-250.169,10000,-2.04433,-11.4703,-159.995,-159.954,-0.775794,7.31071,92.0269
-171.467,-250.169,10000,-2.02619,-11.4716,-159.994,-159.957,-1.01993,7.30866,92.0269
-171.467,-250.17,10000,-1.98119,-11.4726,-159.993,-159.954,-0.592689,7.30747,92.0269
-171.467,-250.17,10000,-1.96529,-11.4739,-159.992,-159.954,0.200769,7.30788,92.0214
-171.467,-250.17,10000,-1.93595,-11.475,-159.991,-159.953,0.93319,7.30975,92.0214
-171.467,-250.17,10000,-1.99512,-11.4763,-159.99,-159.956,0.68905,7.31112,92.0269
-171.467,-250.17,10000,-2.06946,-11.477,-159.989,-159.956,-0.0433721,7.31103,92.0324
-171.467,-250.169,10000,-2.14603,-11.4776,-159.989,-159.955,-0.470618,7.31009,92.0324
-171.467,-250.169,10000,-2.22168,-11.4779,-159.989,-159.955,-0.470618,7.30914,92.0324
-171.467,-250.169,10000,-2.29383,-11.4781,-159.989,-159.955,-0.653724,7.30783,92.0214
-171.467,-250.168,10000,-2.42421,-11.4782,-159.989,-159.958,0.383874,7.30859,92.0324
-171.467,-250.168,10000,-2.48419,-11.4777,-159.99,-159.955,0.750085,7.3101,92.0214
-171.467,-250.167,10000,-2.59508,-11.4774,-159.99,-159.958,0.56698,7.31124,92.0324
-171.467,-250.167,10000,-2.6299,-11.4767,-159.991,-159.955,-0.165442,7.31091,92.0269
-171.467,-250.167,10000,-2.60763,-11.4762,-159.991,-159.953,-0.958899,7.30899,92.0324
-171.467,-250.167,10000,-2.48282,-11.476,-159.991,-159.948,-0.775794,7.30742,92.0269
-171.467,-250.167,10000,-2.43216,-11.4765,-159.99,-159.951,-0.287513,7.30685,92.0214
-171.467,-250.168,10000,-2.50111,-11.4768,-159.991,-159.956,0.505944,7.30786,92.0324
-171.467,-250.167,10000,-2.5529,-11.4764,-159.991,-159.956,0.872155,7.30961,92.0324
-171.467,-250.167,10000,-2.54006,-11.476,-159.991,-159.953,0.383874,7.31038,92.0269
-171.467,-250.167,10000,-2.52974,-11.4759,-159.991,-159.953,0.0786982,7.31054,92.0324
-171.467,-250.167,10000,-2.5141,-11.4758,-159.991,-159.953,-0.287513,7.30996,92.0269
-171.467,-250.167,10000,-2.50243,-11.4757,-159.991,-159.953,-0.775794,7.3084,92.0324
-171.467,-250.167,10000,-2.43863,-11.4757,-159.991,-159.951,-0.0433721,7.30831,92.0214
-171.467,-250.168,10000,-2.39882,-11.476,-159.991,-159.952,0.68905,7.30968,92.0324
-171.467,-250.168,10000,-2.36522,-11.4763,-159.99,-159.952,0.628015,7.31094,92.0269
-171.467,-250.168,10000,-2.34652,-11.4767,-159.99,-159.952,0.56698,7.31208,92.0324
-171.467,-250.168,10000,-2.28601,-11.477,-159.989,-159.95,-0.0433721,7.312,92.0269
-171.467,-250.168,10000,-2.24961,-11.4777,-159.989,-159.95,-0.226478,7.31154,92.0324
-171.467,-250.169,10000,-2.22825,-11.4783,-159.988,-159.95,-0.897864,7.30974,92.0214
-171.467,-250.169,10000,-2.28523,-11.4789,-159.988,-159.953,0.200769,7.31015,92.0214
-171.467,-250.168,10000,-2.40463,-11.479,-159.988,-159.956,0.56698,7.31128,92.0214
-171.467,-250.168,10000,-2.52157,-11.4787,-159.989,-159.957,0.444909,7.31216,92.0324
-171.467,-250.167,10000,-2.56653,-11.4781,-159.989,-159.954,0.750085,7.31366,92.0269
-171.467,-250.167,10000,-2.55732,-11.4776,-159.99,-159.952,-0.165442,7.31333,92.0269
-171.467,-250.167,10000,-2.50386,-11.4775,-159.989,-159.95,-0.226478,7.31288,92.0269
-171.467,-250.167,10000,-2.46426,-11.4776,-159.989,-159.95,-0.104407,7.31267,92.0214
-171.467,-250.167,10000,-2.44638,-11.4778,-159.989,-159.951,0.0786982,7.31283,92.0214
-171.467,-250.167,10000,-2.44717,-11.4779,-159.989,-159.952,0.322839,7.31347,92.0269
-171.467,-250.167,10000,-2.40722,-11.478,-159.989,-159.95,0.68905,7.31484,92.0324
-171.467,-250.168,10000,-2.37619,-11.4783,-159.988,-159.95,0.322839,7.31549,92.0269
-171.467,-250.168,10000,-2.41024,-11.4786,-159.988,-159.953,-0.592689,7.3143,92.0269
-171.467,-250.168,10000,-2.49664,-11.4786,-159.989,-159.955,-0.531653,7.31324,92.0269
-171.467,-250.167,10000,-2.57375,-11.4781,-159.989,-159.955,-0.104407,7.31303,92.0214
-171.467,-250.167,10000,-2.69518,-11.4776,-159.99,-159.958,0.0786982,7.31319,92.0324
-171.467,-250.166,10000,-2.73426,-11.4766,-159.991,-159.955,0.0176631,7.31322,92.0214
-171.467,-250.166,10000,-2.76614,-11.4758,-159.992,-159.956,0.383874,7.31399,92.0214
-171.467,-250.166,10000,-2.83877,-11.475,-159.993,-159.959,0.261804,7.31451,92.0269
-171.467,-250.165,10000,-2.8831,-11.4739,-159.994,-159.958,-0.226478,7.31407,92.0269
-171.467,-250.165,10000,-2.85278,-11.4728,-159.995,-159.956,-0.958899,7.31214,92.0324
-171.467,-250.165,10000,-2.8015,-11.4721,-159.995,-159.956,-0.470618,7.31119,92.0269
-171.467,-250.166,10000,-2.69407,-11.4716,-159.995,-159.953,-0.0433721,7.3111,92.0269
-171.467,-250.166,10000,-2.59281,-11.4716,-159.995,-159.953,0.322839,7.31175,92.0324
-171.467,-250.167,10000,-2.49322,-11.4717,-159.995,-159.953,0.200769,7.31214,92.0214
-171.467,-250.167,10000,-2.41592,-11.4721,-159.994,-159.954,-0.287513,7.31156,92.0324
-171.467,-250.168,10000,-2.34498,-11.4725,-159.994,-159.954,-0.287513,7.31099,92.0269
-171.467,-250.168,10000,-2.3397,-11.4731,-159.994,-159.956,-0.775794,7.30943,92.0324
-171.467,-250.168,10000,-2.28464,-11.4734,-159.993,-159.953,-0.653724,7.30812,92.0269
-171.467,-250.168,10000,-2.24803,-11.474,-159.992,-159.954,-0.226478,7.30765,92.0269
-171.467,-250.168,10000,-2.22903,-11.4746,-159.992,-159.954,0.872155,7.30939,92.0324
-171.467,-250.169,10000,-2.21796,-11.4752,-159.991,-159.954,0.93319,7.31126,92.0324
-171.467,-250.169,10000,-2.16716,-11.4758,-159.99,-159.951,0.0786982,7.31142,92.0324
-171.467,-250.169,10000,-2.08668,-11.4766,-159.989,-159.949,-0.348548,7.31072,92.0379
-171.467,-250.169,10000,-1.97912,-11.4778,-159.988,-159.946,-0.897864,7.30891,92.0214
-171.467,-250.17,10000,-1.97579,-11.4793,-159.987,-159.95,-0.104407,7.3087,92.0214
-171.467,-250.17,10000,-2.01218,-11.4804,-159.986,-159.95,0.628015,7.30995,92.0214
-171.467,-250.17,10000,-2.12934,-11.4812,-159.986,-159.954,1.05526,7.31206,92.0214
-171.467,-250.169,10000,-2.26049,-11.4814,-159.986,-159.954,1.17733,7.31441,92.0324
-171.467,-250.169,10000,-2.333,-11.4813,-159.986,-159.952,-0.165442,7.31407,92.0324
-171.467,-250.168,10000,-2.35391,-11.4813,-159.986,-159.949,-0.409583,7.31325,92.0324
-171.467,-250.168,10000,-2.37952,-11.4814,-159.985,-159.949,-0.653724,7.31193,92.0269
-171.467,-250.168,10000,-2.41644,-11.4815,-159.986,-159.95,-0.470618,7.31099,92.0269
-171.467,-250.168,10000,-2.46083,-11.4815,-159.986,-159.95,0.0786982,7.31116,92.0324
-171.467,-250.167,10000,-2.45308,-11.4813,-159.986,-159.948,0.505944,7.31217,92.0324
-171.467,-250.168,10000,-2.45087,-11.4813,-159.986,-159.948,0.322839,7.31281,92.0269
-171.467,-250.168,10000,-2.50988,-11.4814,-159.986,-159.951,0.383874,7.31359,92.0324
-171.467,-250.167,10000,-2.56021,-11.481,-159.986,-159.951,-0.0433721,7.31351,92.0324
-171.467,-250.167,10000,-2.60062,-11.4806,-159.987,-159.951,-0.775794,7.31196,92.0214
-171.467,-250.167,10000,-2.69414,-11.4802,-159.988,-159.954,-0.165442,7.31162,92.0269
-171.467,-250.166,10000,-2.77048,-11.4793,-159.989,-159.954,0.0786982,7.31177,92.0324
-171.467,-250.166,10000,-2.81963,-11.4783,-159.99,-159.954,0.628015,7.31302,92.0214
-171.467,-250.166,10000,-2.8588,-11.4773,-159.991,-159.955,0.68905,7.31441,92.0269
-171.467,-250.165,10000,-2.87886,-11.4763,-159.992,-159.955,-0.104407,7.31421,92.0269
-171.467,-250.165,10000,-2.88068,-11.4753,-159.993,-159.955,-0.470618,7.31327,92.0324
-171.467,-250.165,10000,-2.80995,-11.4744,-159.993,-159.952,-0.531653,7.31221,92.0269
-171.467,-250.166,10000,-2.68954,-11.474,-159.993,-159.95,-0.531653,7.31114,92.0214
-171.467,-250.166,10000,-2.63776,-11.474,-159.993,-159.953,0.200769,7.31153,92.0214
-171.467,-250.166,10000,-2.59634,-11.4739,-159.993,-159.954,0.872155,7.31327,92.0214
-171.467,-250.167,10000,-2.56489,-11.4738,-159.993,-159.955,0.505944,7.31429,92.0214
-171.467,-250.167,10000,-2.5914,-11.4737,-159.994,-159.957,0.383874,7.31506,92.0324
-171.467,-250.167,10000,-2.59993,-11.4733,-159.994,-159.957,-0.470618,7.31412,92.0324
-171.467,-250.167,10000,-2.54474,-11.473,-159.994,-159.954,-0.531653,7.31305,92.0324
-171.467,-250.167,10000,-2.43935,-11.4731,-159.993,-159.952,-0.348548,7.31236,92.0324
-171.467,-250.167,10000,-2.29776,-11.4736,-159.992,-159.949,0.139733,7.31263,92.0324
-171.467,-250.168,10000,-2.18216,-11.4745,-159.991,-159.949,0.872155,7.31437,92.0324
-171.467,-250.169,10000,-1.99808,-11.4756,-159.99,-159.945,0.872155,7.31612,92.0214
-171.467,-250.17,10000,-1.92827,-11.4774,-159.988,-159.948,-0.226478,7.31567,92.0269
-171.467,-250.17,10000,-1.90196,-11.4789,-159.987,-159.949,-0.958899,7.31375,92.0269
-171.467,-250.17,10000,-1.96274,-11.4802,-159.986,-159.952,-0.836829,7.31208,92.0324
-171.467,-250.17,10000,-1.98974,-11.481,-159.985,-159.949,-0.592689,7.31089,92.0324
-171.467,-250.17,10000,-1.98921,-11.4819,-159.984,-159.947,0.383874,7.31166,92.0214
-171.467,-250.17,10000,-2.07961,-11.483,-159.984,-159.951,0.81112,7.31328,92.0214
-171.467,-250.169,10000,-2.1933,-11.4834,-159.983,-159.951,0.505944,7.3143,92.0269
-171.467,-250.169,10000,-2.31394,-11.4835,-159.984,-159.952,0.139733,7.31459,92.0214
-171.467,-250.168,10000,-2.49052,-11.4834,-159.984,-159.955,-0.714759,7.31316,92.0214
-171.467,-250.167,10000,-2.65667,-11.4825,-159.986,-159.955,-1.38615,7.31038,92.0269
-171.467,-250.166,10000,-2.79732,-11.4814,-159.987,-159.955,-0.531653,7.30931,92.0324
-171.467,-250.166,10000,-2.85319,-11.4801,-159.988,-159.953,1.05526,7.31143,92.0324
-171.467,-250.165,10000,-2.83503,-11.479,-159.989,-159.95,0.872155,7.31317,92.0269
-171.467,-250.165,10000,-2.85986,-11.4783,-159.99,-159.953,0.383874,7.31394,92.0324
-171.467,-250.165,10000,-2.86135,-11.4774,-159.99,-159.953,-0.287513,7.31337,92.0324
-171.467,-250.165,10000,-2.7942,-11.4765,-159.991,-159.95,-0.897864,7.31158,92.0269
-171.467,-250.166,10000,-2.77694,-11.4761,-159.991,-159.953,-0.287513,7.311,92.0269
-171.467,-250.166,10000,-2.75256,-11.4755,-159.992,-159.953,0.200769,7.3114,92.0269
-171.467,-250.166,10000,-2.72258,-11.475,-159.992,-159.954,0.750085,7.3129,92.0324
-171.467,-250.166,10000,-2.63236,-11.4746,-159.992,-159.951,0.81112,7.31452,92.0214
-171.467,-250.166,10000,-2.60876,-11.4746,-159.993,-159.954,-0.531653,7.31345,92.0324
-171.467,-250.167,10000,-2.57677,-11.4744,-159.993,-159.954,-0.714759,7.31202,92.0269
-171.467,-250.167,10000,-2.49899,-11.4743,-159.992,-159.952,-0.775794,7.31047,92.0324
-171.467,-250.167,10000,-2.42702,-11.4745,-159.992,-159.952,-0.653724,7.30915,92.0324
-171.467,-250.168,10000,-2.36378,-11.4749,-159.992,-159.952,-0.165442,7.30882,92.0214
-171.467,-250.168,10000,-2.32677,-11.4754,-159.991,-159.952,1.1163,7.31106,92.0214
-171.467,-250.168,10000,-2.31379,-11.4759,-159.991,-159.953,0.628015,7.31232,92.0324
-171.467,-250.168,10000,-2.25796,-11.4762,-159.99,-159.951,0.0176631,7.31235,92.0269
-171.467,-250.168,10000,-2.22585,-11.4769,-159.989,-159.951,-0.348548,7.31164,92.0269
-171.467,-250.169,10000,-2.21587,-11.4776,-159.989,-159.951,-0.653724,7.31033,92.0324
-171.467,-250.169,10000,-2.21778,-11.4782,-159.988,-159.951,-0.348548,7.30963,92.0269
-171.467,-250.169,10000,-2.28637,-11.4787,-159.988,-159.954,0.200769,7.31004,92.0214
-171.467,-250.168,10000,-2.3665,-11.4788,-159.988,-159.955,0.994226,7.31202,92.0214
-171.467,-250.168,10000,-2.50113,-11.4787,-159.989,-159.957,0.68905,7.31339,92.0324
-171.467,-250.167,10000,-2.56154,-11.478,-159.989,-159.955,-0.226478,7.31294,92.0324
-171.467,-250.167,10000,-2.60551,-11.4776,-159.99,-159.954,-0.592689,7.31175,92.0269
-171.467,-250.167,10000,-2.64124,-11.4771,-159.99,-159.954,-0.836829,7.31008,92.0324
-171.467,-250.166,10000,-2.70829,-11.4765,-159.991,-159.957,-0.592689,7.30888,92.0269
-171.467,-250.166,10000,-2.8051,-11.4757,-159.992,-159.959,-0.165442,7.30855,92.0324
-171.467,-250.166,10000,-2.81587,-11.4746,-159.993,-159.956,1.1163,7.31079,92.0269
-171.467,-250.165,10000,-2.85886,-11.4738,-159.994,-159.958,1.1163,7.31303,92.0214
-171.467,-250.165,10000,-2.93262,-11.4727,-159.996,-159.961,-0.104407,7.31282,92.0324
-171.467,-250.165,10000,-2.91458,-11.4714,-159.996,-159.958,-1.26408,7.31029,92.0269
-171.467,-250.165,10000,-2.87643,-11.4705,-159.997,-159.958,-0.958899,7.30836,92.0214
-171.467,-250.165,10000,-2.82989,-11.4698,-159.998,-159.958,0.139733,7.30865,92.0324
-171.467,-250.165,10000,-2.71394,-11.4692,-159.998,-159.955,0.383874,7.30942,92.0214
-171.467,-250.166,10000,-2.65775,-11.4692,-159.998,-159.958,0.56698,7.31054,92.0324
-171.467,-250.166,10000,-2.58879,-11.469,-159.998,-159.958,0.56698,7.31168,92.0269
-171.467,-250.167,10000,-2.52038,-11.469,-159.998,-159.957,0.0176631,7.31172,92.0324
-171.467,-250.167,10000,-2.4475,-11.4692,-159.997,-159.957,-0.470618,7.31078,92.0324
-171.467,-250.167,10000,-2.37477,-11.4695,-159.997,-159.957,-0.836829,7.3091,92.0324
-171.467,-250.168,10000,-2.30594,-11.47,-159.996,-159.956,0.200769,7.30951,92.0269
-171.467,-250.168,10000,-2.25214,-11.4707,-159.996,-159.956,0.261804,7.31003,92.0269
-171.467,-250.168,10000,-2.214,-11.4713,-159.995,-159.956,0.994226,7.31202,92.0214
-171.467,-250.169,10000,-2.19914,-11.472,-159.994,-159.957,0.93319,7.31389,92.0324
-171.467,-250.169,10000,-2.14151,-11.4727,-159.993,-159.954,-0.409583,7.31307,92.0324
-171.467,-250.169,10000,-2.10023,-11.4736,-159.992,-159.954,-1.01993,7.31103,92.0324
-171.467,-250.169,10000,-2.0277,-11.4746,-159.991,-159.951,-1.01993,7.30898,92.0269
-171.467,-250.17,10000,-1.99041,-11.4758,-159.99,-159.951,-0.165442,7.30865,92.0324
-171.467,-250.17,10000,-1.92963,-11.477,-159.989,-159.949,0.444909,7.30954,92.0214
-171.467,-250.17,10000,-1.96614,-11.4784,-159.988,-159.952,0.505944,7.31055,92.0269
-171.467,-250.17,10000,-2.02643,-11.4794,-159.987,-159.953,0.139733,7.31084,92.0214
-171.467,-250.17,10000,-2.16115,-11.48,-159.987,-159.956,-0.165442,7.31051,92.0269
-171.467,-250.169,10000,-2.29523,-11.4801,-159.987,-159.956,-0.653724,7.30921,92.0269
-171.467,-250.168,10000,-2.37465,-11.4799,-159.987,-159.953,-0.775794,7.30766,92.0269
-171.467,-250.168,10000,-2.45387,-11.4798,-159.988,-159.954,0.139733,7.30794,92.0324
-171.467,-250.167,10000,-2.52079,-11.4795,-159.988,-159.953,0.81112,7.30956,92.0214
-171.467,-250.167,10000,-2.63795,-11.4791,-159.989,-159.956,0.383874,7.31033,92.0269
-171.467,-250.166,10000,-2.68627,-11.4782,-159.989,-159.954,0.322839,7.31098,92.0214
-171.467,-250.166,10000,-2.7306,-11.4775,-159.99,-159.955,-0.287513,7.31041,92.0269
-171.467,-250.166,10000,-2.7606,-11.4767,-159.991,-159.955,-0.653724,7.3091,92.0214
-171.467,-250.166,10000,-2.7363,-11.476,-159.991,-159.953,0.0176631,7.30913,92.0214
-171.467,-250.166,10000,-2.7642,-11.4755,-159.992,-159.956,0.139733,7.3094,92.0269
-171.467,-250.166,10000,-2.77617,-11.4747,-159.993,-159.956,0.383874,7.31017,92.0269
-171.467,-250.166,10000,-2.7258,-11.474,-159.993,-159.954,0.628015,7.31143,92.0269
-171.467,-250.166,10000,-2.67367,-11.4737,-159.994,-159.954,0.444909,7.31232,92.0324
-171.467,-250.166,10000,-2.56576,-11.4734,-159.993,-159.951,-0.165442,7.31199,92.0324
-171.467,-250.167,10000,-2.4647,-11.4737,-159.993,-159.951,-0.897864,7.3102,92.0214
-171.467,-250.167,10000,-2.43871,-11.4741,-159.993,-159.954,-0.775794,7.30864,92.0324
-171.467,-250.167,10000,-2.36373,-11.4743,-159.992,-159.952,-0.348548,7.30794,92.0324
-171.467,-250.168,10000,-2.30042,-11.4748,-159.992,-159.952,1.23837,7.31041,92.0324
-171.467,-250.168,10000,-2.25017,-11.4754,-159.991,-159.952,1.23837,7.31289,92.0214
-171.467,-250.168,10000,-2.23006,-11.4761,-159.99,-159.952,0.322839,7.31354,92.0214
-171.467,-250.169,10000,-2.23624,-11.4767,-159.99,-159.953,-0.958899,7.31163,92.0324
-171.467,-250.169,10000,-2.24877,-11.4772,-159.989,-159.953,-1.08097,7.30946,92.0214
-171.467,-250.169,10000,-2.33079,-11.4776,-159.989,-159.956,0.261804,7.30998,92.0269
-171.467,-250.168,10000,-2.41035,-11.4775,-159.99,-159.956,0.81112,7.31161,92.0269
-171.467,-250.168,10000,-2.48411,-11.4773,-159.99,-159.956,0.872155,7.31335,92.0269
-171.467,-250.167,10000,-2.54949,-11.477,-159.99,-159.956,0.872155,7.3151,92.0324
-171.467,-250.167,10000,-2.59648,-11.4765,-159.991,-159.956,-0.165442,7.31477,92.0214
-171.467,-250.167,10000,-2.64145,-11.476,-159.992,-159.956,-0.714759,7.31334,92.0214
-171.467,-250.166,10000,-2.73029,-11.4754,-159.992,-159.959,-0.897864,7.31154,92.0269
-171.467,-250.166,10000,-2.79384,-11.4745,-159.993,-159.959,-0.287513,7.31096,92.0269
-171.467,-250.166,10000,-2.78434,-11.4735,-159.994,-159.956,0.750085,7.31247,92.0214
-171.467,-250.166,10000,-2.76988,-11.4729,-159.995,-159.956,0.93319,7.31434,92.0214
-171.467,-250.166,10000,-2.75129,-11.4723,-159.995,-159.957,0.628015,7.3156,92.0269
-171.467,-250.166,10000,-2.76989,-11.4717,-159.996,-159.959,-0.104407,7.31539,92.0214
-171.467,-250.166,10000,-2.82498,-11.471,-159.997,-159.962,-0.592689,7.31421,92.0214
-171.467,-250.165,10000,-2.85818,-11.47,-159.998,-159.962,-1.08097,7.31204,92.0269
-171.467,-250.165,10000,-2.86224,-11.469,-159.999,-159.961,-0.165442,7.31171,92.0324
-171.467,-250.165,10000,-2.83326,-11.4681,-160,-159.961,0.505944,7.31272,92.0324
-171.467,-250.165,10000,-2.82531,-11.4674,-160,-159.962,0.505944,7.31372,92.0214
-171.467,-250.165,10000,-2.80135,-11.4667,-160.001,-159.962,0.68905,7.31511,92.0269
-171.467,-250.165,10000,-2.7565,-11.4661,-160.001,-159.962,0.261804,7.31563,92.0324
-171.467,-250.166,10000,-2.68782,-11.4656,-160.002,-159.961,-1.01993,7.31359,92.0214
-171.467,-250.166,10000,-2.61822,-11.4654,-160.002,-159.961,-1.56925,7.31045,92.0324
-171.467,-250.166,10000,-2.53451,-11.4654,-160.001,-159.96,-0.592689,7.30927,92.0269
-171.467,-250.167,10000,-2.45115,-11.4656,-160.001,-159.96,0.68905,7.31065,92.0379
-171.467,-250.167,10000,-2.26016,-11.466,-160,-159.954,0.872155,7.31239,92.0269
-171.467,-250.168,10000,-2.15073,-11.4672,-159.999,-159.957,0.0176631,7.31242,92.0269
-171.467,-250.169,10000,-2.06667,-11.4684,-159.997,-159.957,0.0786982,7.31257,92.0214
-171.467,-250.169,10000,-2.01702,-11.4696,-159.996,-159.957,-0.531653,7.31151,92.0214
-171.467,-250.17,10000,-1.99935,-11.4708,-159.995,-159.958,-0.714759,7.31008,92.0324
-171.467,-250.17,10000,-1.9464,-11.4718,-159.994,-159.955,-0.165442,7.30975,92.0324
-171.467,-250.17,10000,-1.91672,-11.4732,-159.992,-159.954,0.872155,7.31149,92.0324
-171.467,-250.17,10000,-1.86154,-11.4745,-159.991,-159.952,0.68905,7.31287,92.0269
-171.467,-250.171,10000,-1.84584,-11.476,-159.99,-159.952,0.628015,7.31413,92.0269
-171.467,-250.171,10000,-1.86551,-11.4774,-159.988,-159.952,0.0176631,7.31417,92.0324
-171.467,-250.171,10000,-1.85924,-11.4787,-159.987,-159.95,-1.38615,7.31139,92.0324
-171.467,-250.171,10000,-1.88206,-11.48,-159.986,-159.95,-0.836829,7.30971,92.0269
-171.467,-250.17,10000,-1.98547,-11.4812,-159.985,-159.953,0.383874,7.31048,92.0214
-171.467,-250.17,10000,-2.16003,-11.4817,-159.985,-159.956,1.17733,7.31284,92.0214
-171.467,-250.169,10000,-2.33737,-11.4817,-159.986,-159.956,0.68905,7.31422,92.0324
-171.467,-250.168,10000,-2.49284,-11.4812,-159.987,-159.956,0.444909,7.3151,92.0324
-171.467,-250.167,10000,-2.57429,-11.4805,-159.987,-159.953,-0.653724,7.31379,92.0269
-171.467,-250.167,10000,-2.64678,-11.4799,-159.988,-159.953,-1.08097,7.31163,92.0269
-171.467,-250.166,10000,-2.70711,-11.4792,-159.989,-159.954,-0.470618,7.31069,92.0269
-171.467,-250.166,10000,-2.75422,-11.4784,-159.989,-159.954,0.383874,7.31146,92.0324
-171.467,-250.166,10000,-2.7787,-11.4776,-159.99,-159.954,0.81112,7.31308,92.0214
-171.467,-250.166,10000,-2.7983,-11.4768,-159.991,-159.954,0.505944,7.3141,92.0324
-171.467,-250.166,10000,-2.74807,-11.476,-159.991,-159.952,-0.470618,7.31316,92.0324
-171.467,-250.166,10000,-2.64151,-11.4756,-159.991,-159.949,-0.287513,7.31259,92.0214
-171.467,-250.166,10000,-2.60579,-11.4757,-159.991,-159.952,-0.775794,7.31103,92.0324
-171.467,-250.167,10000,-2.51725,-11.4755,-159.991,-159.95,-0.775794,7.30948,92.0214
-171.467,-250.167,10000,-2.55012,-11.4758,-159.992,-159.956,-0.287513,7.3089,92.0269
-171.467,-250.167,10000,-2.62479,-11.4755,-159.992,-159.958,0.68905,7.31028,92.0269
-171.467,-250.167,10000,-2.68164,-11.4748,-159.993,-159.958,0.444909,7.31116,92.0324
-171.467,-250.166,10000,-2.66473,-11.4741,-159.993,-159.955,-0.287513,7.31058,92.0214
-171.467,-250.166,10000,-2.65077,-11.4737,-159.994,-159.955,0.0176631,7.31062,92.0269
-171.467,-250.166,10000,-2.58341,-11.4734,-159.994,-159.953,-0.592689,7.30944,92.0269
-171.467,-250.167,10000,-2.52277,-11.4734,-159.993,-159.953,-0.470618,7.3085,92.0214
-171.467,-250.167,10000,-2.52672,-11.4736,-159.994,-159.956,0.0176631,7.30854,92.0214
-171.467,-250.167,10000,-2.53534,-11.4734,-159.994,-159.957,0.81112,7.31016,92.0269
-171.467,-250.167,10000,-2.53927,-11.4732,-159.994,-159.957,0.628015,7.31142,92.0324
-171.467,-250.167,10000,-2.53097,-11.4731,-159.994,-159.956,-0.165442,7.31109,92.0214
-171.467,-250.167,10000,-2.52848,-11.4729,-159.994,-159.957,-1.142,7.3088,92.0324
-171.467,-250.167,10000,-2.46679,-11.4728,-159.994,-159.954,-0.592689,7.30761,92.0214
-171.467,-250.167,10000,-2.52007,-11.4731,-159.994,-159.959,0.444909,7.30851,92.0324
-171.467,-250.167,10000,-2.50477,-11.4727,-159.994,-159.956,0.628015,7.30976,92.0324
-171.467,-250.167,10000,-2.48158,-11.4727,-159.994,-159.956,0.81112,7.31137,92.0269
-171.467,-250.167,10000,-2.46118,-11.4728,-159.994,-159.956,0.750085,7.31288,92.0324
-171.467,-250.167,10000,-2.43598,-11.4729,-159.994,-159.956,-0.226478,7.31242,92.0269
-171.467,-250.167,10000,-2.41581,-11.4731,-159.994,-159.956,-0.714759,7.31099,92.0324
-171.467,-250.168,10000,-2.3455,-11.4732,-159.993,-159.953,-0.714759,7.30956,92.0214
-171.467,-250.168,10000,-2.30127,-11.4738,-159.993,-159.954,-0.226478,7.3091,92.0269
-171.467,-250.168,10000,-2.27327,-11.4743,-159.992,-159.954,0.383874,7.30988,92.0269
-171.467,-250.168,10000,-2.26085,-11.4749,-159.992,-159.954,1.17733,7.31223,92.0324
-171.467,-250.168,10000,-2.25437,-11.4754,-159.991,-159.954,0.628015,7.3135,92.0214
-171.467,-250.168,10000,-2.36594,-11.4759,-159.991,-159.959,-0.226478,7.31305,92.0269
-171.467,-250.168,10000,-2.4659,-11.4756,-159.992,-159.959,-1.20304,7.31065,92.0324
-171.467,-250.167,10000,-2.54309,-11.4752,-159.992,-159.958,-1.01993,7.3086,92.0269
-171.467,-250.167,10000,-2.60552,-11.4747,-159.993,-159.958,0.505944,7.30963,92.0324
-171.467,-250.167,10000,-2.64432,-11.4741,-159.993,-159.958,0.81112,7.31125,92.0324
-171.467,-250.166,10000,-2.6611,-11.4736,-159.994,-159.957,0.505944,7.31226,92.0269
-171.467,-250.166,10000,-2.71474,-11.4731,-159.995,-159.959,0.261804,7.31278,92.0214
-171.467,-250.166,10000,-2.75466,-11.4723,-159.995,-159.96,-0.836829,7.31111,92.0214
-171.467,-250.166,10000,-2.82896,-11.4715,-159.997,-159.962,-0.836829,7.30944,92.0214
-171.467,-250.165,10000,-2.92656,-11.4704,-159.998,-159.964,-0.714759,7.30801,92.0214
-171.467,-250.165,10000,-2.98925,-11.469,-159.999,-159.964,0.139733,7.30829,92.0214
-171.467,-250.164,10000,-3.01834,-11.4676,-160.001,-159.964,0.93319,7.31015,92.0214
-171.467,-250.164,10000,-3.0161,-11.4663,-160.002,-159.964,0.81112,7.31177,92.0324
-171.467,-250.164,10000,-2.92266,-11.4651,-160.002,-159.961,0.322839,7.31242,92.0269
-171.467,-250.165,10000,-2.81307,-11.4645,-160.003,-159.96,-0.0433721,7.31232,92.0324
-171.467,-250.165,10000,-2.68663,-11.4642,-160.003,-159.96,-0.592689,7.31114,92.0269
-171.467,-250.166,10000,-2.51128,-11.4643,-160.002,-159.957,-0.531653,7.31007,92.0324
-171.467,-250.167,10000,-2.39267,-11.4649,-160.001,-159.959,-0.409583,7.30925,92.0324
-171.467,-250.168,10000,-2.23027,-11.4656,-160,-159.956,0.750085,7.31076,92.0159
-171.467,-250.168,10000,-2.16108,-11.4668,-159.999,-159.959,0.872155,7.3125,92.0324
-171.467,-250.169,10000,-2.05298,-11.4677,-159.998,-159.956,-0.409583,7.31168,92.0214
-171.467,-250.169,10000,-1.98312,-11.4691,-159.997,-159.957,-0.592689,7.3105,92.0324
-171.467,-250.17,10000,-1.88621,-11.4704,-159.995,-159.954,-0.531653,7.30943,92.0324
-171.467,-250.17,10000,-1.77295,-11.4721,-159.993,-159.951,-0.287513,7.30886,92.0269
-171.467,-250.171,10000,-1.71049,-11.474,-159.991,-159.952,0.505944,7.30987,92.0269
-171.467,-250.171,10000,-1.64714,-11.4759,-159.989,-159.95,0.444909,7.31077,92.0214
-171.467,-250.172,10000,-1.69323,-11.478,-159.988,-159.953,0.750085,7.31226,92.0214
-171.467,-250.171,10000,-1.7812,-11.4794,-159.986,-159.954,0.322839,7.31291,92.0269
-171.467,-250.171,10000,-1.84555,-11.4806,-159.985,-159.951,-0.470618,7.31197,92.0324
-171.467,-250.171,10000,-1.8815,-11.4816,-159.984,-159.949,-1.08097,7.3098,92.0269
-171.467,-250.171,10000,-1.94996,-11.4827,-159.983,-159.95,-0.592689,7.30862,92.0269
-171.467,-250.17,10000,-2.09208,-11.4835,-159.983,-159.952,-0.0433721,7.30853,92.0269
-171.467,-250.169,10000,-2.24069,-11.4837,-159.983,-159.953,0.628015,7.30979,92.0324
-171.467,-250.169,10000,-2.38014,-11.4836,-159.984,-159.953,1.1163,7.31203,92.0269
-171.467,-250.168,10000,-2.51309,-11.4832,-159.984,-159.953,0.139733,7.31231,92.0269
-171.467,-250.167,10000,-2.63404,-11.4825,-159.985,-159.953,-0.958899,7.31039,92.0269
-171.467,-250.167,10000,-2.73877,-11.4816,-159.986,-159.953,-0.531653,7.30932,92.0214
-171.467,-250.166,10000,-2.83173,-11.4806,-159.988,-159.954,0.139733,7.3096,92.0269
-171.467,-250.165,10000,-2.85375,-11.4794,-159.988,-159.952,0.261804,7.31012,92.0269
-171.467,-250.165,10000,-2.86249,-11.4785,-159.989,-159.952,0.383874,7.31088,92.0214
-171.467,-250.165,10000,-2.915,-11.4776,-159.991,-159.955,0.56698,7.31201,92.0324
-171.467,-250.165,10000,-2.9359,-11.4764,-159.992,-159.955,-0.165442,7.31168,92.0324
-171.467,-250.165,10000,-2.92782,-11.4753,-159.993,-159.955,-0.531653,7.31062,92.0324
-171.467,-250.165,10000,-2.89492,-11.4743,-159.993,-159.954,-0.653724,7.3093,92.0214
-171.467,-250.165,10000,-2.90591,-11.4736,-159.994,-159.957,-0.165442,7.30896,92.0269
-171.467,-250.165,10000,-2.89496,-11.4726,-159.995,-159.957,0.56698,7.3101,92.0214
-171.467,-250.165,10000,-2.87303,-11.4717,-159.996,-159.957,0.322839,7.31074,92.0214
-171.467,-250.165,10000,-2.79377,-11.4709,-159.996,-159.955,0.505944,7.31176,92.0324
-171.467,-250.166,10000,-2.70215,-11.4705,-159.997,-159.955,0.0786982,7.31192,92.0214
-171.467,-250.166,10000,-2.6686,-11.4704,-159.997,-159.958,-0.714759,7.31048,92.0269
-171.467,-250.166,10000,-2.67567,-11.4701,-159.997,-159.96,-0.836829,7.30881,92.0324
-171.467,-250.166,10000,-2.61124,-11.4696,-159.997,-159.957,0.261804,7.30934,92.0269
-171.467,-250.166,10000,-2.54619,-11.4696,-159.997,-159.957,0.750085,7.31084,92.0214
-171.467,-250.167,10000,-2.49155,-11.4697,-159.997,-159.957,0.444909,7.31172,92.0324
-171.467,-250.167,10000,-2.38435,-11.4699,-159.996,-159.955,-0.165442,7.31139,92.0214
-171.467,-250.168,10000,-2.35164,-11.4705,-159.996,-159.957,0.0176631,7.31143,92.0269
-171.467,-250.168,10000,-2.32593,-11.4709,-159.996,-159.957,-0.714759,7.31,92.0269
-171.467,-250.168,10000,-2.25989,-11.4713,-159.995,-159.955,-0.897864,7.3082,92.0324
-171.467,-250.168,10000,-2.15641,-11.472,-159.994,-159.952,0.383874,7.30897,92.0214
-171.467,-250.169,10000,-2.14015,-11.4731,-159.993,-159.955,0.872155,7.31073,92.0324
-171.467,-250.169,10000,-2.03722,-11.4739,-159.992,-159.95,0.628015,7.31199,92.0269
-171.467,-250.17,10000,-1.97357,-11.4753,-159.99,-159.951,0.0786982,7.31214,92.0214
-171.467,-250.17,10000,-1.95457,-11.4766,-159.989,-159.952,-0.714759,7.3107,92.0214
-171.467,-250.17,10000,-2.02387,-11.4778,-159.989,-159.955,-0.714759,7.30927,92.0269
-171.467,-250.17,10000,-2.05926,-11.4784,-159.988,-159.952,-0.348548,7.30857,92.0324
-171.467,-250.17,10000,-2.10646,-11.4791,-159.987,-159.952,-0.0433721,7.30849,92.0269
-171.467,-250.169,10000,-2.21845,-11.4797,-159.987,-159.955,0.628015,7.30974,92.0214
-171.467,-250.169,10000,-2.33897,-11.4798,-159.987,-159.955,0.628015,7.31099,92.0214
-171.467,-250.168,10000,-2.46081,-11.4795,-159.988,-159.956,-0.0433721,7.3109,92.0324
-171.467,-250.167,10000,-2.51386,-11.479,-159.988,-159.953,-0.104407,7.3107,92.0269
-171.467,-250.167,10000,-2.61181,-11.4787,-159.989,-159.956,-0.958899,7.30877,92.0214
-171.467,-250.167,10000,-2.701,-11.478,-159.99,-159.956,-0.653724,7.30747,92.0269
-171.467,-250.166,10000,-2.7217,-11.4771,-159.991,-159.954,0.444909,7.30835,92.0214
-171.467,-250.166,10000,-2.74017,-11.4764,-159.991,-159.954,0.750085,7.30985,92.0214
-171.467,-250.166,10000,-2.70718,-11.4758,-159.992,-159.953,0.444909,7.31075,92.0214
-171.467,-250.166,10000,-2.72879,-11.4754,-159.992,-159.956,0.139733,7.31103,92.0269
-171.467,-250.166,10000,-2.68953,-11.4747,-159.993,-159.953,-0.836829,7.30934,92.0324
-171.467,-250.166,10000,-2.64132,-11.4744,-159.993,-159.953,-1.142,7.30705,92.0214
-171.467,-250.166,10000,-2.6512,-11.4742,-159.993,-159.956,0.0786982,7.30722,92.0269
-171.467,-250.166,10000,-2.65207,-11.4738,-159.994,-159.956,0.0176631,7.30724,92.0214
-171.467,-250.166,10000,-2.60497,-11.4734,-159.994,-159.954,0.628015,7.30849,92.0324
-171.467,-250.167,10000,-2.55228,-11.4733,-159.994,-159.954,0.56698,7.30963,92.0324
-171.467,-250.167,10000,-2.49722,-11.4733,-159.993,-159.954,-0.165442,7.3093,92.0324
-171.467,-250.167,10000,-2.49109,-11.4735,-159.994,-159.956,-0.592689,7.30812,92.0324
-171.467,-250.167,10000,-2.42911,-11.4735,-159.993,-159.953,-0.653724,7.30681,92.0324
-171.467,-250.168,10000,-2.37218,-11.4738,-159.993,-159.953,-0.104407,7.30661,92.0324
-171.467,-250.168,10000,-2.32257,-11.4742,-159.992,-159.953,0.444909,7.3075,92.0324
-171.467,-250.168,10000,-2.23361,-11.4748,-159.991,-159.95,0.872155,7.30923,92.0269
-171.467,-250.169,10000,-2.22183,-11.4756,-159.991,-159.953,0.444909,7.31013,92.0269
-171.467,-250.169,10000,-2.2752,-11.4762,-159.991,-159.956,0.0176631,7.31016,92.0269
-171.467,-250.168,10000,-2.33196,-11.4764,-159.991,-159.956,-0.0433721,7.31008,92.0324
-171.467,-250.168,10000,-2.38084,-11.4764,-159.991,-159.955,-0.470618,7.30913,92.0214
-171.467,-250.168,10000,-2.48571,-11.4764,-159.991,-159.958,-0.775794,7.30758,92.0269
-171.467,-250.167,10000,-2.52711,-11.4759,-159.991,-159.956,0.628015,7.30884,92.0324
-171.467,-250.167,10000,-2.50588,-11.4756,-159.991,-159.953,0.93319,7.3107,92.0214
-171.467,-250.167,10000,-2.5463,-11.4756,-159.992,-159.956,0.0786982,7.31086,92.0214
-171.467,-250.167,10000,-2.63537,-11.4753,-159.992,-159.959,-0.0433721,7.31077,92.0324
-171.467,-250.166,10000,-2.74379,-11.4745,-159.994,-159.961,-0.470618,7.30983,92.0269
-171.467,-250.166,10000,-2.8701,-11.4734,-159.995,-159.963,-0.836829,7.30815,92.0324
-171.467,-250.165,10000,-2.94701,-11.472,-159.996,-159.962,0.0176631,7.30818,92.0324
-171.467,-250.165,10000,-2.97791,-11.4707,-159.998,-159.961,0.68905,7.30956,92.0214
-171.467,-250.165,10000,-3.0321,-11.4694,-159.999,-159.964,0.93319,7.31142,92.0269
-171.467,-250.164,10000,-3.04442,-11.468,-160,-159.963,0.750085,7.31293,92.0324
-171.467,-250.164,10000,-2.96441,-11.4667,-160.001,-159.96,0.139733,7.31321,92.0324
-171.467,-250.165,10000,-2.85824,-11.4659,-160.001,-159.959,-1.01993,7.31117,92.0214
-171.467,-250.165,10000,-2.79857,-11.4655,-160.002,-159.962,-1.01993,7.30913,92.0324
-171.467,-250.165,10000,-2.66733,-11.4651,-160.002,-159.959,0.56698,7.31026,92.0269
-171.467,-250.166,10000,-2.58676,-11.4652,-160.002,-159.961,0.81112,7.31189,92.0214
-171.467,-250.167,10000,-2.55966,-11.4653,-160.002,-159.963,0.81112,7.31351,92.0324
-171.467,-250.167,10000,-2.46545,-11.4652,-160.001,-159.96,0.322839,7.31416,92.0324
-171.467,-250.167,10000,-2.36867,-11.4656,-160.001,-159.959,-0.592689,7.31297,92.0214
-171.467,-250.168,10000,-2.29019,-11.4662,-160,-159.96,-0.775794,7.31141,92.0324
-171.467,-250.168,10000,-2.21565,-11.4669,-159.999,-159.959,-0.592689,7.31023,92.0214
-171.467,-250.169,10000,-2.21309,-11.4677,-159.999,-159.962,0.322839,7.31088,92.0159
-171.467,-250.169,10000,-2.27853,-11.4683,-159.999,-159.964,0.628015,7.31214,92.0324
-171.467,-250.168,10000,-2.27763,-11.4684,-159.998,-159.961,0.505944,7.31315,92.0379
-171.467,-250.168,10000,-2.21454,-11.4688,-159.997,-159.958,-0.0433721,7.31306,92.0269
-171.467,-250.169,10000,-2.16788,-11.4696,-159.997,-159.957,-0.348548,7.31237,92.0159
-171.467,-250.169,10000,-2.25002,-11.4705,-159.996,-159.963,-0.897864,7.31057,92.0324
-171.467,-250.168,10000,-2.31538,-11.4706,-159.996,-159.962,-0.470618,7.30962,92.0214
-171.467,-250.168,10000,-2.42793,-11.4706,-159.997,-159.964,0.0786982,7.30977,92.0269
-171.467,-250.167,10000,-2.51777,-11.4702,-159.997,-159.964,0.505944,7.31078,92.0269
-171.467,-250.167,10000,-2.58446,-11.4697,-159.998,-159.963,0.505944,7.31179,92.0269
-171.467,-250.167,10000,-2.58043,-11.4692,-159.998,-159.96,-0.592689,7.31061,92.0214
-171.467,-250.167,10000,-2.57352,-11.4689,-159.998,-159.961,-0.775794,7.30905,92.0269
-171.467,-250.167,10000,-2.60484,-11.4687,-159.999,-159.963,-0.226478,7.3086,92.0269
-171.467,-250.167,10000,-2.56948,-11.4683,-159.999,-159.96,-0.287513,7.30803,92.0269
-171.467,-250.167,10000,-2.5282,-11.4682,-159.999,-159.96,0.0176631,7.30807,92.0214
-171.467,-250.167,10000,-2.54032,-11.4682,-159.999,-159.962,1.2994,7.31068,92.0324
-171.467,-250.167,10000,-2.48344,-11.468,-159.999,-159.959,0.994226,7.31266,92.0324
-171.467,-250.167,10000,-2.37246,-11.4682,-159.998,-159.956,-0.531653,7.31159,92.0269
-171.467,-250.168,10000,-2.27812,-11.4689,-159.997,-159.956,-0.958899,7.30967,92.0214
-171.467,-250.168,10000,-2.21089,-11.4697,-159.996,-159.956,-0.470618,7.30872,92.0324
-171.467,-250.169,10000,-2.10629,-11.4705,-159.995,-159.954,-0.409583,7.30791,92.0214
-171.467,-250.169,10000,-2.08947,-11.4718,-159.994,-159.957,0.505944,7.30893,92.0324
-171.467,-250.169,10000,-2.08244,-11.4726,-159.994,-159.956,0.68905,7.3103,92.0269
-171.467,-250.169,10000,-2.14186,-11.4735,-159.993,-159.959,0.200769,7.31069,92.0214
-171.467,-250.169,10000,-2.21338,-11.4739,-159.993,-159.959,-0.348548,7.30998,92.0214
-171.467,-250.169,10000,-2.29251,-11.4741,-159.993,-159.959,-0.348548,7.30928,92.0214
-171.467,-250.168,10000,-2.42269,-11.4742,-159.993,-159.962,-0.653724,7.30798,92.0324
-171.467,-250.168,10000,-2.47686,-11.4737,-159.994,-159.959,-0.409583,7.30717,92.0269
-171.467,-250.167,10000,-2.47331,-11.4735,-159.994,-159.956,0.261804,7.3077,92.0269
-171.467,-250.167,10000,-2.47005,-11.4735,-159.994,-159.956,0.93319,7.30957,92.0269
-171.467,-250.167,10000,-2.41912,-11.4735,-159.993,-159.954,0.68905,7.31095,92.0324
-171.467,-250.168,10000,-2.32346,-11.4738,-159.992,-159.951,0.139733,7.31122,92.0269
-171.467,-250.168,10000,-2.30049,-11.4745,-159.992,-159.954,-0.653724,7.30991,92.0324
-171.467,-250.168,10000,-2.28325,-11.4749,-159.992,-159.954,-0.592689,7.30873,92.0324
-171.467,-250.168,10000,-2.27181,-11.4754,-159.991,-159.953,-0.226478,7.30827,92.0324
-171.467,-250.168,10000,-2.26658,-11.4759,-159.991,-159.953,0.505944,7.30928,92.0324
-171.467,-250.168,10000,-2.21892,-11.4763,-159.99,-159.951,0.628015,7.31053,92.0324
-171.467,-250.169,10000,-2.23628,-11.4771,-159.99,-159.953,0.139733,7.31081,92.0324
-171.467,-250.169,10000,-2.25833,-11.4775,-159.989,-159.953,-0.409583,7.30999,92.0269
-171.467,-250.168,10000,-2.2919,-11.4778,-159.989,-159.953,-0.836829,7.30832,92.0214
-171.467,-250.168,10000,-2.34205,-11.4781,-159.989,-159.954,-0.714759,7.30689,92.0269
-171.467,-250.168,10000,-2.39589,-11.4781,-159.989,-159.954,0.139733,7.30718,92.0324
-171.467,-250.168,10000,-2.39401,-11.478,-159.989,-159.951,0.505944,7.30819,92.0269
-171.467,-250.168,10000,-2.40284,-11.4782,-159.989,-159.952,0.81112,7.30981,92.0269
-171.467,-250.168,10000,-2.42018,-11.4783,-159.989,-159.952,0.200769,7.31021,92.0214
-171.467,-250.168,10000,-2.49989,-11.4783,-159.989,-159.955,-0.348548,7.30951,92.0214
-171.467,-250.167,10000,-2.62732,-11.4779,-159.99,-159.958,-0.531653,7.30844,92.0269
-171.467,-250.167,10000,-2.68297,-11.477,-159.991,-159.956,-0.470618,7.30751,92.0324
-171.467,-250.166,10000,-2.71577,-11.4763,-159.991,-159.955,-0.0433721,7.30743,92.0214
-171.467,-250.166,10000,-2.79189,-11.4756,-159.992,-159.958,0.56698,7.30856,92.0269
-171.467,-250.166,10000,-2.79455,-11.4746,-159.993,-159.956,0.81112,7.31018,92.0324
-171.467,-250.166,10000,-2.72753,-11.4739,-159.993,-159.953,0.261804,7.3107,92.0214
-171.467,-250.166,10000,-2.66911,-11.4736,-159.994,-159.954,-0.226478,7.31025,92.0269
-171.467,-250.166,10000,-2.6606,-11.4734,-159.994,-159.956,-0.531653,7.30918,92.0324
-171.467,-250.166,10000,-2.63679,-11.473,-159.994,-159.956,-0.714759,7.30776,92.0269
-171.467,-250.166,10000,-2.60884,-11.4728,-159.994,-159.956,0.139733,7.30804,92.0324
-171.467,-250.167,10000,-2.57056,-11.4726,-159.994,-159.955,0.750085,7.30954,92.0269
-171.467,-250.167,10000,-2.53296,-11.4725,-159.994,-159.955,0.750085,7.31105,92.0324
-171.467,-250.167,10000,-2.44177,-11.4725,-159.994,-159.953,-0.165442,7.31072,92.0214
-171.467,-250.167,10000,-2.37497,-11.473,-159.994,-159.953,-0.409583,7.30989,92.0324
-171.467,-250.168,10000,-2.26778,-11.4734,-159.993,-159.951,-0.409583,7.30907,92.0324
-171.467,-250.168,10000,-2.13319,-11.4743,-159.991,-159.949,-0.470618,7.30813,92.0324
-171.467,-250.169,10000,-2.03194,-11.4756,-159.99,-159.949,-0.165442,7.3078,92.0269
-171.467,-250.17,10000,-1.9722,-11.477,-159.989,-159.949,-0.0433721,7.30771,92.0324
-171.467,-250.17,10000,-1.94342,-11.4783,-159.987,-159.949,0.200769,7.30811,92.0269
-171.467,-250.17,10000,-1.95078,-11.4795,-159.986,-159.95,0.628015,7.30936,92.0379
-171.467,-250.17,10000,-1.8775,-11.4806,-159.985,-159.945,-0.0433721,7.30928,92.0324
-171.467,-250.171,10000,-1.8474,-11.4822,-159.983,-159.945,-0.714759,7.30784,92.0379
-171.467,-250.171,10000,-1.80004,-11.4837,-159.982,-159.943,-0.592689,7.30667,92.0269
-171.467,-250.171,10000,-1.85563,-11.4853,-159.981,-159.946,0.200769,7.30707,92.0324
-171.467,-250.171,10000,-1.93843,-11.4864,-159.98,-159.947,0.68905,7.30844,92.0324
-171.467,-250.17,10000,-2.04183,-11.4872,-159.979,-159.947,0.56698,7.30956,92.0434
-171.467,-250.17,10000,-2.09455,-11.4877,-159.979,-159.944,-0.287513,7.30898,92.0324
-171.467,-250.169,10000,-2.16728,-11.4882,-159.978,-159.945,-0.531653,7.30791,92.0324
-171.467,-250.169,10000,-2.30312,-11.4886,-159.979,-159.947,-0.592689,7.30673,92.0269
-171.467,-250.168,10000,-2.44447,-11.4884,-159.979,-159.948,0.0176631,7.30678,92.0324
-171.467,-250.168,10000,-2.52704,-11.4878,-159.98,-159.946,0.261804,7.30731,92.0324
-171.467,-250.167,10000,-2.50888,-11.4873,-159.98,-159.941,0.56698,7.30845,92.0269
-171.467,-250.167,10000,-2.51226,-11.4873,-159.98,-159.943,0.628015,7.30971,92.0269
-171.467,-250.167,10000,-2.5814,-11.4872,-159.98,-159.946,-0.409583,7.30887,92.0324
-171.467,-250.167,10000,-2.64495,-11.4867,-159.981,-159.946,-0.897864,7.30708,92.0324
-171.467,-250.167,10000,-2.70024,-11.486,-159.982,-159.947,-0.714759,7.30565,92.0214
-171.467,-250.166,10000,-2.80935,-11.4853,-159.983,-159.95,-0.104407,7.30544,92.0269
-171.467,-250.166,10000,-2.90002,-11.4841,-159.984,-159.95,0.56698,7.30658,92.0214
-171.467,-250.165,10000,-3.02639,-11.4827,-159.986,-159.954,0.872155,7.30833,92.0269
-171.467,-250.165,10000,-3.11761,-11.481,-159.988,-159.954,0.56698,7.30947,92.0214
-171.467,-250.164,10000,-3.22995,-11.4792,-159.99,-159.957,-0.409583,7.30864,92.0214
-171.467,-250.163,10000,-3.35135,-11.4771,-159.992,-159.959,-0.592689,7.30745,92.0324
-171.467,-250.163,10000,-3.35938,-11.4746,-159.994,-159.956,-0.836829,7.30578,92.0379
-171.467,-250.163,10000,-3.21449,-11.4727,-159.995,-159.951,0.0176631,7.30581,92.0214
-171.467,-250.163,10000,-3.11638,-11.4717,-159.996,-159.954,0.81112,7.30744,92.0214
-171.467,-250.164,10000,-3.01162,-11.4707,-159.997,-159.955,0.56698,7.30858,92.0324
-171.467,-250.164,10000,-2.88883,-11.47,-159.997,-159.954,0.322839,7.30922,92.0324
-171.467,-250.165,10000,-2.75578,-11.4696,-159.997,-159.954,-0.226478,7.30876,92.0269
-171.467,-250.166,10000,-2.62788,-11.4695,-159.997,-159.954,-0.775794,7.3072,92.0214
-171.467,-250.166,10000,-2.51802,-11.4697,-159.997,-159.955,-0.348548,7.30651,92.0214
-171.467,-250.167,10000,-2.47673,-11.47,-159.997,-159.958,0.444909,7.30741,92.0269
-171.467,-250.167,10000,-2.38952,-11.4702,-159.996,-159.955,0.93319,7.30928,92.0214
-171.467,-250.168,10000,-2.32474,-11.4707,-159.996,-159.956,0.56698,7.31041,92.0214
-171.467,-250.168,10000,-2.23397,-11.4713,-159.995,-159.954,0.0176631,7.31044,92.0324
-171.467,-250.169,10000,-2.11153,-11.4722,-159.994,-159.951,-0.409583,7.30962,92.0269
-171.467,-250.169,10000,-2.02579,-11.4735,-159.992,-159.952,-0.409583,7.3088,92.0324
-171.467,-250.17,10000,-1.91971,-11.4748,-159.991,-159.949,-0.348548,7.30811,92.0324
-171.467,-250.17,10000,-1.85222,-11.4764,-159.989,-159.949,0.139733,7.3084,92.0324
-171.467,-250.171,10000,-1.7739,-11.478,-159.987,-159.947,0.383874,7.30916,92.0214
-171.467,-250.171,10000,-1.75658,-11.4799,-159.986,-159.948,0.0786982,7.30931,92.0214
-171.467,-250.171,10000,-1.79206,-11.4815,-159.984,-159.949,0.0786982,7.30947,92.0269
-171.467,-250.171,10000,-1.86387,-11.4827,-159.983,-159.95,-0.104407,7.30926,92.0379
-171.467,-250.171,10000,-1.90033,-11.4837,-159.982,-159.947,-0.836829,7.30758,92.0324
-171.467,-250.17,10000,-1.96354,-11.4848,-159.981,-159.947,-1.01993,7.30553,92.0379
-171.467,-250.17,10000,-2.03927,-11.4856,-159.981,-159.947,0.0786982,7.3057,92.0324
-171.467,-250.17,10000,-2.13094,-11.4862,-159.98,-159.947,0.628015,7.30696,92.0214
-171.467,-250.169,10000,-2.29646,-11.4866,-159.981,-159.951,0.505944,7.30797,92.0269
-171.467,-250.168,10000,-2.41084,-11.4862,-159.981,-159.949,0.444909,7.30885,92.0159
-171.467,-250.168,10000,-2.59013,-11.4859,-159.982,-159.952,-0.348548,7.30815,92.0324
-171.467,-250.167,10000,-2.69339,-11.4848,-159.983,-159.95,-0.226478,7.3077,92.0214
-171.467,-250.166,10000,-2.74422,-11.4839,-159.984,-159.948,-0.409583,7.30689,92.0324
-171.467,-250.166,10000,-2.78037,-11.4831,-159.985,-159.949,-0.0433721,7.3068,92.0269
-171.467,-250.166,10000,-2.80938,-11.4822,-159.986,-159.949,0.56698,7.30793,92.0324
-171.467,-250.166,10000,-2.82247,-11.4814,-159.986,-159.949,0.56698,7.30907,92.0324
-171.467,-250.166,10000,-2.77259,-11.4806,-159.987,-159.947,0.0176631,7.3091,92.0214
-171.467,-250.166,10000,-2.78421,-11.4801,-159.988,-159.95,-0.409583,7.30828,92.0269
-171.467,-250.166,10000,-2.83701,-11.4794,-159.989,-159.953,-1.01993,7.30624,92.0324
-171.467,-250.165,10000,-2.86407,-11.4784,-159.99,-159.953,-0.714759,7.30481,92.0269
-171.467,-250.165,10000,-2.87493,-11.4774,-159.991,-159.953,0.0176631,7.30485,92.0324
-171.467,-250.165,10000,-2.81482,-11.4765,-159.991,-159.951,0.56698,7.30599,92.0324
-171.467,-250.166,10000,-2.746,-11.476,-159.991,-159.951,0.56698,7.30712,92.0269
-171.467,-250.166,10000,-2.68039,-11.4756,-159.992,-159.951,-0.104407,7.3069,92.0214
-171.467,-250.166,10000,-2.62826,-11.4755,-159.992,-159.952,-0.287513,7.30632,92.0214
-171.467,-250.167,10000,-2.5892,-11.4753,-159.992,-159.953,-0.470618,7.30538,92.0269
-171.467,-250.167,10000,-2.50641,-11.4753,-159.991,-159.951,-0.0433721,7.3053,92.0269
-171.467,-250.167,10000,-2.43974,-11.4755,-159.991,-159.951,0.0176631,7.30535,92.0269
-171.467,-250.167,10000,-2.38916,-11.4759,-159.991,-159.951,0.0786982,7.30551,92.0214
-171.467,-250.168,10000,-2.41134,-11.4762,-159.991,-159.954,0.139733,7.30579,92.0324
-171.467,-250.168,10000,-2.38033,-11.4763,-159.99,-159.952,-0.226478,7.30533,92.0269
-171.467,-250.168,10000,-2.41153,-11.4766,-159.99,-159.954,-0.531653,7.30426,92.0269
-171.467,-250.168,10000,-2.44452,-11.4766,-159.991,-159.955,-0.226478,7.30381,92.0324
-171.467,-250.167,10000,-2.46937,-11.4765,-159.991,-159.954,-0.165442,7.30349,92.0269
-171.467,-250.167,10000,-2.49407,-11.4764,-159.991,-159.955,0.444909,7.30438,92.0269
-171.467,-250.167,10000,-2.566,-11.4762,-159.991,-159.957,0.505944,7.3054,92.0214
-171.467,-250.167,10000,-2.63248,-11.4757,-159.992,-159.957,0.261804,7.30592,92.0214
-171.467,-250.166,10000,-2.69058,-11.475,-159.993,-159.958,-0.287513,7.30535,92.0324
-171.467,-250.166,10000,-2.67416,-11.4743,-159.993,-159.955,-0.897864,7.30354,92.0324
-171.467,-250.166,10000,-2.64447,-11.4739,-159.993,-159.955,-0.348548,7.30285,92.0269
-171.467,-250.166,10000,-2.61269,-11.4737,-159.994,-159.955,-0.165442,7.30252,92.0269
-171.467,-250.167,10000,-2.58056,-11.4735,-159.994,-159.955,0.200769,7.30292,92.0269
-171.467,-250.167,10000,-2.54913,-11.4734,-159.994,-159.955,0.505944,7.30393,92.0269
-171.467,-250.167,10000,-2.51992,-11.4733,-159.994,-159.955,0.505944,7.30495,92.0324
-171.467,-250.167,10000,-2.48548,-11.4733,-159.994,-159.955,-0.409583,7.30412,92.0269
-171.467,-250.167,10000,-2.45613,-11.4734,-159.993,-159.955,-0.592689,7.30294,92.0269
-171.467,-250.167,10000,-2.43275,-11.4736,-159.993,-159.955,-0.714759,7.30151,92.0214
-171.467,-250.167,10000,-2.47169,-11.4737,-159.993,-159.958,-0.104407,7.3013,92.0324
-171.467,-250.167,10000,-2.44795,-11.4736,-159.993,-159.955,0.261804,7.30182,92.0269
-171.467,-250.167,10000,-2.42958,-11.4737,-159.993,-159.955,0.81112,7.30344,92.0269
-171.467,-250.168,10000,-2.41674,-11.4739,-159.993,-159.955,0.261804,7.30396,92.0324
-171.467,-250.168,10000,-2.40105,-11.474,-159.993,-159.955,-0.226478,7.30351,92.0324
-171.467,-250.168,10000,-2.3845,-11.4742,-159.993,-159.955,-0.592689,7.30233,92.0324
-171.467,-250.168,10000,-2.36797,-11.4745,-159.992,-159.954,-1.01993,7.30028,92.0324
-171.467,-250.168,10000,-2.40131,-11.4747,-159.992,-159.956,-0.409583,7.29947,92.0159
-171.467,-250.168,10000,-2.49813,-11.4747,-159.993,-159.96,0.322839,7.30012,92.0324
-171.467,-250.167,10000,-2.52206,-11.4743,-159.993,-159.957,0.872155,7.30186,92.0214
-171.467,-250.167,10000,-2.59673,-11.474,-159.994,-159.959,0.0786982,7.30201,92.0324
-171.467,-250.167,10000,-2.64496,-11.4734,-159.994,-159.959,-0.470618,7.30106,92.0324
-171.467,-250.166,10000,-2.66866,-11.4729,-159.995,-159.958,-0.653724,7.29975,92.0324
-171.467,-250.166,10000,-2.66986,-11.4723,-159.995,-159.958,0.139733,7.30004,92.0324
-171.467,-250.166,10000,-2.65197,-11.4719,-159.995,-159.957,-0.0433721,7.29996,92.0214
-171.467,-250.166,10000,-2.68295,-11.4715,-159.996,-159.96,-0.104407,7.29975,92.0214
-171.467,-250.166,10000,-2.75189,-11.4709,-159.997,-159.962,0.0786982,7.2999,92.0269
-171.467,-250.166,10000,-2.79161,-11.47,-159.998,-159.962,0.322839,7.30054,92.0214
-171.467,-250.166,10000,-2.81246,-11.4691,-159.999,-159.962,-0.165442,7.3002,92.0214
-171.467,-250.165,10000,-2.86385,-11.4683,-160,-159.964,-0.348548,7.29951,92.0269
-171.467,-250.165,10000,-2.8805,-11.4672,-160.001,-159.964,-0.287513,7.29893,92.0324
-171.467,-250.165,10000,-2.85834,-11.4663,-160.001,-159.963,0.0176631,7.29897,92.0269
-171.467,-250.165,10000,-2.81153,-11.4655,-160.002,-159.962,0.0786982,7.29912,92.0324
-171.467,-250.165,10000,-2.6902,-11.465,-160.002,-159.959,0.444909,7.30001,92.0214
-171.467,-250.166,10000,-2.62451,-11.465,-160.002,-159.962,0.200769,7.3004,92.0324
-171.467,-250.166,10000,-2.54324,-11.4649,-160.002,-159.961,0.200769,7.30081,92.0269
-171.467,-250.167,10000,-2.46079,-11.4651,-160.002,-159.961,-0.714759,7.29938,92.0269
-171.467,-250.167,10000,-2.42977,-11.4655,-160.001,-159.963,-0.531653,7.29832,92.0324
-171.467,-250.167,10000,-2.3387,-11.4657,-160.001,-159.96,0.139733,7.2986,92.0214
-171.467,-250.168,10000,-2.3149,-11.4663,-160,-159.962,0.383874,7.29937,92.0269
-171.467,-250.168,10000,-2.34044,-11.4667,-160,-159.964,0.68905,7.30075,92.0324
-171.467,-250.168,10000,-2.30152,-11.4669,-160,-159.961,-0.226478,7.30029,92.0214
-171.467,-250.168,10000,-2.27567,-11.4674,-159.999,-159.961,-0.226478,7.29983,92.0324
-171.467,-250.168,10000,-2.19868,-11.4679,-159.998,-159.958,-0.470618,7.29888,92.0214
-171.467,-250.169,10000,-2.19632,-11.4688,-159.998,-159.96,-0.104407,7.29868,92.0269
-171.467,-250.169,10000,-2.20025,-11.4694,-159.997,-159.96,0.444909,7.29958,92.0324
-171.467,-250.169,10000,-2.15393,-11.47,-159.996,-159.957,0.68905,7.30096,92.0214
-171.467,-250.169,10000,-2.1817,-11.4708,-159.996,-159.96,0.750085,7.30245,92.0324
-171.467,-250.169,10000,-2.15788,-11.4713,-159.995,-159.957,-0.0433721,7.30236,92.0269
-171.467,-250.169,10000,-2.10149,-11.4721,-159.994,-159.954,-0.592689,7.30116,92.0214
-171.467,-250.169,10000,-2.07824,-11.4731,-159.993,-159.955,-0.653724,7.29986,92.0269
-171.467,-250.169,10000,-2.12523,-11.474,-159.992,-159.957,-0.226478,7.29942,92.0324
-171.467,-250.169,10000,-2.17244,-11.4746,-159.992,-159.957,0.505944,7.30044,92.0324
-171.467,-250.169,10000,-2.26676,-11.475,-159.992,-159.959,0.628015,7.30169,92.0214
-171.467,-250.168,10000,-2.41189,-11.475,-159.992,-159.961,-0.287513,7.30111,92.0269
-171.467,-250.168,10000,-2.58434,-11.4745,-159.993,-159.963,0.200769,7.3015,92.0379
-171.467,-250.167,10000,-2.60986,-11.4735,-159.994,-159.958,0.0176631,7.30153,92.0324
-171.467,-250.167,10000,-2.61623,-11.4731,-159.994,-159.957,-0.287513,7.30096,92.0324
-171.467,-250.167,10000,-2.60605,-11.4727,-159.995,-159.957,-0.165442,7.30063,92.0269
-171.467,-250.167,10000,-2.59048,-11.4725,-159.995,-159.957,0.0786982,7.30079,92.0214
-171.467,-250.167,10000,-2.67522,-11.4723,-159.996,-159.962,0.0176631,7.30083,92.0269
-171.467,-250.166,10000,-2.68516,-11.4715,-159.996,-159.959,0.200769,7.30124,92.0269
-171.467,-250.166,10000,-2.72892,-11.4709,-159.997,-159.961,0.200769,7.30163,92.0269
-171.467,-250.166,10000,-2.74906,-11.4702,-159.997,-159.961,-0.165442,7.3013,92.0214
-171.467,-250.166,10000,-2.756,-11.4695,-159.998,-159.961,-0.348548,7.3006,92.0324
-171.467,-250.166,10000,-2.68674,-11.4688,-159.998,-159.958,-0.531653,7.29954,92.0324
-171.467,-250.166,10000,-2.55773,-11.4687,-159.998,-159.955,-0.287513,7.29896,92.0324
-171.467,-250.167,10000,-2.43298,-11.469,-159.997,-159.955,0.444909,7.29985,92.0324
-171.467,-250.167,10000,-2.26995,-11.4696,-159.996,-159.952,0.93319,7.30172,92.0269
-171.467,-250.168,10000,-2.18861,-11.4707,-159.995,-159.955,-0.470618,7.30077,92.0214
-171.467,-250.169,10000,-2.18729,-11.4717,-159.995,-159.958,-0.531653,7.29971,92.0324
-171.467,-250.169,10000,-2.14062,-11.4723,-159.994,-159.955,-0.287513,7.29915,92.0269
-171.467,-250.169,10000,-2.1159,-11.4732,-159.993,-159.955,0.0176631,7.29919,92.0269
-171.467,-250.169,10000,-2.11173,-11.474,-159.992,-159.955,-0.226478,7.29873,92.0269
-171.467,-250.169,10000,-2.17395,-11.4748,-159.992,-159.957,0.322839,7.29937,92.0324
-171.467,-250.169,10000,-2.18445,-11.4752,-159.991,-159.955,0.139733,7.29965,92.0379
-171.467,-250.169,10000,-2.09661,-11.4757,-159.99,-159.949,-0.470618,7.2987,92.0269
-171.467,-250.169,10000,-2.0937,-11.4769,-159.989,-159.952,-0.348548,7.29801,92.0269
-171.467,-250.169,10000,-2.11365,-11.4777,-159.989,-159.952,-0.348548,7.29732,92.0269
-171.467,-250.169,10000,-2.15246,-11.4784,-159.988,-159.953,0.0176631,7.29736,92.0269
-171.467,-250.169,10000,-2.15781,-11.4789,-159.987,-159.951,0.261804,7.29788,92.0269
-171.467,-250.169,10000,-2.18445,-11.4796,-159.987,-159.951,0.261804,7.29841,92.0379
-171.467,-250.169,10000,-2.21245,-11.48,-159.987,-159.951,0.200769,7.2988,92.0324
-171.467,-250.169,10000,-2.2488,-11.4805,-159.986,-159.951,-0.226478,7.29834,92.0269
-171.467,-250.169,10000,-2.29879,-11.4808,-159.986,-159.951,-0.226478,7.29789,92.0324
-171.467,-250.168,10000,-2.35047,-11.4809,-159.986,-159.951,-0.348548,7.2972,92.0214
-171.467,-250.168,10000,-2.41718,-11.481,-159.986,-159.952,-0.348548,7.2965,92.0324
-171.467,-250.168,10000,-2.47751,-11.4808,-159.986,-159.952,-0.104407,7.29629,92.0324
-171.467,-250.167,10000,-2.48109,-11.4805,-159.987,-159.949,0.505944,7.2973,92.0269
-171.467,-250.167,10000,-2.49382,-11.4805,-159.987,-159.95,0.505944,7.29831,92.0324
-171.467,-250.167,10000,-2.55401,-11.4803,-159.987,-159.952,-0.0433721,7.29822,92.0324
-171.467,-250.167,10000,-2.60147,-11.4799,-159.988,-159.952,-0.226478,7.29776,92.0324
-171.467,-250.167,10000,-2.63573,-11.4794,-159.988,-159.952,-0.653724,7.29646,92.0269
-171.467,-250.167,10000,-2.66516,-11.4789,-159.989,-159.952,-0.470618,7.29553,92.0324
-171.467,-250.166,10000,-2.68013,-11.4783,-159.989,-159.952,0.750085,7.29703,92.0214
-171.467,-250.166,10000,-2.74604,-11.4778,-159.99,-159.955,0.93319,7.29889,92.0269
-171.467,-250.166,10000,-2.74515,-11.4769,-159.991,-159.953,-0.0433721,7.2988,92.0269
-171.467,-250.166,10000,-2.73664,-11.4763,-159.991,-159.953,-0.714759,7.29736,92.0324
-171.467,-250.166,10000,-2.66579,-11.4758,-159.991,-159.951,-0.592689,7.29617,92.0269
-171.467,-250.166,10000,-2.60221,-11.4757,-159.991,-159.951,-0.348548,7.29547,92.0379
-171.467,-250.167,10000,-2.48326,-11.4756,-159.991,-159.948,0.261804,7.296,92.0214
-171.467,-250.167,10000,-2.44434,-11.4761,-159.991,-159.952,0.322839,7.29665,92.0324
-171.467,-250.167,10000,-2.36176,-11.4763,-159.99,-159.949,0.68905,7.29803,92.0269
-171.467,-250.168,10000,-2.30313,-11.4769,-159.989,-159.95,0.628015,7.29928,92.0324
-171.467,-250.168,10000,-2.25974,-11.4775,-159.989,-159.95,-0.104407,7.29906,92.0324
-171.467,-250.168,10000,-2.28011,-11.4781,-159.989,-159.952,-0.287513,7.29849,92.0214
-171.467,-250.168,10000,-2.36854,-11.4784,-159.989,-159.955,-0.287513,7.29792,92.0324
-171.467,-250.168,10000,-2.44529,-11.4783,-159.989,-159.955,0.322839,7.29857,92.0269
-171.467,-250.167,10000,-2.51591,-11.478,-159.989,-159.955,0.505944,7.29959,92.0324
-171.467,-250.167,10000,-2.52229,-11.4776,-159.99,-159.952,0.444909,7.30047,92.0324
-171.467,-250.167,10000,-2.47492,-11.4774,-159.989,-159.95,-0.409583,7.29963,92.0269
-171.467,-250.167,10000,-2.53812,-11.4776,-159.99,-159.955,-0.653724,7.29833,92.0214
-171.467,-250.167,10000,-2.64891,-11.4772,-159.991,-159.958,-0.226478,7.29788,92.0269
-171.467,-250.166,10000,-2.73712,-11.4763,-159.992,-159.958,-0.226478,7.29743,92.0324
-171.467,-250.166,10000,-2.74509,-11.4753,-159.992,-159.955,-0.165442,7.29709,92.0324
-171.467,-250.166,10000,-2.78188,-11.4747,-159.993,-159.957,0.322839,7.29773,92.0269
-171.467,-250.166,10000,-2.79959,-11.4739,-159.994,-159.957,0.750085,7.29923,92.0324
-171.467,-250.166,10000,-2.79178,-11.4731,-159.995,-159.957,0.0176631,7.29925,92.0269
-171.467,-250.166,10000,-2.81843,-11.4724,-159.995,-159.959,-0.0433721,7.29916,92.0324
-171.467,-250.165,10000,-2.81488,-11.4715,-159.996,-159.958,-0.348548,7.29846,92.0214
-171.467,-250.165,10000,-2.84922,-11.4708,-159.997,-159.961,-0.104407,7.29827,92.0324
-171.467,-250.165,10000,-2.80018,-11.4698,-159.998,-159.958,0.444909,7.29916,92.0324
-171.467,-250.165,10000,-2.68332,-11.4693,-159.998,-159.955,0.261804,7.29968,92.0269
-171.467,-250.166,10000,-2.57172,-11.4693,-159.997,-159.955,0.200769,7.30008,92.0324
-171.467,-250.167,10000,-2.41383,-11.4696,-159.997,-159.953,-0.287513,7.2995,92.0269
-171.467,-250.168,10000,-2.28132,-11.4704,-159.996,-159.953,0.139733,7.29978,92.0324
-171.467,-250.168,10000,-2.16889,-11.4713,-159.995,-159.953,0.0176631,7.29981,92.0324
-171.467,-250.169,10000,-2.07973,-11.4724,-159.993,-159.953,-0.531653,7.29875,92.0214
-171.467,-250.169,10000,-2.07953,-11.4737,-159.992,-159.956,-0.104407,7.29854,92.0269
-171.467,-250.169,10000,-2.14588,-11.4745,-159.992,-159.958,0.322839,7.29919,92.0214
-171.467,-250.169,10000,-2.27324,-11.4749,-159.992,-159.961,0.0176631,7.29922,92.0324
-171.467,-250.168,10000,-2.38033,-11.4748,-159.992,-159.96,-0.531653,7.29815,92.0269
-171.467,-250.168,10000,-2.47421,-11.4745,-159.993,-159.96,-0.531653,7.29708,92.0269
-171.467,-250.167,10000,-2.50441,-11.4741,-159.993,-159.957,-0.348548,7.29639,92.0324
-171.467,-250.167,10000,-2.52008,-11.4738,-159.993,-159.957,0.261804,7.29692,92.0269
-171.467,-250.167,10000,-2.48291,-11.4737,-159.993,-159.954,-0.0433721,7.29683,92.0269
-171.467,-250.167,10000,-2.40401,-11.4738,-159.993,-159.952,0.139733,7.29711,92.0214
-171.467,-250.168,10000,-2.44731,-11.4742,-159.993,-159.957,0.139733,7.29738,92.0269
-171.467,-250.167,10000,-2.48492,-11.4741,-159.993,-159.957,-0.0433721,7.29729,92.0269
-171.467,-250.167,10000,-2.51556,-11.4739,-159.993,-159.957,-0.0433721,7.29721,92.0269
-171.467,-250.167,10000,-2.58764,-11.4736,-159.994,-159.96,-0.531653,7.29615,92.0214
-171.467,-250.167,10000,-2.64917,-11.4731,-159.995,-159.96,-0.531653,7.29509,92.0324
-171.467,-250.166,10000,-2.63486,-11.4724,-159.995,-159.957,0.322839,7.29574,92.0324
-171.467,-250.166,10000,-2.60635,-11.4721,-159.995,-159.956,0.444909,7.29662,92.0324
-171.467,-250.167,10000,-2.56695,-11.4719,-159.995,-159.956,-0.0433721,7.29653,92.0269
-171.467,-250.167,10000,-2.52812,-11.4719,-159.995,-159.956,-0.409583,7.2957,92.0324
-171.467,-250.167,10000,-2.48333,-11.4719,-159.995,-159.956,-0.470618,7.29476,92.0324
-171.467,-250.167,10000,-2.43574,-11.4721,-159.995,-159.955,0.139733,7.29505,92.0214
-171.467,-250.167,10000,-2.40416,-11.4723,-159.994,-159.956,-0.226478,7.2946,92.0214
-171.467,-250.168,10000,-2.43563,-11.4726,-159.994,-159.959,-0.165442,7.29427,92.0324
-171.467,-250.167,10000,-2.40572,-11.4725,-159.994,-159.956,0.139733,7.29455,92.0324
-171.467,-250.168,10000,-2.32663,-11.4728,-159.994,-159.953,0.200769,7.29494,92.0324
-171.467,-250.168,10000,-2.25961,-11.4734,-159.993,-159.953,0.139733,7.29522,92.0324
-171.467,-250.168,10000,-2.20625,-11.4741,-159.992,-159.953,0.0176631,7.29526,92.0214
-171.467,-250.169,10000,-2.18376,-11.4749,-159.991,-159.953,-0.348548,7.29457,92.0324
-171.467,-250.169,10000,-2.17268,-11.4756,-159.991,-159.953,0.0176631,7.2946,92.0269
-171.467,-250.169,10000,-2.13229,-11.4763,-159.99,-159.951,-0.165442,7.29427,92.0214
-171.467,-250.169,10000,-2.1268,-11.4772,-159.989,-159.952,0.383874,7.29504,92.0324
-171.467,-250.169,10000,-2.0876,-11.4779,-159.988,-159.949,-0.104407,7.29481,92.0269
-171.467,-250.169,10000,-2.12801,-11.4789,-159.988,-159.952,-0.409583,7.29398,92.0214
-171.467,-250.169,10000,-2.19255,-11.4795,-159.987,-159.953,-0.409583,7.29317,92.0214
-171.467,-250.169,10000,-2.27483,-11.4798,-159.987,-159.954,-0.470618,7.29223,92.0324
-171.467,-250.168,10000,-2.35285,-11.4799,-159.987,-159.953,0.200769,7.29264,92.0324
-171.467,-250.168,10000,-2.42382,-11.4798,-159.987,-159.953,0.200769,7.29304,92.0214
-171.467,-250.168,10000,-2.5493,-11.4796,-159.988,-159.956,0.0786982,7.2932,92.0214
-171.467,-250.167,10000,-2.66554,-11.4789,-159.989,-159.957,0.383874,7.29396,92.0269
-171.467,-250.166,10000,-2.75922,-11.4779,-159.99,-159.957,0.322839,7.2946,92.0269
-171.467,-250.166,10000,-2.82892,-11.4769,-159.991,-159.957,-0.714759,7.29318,92.0324
-171.467,-250.165,10000,-2.81872,-11.4758,-159.992,-159.954,-0.165442,7.29285,92.0324
-171.467,-250.165,10000,-2.79016,-11.4751,-159.992,-159.954,0.139733,7.29313,92.0324
-171.467,-250.166,10000,-2.74615,-11.4745,-159.993,-159.953,0.139733,7.29341,92.0269
-171.467,-250.166,10000,-2.69905,-11.4741,-159.993,-159.954,0.383874,7.29418,92.0159
-171.467,-250.166,10000,-2.76297,-11.4738,-159.994,-159.959,0.200769,7.29457,92.0324
-171.467,-250.166,10000,-2.84295,-11.4729,-159.995,-159.961,-0.287513,7.29399,92.0214
-171.467,-250.165,10000,-2.89826,-11.4717,-159.996,-159.961,-0.470618,7.29306,92.0214
-171.467,-250.165,10000,-2.97769,-11.4706,-159.998,-159.964,-0.348548,7.29237,92.0379
-171.467,-250.165,10000,-2.95119,-11.4691,-159.999,-159.96,0.0176631,7.29241,92.0324
-171.467,-250.165,10000,-2.89292,-11.4682,-159.999,-159.959,0.200769,7.29282,92.0324
-171.467,-250.165,10000,-2.81023,-11.4675,-160,-159.959,0.444909,7.29372,92.0269
-171.467,-250.165,10000,-2.71758,-11.4671,-160,-159.958,0.0176631,7.29374,92.0324
-171.467,-250.166,10000,-2.61317,-11.467,-160,-159.958,0.139733,7.29402,92.0324
-171.467,-250.166,10000,-2.50337,-11.4671,-160,-159.957,-0.0433721,7.29395,92.0269
-171.467,-250.167,10000,-2.45103,-11.4675,-159.999,-159.96,-0.287513,7.29336,92.0269
-171.467,-250.167,10000,-2.44847,-11.4677,-159.999,-159.962,-0.165442,7.29303,92.0269
-171.467,-250.167,10000,-2.43897,-11.4678,-159.999,-159.961,0.56698,7.29417,92.0269
-171.467,-250.167,10000,-2.42431,-11.4678,-159.999,-159.961,0.261804,7.29469,92.0214
-171.467,-250.167,10000,-2.46278,-11.468,-159.999,-159.964,-0.226478,7.29422,92.0324
-171.467,-250.167,10000,-2.43044,-11.4678,-159.999,-159.96,-0.287513,7.29363,92.0269
-171.467,-250.167,10000,-2.34918,-11.468,-159.998,-159.958,0.322839,7.29429,92.0324
-171.467,-250.168,10000,-2.27219,-11.4686,-159.998,-159.957,0.0176631,7.29433,92.0324
-171.467,-250.168,10000,-2.20335,-11.4694,-159.997,-159.957,-0.165442,7.294,92.0269
-171.467,-250.169,10000,-2.10531,-11.4702,-159.996,-159.954,0.139733,7.29427,92.0324
-171.467,-250.169,10000,-2.02907,-11.4714,-159.994,-159.954,-0.0433721,7.29418,92.0324
-171.467,-250.17,10000,-1.92816,-11.4727,-159.993,-159.952,0.139733,7.29445,92.0269
-171.467,-250.17,10000,-1.9175,-11.4743,-159.991,-159.954,-0.104407,7.29425,92.0214
-171.467,-250.17,10000,-1.94345,-11.4755,-159.99,-159.955,0.322839,7.29491,92.0214
-171.467,-250.17,10000,-1.99962,-11.4765,-159.99,-159.955,0.139733,7.2952,92.0324
-171.467,-250.17,10000,-2.06388,-11.4773,-159.989,-159.955,0.200769,7.29559,92.0269
-171.467,-250.169,10000,-2.14052,-11.4779,-159.989,-159.955,0.200769,7.29599,92.0324
-171.467,-250.169,10000,-2.16886,-11.4782,-159.988,-159.952,0.444909,7.29687,92.0214
-171.467,-250.169,10000,-2.26924,-11.4787,-159.988,-159.955,0.0176631,7.29691,92.0324
-171.467,-250.168,10000,-2.36075,-11.4787,-159.988,-159.955,0.0786982,7.29708,92.0324
-171.467,-250.168,10000,-2.44017,-11.4786,-159.989,-159.955,-0.470618,7.29614,92.0269
-171.467,-250.168,10000,-2.56236,-11.4783,-159.989,-159.957,-0.714759,7.29471,92.0269
-171.467,-250.167,10000,-2.66554,-11.4776,-159.99,-159.957,0.139733,7.29498,92.0269
-171.467,-250.166,10000,-2.74677,-11.4767,-159.991,-159.957,0.628015,7.29623,92.0214
-171.467,-250.166,10000,-2.86156,-11.4757,-159.993,-159.96,0.505944,7.29724,92.0324
-171.467,-250.165,10000,-2.88492,-11.4744,-159.994,-159.957,-0.226478,7.29678,92.0324
-171.467,-250.165,10000,-2.83021,-11.4734,-159.994,-159.954,-0.226478,7.29633,92.0214
-171.467,-250.165,10000,-2.82484,-11.4728,-159.995,-159.957,-0.104407,7.29612,92.0214
-171.467,-250.165,10000,-2.81107,-11.4721,-159.996,-159.957,0.0176631,7.29616,92.0214
-171.467,-250.165,10000,-2.83828,-11.4714,-159.997,-159.96,0.139733,7.29643,92.0214
-171.467,-250.165,10000,-2.84849,-11.4705,-159.997,-159.96,0.261804,7.29695,92.0269
-171.467,-250.165,10000,-2.83515,-11.4696,-159.998,-159.96,-0.104407,7.29673,92.0269
-171.467,-250.165,10000,-2.80183,-11.4689,-159.999,-159.96,-0.0433721,7.29664,92.0324
-171.467,-250.165,10000,-2.69642,-11.4683,-159.999,-159.957,-0.348548,7.29594,92.0324
-171.467,-250.166,10000,-2.53595,-11.4682,-159.998,-159.954,-0.409583,7.29511,92.0214
-171.467,-250.167,10000,-2.45034,-11.4688,-159.998,-159.957,0.0786982,7.29528,92.0269
-171.467,-250.167,10000,-2.37411,-11.4692,-159.997,-159.957,0.261804,7.2958,92.0269
-171.467,-250.168,10000,-2.30976,-11.4697,-159.997,-159.957,0.139733,7.29607,92.0269
-171.467,-250.168,10000,-2.25896,-11.4703,-159.996,-159.957,0.0176631,7.2961,92.0214
-171.467,-250.168,10000,-2.23011,-11.4709,-159.995,-159.957,-0.592689,7.2949,92.0269
-171.467,-250.169,10000,-2.16542,-11.4716,-159.995,-159.955,-0.104407,7.29471,92.0324
-171.467,-250.169,10000,-2.01937,-11.4725,-159.993,-159.95,-0.348548,7.29401,92.0269
-171.467,-250.17,10000,-1.91896,-11.4741,-159.991,-159.95,0.200769,7.29442,92.0214
-171.467,-250.17,10000,-1.91939,-11.4757,-159.99,-159.953,0.322839,7.29507,92.0324
-171.467,-250.17,10000,-1.89244,-11.4768,-159.989,-159.951,0.505944,7.29607,92.0269
-171.467,-250.17,10000,-1.9017,-11.4782,-159.988,-159.951,0.0176631,7.2961,92.0269
-171.467,-250.17,10000,-1.94256,-11.4794,-159.987,-159.952,-0.104407,7.29589,92.0324
-171.467,-250.17,10000,-1.95285,-11.4803,-159.986,-159.949,-0.592689,7.29472,92.0214
-171.467,-250.17,10000,-2.05123,-11.4814,-159.985,-159.952,-0.531653,7.29365,92.0269
-171.467,-250.17,10000,-2.11478,-11.4819,-159.985,-159.95,0.0786982,7.29382,92.0214
-171.467,-250.169,10000,-2.25173,-11.4824,-159.985,-159.954,0.56698,7.29496,92.0269
-171.467,-250.169,10000,-2.38713,-11.4822,-159.985,-159.954,0.200769,7.29535,92.0159
-171.467,-250.168,10000,-2.62661,-11.4818,-159.987,-159.959,-0.409583,7.29452,92.0324
-171.467,-250.167,10000,-2.82022,-11.4805,-159.988,-159.959,-0.0433721,7.29443,92.0269
-171.467,-250.166,10000,-2.97289,-11.4789,-159.99,-159.959,-0.409583,7.29361,92.0269
-171.467,-250.165,10000,-3.131,-11.4771,-159.992,-159.961,0.0176631,7.29366,92.0269
-171.467,-250.164,10000,-3.18761,-11.475,-159.994,-159.958,0.261804,7.29418,92.0269
-171.467,-250.164,10000,-3.20306,-11.4732,-159.995,-159.958,0.322839,7.29482,92.0269
-171.467,-250.163,10000,-3.18155,-11.4716,-159.997,-159.958,0.0176631,7.29485,92.0269
-171.467,-250.164,10000,-3.12863,-11.4701,-159.998,-159.958,-0.104407,7.29463,92.0324
-171.467,-250.164,10000,-2.99436,-11.4689,-159.999,-159.955,-0.104407,7.29442,92.0269
-171.467,-250.164,10000,-2.85312,-11.4684,-159.999,-159.955,-0.165442,7.29409,92.0324
-171.467,-250.165,10000,-2.65638,-11.4681,-159.998,-159.952,-0.104407,7.29389,92.0269
-171.467,-250.166,10000,-2.52687,-11.4685,-159.998,-159.955,0.322839,7.29454,92.0269
-171.467,-250.167,10000,-2.36292,-11.469,-159.997,-159.953,0.444909,7.29544,92.0324
-171.467,-250.168,10000,-2.17101,-11.4699,-159.996,-159.95,0.383874,7.2962,92.0269
-171.467,-250.169,10000,-2.02229,-11.4713,-159.994,-159.951,-0.653724,7.29489,92.0269
-171.467,-250.17,10000,-1.9179,-11.4729,-159.992,-159.951,-0.714759,7.29346,92.0324
-171.467,-250.17,10000,-1.84921,-11.4745,-159.991,-159.951,-0.409583,7.29265,92.0324
-171.467,-250.171,10000,-1.76717,-11.4762,-159.989,-159.949,0.383874,7.29343,92.0214
-171.467,-250.171,10000,-1.79249,-11.478,-159.988,-159.952,0.261804,7.29395,92.0214
-171.467,-250.171,10000,-1.85877,-11.4794,-159.987,-159.953,0.0786982,7.29411,92.0324
-171.467,-250.171,10000,-1.89381,-11.4804,-159.986,-159.95,0.0176631,7.29414,92.0269
-171.467,-250.17,10000,-1.95919,-11.4815,-159.985,-159.951,-0.226478,7.29367,92.0324
-171.467,-250.17,10000,-1.99199,-11.4823,-159.984,-159.948,0.0176631,7.29371,92.0324
-171.467,-250.17,10000,-2.04585,-11.4832,-159.983,-159.949,0.0176631,7.29375,92.0324
-171.467,-250.17,10000,-2.1159,-11.4839,-159.983,-159.949,-0.104407,7.29354,92.0324
-171.467,-250.169,10000,-2.19714,-11.4843,-159.982,-159.949,0.0176631,7.29357,92.0324
-171.467,-250.169,10000,-2.28411,-11.4846,-159.982,-159.949,0.200769,7.29398,92.0324
-171.467,-250.168,10000,-2.37226,-11.4846,-159.983,-159.949,0.628015,7.29524,92.0269
-171.467,-250.168,10000,-2.4647,-11.4844,-159.983,-159.95,-0.531653,7.29417,92.0214
-171.467,-250.167,10000,-2.61297,-11.484,-159.984,-159.953,-0.775794,7.29261,92.0269
-171.467,-250.167,10000,-2.74347,-11.4831,-159.985,-159.953,-0.0433721,7.29253,92.0269
-171.467,-250.166,10000,-2.85188,-11.4819,-159.986,-159.953,0.261804,7.29306,92.0269
-171.467,-250.165,10000,-2.98337,-11.4806,-159.988,-159.956,-0.0433721,7.29297,92.0269
-171.467,-250.165,10000,-3.07795,-11.4789,-159.99,-159.956,-0.0433721,7.29288,92.0214
-171.467,-250.164,10000,-3.19162,-11.4772,-159.992,-159.959,-0.226478,7.29242,92.0214
-171.467,-250.164,10000,-3.26489,-11.4752,-159.994,-159.959,0.0176631,7.29246,92.0324
-171.467,-250.163,10000,-3.23478,-11.4731,-159.995,-159.956,0.0786982,7.29262,92.0214
-171.467,-250.163,10000,-3.23073,-11.4716,-159.997,-159.959,-0.348548,7.29193,92.0269
-171.467,-250.163,10000,-3.18943,-11.47,-159.998,-159.959,-0.104407,7.29172,92.0324
-171.467,-250.163,10000,-3.10941,-11.4686,-159.999,-159.958,0.0176631,7.29175,92.0214
-171.467,-250.164,10000,-3.01499,-11.4675,-160,-159.958,0.56698,7.29288,92.0324
-171.467,-250.164,10000,-2.84795,-11.4668,-160,-159.955,0.383874,7.29364,92.0324
-171.467,-250.165,10000,-2.67616,-11.4666,-160,-159.955,-0.165442,7.29331,92.0324
-171.467,-250.166,10000,-2.4597,-11.4669,-159.999,-159.952,-0.470618,7.29237,92.0324
-171.467,-250.167,10000,-2.21745,-11.4678,-159.998,-159.95,-0.165442,7.29204,92.0324
-171.467,-250.169,10000,-2.01443,-11.4694,-159.996,-159.95,0.444909,7.29294,92.0324
-171.467,-250.17,10000,-1.80693,-11.4712,-159.993,-159.948,0.322839,7.29358,92.0214
-171.467,-250.171,10000,-1.67242,-11.4736,-159.991,-159.949,0.383874,7.29434,92.0269
-171.467,-250.172,10000,-1.59912,-11.4758,-159.989,-159.949,-0.165442,7.294,92.0269
-171.467,-250.172,10000,-1.58265,-11.478,-159.987,-159.95,-0.470618,7.29306,92.0324
-171.467,-250.172,10000,-1.60849,-11.48,-159.985,-159.95,0.322839,7.29371,92.0269
-171.467,-250.172,10000,-1.67898,-11.4817,-159.984,-159.95,0.0786982,7.29388,92.0214
-171.467,-250.172,10000,-1.84137,-11.4831,-159.983,-159.954,0.0176631,7.29392,92.0269
-171.467,-250.171,10000,-2.01759,-11.4838,-159.983,-159.954,0.200769,7.29431,92.0269
-171.467,-250.17,10000,-2.19767,-11.484,-159.983,-159.954,0.261804,7.29483,92.0324
-171.467,-250.169,10000,-2.31729,-11.4838,-159.983,-159.951,0.0176631,7.29486,92.0269
-171.467,-250.168,10000,-2.43724,-11.4836,-159.984,-159.952,-0.0433721,7.29477,92.0214
-171.467,-250.168,10000,-2.55991,-11.4832,-159.985,-159.952,-0.287513,7.2942,92.0269
-171.467,-250.167,10000,-2.67023,-11.4824,-159.985,-159.953,-0.348548,7.29351,92.0214
-171.467,-250.166,10000,-2.77228,-11.4815,-159.987,-159.953,-0.287513,7.29292,92.0379
-171.467,-250.166,10000,-2.74183,-11.4804,-159.987,-159.948,0.261804,7.29344,92.0324
-171.467,-250.166,10000,-2.70648,-11.48,-159.987,-159.948,0.200769,7.29384,92.0269
-171.467,-250.166,10000,-2.72453,-11.4796,-159.988,-159.951,0.0176631,7.29388,92.0379
-171.467,-250.166,10000,-2.62418,-11.479,-159.988,-159.946,-0.104407,7.29367,92.0324
-171.467,-250.167,10000,-2.535,-11.479,-159.988,-159.946,-0.287513,7.2931,92.0214
-171.467,-250.167,10000,-2.52313,-11.4793,-159.988,-159.95,-0.592689,7.29191,92.0269
-171.467,-250.167,10000,-2.56789,-11.4792,-159.988,-159.953,-0.226478,7.29146,92.0324
-171.467,-250.167,10000,-2.55244,-11.4788,-159.988,-159.95,-0.0433721,7.29136,92.0324
-171.467,-250.167,10000,-2.53556,-11.4787,-159.988,-159.95,0.200769,7.29175,92.0269
-171.467,-250.167,10000,-2.57471,-11.4786,-159.989,-159.953,0.750085,7.29325,92.0214
-171.467,-250.167,10000,-2.6656,-11.4782,-159.99,-159.956,-0.165442,7.29292,92.0269
-171.467,-250.166,10000,-2.73824,-11.4774,-159.991,-159.956,0.0786982,7.29309,92.0324
-171.467,-250.166,10000,-2.78298,-11.4765,-159.991,-159.956,0.0176631,7.29313,92.0269
-171.467,-250.166,10000,-2.80949,-11.4756,-159.992,-159.956,-0.226478,7.29267,92.0324
-171.467,-250.166,10000,-2.81083,-11.4747,-159.993,-159.955,0.0786982,7.29283,92.0324
-171.467,-250.166,10000,-2.79002,-11.474,-159.994,-159.955,0.0786982,7.29298,92.0214
-171.467,-250.166,10000,-2.81539,-11.4734,-159.994,-159.958,-0.165442,7.29265,92.0324
-171.467,-250.165,10000,-2.76404,-11.4725,-159.995,-159.955,0.322839,7.29331,92.0324
-171.467,-250.166,10000,-2.69926,-11.4721,-159.995,-159.955,-0.104407,7.2931,92.0214
-171.467,-250.166,10000,-2.64162,-11.4719,-159.995,-159.955,-0.165442,7.29278,92.0269
-171.467,-250.166,10000,-2.58396,-11.4717,-159.995,-159.955,-0.0433721,7.29268,92.0324
-171.467,-250.167,10000,-2.47305,-11.4717,-159.995,-159.953,0.444909,7.29356,92.0269
-171.467,-250.167,10000,-2.37941,-11.4722,-159.994,-159.953,0.200769,7.29396,92.0214
-171.467,-250.168,10000,-2.3612,-11.4728,-159.994,-159.956,0.261804,7.29448,92.0269
-171.467,-250.168,10000,-2.35023,-11.4731,-159.994,-159.956,-0.104407,7.29428,92.0214
-171.467,-250.168,10000,-2.40239,-11.4734,-159.994,-159.959,-0.0433721,7.2942,92.0269
-171.467,-250.168,10000,-2.44826,-11.4733,-159.994,-159.959,0.0176631,7.29425,92.0324
-171.467,-250.167,10000,-2.43045,-11.4731,-159.994,-159.956,0.139733,7.29453,92.0324
-171.467,-250.168,10000,-2.40922,-11.4733,-159.994,-159.955,0.383874,7.29529,92.0269
-171.467,-250.168,10000,-2.44257,-11.4735,-159.994,-159.958,0.0786982,7.29544,92.0324
-171.467,-250.167,10000,-2.46306,-11.4734,-159.994,-159.957,-0.470618,7.29449,92.0269
-171.467,-250.167,10000,-2.43203,-11.4733,-159.993,-159.955,-0.409583,7.29367,92.0324
-171.467,-250.167,10000,-2.40025,-11.4735,-159.993,-159.955,-0.287513,7.29311,92.0324
-171.467,-250.168,10000,-2.32123,-11.4738,-159.993,-159.952,0.0786982,7.29327,92.0214
-171.467,-250.168,10000,-2.32,-11.4744,-159.992,-159.955,0.200769,7.29366,92.0269
-171.467,-250.168,10000,-2.32716,-11.4747,-159.992,-159.955,-0.104407,7.29346,92.0269
-171.467,-250.168,10000,-2.29323,-11.475,-159.991,-159.953,0.0786982,7.29361,92.0214
-171.467,-250.168,10000,-2.28381,-11.4755,-159.991,-159.953,0.0176631,7.29364,92.0269
-171.467,-250.168,10000,-2.28781,-11.4759,-159.991,-159.954,-0.165442,7.29332,92.0324
-171.467,-250.168,10000,-2.2471,-11.4763,-159.99,-159.951,-0.0433721,7.29324,92.0269
-171.467,-250.169,10000,-2.22817,-11.477,-159.989,-159.952,0.139733,7.29352,92.0214
-171.467,-250.169,10000,-2.28523,-11.4775,-159.989,-159.955,0.139733,7.2938,92.0269
-171.467,-250.168,10000,-2.39478,-11.4777,-159.99,-159.957,0.322839,7.29445,92.0324
-171.467,-250.168,10000,-2.43801,-11.4774,-159.99,-159.954,0.139733,7.29472,92.0269
-171.467,-250.168,10000,-2.43251,-11.4773,-159.99,-159.952,-0.470618,7.29377,92.0324
-171.467,-250.168,10000,-2.37948,-11.4774,-159.989,-159.95,-0.653724,7.29247,92.0214
-171.467,-250.168,10000,-2.40172,-11.4778,-159.989,-159.953,-0.226478,7.29204,92.0324
-171.467,-250.168,10000,-2.3733,-11.4778,-159.989,-159.95,0.139733,7.29233,92.0324
-171.467,-250.168,10000,-2.35318,-11.4781,-159.989,-159.95,0.0786982,7.29248,92.0324
-171.467,-250.168,10000,-2.3409,-11.4785,-159.988,-159.95,0.444909,7.29337,92.0269
-171.467,-250.168,10000,-2.39217,-11.4788,-159.988,-159.953,0.383874,7.29414,92.0324
-171.467,-250.168,10000,-2.4377,-11.4787,-159.988,-159.953,-0.287513,7.29357,92.0324
-171.467,-250.168,10000,-2.4282,-11.4786,-159.988,-159.951,-0.958899,7.29164,92.0269
-171.467,-250.168,10000,-2.478,-11.4787,-159.988,-159.953,-0.165442,7.29132,92.0214
-171.467,-250.167,10000,-2.53392,-11.4785,-159.989,-159.954,0.200769,7.29173,92.0324
-171.467,-250.167,10000,-2.57643,-11.4781,-159.989,-159.954,-0.226478,7.29127,92.0324
-171.467,-250.167,10000,-2.60496,-11.4777,-159.99,-159.953,0.261804,7.29178,92.0269
-171.467,-250.167,10000,-2.62826,-11.4773,-159.99,-159.954,0.383874,7.29254,92.0324
-171.467,-250.167,10000,-2.63744,-11.4768,-159.991,-159.953,0.139733,7.29283,92.0214
-171.467,-250.166,10000,-2.74656,-11.4764,-159.992,-159.959,0.139733,7.29312,92.0324
-171.467,-250.166,10000,-2.77137,-11.4753,-159.992,-159.956,-0.226478,7.29267,92.0324
-171.467,-250.166,10000,-2.72483,-11.4746,-159.993,-159.953,-0.0433721,7.29258,92.0214
-171.467,-250.166,10000,-2.73268,-11.4742,-159.993,-159.956,0.56698,7.29371,92.0269
-171.467,-250.166,10000,-2.72823,-11.4736,-159.994,-159.956,0.81112,7.29533,92.0214
-171.467,-250.166,10000,-2.72083,-11.4731,-159.994,-159.957,-0.165442,7.29498,92.0324
-171.467,-250.166,10000,-2.64654,-11.4725,-159.995,-159.954,-0.714759,7.29355,92.0214
-171.467,-250.166,10000,-2.6323,-11.4725,-159.995,-159.957,-0.287513,7.29298,92.0324
-171.467,-250.166,10000,-2.60386,-11.4722,-159.995,-159.956,-0.348548,7.29229,92.0269
-171.467,-250.167,10000,-2.57243,-11.472,-159.995,-159.956,0.0786982,7.29244,92.0269
-171.467,-250.167,10000,-2.53973,-11.4719,-159.995,-159.956,0.628015,7.29369,92.0324
-171.467,-250.167,10000,-2.49936,-11.4719,-159.995,-159.956,0.0176631,7.29373,92.0324
-171.467,-250.167,10000,-2.45471,-11.472,-159.995,-159.956,-0.165442,7.29339,92.0324
-171.467,-250.167,10000,-2.40894,-11.4722,-159.994,-159.955,-0.226478,7.29294,92.0214
-171.467,-250.168,10000,-2.42852,-11.4725,-159.994,-159.958,-0.531653,7.29188,92.0214
-171.467,-250.168,10000,-2.50151,-11.4725,-159.995,-159.961,-0.409583,7.29106,92.0269
-171.467,-250.167,10000,-2.55836,-11.4721,-159.995,-159.96,0.0176631,7.29109,92.0324
-171.467,-250.167,10000,-2.5908,-11.4716,-159.996,-159.96,0.383874,7.29186,92.0324
-171.467,-250.167,10000,-2.60109,-11.4712,-159.996,-159.959,0.383874,7.29263,92.0269
-171.467,-250.167,10000,-2.64878,-11.4709,-159.997,-159.961,0.261804,7.29315,92.0324
-171.467,-250.166,10000,-2.66768,-11.4703,-159.997,-159.961,-0.287513,7.29258,92.0269
-171.467,-250.166,10000,-2.66971,-11.4698,-159.998,-159.96,-0.104407,7.29238,92.0269
-171.467,-250.166,10000,-2.65671,-11.4693,-159.998,-159.96,0.0176631,7.29242,92.0214
-171.467,-250.166,10000,-2.68768,-11.469,-159.999,-159.962,0.0176631,7.29244,92.0269
-171.467,-250.166,10000,-2.69651,-11.4684,-159.999,-159.962,-0.165442,7.29211,92.0214
-171.467,-250.166,10000,-2.7425,-11.4678,-160,-159.964,-0.165442,7.29177,92.0324
-171.467,-250.166,10000,-2.70322,-11.467,-160,-159.961,0.0786982,7.29193,92.0214
-171.467,-250.166,10000,-2.75538,-11.4667,-160.001,-159.966,0.0176631,7.29197,92.0324
-171.467,-250.166,10000,-2.71927,-11.4658,-160.002,-159.962,-0.348548,7.29129,92.0269
-171.467,-250.166,10000,-2.66687,-11.4654,-160.002,-159.962,-0.531653,7.29022,92.0269
-171.467,-250.166,10000,-2.55519,-11.4652,-160.001,-159.959,0.261804,7.29074,92.0324
-171.467,-250.167,10000,-2.43967,-11.4655,-160.001,-159.959,0.322839,7.29139,92.0269
-171.467,-250.167,10000,-2.33479,-11.466,-160,-159.959,-0.0433721,7.29128,92.0269
-171.467,-250.168,10000,-2.24402,-11.4668,-159.999,-159.958,0.139733,7.29156,92.0269
-171.467,-250.168,10000,-2.17037,-11.4676,-159.998,-159.958,-0.531653,7.29049,92.0324
-171.467,-250.169,10000,-2.10727,-11.4686,-159.997,-159.958,-0.104407,7.29029,92.0269
-171.467,-250.169,10000,-2.06543,-11.4696,-159.996,-159.958,0.322839,7.29094,92.0324
-171.467,-250.169,10000,-2.0361,-11.4706,-159.995,-159.957,0.383874,7.2917,92.0324
-171.467,-250.17,10000,-2.02018,-11.4717,-159.994,-159.957,0.444909,7.29259,92.0214
-171.467,-250.17,10000,-2.03306,-11.4727,-159.993,-159.957,-0.165442,7.29226,92.0214
-171.467,-250.17,10000,-2.07069,-11.4736,-159.993,-159.957,-0.348548,7.29156,92.0324
-171.467,-250.169,10000,-2.06388,-11.4743,-159.992,-159.955,-0.409583,7.29074,92.0214
-171.467,-250.169,10000,-2.13449,-11.4752,-159.991,-159.957,-0.348548,7.29005,92.0269
-171.467,-250.169,10000,-2.16205,-11.4756,-159.991,-159.955,-0.409583,7.28923,92.0324
-171.467,-250.169,10000,-2.14571,-11.4761,-159.99,-159.952,-0.0433721,7.28913,92.0269
-171.467,-250.169,10000,-2.19962,-11.4769,-159.99,-159.955,0.383874,7.28989,92.0324
-171.467,-250.169,10000,-2.25346,-11.4772,-159.99,-159.955,-0.0433721,7.28979,92.0269
-171.467,-250.168,10000,-2.31302,-11.4775,-159.989,-159.955,-0.165442,7.28947,92.0214
-171.467,-250.168,10000,-2.43094,-11.4775,-159.99,-159.958,0.0786982,7.28964,92.0324
-171.467,-250.168,10000,-2.47941,-11.4771,-159.99,-159.955,-0.592689,7.28846,92.0269
-171.467,-250.167,10000,-2.52416,-11.4769,-159.99,-159.955,-0.348548,7.28776,92.0269
-171.467,-250.167,10000,-2.56312,-11.4765,-159.991,-159.955,0.261804,7.28828,92.0324
-171.467,-250.167,10000,-2.58726,-11.4762,-159.991,-159.955,0.68905,7.28966,92.0324
-171.467,-250.167,10000,-2.54952,-11.4758,-159.991,-159.952,0.383874,7.29042,92.0214
-171.467,-250.167,10000,-2.57457,-11.4758,-159.992,-159.955,-0.104407,7.29021,92.0324
-171.467,-250.167,10000,-2.5859,-11.4754,-159.992,-159.955,-0.226478,7.28976,92.0269
-171.467,-250.167,10000,-2.59263,-11.4751,-159.992,-159.955,-0.348548,7.28907,92.0214
-171.467,-250.167,10000,-2.65114,-11.4748,-159.993,-159.958,-0.226478,7.28861,92.0269
-171.467,-250.166,10000,-2.64474,-11.4742,-159.993,-159.955,0.200769,7.28901,92.0269
-171.467,-250.166,10000,-2.63232,-11.4738,-159.993,-159.955,0.139733,7.28929,92.0324
-171.467,-250.166,10000,-2.60746,-11.4735,-159.994,-159.955,-0.287513,7.28871,92.0324
-171.467,-250.167,10000,-2.52466,-11.4733,-159.993,-159.952,-0.226478,7.28826,92.0214
-171.467,-250.167,10000,-2.51048,-11.4735,-159.993,-159.956,-0.348548,7.28756,92.0214
-171.467,-250.167,10000,-2.55286,-11.4735,-159.994,-159.958,0.0176631,7.2876,92.0269
-171.467,-250.167,10000,-2.53583,-11.4731,-159.994,-159.956,-0.165442,7.28727,92.0269
-171.467,-250.167,10000,-2.51816,-11.473,-159.994,-159.956,0.200769,7.28766,92.0324
-171.467,-250.167,10000,-2.49308,-11.473,-159.994,-159.956,0.505944,7.28868,92.0269
-171.467,-250.167,10000,-2.51869,-11.473,-159.994,-159.958,0.0786982,7.28884,92.0324
-171.467,-250.167,10000,-2.57713,-11.4728,-159.995,-159.96,-0.226478,7.28839,92.0324
-171.467,-250.167,10000,-2.56345,-11.4723,-159.995,-159.957,-0.409583,7.28758,92.0379
-171.467,-250.167,10000,-2.48246,-11.4722,-159.995,-159.954,-0.287513,7.28701,92.0324
-171.467,-250.167,10000,-2.35766,-11.4725,-159.994,-159.951,0.139733,7.2873,92.0324
-171.467,-250.168,10000,-2.20314,-11.4732,-159.993,-159.949,0.322839,7.28794,92.0214
-171.467,-250.169,10000,-2.19296,-11.4745,-159.992,-159.954,0.56698,7.28907,92.0214
-171.467,-250.169,10000,-2.20674,-11.4751,-159.991,-159.955,0.200769,7.28947,92.0269
-171.467,-250.169,10000,-2.18447,-11.4756,-159.991,-159.953,-0.531653,7.28841,92.0269
-171.467,-250.169,10000,-2.18246,-11.4763,-159.99,-159.953,-0.409583,7.28759,92.0269
-171.467,-250.169,10000,-2.19826,-11.4769,-159.99,-159.953,-0.165442,7.28727,92.0214
-171.467,-250.169,10000,-2.28467,-11.4774,-159.99,-159.956,-0.287513,7.28669,92.0324
-171.467,-250.168,10000,-2.31399,-11.4775,-159.989,-159.953,0.322839,7.28733,92.0214
-171.467,-250.168,10000,-2.40711,-11.4777,-159.99,-159.956,0.139733,7.2876,92.0269
-171.467,-250.168,10000,-2.54062,-11.4774,-159.99,-159.959,0.0176631,7.28764,92.0379
-171.467,-250.167,10000,-2.58838,-11.4766,-159.991,-159.955,0.0176631,7.28768,92.0269
-171.467,-250.167,10000,-2.67541,-11.4762,-159.992,-159.958,-0.409583,7.28687,92.0214
-171.467,-250.166,10000,-2.79748,-11.4754,-159.993,-159.96,-0.104407,7.28667,92.0269
-171.467,-250.166,10000,-2.8852,-11.4741,-159.994,-159.96,0.444909,7.28755,92.0324
-171.467,-250.165,10000,-2.93098,-11.4728,-159.995,-159.96,0.261804,7.28808,92.0214
-171.467,-250.165,10000,-2.95413,-11.4716,-159.997,-159.96,0.444909,7.28896,92.0214
-171.467,-250.165,10000,-3.0527,-11.4705,-159.998,-159.965,-0.0433721,7.28887,92.0324
-171.467,-250.164,10000,-3.04641,-11.4688,-159.999,-159.961,-0.470618,7.28793,92.0324
-171.467,-250.164,10000,-2.99986,-11.4676,-160,-159.961,-0.409583,7.28712,92.0214
-171.467,-250.164,10000,-2.9366,-11.4666,-160.001,-159.961,-0.287513,7.28655,92.0214
-171.467,-250.165,10000,-2.86128,-11.4659,-160.002,-159.961,-0.0433721,7.28646,92.0214
-171.467,-250.165,10000,-2.77826,-11.4653,-160.002,-159.961,0.322839,7.2871,92.0324
-171.467,-250.166,10000,-2.67623,-11.465,-160.002,-159.96,0.383874,7.28786,92.0269
-171.467,-250.166,10000,-2.52248,-11.465,-160.001,-159.957,-0.165442,7.28753,92.0379
-171.467,-250.167,10000,-2.31783,-11.4655,-160,-159.954,-0.165442,7.2872,92.0269
-171.467,-250.168,10000,-2.09741,-11.4667,-159.999,-159.952,-0.409583,7.28638,92.0324
-171.467,-250.169,10000,-1.86831,-11.4684,-159.996,-159.95,-0.0433721,7.28629,92.0324
-171.467,-250.17,10000,-1.64517,-11.4707,-159.994,-159.947,0.322839,7.28693,92.0214
-171.467,-250.172,10000,-1.55237,-11.4734,-159.991,-159.951,0.139733,7.28721,92.0324
-171.467,-250.172,10000,-1.51054,-11.4758,-159.989,-159.951,0.261804,7.28773,92.0324
-171.467,-250.172,10000,-1.46794,-11.478,-159.987,-159.948,0.322839,7.28838,92.0269
-171.467,-250.173,10000,-1.53451,-11.4803,-159.985,-159.951,-0.165442,7.28806,92.0269
-171.467,-250.172,10000,-1.69041,-11.4821,-159.984,-159.954,-0.348548,7.28737,92.0269
-171.467,-250.172,10000,-1.86657,-11.4831,-159.983,-159.954,-0.165442,7.28704,92.0214
-171.467,-250.171,10000,-2.15709,-11.4836,-159.984,-159.959,0.444909,7.28793,92.0269
-171.467,-250.169,10000,-2.32823,-11.4831,-159.984,-159.955,0.505944,7.28894,92.0269
-171.467,-250.168,10000,-2.48878,-11.4826,-159.985,-159.955,0.56698,7.29007,92.0324
-171.467,-250.167,10000,-2.5766,-11.4819,-159.986,-159.952,-0.226478,7.28962,92.0214
-171.467,-250.167,10000,-2.7122,-11.4813,-159.987,-159.955,-0.0433721,7.28954,92.0324
-171.467,-250.166,10000,-2.76737,-11.4802,-159.988,-159.952,-0.104407,7.28933,92.0324
-171.467,-250.166,10000,-2.80059,-11.4793,-159.989,-159.952,-0.592689,7.28814,92.0269
-171.467,-250.166,10000,-2.8213,-11.4784,-159.989,-159.953,0.0176631,7.28817,92.0214
-171.467,-250.166,10000,-2.88576,-11.4776,-159.991,-159.956,0.68905,7.28955,92.0214
-171.467,-250.165,10000,-2.98166,-11.4764,-159.992,-159.958,0.261804,7.29007,92.0214
-171.467,-250.165,10000,-3.04904,-11.4749,-159.994,-159.959,-0.226478,7.28961,92.0269
-171.467,-250.164,10000,-3.0796,-11.4733,-159.995,-159.959,-0.836829,7.28793,92.0324
-171.467,-250.164,10000,-3.01999,-11.4719,-159.996,-159.956,-0.226478,7.28749,92.0324
-171.467,-250.164,10000,-2.88762,-11.4709,-159.996,-159.953,-0.0433721,7.2874,92.0324
-171.467,-250.165,10000,-2.74832,-11.4706,-159.996,-159.953,0.322839,7.28805,92.0214
-171.467,-250.166,10000,-2.67348,-11.4706,-159.997,-159.956,0.0176631,7.28808,92.0269
-171.467,-250.166,10000,-2.59849,-11.4704,-159.997,-159.956,-0.0433721,7.28799,92.0269
-171.467,-250.167,10000,-2.52644,-11.4705,-159.996,-159.956,0.261804,7.28852,92.0379
-171.467,-250.167,10000,-2.39653,-11.4706,-159.996,-159.953,-0.470618,7.28758,92.0324
-171.467,-250.168,10000,-2.28137,-11.4713,-159.995,-159.953,-0.714759,7.28614,92.0269
-171.467,-250.168,10000,-2.19261,-11.4722,-159.994,-159.953,0.261804,7.28666,92.0269
-171.467,-250.169,10000,-2.17928,-11.4732,-159.993,-159.956,0.628015,7.28791,92.0269
-171.467,-250.169,10000,-2.22941,-11.4739,-159.993,-159.958,-0.287513,7.28733,92.0214
-171.467,-250.169,10000,-2.33805,-11.4741,-159.993,-159.961,0.383874,7.2881,92.0269
-171.467,-250.168,10000,-2.48254,-11.474,-159.994,-159.963,-0.104407,7.28789,92.0324
-171.467,-250.167,10000,-2.59308,-11.4733,-159.994,-159.962,0.200769,7.28829,92.0269
-171.467,-250.167,10000,-2.72602,-11.4725,-159.996,-159.964,-0.0433721,7.28821,92.0324
-171.467,-250.166,10000,-2.76567,-11.4714,-159.996,-159.96,0.200769,7.28861,92.0269
-171.467,-250.166,10000,-2.73354,-11.4706,-159.997,-159.958,0.505944,7.28962,92.0324
-171.467,-250.166,10000,-2.68315,-11.4702,-159.997,-159.957,-0.104407,7.2894,92.0324
-171.467,-250.166,10000,-2.619,-11.4699,-159.997,-159.957,-0.287513,7.28883,92.0269
-171.467,-250.166,10000,-2.55444,-11.4698,-159.997,-159.957,-0.0433721,7.28874,92.0269
-171.467,-250.167,10000,-2.54089,-11.4699,-159.997,-159.959,-0.226478,7.28829,92.0214
-171.467,-250.167,10000,-2.52903,-11.4698,-159.997,-159.959,0.0176631,7.28833,92.0269
-171.467,-250.167,10000,-2.55945,-11.4697,-159.998,-159.962,0.261804,7.28884,92.0269
-171.467,-250.167,10000,-2.52655,-11.4694,-159.998,-159.959,0.444909,7.28973,92.0324
-171.467,-250.167,10000,-2.48303,-11.4694,-159.997,-159.958,0.200769,7.29013,92.0269
-171.467,-250.167,10000,-2.39282,-11.4695,-159.997,-159.956,-0.226478,7.28968,92.0324
-171.467,-250.168,10000,-2.30854,-11.4701,-159.996,-159.955,-0.531653,7.28862,92.0269
-171.467,-250.168,10000,-2.24174,-11.4708,-159.995,-159.955,-0.409583,7.2878,92.0269
-171.467,-250.168,10000,-2.24196,-11.4715,-159.995,-159.958,0.322839,7.28846,92.0324
-171.467,-250.168,10000,-2.19362,-11.472,-159.994,-159.955,0.383874,7.28922,92.0214
-171.467,-250.169,10000,-2.17261,-11.4728,-159.993,-159.956,0.444909,7.2901,92.0269
-171.467,-250.169,10000,-2.16816,-11.4735,-159.993,-159.956,0.0786982,7.29026,92.0214
-171.467,-250.169,10000,-2.23473,-11.4742,-159.993,-159.958,-0.470618,7.28932,92.0269
-171.467,-250.169,10000,-2.25298,-11.4744,-159.992,-159.956,-0.775794,7.28777,92.0269
-171.467,-250.168,10000,-2.27928,-11.4748,-159.992,-159.956,-0.348548,7.28708,92.0269
-171.467,-250.168,10000,-2.31137,-11.475,-159.992,-159.956,0.0786982,7.28724,92.0324
-171.467,-250.168,10000,-2.33922,-11.4752,-159.992,-159.956,0.322839,7.28788,92.0269
-171.467,-250.168,10000,-2.41933,-11.4754,-159.992,-159.958,0.56698,7.289,92.0269
-171.467,-250.168,10000,-2.4898,-11.4751,-159.992,-159.958,0.261804,7.28952,92.0324
-171.467,-250.167,10000,-2.49291,-11.4748,-159.992,-159.955,0.0176631,7.28956,92.0324
-171.467,-250.167,10000,-2.48867,-11.4747,-159.992,-159.955,-0.531653,7.2885,92.0324
-171.467,-250.167,10000,-2.43034,-11.4747,-159.992,-159.952,-0.104407,7.2883,92.0324
-171.467,-250.168,10000,-2.42652,-11.475,-159.992,-159.954,0.505944,7.28932,92.0214
-171.467,-250.168,10000,-2.48372,-11.4751,-159.992,-159.957,0.750085,7.29082,92.0324
-171.467,-250.167,10000,-2.42844,-11.4748,-159.992,-159.952,0.68905,7.29218,92.0324
-171.467,-250.168,10000,-2.42719,-11.4751,-159.992,-159.954,0.139733,7.29246,92.0269
-171.467,-250.168,10000,-2.38233,-11.4752,-159.991,-159.952,-0.348548,7.29176,92.0269
-171.467,-250.168,10000,-2.35188,-11.4756,-159.991,-159.952,-0.775794,7.29022,92.0214
-171.467,-250.168,10000,-2.34357,-11.476,-159.991,-159.953,0.0176631,7.29026,92.0214
-171.467,-250.168,10000,-2.40224,-11.4763,-159.991,-159.956,0.322839,7.2909,92.0214
-171.467,-250.168,10000,-2.46544,-11.4762,-159.991,-159.957,0.505944,7.29191,92.0269
-171.467,-250.167,10000,-2.52117,-11.4759,-159.991,-159.956,0.139733,7.29219,92.0324
-171.467,-250.167,10000,-2.56012,-11.4755,-159.992,-159.956,0.261804,7.29271,92.0269
-171.467,-250.167,10000,-2.59076,-11.4752,-159.992,-159.956,-0.653724,7.2914,92.0269
-171.467,-250.167,10000,-2.56478,-11.4748,-159.992,-159.954,-0.836829,7.28973,92.0269
-171.467,-250.167,10000,-2.49295,-11.4746,-159.992,-159.952,0.200769,7.29014,92.0324
-171.467,-250.167,10000,-2.42649,-11.4749,-159.992,-159.952,0.322839,7.29079,92.0324
-171.467,-250.168,10000,-2.3202,-11.4753,-159.991,-159.949,0.383874,7.29156,92.0269
-171.467,-250.168,10000,-2.24256,-11.476,-159.99,-159.95,-0.0433721,7.29147,92.0269
-171.467,-250.169,10000,-2.19289,-11.4768,-159.989,-159.95,0.0176631,7.2915,92.0269
-171.467,-250.169,10000,-2.21849,-11.4776,-159.989,-159.953,0.0176631,7.29153,92.0214
-171.467,-250.169,10000,-2.26513,-11.4781,-159.989,-159.954,-0.0433721,7.29146,92.0324
-171.467,-250.168,10000,-2.2632,-11.4783,-159.988,-159.951,-0.226478,7.29101,92.0269
-171.467,-250.168,10000,-2.32676,-11.4787,-159.988,-159.954,-0.226478,7.29056,92.0269
-171.467,-250.168,10000,-2.39326,-11.4788,-159.988,-159.954,0.505944,7.29156,92.0214
-171.467,-250.168,10000,-2.46688,-11.4787,-159.989,-159.954,0.200769,7.29195,92.0269
-171.467,-250.167,10000,-2.48683,-11.4783,-159.989,-159.952,0.0176631,7.29198,92.0269
-171.467,-250.167,10000,-2.50942,-11.4782,-159.989,-159.953,-0.165442,7.29165,92.0324
-171.467,-250.167,10000,-2.52496,-11.478,-159.989,-159.952,-0.531653,7.29059,92.0324
-171.467,-250.167,10000,-2.48569,-11.4778,-159.989,-159.95,-0.409583,7.28977,92.0324
-171.467,-250.167,10000,-2.40332,-11.4779,-159.989,-159.948,0.68905,7.29114,92.0214
-171.467,-250.168,10000,-2.40152,-11.4784,-159.988,-159.951,1.1163,7.29337,92.0269
-171.467,-250.168,10000,-2.41048,-11.4786,-159.988,-159.951,0.200769,7.29377,92.0324
-171.467,-250.168,10000,-2.42,-11.4787,-159.988,-159.951,-0.165442,7.29344,92.0324
-171.467,-250.168,10000,-2.42988,-11.4787,-159.988,-159.951,-0.226478,7.29299,92.0214
-171.467,-250.168,10000,-2.50371,-11.4788,-159.989,-159.954,-0.836829,7.29131,92.0269
-171.467,-250.167,10000,-2.52252,-11.4784,-159.989,-159.952,-0.165442,7.29098,92.0269
-171.467,-250.167,10000,-2.54253,-11.4782,-159.989,-159.953,0.444909,7.29187,92.0269
-171.467,-250.167,10000,-2.51444,-11.4779,-159.989,-159.95,0.444909,7.29276,92.0214
-171.467,-250.167,10000,-2.55207,-11.4779,-159.989,-159.954,0.505944,7.29378,92.0324
-171.467,-250.167,10000,-2.52978,-11.4776,-159.989,-159.951,0.505944,7.29479,92.0269
-171.467,-250.167,10000,-2.51455,-11.4775,-159.989,-159.951,-0.348548,7.29409,92.0214
-171.467,-250.167,10000,-2.56211,-11.4775,-159.99,-159.955,-0.897864,7.29229,92.0214
-171.467,-250.167,10000,-2.6109,-11.4771,-159.99,-159.955,-0.470618,7.29135,92.0269
-171.467,-250.167,10000,-2.6497,-11.4766,-159.991,-159.955,0.0176631,7.29138,92.0269
-171.467,-250.166,10000,-2.62945,-11.476,-159.991,-159.953,0.872155,7.29312,92.0269
-171.467,-250.167,10000,-2.60919,-11.4757,-159.991,-159.953,0.322839,7.29376,92.0324
-171.467,-250.167,10000,-2.53352,-11.4755,-159.991,-159.951,-0.0433721,7.29367,92.0324
-171.467,-250.167,10000,-2.46358,-11.4757,-159.991,-159.951,-0.0433721,7.29359,92.0214
-171.467,-250.167,10000,-2.46604,-11.476,-159.991,-159.954,-0.226478,7.29314,92.0269
-171.467,-250.167,10000,-2.47208,-11.476,-159.991,-159.954,-0.165442,7.29282,92.0324
-171.467,-250.167,10000,-2.47265,-11.4759,-159.991,-159.954,-0.165442,7.29249,92.0214
-171.467,-250.167,10000,-2.53321,-11.4759,-159.991,-159.957,0.261804,7.293,92.0324
-171.467,-250.167,10000,-2.57517,-11.4755,-159.992,-159.956,0.139733,7.29328,92.0324
-171.467,-250.167,10000,-2.50403,-11.4751,-159.992,-159.951,0.139733,7.29356,92.0324
-171.467,-250.167,10000,-2.43815,-11.4753,-159.991,-159.951,-0.226478,7.29311,92.0269
-171.467,-250.168,10000,-2.3886,-11.4757,-159.991,-159.952,-0.592689,7.29192,92.0324
-171.467,-250.168,10000,-2.39534,-11.4761,-159.991,-159.954,0.200769,7.29233,92.0324
-171.467,-250.168,10000,-2.40004,-11.4762,-159.991,-159.954,0.139733,7.2926,92.0214
-171.467,-250.168,10000,-2.46738,-11.4763,-159.991,-159.957,0.56698,7.29373,92.0324
-171.467,-250.167,10000,-2.47082,-11.476,-159.991,-159.954,-0.0433721,7.29363,92.0324
-171.467,-250.167,10000,-2.46923,-11.476,-159.991,-159.954,0.261804,7.29415,92.0324
-171.467,-250.167,10000,-2.41548,-11.476,-159.991,-159.951,-0.470618,7.29321,92.0324
-171.467,-250.168,10000,-2.36985,-11.4763,-159.99,-159.951,-0.836829,7.29154,92.0379
-171.467,-250.168,10000,-2.32534,-11.4767,-159.99,-159.951,0.200769,7.29194,92.0269
-171.467,-250.168,10000,-2.30019,-11.4772,-159.989,-159.951,0.200769,7.29235,92.0324
-171.467,-250.168,10000,-2.23688,-11.4777,-159.989,-159.949,0.505944,7.29337,92.0214
-171.467,-250.169,10000,-2.20958,-11.4784,-159.988,-159.95,0.628015,7.29462,92.0269
-171.467,-250.169,10000,-2.20665,-11.4791,-159.987,-159.95,-0.226478,7.29417,92.0379
-171.467,-250.169,10000,-2.20857,-11.4797,-159.987,-159.95,-0.409583,7.29335,92.0269
-171.467,-250.169,10000,-2.2313,-11.4802,-159.986,-159.95,-0.470618,7.29242,92.0214
-171.467,-250.169,10000,-2.32688,-11.4806,-159.986,-159.953,-0.226478,7.29196,92.0324
-171.467,-250.168,10000,-2.3664,-11.4805,-159.986,-159.951,0.0176631,7.29199,92.0214
-171.467,-250.168,10000,-2.47,-11.4806,-159.987,-159.954,0.56698,7.29311,92.0379
-171.467,-250.167,10000,-2.50132,-11.4801,-159.987,-159.951,0.628015,7.29437,92.0214
-171.467,-250.167,10000,-2.54328,-11.4799,-159.987,-159.952,-0.226478,7.29392,92.0269
-171.467,-250.167,10000,-2.63213,-11.4796,-159.988,-159.954,-0.470618,7.29298,92.0269
-171.467,-250.167,10000,-2.70658,-11.4788,-159.989,-159.955,-0.287513,7.2924,92.0324
-171.467,-250.166,10000,-2.70834,-11.478,-159.99,-159.952,-0.0433721,7.29231,92.0324
-171.467,-250.166,10000,-2.64923,-11.4775,-159.99,-159.95,0.93319,7.29417,92.0214
-171.467,-250.166,10000,-2.65496,-11.4773,-159.99,-159.953,1.05526,7.29628,92.0324
-171.467,-250.166,10000,-2.6008,-11.4769,-159.99,-159.95,0.383874,7.29704,92.0324
-171.467,-250.167,10000,-2.54734,-11.4768,-159.99,-159.95,-0.836829,7.29536,92.0324
-171.467,-250.167,10000,-2.49688,-11.4769,-159.99,-159.95,-0.836829,7.29369,92.0379
-171.467,-250.167,10000,-2.39536,-11.4771,-159.989,-159.948,0.0176631,7.29373,92.0214
-171.467,-250.168,10000,-2.37692,-11.4776,-159.989,-159.951,0.322839,7.29437,92.0214
-171.467,-250.168,10000,-2.38016,-11.4779,-159.989,-159.952,0.261804,7.29489,92.0269
-171.467,-250.168,10000,-2.39359,-11.4781,-159.989,-159.952,0.261804,7.29541,92.0324
-171.467,-250.168,10000,-2.40667,-11.4782,-159.989,-159.952,0.200769,7.29581,92.0324
-171.467,-250.168,10000,-2.37083,-11.4782,-159.988,-159.95,-0.226478,7.29537,92.0324
-171.467,-250.168,10000,-2.39343,-11.4786,-159.988,-159.952,-0.897864,7.29357,92.0214
-171.467,-250.168,10000,-2.4788,-11.4787,-159.989,-159.955,-0.470618,7.29264,92.0324
-171.467,-250.167,10000,-2.49985,-11.4783,-159.989,-159.952,-0.104407,7.29243,92.0324
-171.467,-250.167,10000,-2.51482,-11.4781,-159.989,-159.952,0.628015,7.29369,92.0214
-171.467,-250.167,10000,-2.58814,-11.4779,-159.99,-159.955,0.56698,7.29482,92.0379
-171.467,-250.167,10000,-2.58543,-11.4774,-159.99,-159.952,0.0786982,7.29498,92.0324
-171.467,-250.167,10000,-2.57558,-11.4771,-159.99,-159.952,0.0786982,7.29515,92.0269
-171.467,-250.167,10000,-2.61641,-11.4769,-159.991,-159.955,-1.08097,7.29298,92.0324
-171.467,-250.167,10000,-2.5917,-11.4764,-159.991,-159.952,-1.20304,7.29058,92.0324
-171.467,-250.167,10000,-2.51427,-11.4762,-159.991,-159.95,0.200769,7.29097,92.0324
-171.467,-250.167,10000,-2.44489,-11.4765,-159.99,-159.95,0.628015,7.29222,92.0269
-171.467,-250.167,10000,-2.39375,-11.4768,-159.99,-159.95,0.628015,7.29348,92.0324
-171.467,-250.168,10000,-2.35203,-11.4772,-159.989,-159.95,0.383874,7.29425,92.0269
-171.467,-250.168,10000,-2.32865,-11.4776,-159.989,-159.951,-0.287513,7.29369,92.0269
-171.467,-250.168,10000,-2.3223,-11.478,-159.989,-159.951,-0.348548,7.293,92.0324
-171.467,-250.168,10000,-2.32273,-11.4784,-159.988,-159.951,-0.531653,7.29195,92.0269
-171.467,-250.168,10000,-2.38516,-11.4787,-159.988,-159.954,-0.104407,7.29173,92.0214
-171.467,-250.168,10000,-2.50386,-11.4786,-159.989,-159.957,0.994226,7.29372,92.0269
-171.467,-250.167,10000,-2.65529,-11.478,-159.99,-159.959,0.750085,7.29522,92.0269
-171.467,-250.166,10000,-2.82605,-11.4769,-159.992,-159.961,0.261804,7.29575,92.0269
-171.467,-250.165,10000,-2.9544,-11.4754,-159.993,-159.961,0.322839,7.29641,92.0214
-171.467,-250.165,10000,-3.09671,-11.4738,-159.995,-159.963,-0.287513,7.29584,92.0214
-171.467,-250.164,10000,-3.28929,-11.4718,-159.998,-159.968,0.56698,7.29698,92.0324
-171.467,-250.163,10000,-3.35114,-11.4693,-160,-159.964,0.628015,7.29824,92.0214
-171.467,-250.163,10000,-3.41132,-11.4671,-160.002,-159.967,0.322839,7.29888,92.0324
-171.467,-250.162,10000,-3.35212,-11.4648,-160.004,-159.963,0.261804,7.2994,92.0324
-171.467,-250.163,10000,-3.2426,-11.4631,-160.005,-159.962,0.261804,7.29993,92.0214
-171.467,-250.163,10000,-3.15797,-11.4619,-160.006,-159.965,-0.0433721,7.29986,92.0214
-171.467,-250.163,10000,-3.04817,-11.4608,-160.007,-159.964,0.0786982,7.30003,92.0214
-171.467,-250.164,10000,-2.92082,-11.46,-160.007,-159.964,-0.348548,7.29934,92.0324
-171.467,-250.165,10000,-2.72016,-11.4595,-160.007,-159.961,0.261804,7.29985,92.0214
-171.467,-250.166,10000,-2.53194,-11.4598,-160.006,-159.961,0.93319,7.30172,92.0214
-171.467,-250.167,10000,-2.41111,-11.4605,-160.006,-159.963,-0.226478,7.30126,92.0324
-171.467,-250.167,10000,-2.28777,-11.4611,-160.005,-159.963,-0.409583,7.30045,92.0324
-171.467,-250.168,10000,-2.16913,-11.462,-160.004,-159.962,-0.226478,7.3,92.0324
-171.467,-250.169,10000,-2.01313,-11.4632,-160.002,-159.959,0.200769,7.3004,92.0214
-171.467,-250.17,10000,-1.89943,-11.4648,-160,-159.959,-0.0433721,7.30031,92.0269
-171.467,-250.17,10000,-1.81998,-11.4665,-159.999,-159.959,0.322839,7.30095,92.0324
-171.467,-250.171,10000,-1.76661,-11.4682,-159.997,-159.958,0.505944,7.30195,92.0269
-171.467,-250.171,10000,-1.74784,-11.47,-159.995,-159.958,0.139733,7.30222,92.0269
-171.467,-250.171,10000,-1.76051,-11.4716,-159.994,-159.958,-0.653724,7.30093,92.0324
-171.467,-250.171,10000,-1.79283,-11.473,-159.993,-159.957,-1.142,7.29865,92.0324
-171.467,-250.171,10000,-1.84186,-11.4743,-159.992,-159.957,-1.01993,7.29661,92.0324
-171.467,-250.171,10000,-1.90431,-11.4755,-159.991,-159.956,-0.104407,7.2964,92.0269
-171.467,-250.17,10000,-1.98458,-11.4764,-159.99,-159.956,0.628015,7.29766,92.0214
-171.467,-250.17,10000,-2.13327,-11.4771,-159.99,-159.959,0.0786982,7.29782,92.0214
-171.467,-250.169,10000,-2.332,-11.4772,-159.99,-159.962,-0.165442,7.29747,92.0214
-171.467,-250.168,10000,-2.56317,-11.4766,-159.992,-159.964,-0.714759,7.29604,92.0324
-171.467,-250.167,10000,-2.6971,-11.4754,-159.993,-159.961,-1.142,7.29374,92.0214
-171.467,-250.166,10000,-2.85542,-11.4744,-159.994,-159.963,-0.592689,7.29256,92.0214
-171.467,-250.165,10000,-3.02492,-11.4729,-159.996,-159.966,-0.409583,7.29174,92.0214
-171.467,-250.164,10000,-3.14543,-11.4709,-159.998,-159.965,0.139733,7.29202,92.0324
-171.467,-250.164,10000,-3.15349,-11.469,-160,-159.962,0.0176631,7.29205,92.0214
-171.467,-250.164,10000,-3.13009,-11.4674,-160.001,-159.962,-0.653724,7.29074,92.0214
-171.467,-250.164,10000,-3.12799,-11.4661,-160.002,-159.964,-0.897864,7.28894,92.0269
-171.467,-250.164,10000,-3.08516,-11.4647,-160.003,-159.964,-0.836829,7.28727,92.0324
-171.467,-250.164,10000,-3.00109,-11.4635,-160.004,-159.963,-0.348548,7.28657,92.0214
-171.467,-250.164,10000,-2.9493,-11.4627,-160.005,-159.965,-0.165442,7.28625,92.0214
-171.467,-250.165,10000,-2.87678,-11.4619,-160.006,-159.965,0.0176631,7.28628,92.0214
-171.467,-250.165,10000,-2.7897,-11.4613,-160.006,-159.965,0.322839,7.28692,92.0324
-171.467,-250.165,10000,-2.62993,-11.461,-160.006,-159.961,-0.165442,7.28659,92.0269
-171.467,-250.166,10000,-2.4257,-11.4613,-160.005,-159.959,-0.592689,7.28541,92.0214
-171.467,-250.167,10000,-2.29913,-11.4622,-160.004,-159.961,-0.714759,7.28398,92.0214
-171.467,-250.168,10000,-2.14637,-11.4631,-160.003,-159.959,-0.287513,7.28341,92.0324
-171.467,-250.169,10000,-1.96522,-11.4645,-160.001,-159.956,-0.104407,7.2832,92.0214
-171.467,-250.17,10000,-1.88311,-11.4663,-159.999,-159.959,0.505944,7.28421,92.0269
-171.467,-250.17,10000,-1.83219,-11.4679,-159.997,-159.959,0.505944,7.28522,92.0269
-171.467,-250.171,10000,-1.81215,-11.4695,-159.996,-159.958,-0.348548,7.28451,92.0214
-171.467,-250.171,10000,-1.87648,-11.471,-159.995,-159.961,-0.958899,7.28259,92.0214
-171.467,-250.17,10000,-1.96127,-11.472,-159.994,-159.961,-0.958899,7.28068,92.0269
-171.467,-250.17,10000,-2.05195,-11.4727,-159.994,-159.961,-0.470618,7.27975,92.0269
-171.467,-250.169,10000,-2.14459,-11.4732,-159.993,-159.96,-0.104407,7.27954,92.0214
-171.467,-250.169,10000,-2.24283,-11.4735,-159.993,-159.961,0.68905,7.28092,92.0269
-171.467,-250.168,10000,-2.33406,-11.4736,-159.994,-159.96,0.322839,7.28156,92.0324
-171.467,-250.168,10000,-2.40739,-11.4735,-159.994,-159.96,-0.226478,7.2811,92.0379
-171.467,-250.168,10000,-2.40663,-11.4733,-159.994,-159.956,-0.897864,7.2793,92.0324
-171.467,-250.168,10000,-2.44874,-11.4734,-159.994,-159.958,-0.470618,7.27837,92.0324
-171.467,-250.167,10000,-2.47603,-11.4732,-159.994,-159.958,-0.409583,7.27756,92.0324
-171.467,-250.167,10000,-2.48982,-11.4731,-159.994,-159.957,-0.0433721,7.27747,92.0159
-171.467,-250.167,10000,-2.61181,-11.473,-159.995,-159.963,0.750085,7.27897,92.0269
-171.467,-250.167,10000,-2.70472,-11.4722,-159.996,-159.962,0.383874,7.27974,92.0324
-171.467,-250.166,10000,-2.66413,-11.4712,-159.996,-159.957,-0.531653,7.27867,92.0214
-171.467,-250.166,10000,-2.67484,-11.471,-159.997,-159.959,-1.08097,7.27649,92.0214
-171.467,-250.166,10000,-2.67834,-11.4705,-159.997,-159.96,-0.592689,7.27531,92.0269
-171.467,-250.166,10000,-2.66704,-11.47,-159.997,-159.959,0.505944,7.27634,92.0269
-171.467,-250.166,10000,-2.5961,-11.4696,-159.997,-159.957,1.05526,7.27847,92.0269
-171.467,-250.167,10000,-2.47806,-11.4696,-159.997,-159.954,0.68905,7.27984,92.0324
-171.467,-250.167,10000,-2.36728,-11.4701,-159.996,-159.954,0.505944,7.28084,92.0214
-171.467,-250.168,10000,-2.28449,-11.4708,-159.995,-159.955,-0.165442,7.2805,92.0324
-171.467,-250.168,10000,-2.16533,-11.4715,-159.994,-159.952,-0.653724,7.27919,92.0324
-171.467,-250.169,10000,-2.07065,-11.4727,-159.993,-159.952,-0.592689,7.27801,92.0324
-171.467,-250.169,10000,-2.00251,-11.4739,-159.992,-159.952,-0.104407,7.27781,92.0214
-171.467,-250.17,10000,-2.07321,-11.4752,-159.991,-159.957,0.68905,7.27919,92.0214
-171.467,-250.169,10000,-2.20814,-11.4758,-159.991,-159.96,0.994226,7.28119,92.0324
-171.467,-250.169,10000,-2.27786,-11.4757,-159.991,-159.957,0.383874,7.28194,92.0269
-171.467,-250.168,10000,-2.39558,-11.4759,-159.991,-159.959,0.200769,7.28234,92.0214
-171.467,-250.168,10000,-2.50681,-11.4755,-159.992,-159.96,-0.470618,7.2814,92.0324
-171.467,-250.167,10000,-2.54352,-11.4749,-159.992,-159.957,-0.653724,7.28009,92.0324
-171.467,-250.167,10000,-2.5162,-11.4746,-159.992,-159.954,0.139733,7.28039,92.0324
-171.467,-250.167,10000,-2.48533,-11.4746,-159.992,-159.954,1.42147,7.28324,92.0214
-171.467,-250.167,10000,-2.517,-11.4747,-159.993,-159.957,0.322839,7.28388,92.0269
-171.467,-250.167,10000,-2.59109,-11.4745,-159.993,-159.959,-0.836829,7.28219,92.0269
-171.467,-250.167,10000,-2.64759,-11.4739,-159.994,-159.959,-0.653724,7.28087,92.0214
-171.467,-250.166,10000,-2.7428,-11.4732,-159.995,-159.961,-0.714759,7.27944,92.0269
-171.467,-250.166,10000,-2.8076,-11.4722,-159.996,-159.961,-0.165442,7.27911,92.0269
-171.467,-250.165,10000,-2.84354,-11.4712,-159.997,-159.961,0.261804,7.27963,92.0269
-171.467,-250.165,10000,-2.80426,-11.4703,-159.997,-159.958,0.872155,7.28137,92.0269
-171.467,-250.165,10000,-2.80058,-11.4697,-159.998,-159.96,0.505944,7.28238,92.0269
-171.467,-250.165,10000,-2.77642,-11.469,-159.999,-159.96,-0.836829,7.28068,92.0324
-171.467,-250.166,10000,-2.6802,-11.4684,-159.999,-159.957,-0.836829,7.27899,92.0214
-171.467,-250.166,10000,-2.64044,-11.4684,-159.999,-159.96,-1.32511,7.27633,92.0269
-171.467,-250.166,10000,-2.6411,-11.4681,-159.999,-159.962,-1.01993,7.27428,92.0214
-171.467,-250.166,10000,-2.58603,-11.4678,-159.999,-159.959,-0.592689,7.2731,92.0269
-171.467,-250.167,10000,-2.52725,-11.4677,-159.999,-159.959,-0.592689,7.27192,92.0324
-171.467,-250.167,10000,-2.46002,-11.4678,-159.999,-159.959,-0.409583,7.2711,92.0269
-171.467,-250.167,10000,-2.39694,-11.4681,-159.998,-159.958,-1.08097,7.26894,92.0324
-171.467,-250.168,10000,-2.28492,-11.4686,-159.998,-159.956,-2.24064,7.26446,92.0214
-171.467,-250.168,10000,-2.25076,-11.4694,-159.997,-159.958,-2.42374,7.25961,92.0324
-171.467,-250.168,10000,-2.21885,-11.47,-159.996,-159.958,-1.75236,7.2561,92.0269
-171.467,-250.169,10000,-2.19924,-11.4707,-159.996,-159.958,-1.26408,7.25354,92.0269
-171.467,-250.169,10000,-2.19172,-11.4713,-159.995,-159.958,0.0786982,7.25371,92.0324
-171.467,-250.169,10000,-2.18727,-11.472,-159.994,-159.957,-0.226478,7.25325,92.0214
-171.467,-250.169,10000,-2.25082,-11.4726,-159.994,-159.96,-0.897864,7.25147,92.0324
-171.467,-250.168,10000,-2.30383,-11.4728,-159.994,-159.959,-1.50822,7.24847,92.0269
-171.467,-250.168,10000,-2.40255,-11.4729,-159.994,-159.961,-1.93546,7.24462,92.0324
-171.467,-250.168,10000,-2.47778,-11.4726,-159.995,-159.961,-1.87443,7.24087,92.0324
-171.467,-250.167,10000,-2.48158,-11.4722,-159.995,-159.958,-1.26408,7.23834,92.0269
-171.467,-250.167,10000,-2.48222,-11.4722,-159.995,-159.958,0.0786982,7.23848,92.0214
-171.467,-250.167,10000,-2.48824,-11.4721,-159.995,-159.958,-0.104407,7.23824,92.0269
-171.467,-250.167,10000,-2.49035,-11.4721,-159.995,-159.958,-0.897864,7.23643,92.0214
-171.467,-250.167,10000,-2.49694,-11.472,-159.995,-159.958,-0.958899,7.23451,92.0269
-171.467,-250.167,10000,-2.49884,-11.4719,-159.995,-159.958,-0.653724,7.2332,92.0324
-171.467,-250.167,10000,-2.44065,-11.4718,-159.995,-159.955,0.0786982,7.23338,92.0324
-171.467,-250.167,10000,-2.38426,-11.4721,-159.994,-159.955,-0.165442,7.23308,92.0324
-171.467,-250.168,10000,-2.284,-11.4725,-159.994,-159.952,-0.531653,7.23203,92.0324
-171.467,-250.168,10000,-2.20106,-11.4734,-159.993,-159.952,-0.714759,7.2306,92.0269
-171.467,-250.169,10000,-2.19401,-11.4743,-159.992,-159.955,-0.348548,7.2299,92.0324
-171.467,-250.169,10000,-2.19388,-11.4749,-159.992,-159.954,0.0176631,7.22995,92.0324
-171.467,-250.169,10000,-2.20061,-11.4755,-159.991,-159.954,0.505944,7.23095,92.0324
-171.467,-250.169,10000,-2.16568,-11.476,-159.99,-159.952,1.05526,7.23307,92.0214
-171.467,-250.169,10000,-2.21078,-11.4768,-159.99,-159.955,1.36044,7.2358,92.0269
-171.467,-250.169,10000,-2.2645,-11.4772,-159.99,-159.955,1.1163,7.23804,92.0324
-171.467,-250.168,10000,-2.26738,-11.4774,-159.989,-159.952,0.68905,7.23942,92.0269
-171.467,-250.168,10000,-2.28458,-11.4778,-159.989,-159.952,-0.0433721,7.23932,92.0324
-171.467,-250.168,10000,-2.25728,-11.4781,-159.988,-159.95,-0.653724,7.23799,92.0324
-171.467,-250.168,10000,-2.24354,-11.4787,-159.988,-159.95,-0.165442,7.23764,92.0269
-171.467,-250.169,10000,-2.25014,-11.4792,-159.987,-159.951,0.0786982,7.23779,92.0269
-171.467,-250.169,10000,-2.32223,-11.4796,-159.987,-159.953,0.81112,7.23939,92.0214
-171.467,-250.168,10000,-2.45351,-11.4796,-159.988,-159.956,1.84872,7.24309,92.0214
-171.467,-250.167,10000,-2.5787,-11.4791,-159.989,-159.957,1.05526,7.24519,92.0269
-171.467,-250.167,10000,-2.73289,-11.4783,-159.99,-159.959,0.0176631,7.24526,92.0269
-171.467,-250.166,10000,-2.85432,-11.4771,-159.991,-159.959,-0.0433721,7.24518,92.0269
-171.467,-250.165,10000,-2.98965,-11.4757,-159.993,-159.961,0.505944,7.24617,92.0379
-171.467,-250.165,10000,-3.01608,-11.474,-159.994,-159.958,0.628015,7.24743,92.0324
-171.467,-250.164,10000,-3.00534,-11.4727,-159.995,-159.957,0.93319,7.24925,92.0214
-171.467,-250.164,10000,-3.02708,-11.4716,-159.997,-159.96,0.93319,7.25112,92.0324
-171.467,-250.164,10000,-3.00864,-11.4703,-159.998,-159.959,2.21493,7.25554,92.0269
-171.467,-250.164,10000,-2.96419,-11.4692,-159.999,-159.959,10.3326,7.27623,92.0269
-171.467,-250.165,10000,-2.89862,-11.4683,-159.999,-159.959,8.74569,7.2939,92.0324
-171.467,-250.165,10000,-2.76164,-11.4677,-159.999,-159.956,6.48739,7.30689,92.0269
-171.467,-250.166,10000,-2.62738,-11.4676,-159.999,-159.956,16.0089,7.33894,92.0269
-171.467,-250.166,10000,-2.5016,-11.4678,-159.999,-159.956,8.44051,7.35591,92.0324
-171.467,-250.167,10000,-2.2846,-11.4683,-159.997,-159.951,8.01327,7.37191,92.0324
-171.467,-250.168,10000,-2.09995,-11.4696,-159.996,-159.951,0.994226,7.37376,92.0269
-171.467,-250.169,10000,-1.95985,-11.4712,-159.994,-159.951,-2.91202,7.368,92.0324
-171.467,-250.17,10000,-1.85726,-11.4729,-159.992,-159.951,-4.01066,7.36016,92.0324
-171.467,-250.171,10000,-1.79221,-11.4746,-159.991,-159.951,1.2994,7.36289,92.0269
-171.467,-250.171,10000,-1.77171,-11.4763,-159.989,-159.952,3.80184,7.3706,92.0379
-171.467,-250.171,10000,-1.77585,-11.4779,-159.988,-159.951,3.19149,7.37701,92.0324
-171.467,-250.171,10000,-1.80998,-11.4794,-159.986,-159.951,1.23837,7.37937,92.0269
-171.467,-250.171,10000,-1.92525,-11.4807,-159.986,-159.954,0.56698,7.38039,92.0324
-171.467,-250.17,10000,-2.04698,-11.4813,-159.985,-159.954,0.81112,7.38202,92.0214
-171.467,-250.17,10000,-2.2341,-11.4817,-159.986,-159.957,1.60458,7.3853,92.0269
-171.467,-250.169,10000,-2.45826,-11.4814,-159.987,-159.959,-1.50822,7.38243,92.0324
-171.467,-250.167,10000,-2.64601,-11.4805,-159.988,-159.958,-5.96378,7.37059,92.0324
-171.467,-250.166,10000,-2.74584,-11.4793,-159.989,-159.955,-8.03898,7.35449,92.0269
-171.467,-250.166,10000,-2.82365,-11.4783,-159.99,-159.956,-7.18449,7.34007,92.0214
-171.467,-250.165,10000,-2.93396,-11.4771,-159.991,-159.958,-6.57413,7.32688,92.0324
-171.467,-250.165,10000,-3.00051,-11.4757,-159.993,-159.958,-5.53654,7.31573,92.0269
-171.467,-250.165,10000,-3.03372,-11.4742,-159.994,-159.958,-4.19376,7.30729,92.0269
-171.467,-250.164,10000,-3.0361,-11.4729,-159.995,-159.958,-5.04825,7.29722,92.0324
-171.467,-250.164,10000,-3.0032,-11.4716,-159.996,-159.957,-4.92618,7.28743,92.0214
-171.467,-250.164,10000,-3.00502,-11.4706,-159.998,-159.96,-5.71964,7.27605,92.0324
-171.467,-250.164,10000,-2.92165,-11.4694,-159.998,-159.957,-8.46622,7.25917,92.0214
-171.467,-250.165,10000,-2.88258,-11.4688,-159.999,-159.96,-10.0531,7.23903,92.0214
-171.467,-250.165,10000,-2.78466,-11.4681,-159.999,-159.957,-9.9921,7.21892,92.0324
-171.467,-250.166,10000,-2.62601,-11.4678,-159.999,-159.955,-7.30656,7.20419,92.0269
-171.467,-250.166,10000,-2.48042,-11.4681,-159.998,-159.955,-4.92618,7.19434,92.0214
-171.467,-250.167,10000,-2.36078,-11.4687,-159.998,-159.955,-3.46134,7.1875,92.0214
-171.467,-250.168,10000,-2.31726,-11.4694,-159.997,-159.958,-3.15617,7.18127,92.0214
-171.467,-250.168,10000,-2.3391,-11.47,-159.997,-159.961,-3.64445,7.17399,92.0269
-171.467,-250.168,10000,-2.35757,-11.4701,-159.997,-159.96,-4.92618,7.16409,92.0214
-171.467,-250.168,10000,-2.42917,-11.4703,-159.997,-159.963,-6.02482,7.15194,92.0104
-171.467,-250.167,10000,-2.60539,-11.47,-159.998,-159.968,-5.65861,7.1405,91.9994
-171.467,-250.167,10000,-2.92253,-11.469,-160,-159.976,-4.4379,7.13154,91.9884
-171.467,-250.165,10000,-3.30695,-11.4666,-160.004,-159.982,-2.36271,7.12673,91.9775
-171.467,-250.163,10000,-3.7893,-11.4632,-160.009,-159.991,-0.714759,7.12529,91.9775
-171.467,-250.16,10000,-4.27653,-11.4583,-160.015,-159.997,-0.409583,7.12447,91.9775
-171.467,-250.158,10000,-4.73761,-11.4523,-160.022,-160.002,-0.287513,7.12387,91.9775
-171.467,-250.155,10000,-5.05141,-11.4454,-160.029,-160.002,0.56698,7.12497,91.983
-171.467,-250.153,10000,-5.21214,-11.4385,-160.035,-160.002,0.0786982,7.12509,91.9884
-171.467,-250.152,10000,-5.22175,-11.4319,-160.041,-160.002,-0.409583,7.12423,91.9884
-171.467,-250.152,10000,-5.04978,-11.4259,-160.046,-159.999,0.81112,7.12581,91.9939
-171.467,-250.153,10000,-4.76822,-11.421,-160.05,-159.998,1.36044,7.12851,91.9994
-171.467,-250.154,10000,-4.3468,-11.4172,-160.052,-159.995,2.09286,7.13269,91.9994
-171.467,-250.157,10000,-3.77651,-11.4149,-160.052,-159.989,3.25253,7.13917,91.9994
-171.467,-250.16,10000,-3.15529,-11.4145,-160.051,-159.987,3.43563,7.14604,91.9994
-171.467,-250.163,10000,-2.56847,-11.4157,-160.049,-159.986,3.49667,7.15303,92.0104
-171.467,-250.166,10000,-1.92658,-11.4179,-160.045,-159.981,4.04598,7.16112,91.9994
-171.467,-250.169,10000,-1.33619,-11.4218,-160.04,-159.979,4.96151,7.17105,91.9994
-171.467,-250.172,10000,-0.868988,-11.4267,-160.035,-159.979,5.57186,7.18223,92.0104
-171.467,-250.175,10000,-0.467554,-11.4321,-160.029,-159.976,5.816,7.19388,91.9994
-171.467,-250.177,10000,-0.258486,-11.4381,-160.023,-159.979,6.18221,7.20627,92.0049
-171.467,-250.178,10000,-0.169059,-11.4438,-160.018,-159.979,6.12118,7.21854,92.0049
-171.467,-250.179,10000,-0.190209,-11.4491,-160.013,-159.979,7.03671,7.23266,92.0049
-171.467,-250.179,10000,-0.308801,-11.4539,-160.009,-159.979,7.8912,7.24848,92.0049
-171.467,-250.178,10000,-0.508469,-11.458,-160.006,-159.979,7.8912,7.2643,92.0049
-171.467,-250.177,10000,-0.771672,-11.4614,-160.003,-159.979,7.76913,7.27987,92.0049
-171.467,-250.176,10000,-1.03152,-11.4639,-160.001,-159.977,7.46395,7.29483,91.9994
-171.467,-250.175,10000,-1.33638,-11.4658,-160,-159.977,7.03671,7.30895,91.9994
-171.467,-250.173,10000,-1.66653,-11.467,-160,-159.977,6.97567,7.32295,92.0049
-171.467,-250.171,10000,-1.99645,-11.4673,-160,-159.978,8.13534,7.33928,92.0104
-171.467,-250.17,10000,-2.30319,-11.4669,-160.001,-159.977,7.8912,7.35513,92.0159
-171.467,-250.168,10000,-2.5203,-11.4659,-160.002,-159.974,8.31845,7.37182,92.0214
-171.467,-250.167,10000,-2.59642,-11.4648,-160.003,-159.969,8.37948,7.38863,92.0379
-171.467,-250.166,10000,-2.48035,-11.4642,-160.002,-159.96,7.64706,7.40395,92.0488
-171.467,-250.167,10000,-2.1474,-11.4647,-160,-159.949,6.60946,7.4172,92.0653
-171.467,-250.169,10000,-1.58114,-11.4668,-159.996,-159.935,6.36532,7.42997,92.0818
-171.467,-250.172,10000,-0.876835,-11.4711,-159.989,-159.923,6.79257,7.44361,92.0983
-171.467,-250.176,10000,0.0695666,-11.4775,-159.98,-159.904,7.40292,7.45848,92.1037
-171.467,-250.181,10000,1.07333,-11.4871,-159.968,-159.891,7.21981,7.47298,92.1147
-171.467,-250.186,10000,2.07973,-11.499,-159.954,-159.877,6.42635,7.48588,92.1257
-171.467,-250.192,10000,3.04047,-11.5131,-159.938,-159.864,4.96151,7.49582,92.1202
-171.467,-250.197,10000,3.79494,-11.5291,-159.921,-159.857,4.77841,7.5054,92.1312
-171.467,-250.201,10000,4.29036,-11.5458,-159.904,-159.852,4.90048,7.51523,92.1422
-171.467,-250.204,10000,4.58974,-11.5625,-159.888,-159.844,4.53426,7.52434,92.1422
-171.467,-250.206,10000,4.69059,-11.579,-159.872,-159.837,4.83944,7.53406,92.1477
-171.467,-250.207,10000,4.60764,-11.5949,-159.857,-159.83,4.35116,7.54279,92.1477
-171.467,-250.206,10000,4.30682,-11.6099,-159.844,-159.826,3.67977,7.55019,92.1641
-171.467,-250.205,10000,3.89167,-11.6232,-159.832,-159.818,2.58114,7.55536,92.1532
-171.467,-250.203,10000,3.27045,-11.6352,-159.822,-159.817,1.78768,7.55895,92.1586
-171.467,-250.2,10000,2.45144,-11.645,-159.815,-159.817,2.27596,7.56351,92.1641
-171.467,-250.196,10000,1.59736,-11.6522,-159.81,-159.813,2.03182,7.56759,92.1586
-171.467,-250.191,9999.94,0.688,-11.6574,-159.807,-159.811,1.72665,7.57107,92.1586
-171.467,-250.185,9999.72,-0.280335,-11.6603,-159.806,-159.812,0.93319,7.57294,92.1641
-171.467,-250.175,9999.56,-1.20112,-11.661,-159.807,-159.81,-0.165442,7.57262,92.1641
-171.467,-250.166,9999.41,-2.08921,-11.6599,-159.81,-159.811,-0.531653,7.57156,92.1586
-171.467,-250.157,9999.34,-2.916,-11.657,-159.814,-159.812,-0.836829,7.56989,92.1532
-171.467,-250.151,9999.29,-3.70637,-11.6526,-159.82,-159.815,-1.38615,7.56712,92.1532
-171.467,-250.146,9999.36,-4.42401,-11.6466,-159.828,-159.819,-1.38615,7.56435,92.1532
-171.467,-250.144,9999.67,-4.99207,-11.6394,-159.835,-159.82,-1.32511,7.5617,92.1532
-171.467,-250.148,10000,-5.40064,-11.6316,-159.843,-159.82,-1.69132,7.55831,92.1422
-171.467,-250.154,10000,-5.71297,-11.6236,-159.852,-159.824,-3.15617,7.552,92.1422
-171.467,-250.153,10000,-5.92012,-11.6153,-159.86,-159.828,-3.76652,7.54447,92.1422
-171.467,-250.151,10000,-6.06763,-11.6071,-159.868,-159.833,-4.37687,7.53571,92.1312
-171.467,-250.15,10000,-6.16323,-11.5987,-159.877,-159.839,-3.94962,7.52781,92.1312
-171.467,-250.15,10000,-6.19982,-11.5904,-159.885,-159.845,-4.19376,7.51941,92.1312
-171.467,-250.149,10000,-6.17407,-11.5823,-159.893,-159.85,-3.94962,7.5115,92.1257
-171.467,-250.149,10000,-6.09485,-11.5744,-159.9,-159.855,-4.31583,7.50285,92.1202
-171.467,-250.15,10000,-5.97187,-11.567,-159.907,-159.861,-5.23136,7.49237,92.1037
-171.467,-250.15,10000,-5.92765,-11.56,-159.914,-159.871,-5.10929,7.48215,92.1092
-171.467,-250.15,10000,-5.83576,-11.5528,-159.921,-159.876,-5.65861,7.47081,92.0983
-171.467,-250.151,10000,-5.76256,-11.546,-159.928,-159.884,-5.53654,7.45973,92.0873
-171.467,-250.151,10000,-5.71367,-11.5392,-159.935,-159.892,-4.92618,7.44986,92.0873
-171.467,-250.151,10000,-5.67764,-11.5324,-159.941,-159.899,-4.4379,7.44098,92.0873
-171.467,-250.151,10000,-5.5954,-11.5257,-159.948,-159.904,-4.74308,7.43147,92.0763
-171.467,-250.152,10000,-5.53343,-11.5193,-159.954,-159.911,-5.59757,7.42025,92.0653
-171.467,-250.152,10000,-5.44931,-11.513,-159.96,-159.916,-5.4755,7.40929,92.0763
-171.467,-250.152,10000,-5.22919,-11.507,-159.965,-159.915,-5.2924,7.39868,92.0653
-171.467,-250.153,10000,-5.0115,-11.502,-159.97,-159.92,-4.92618,7.38881,92.0763
-171.467,-250.154,10000,-4.73455,-11.4974,-159.973,-159.922,-4.01066,7.38077,92.0763
-171.467,-250.156,10000,-4.4154,-11.4937,-159.976,-159.923,-3.88859,7.37297,92.0763
-171.467,-250.157,10000,-4.02263,-11.4909,-159.978,-159.922,-4.07169,7.3648,92.0763
-171.467,-250.159,10000,-3.58293,-11.4892,-159.978,-159.921,-3.70548,7.35736,92.0763
-171.467,-250.162,10000,-3.12323,-11.4887,-159.978,-159.92,-3.88859,7.34957,92.0873
-171.467,-250.164,10000,-2.60364,-11.4893,-159.976,-159.916,-3.33927,7.34287,92.0763
-171.467,-250.167,10000,-2.12334,-11.4912,-159.973,-159.915,-2.78995,7.33728,92.0708
-171.467,-250.169,10000,-1.75685,-11.494,-159.97,-159.917,-1.81339,7.33364,92.0873
-171.467,-250.171,10000,-1.3842,-11.4971,-159.966,-159.914,-1.32511,7.33098,92.0763
-171.467,-250.173,10000,-1.14037,-11.501,-159.962,-159.915,-1.93546,7.32709,92.0763
-171.467,-250.175,10000,-1.01908,-11.5049,-159.958,-159.917,-1.75236,7.32356,92.0763
-171.467,-250.175,10000,-0.961031,-11.5086,-159.955,-159.916,-1.08097,7.32139,92.0873
-171.467,-250.176,10000,-0.898951,-11.5121,-159.951,-159.913,-0.165442,7.32105,92.0818
-171.467,-250.176,10000,-0.849517,-11.5158,-159.948,-159.91,0.872155,7.32278,92.0763
-171.467,-250.176,10000,-0.922451,-11.5195,-159.944,-159.912,0.81112,7.3244,92.0818
-171.467,-250.176,10000,-1.04132,-11.5225,-159.942,-159.911,0.68905,7.32577,92.0763
-171.467,-250.176,10000,-1.15668,-11.5251,-159.94,-159.908,0.93319,7.32764,92.0763
-171.467,-250.175,10000,-1.36391,-11.5274,-159.938,-159.911,1.54354,7.33073,92.0873
-171.467,-250.174,10000,-1.52818,-11.5289,-159.937,-159.907,1.78768,7.33431,92.0818
-171.467,-250.173,10000,-1.6597,-11.5303,-159.935,-159.904,1.78768,7.33789,92.0763
-171.467,-250.172,10000,-1.8165,-11.5315,-159.935,-159.905,2.27596,7.34246,92.0763
-171.467,-250.172,10000,-1.98805,-11.5322,-159.934,-159.905,2.64217,7.34776,92.0763
-171.467,-250.171,10000,-2.21362,-11.5326,-159.935,-159.907,3.06942,7.35391,92.0763
-171.467,-250.17,10000,-2.42501,-11.5322,-159.936,-159.907,2.82528,7.35957,92.0818
-171.467,-250.168,10000,-2.60661,-11.5314,-159.937,-159.907,2.337,7.36424,92.0708
-171.467,-250.167,10000,-2.86656,-11.5303,-159.939,-159.912,2.39803,7.36906,92.0763
-171.467,-250.166,10000,-3.02481,-11.5284,-159.94,-159.909,3.00839,7.3751,92.0873
-171.467,-250.165,10000,-3.12171,-11.5265,-159.942,-159.908,3.67977,7.38248,92.0763
-171.467,-250.165,10000,-3.12898,-11.5247,-159.944,-159.906,3.61874,7.38974,92.0873
-171.467,-250.165,10000,-2.99605,-11.5233,-159.944,-159.901,3.43563,7.39662,92.0763
-171.467,-250.165,10000,-2.86426,-11.5227,-159.945,-159.901,2.76425,7.40216,92.0818
-171.467,-250.166,10000,-2.73084,-11.5225,-159.945,-159.901,3.13046,7.40844,92.0763
-171.467,-250.167,10000,-2.70589,-11.5225,-159.945,-159.906,3.13046,7.41472,92.0763
-171.467,-250.167,10000,-2.62623,-11.5221,-159.945,-159.904,3.31356,7.42135,92.0818
-171.467,-250.167,10000,-2.54532,-11.5221,-159.945,-159.904,3.92391,7.42921,92.0763
-171.467,-250.168,10000,-2.5234,-11.5223,-159.945,-159.906,2.94735,7.43511,92.0873
-171.467,-250.168,10000,-2.39056,-11.5223,-159.944,-159.901,2.64217,7.44041,92.0818
-171.467,-250.168,10000,-2.22933,-11.523,-159.943,-159.899,2.21493,7.44485,92.0873
-171.467,-250.169,10000,-2.04512,-11.5242,-159.941,-159.896,2.27596,7.44943,92.0873
-171.467,-250.17,10000,-1.85252,-11.526,-159.939,-159.894,2.58114,7.45462,92.0873
-171.467,-250.171,10000,-1.71297,-11.5281,-159.937,-159.894,2.337,7.4593,92.0928
-171.467,-250.172,10000,-1.61821,-11.5304,-159.934,-159.894,2.15389,7.46362,92.0983
-171.467,-250.173,10000,-1.46335,-11.5326,-159.932,-159.888,1.97079,7.46758,92.0983
-171.467,-250.174,10000,-1.36589,-11.5355,-159.929,-159.888,2.15389,7.47189,92.0983
-171.467,-250.174,10000,-1.32463,-11.5383,-159.926,-159.888,1.42147,7.47473,92.1037
-171.467,-250.174,10000,-1.27889,-11.5409,-159.923,-159.885,0.56698,7.47587,92.0983
-171.467,-250.175,10000,-1.29166,-11.5437,-159.921,-159.885,0.56698,7.477,92.1037
-171.467,-250.175,10000,-1.34782,-11.5462,-159.919,-159.885,0.872155,7.47875,92.1092
-171.467,-250.174,10000,-1.38478,-11.5484,-159.916,-159.881,0.56698,7.47991,92.0983
-171.467,-250.174,10000,-1.51951,-11.5506,-159.915,-159.884,0.628015,7.48115,92.0983
-171.467,-250.174,10000,-1.73167,-11.5521,-159.914,-159.886,0.383874,7.48192,92.0983
-171.467,-250.172,10000,-1.99967,-11.5528,-159.914,-159.889,-0.348548,7.48121,92.1037
-171.467,-250.171,10000,-2.24516,-11.5527,-159.915,-159.888,-0.958899,7.4793,92.1037
-171.467,-250.17,10000,-2.46151,-11.5522,-159.916,-159.887,-0.958899,7.47738,92.0983
-171.467,-250.169,10000,-2.65116,-11.5513,-159.917,-159.887,-0.836829,7.47572,92.1092
-171.467,-250.168,10000,-2.79285,-11.5502,-159.918,-159.886,-0.348548,7.47501,92.0928
-171.467,-250.167,10000,-2.95935,-11.5489,-159.92,-159.889,-0.653724,7.4737,92.1037
-171.467,-250.166,10000,-3.12083,-11.5471,-159.922,-159.891,-1.87443,7.46993,92.0983
-171.467,-250.165,10000,-3.22778,-11.5451,-159.924,-159.89,-2.48478,7.46494,92.0928
-171.467,-250.164,10000,-3.33823,-11.543,-159.926,-159.893,-2.05753,7.46082,92.0873
-171.467,-250.164,10000,-3.40255,-11.5407,-159.929,-159.893,-1.56925,7.45768,92.0873
-171.467,-250.163,10000,-3.47134,-11.5384,-159.931,-159.895,-1.08097,7.45552,92.0873
-171.467,-250.163,10000,-3.48904,-11.536,-159.933,-159.895,-1.87443,7.45176,92.0983
-171.467,-250.163,10000,-3.44507,-11.5337,-159.935,-159.895,-2.24064,7.44727,92.0873
-171.467,-250.163,10000,-3.41299,-11.5318,-159.937,-159.897,-2.11857,7.44302,92.0873
-171.467,-250.163,10000,-3.38985,-11.53,-159.939,-159.899,-2.11857,7.43876,92.0818
-171.467,-250.163,10000,-3.33143,-11.5281,-159.94,-159.9,-1.75236,7.43526,92.0818
-171.467,-250.164,10000,-3.24413,-11.5265,-159.942,-159.9,-1.93546,7.43139,92.0763
-171.467,-250.164,10000,-3.19109,-11.5252,-159.943,-159.903,-1.44718,7.4285,92.0873
-171.467,-250.164,10000,-3.10246,-11.5239,-159.944,-159.902,-1.38615,7.42572,92.0818
-171.467,-250.165,10000,-3.04328,-11.5229,-159.945,-159.904,-1.50822,7.42269,92.0763
-171.467,-250.165,10000,-2.96934,-11.522,-159.946,-159.905,-2.1796,7.41832,92.0763
-171.467,-250.165,10000,-2.93355,-11.5212,-159.947,-159.907,-1.69132,7.41494,92.0873
-171.467,-250.166,10000,-2.86542,-11.5204,-159.947,-159.906,-1.63029,7.41168,92.0873
-171.467,-250.166,10000,-2.72451,-11.5198,-159.947,-159.903,-0.958899,7.40976,92.0873
-171.467,-250.167,10000,-2.57782,-11.5199,-159.947,-159.903,-0.897864,7.40797,92.0763
-171.467,-250.167,10000,-2.44888,-11.5203,-159.946,-159.903,-1.20304,7.40555,92.0873
-171.467,-250.168,10000,-2.32498,-11.5209,-159.945,-159.903,-1.08097,7.40339,92.0763
-171.467,-250.169,10000,-2.22793,-11.5218,-159.944,-159.903,-1.08097,7.40123,92.0763
-171.467,-250.169,10000,-2.15869,-11.5227,-159.943,-159.903,-0.592689,7.40004,92.0818
-171.467,-250.17,10000,-2.10881,-11.5237,-159.942,-159.903,-1.08097,7.39788,92.0763
-171.467,-250.17,10000,-2.08633,-11.5247,-159.941,-159.903,-0.958899,7.39597,92.0873
-171.467,-250.17,10000,-2.02513,-11.5256,-159.94,-159.9,0.261804,7.3965,92.0763
-171.467,-250.17,10000,-2.00027,-11.5269,-159.939,-159.901,0.0786982,7.39667,92.0763
-171.467,-250.171,10000,-2.00812,-11.528,-159.938,-159.901,-0.348548,7.39597,92.0763
-171.467,-250.171,10000,-2.0438,-11.529,-159.937,-159.902,-0.287513,7.39538,92.0763
-171.467,-250.17,10000,-2.10233,-11.5297,-159.937,-159.902,-0.836829,7.3937,92.0763
-171.467,-250.17,10000,-2.22656,-11.5303,-159.937,-159.905,-0.653724,7.3924,92.0763
-171.467,-250.169,10000,-2.35114,-11.5303,-159.937,-159.905,0.0176631,7.39245,92.0763
-171.467,-250.169,10000,-2.51863,-11.5301,-159.938,-159.907,0.261804,7.39299,92.0653
-171.467,-250.168,10000,-2.77726,-11.5293,-159.939,-159.913,0.200769,7.3934,92.0763
-171.467,-250.167,10000,-2.98488,-11.5275,-159.941,-159.912,0.383874,7.39418,92.0763
-171.467,-250.165,10000,-3.13908,-11.5255,-159.944,-159.912,0.261804,7.3947,92.0763
-171.467,-250.165,10000,-3.23904,-11.5234,-159.946,-159.912,0.139733,7.395,92.0818
-171.467,-250.164,10000,-3.27889,-11.5214,-159.948,-159.911,-0.104407,7.39479,92.0873
-171.467,-250.164,10000,-3.20886,-11.5195,-159.949,-159.908,-0.226478,7.39433,92.0873
-171.467,-250.164,10000,-3.0973,-11.5182,-159.95,-159.907,0.444909,7.39524,92.0873
-171.467,-250.165,10000,-2.95487,-11.5173,-159.95,-159.906,0.750085,7.39674,92.0818
-171.467,-250.165,10000,-2.80069,-11.5169,-159.95,-159.906,1.05526,7.39887,92.0763
-171.467,-250.166,10000,-2.6027,-11.5168,-159.95,-159.903,0.383874,7.39965,92.0818
-171.467,-250.167,10000,-2.41849,-11.5174,-159.949,-159.903,0.628015,7.40091,92.0763
-171.467,-250.168,10000,-2.26271,-11.5183,-159.948,-159.904,0.68905,7.40229,92.0818
-171.467,-250.169,10000,-2.13068,-11.5194,-159.946,-159.903,0.628015,7.40356,92.0818
-171.467,-250.17,10000,-2.02594,-11.5208,-159.945,-159.903,0.872155,7.4053,92.0873
-171.467,-250.17,10000,-1.89442,-11.5222,-159.943,-159.9,0.93319,7.40717,92.0818
-171.467,-250.171,10000,-1.80514,-11.524,-159.941,-159.9,0.994226,7.40916,92.0873
-171.467,-250.172,10000,-1.74904,-11.5258,-159.939,-159.9,0.872155,7.41091,92.0708
-171.467,-250.172,10000,-1.8456,-11.5276,-159.938,-159.906,1.60458,7.41415,92.0873
-171.467,-250.171,10000,-1.89729,-11.5286,-159.937,-159.903,0.994226,7.41615,92.0873
-171.467,-250.171,10000,-1.91108,-11.5296,-159.936,-159.9,1.23837,7.41862,92.0818
-171.467,-250.171,10000,-1.99924,-11.5308,-159.936,-159.902,1.72665,7.42208,92.0763
-171.467,-250.171,10000,-2.10524,-11.5314,-159.935,-159.903,1.36044,7.4248,92.0873
-171.467,-250.17,10000,-2.20642,-11.5318,-159.935,-159.902,0.68905,7.42618,92.0873
-171.467,-250.17,10000,-2.20309,-11.5319,-159.934,-159.897,0.750085,7.42768,92.0818
-171.467,-250.17,10000,-2.17054,-11.5325,-159.934,-159.895,1.36044,7.43041,92.0818
-171.467,-250.17,10000,-2.21284,-11.5333,-159.933,-159.898,0.444909,7.4313,92.0818
-171.467,-250.17,10000,-2.26759,-11.5337,-159.933,-159.898,0.872155,7.43306,92.0818
-171.467,-250.169,10000,-2.33037,-11.5339,-159.933,-159.898,1.05526,7.43517,92.0818
-171.467,-250.169,10000,-2.44566,-11.534,-159.933,-159.901,0.628015,7.43641,92.0873
-171.467,-250.168,10000,-2.54226,-11.5336,-159.934,-159.901,0.383874,7.43717,92.0873
-171.467,-250.168,10000,-2.57046,-11.533,-159.934,-159.898,-0.165442,7.43682,92.0928
-171.467,-250.168,10000,-2.53261,-11.5327,-159.934,-159.895,-0.226478,7.43636,92.0818
-171.467,-250.168,10000,-2.60198,-11.5327,-159.935,-159.9,0.383874,7.43713,92.0928
-171.467,-250.168,10000,-2.64415,-11.5322,-159.935,-159.899,0.68905,7.43851,92.0873
-171.467,-250.167,10000,-2.6692,-11.5317,-159.936,-159.899,0.383874,7.43927,92.0928
-171.467,-250.167,10000,-2.57452,-11.5311,-159.936,-159.894,0.261804,7.43979,92.0873
-171.467,-250.168,10000,-2.48878,-11.5313,-159.935,-159.894,-0.348548,7.43908,92.0873
-171.467,-250.168,10000,-2.36683,-11.5317,-159.935,-159.892,-0.470618,7.43813,92.0818
-171.467,-250.169,10000,-2.27718,-11.5324,-159.934,-159.893,-1.08097,7.43596,92.0873
-171.467,-250.169,10000,-2.21171,-11.5333,-159.933,-159.893,-0.0433721,7.43587,92.0873
-171.467,-250.17,10000,-2.16973,-11.5341,-159.932,-159.893,0.0786982,7.43603,92.0818
-171.467,-250.17,10000,-2.20679,-11.5349,-159.932,-159.896,-0.104407,7.43581,92.0928
-171.467,-250.17,10000,-2.24381,-11.5354,-159.931,-159.896,-0.226478,7.43534,92.0983
-171.467,-250.169,10000,-2.27159,-11.5357,-159.931,-159.895,-1.32511,7.43266,92.0928
-171.467,-250.169,10000,-2.251,-11.536,-159.93,-159.892,-1.142,7.43035,92.0928
-171.467,-250.169,10000,-2.28849,-11.5366,-159.93,-159.894,-0.775794,7.42878,92.0873
-171.467,-250.169,10000,-2.38057,-11.5369,-159.93,-159.897,-0.592689,7.42759,92.0818
-171.467,-250.169,10000,-2.47321,-11.5367,-159.931,-159.897,-0.470618,7.42665,92.0873
-171.467,-250.168,10000,-2.55411,-11.5363,-159.931,-159.897,0.139733,7.42691,92.0983
-171.467,-250.168,10000,-2.55699,-11.5358,-159.931,-159.894,-0.226478,7.42644,92.0763
-171.467,-250.168,10000,-2.62321,-11.5356,-159.932,-159.897,-1.01993,7.42438,92.0818
-171.467,-250.167,10000,-2.68193,-11.535,-159.933,-159.897,-1.56925,7.42121,92.0818
-171.467,-250.167,10000,-2.68286,-11.5343,-159.933,-159.895,-1.38615,7.41841,92.0873
-171.467,-250.167,10000,-2.72348,-11.5339,-159.934,-159.898,0.261804,7.41892,92.0818
-171.467,-250.167,10000,-2.75417,-11.5332,-159.935,-159.898,0.200769,7.41932,92.0873
-171.467,-250.167,10000,-2.766,-11.5325,-159.935,-159.898,-0.165442,7.41897,92.0763
-171.467,-250.167,10000,-2.82523,-11.5318,-159.936,-159.901,-0.287513,7.41839,92.0763
-171.467,-250.166,10000,-2.91947,-11.5308,-159.938,-159.904,-0.714759,7.41694,92.0873
-171.467,-250.166,10000,-2.87637,-11.5294,-159.938,-159.898,-0.836829,7.41525,92.0873
-171.467,-250.166,10000,-2.76874,-11.5288,-159.938,-159.896,-0.287513,7.41466,92.0873
-171.467,-250.167,10000,-2.61227,-11.5286,-159.938,-159.894,0.68905,7.41604,92.0873
-171.467,-250.167,10000,-2.4707,-11.529,-159.937,-159.894,0.56698,7.41718,92.0763
-171.467,-250.168,10000,-2.3644,-11.5296,-159.937,-159.895,0.0176631,7.4172,92.0873
-171.467,-250.169,10000,-2.22869,-11.5303,-159.936,-159.892,0.200769,7.41759,92.0818
-171.467,-250.169,10000,-2.13225,-11.5314,-159.934,-159.893,-0.470618,7.41664,92.0928
-171.467,-250.17,10000,-2.05818,-11.5326,-159.933,-159.893,-0.226478,7.41616,92.0763
-171.467,-250.17,10000,-2.0313,-11.5338,-159.932,-159.894,-0.226478,7.41571,92.0873
-171.467,-250.171,10000,-2.03021,-11.5349,-159.931,-159.894,0.383874,7.41647,92.0873
-171.467,-250.171,10000,-2.0519,-11.5358,-159.93,-159.894,0.872155,7.41822,92.0873
-171.467,-250.17,10000,-2.09254,-11.5367,-159.93,-159.894,0.68905,7.4196,92.0763
-171.467,-250.17,10000,-2.16379,-11.5373,-159.929,-159.895,-0.226478,7.41915,92.0818
-171.467,-250.17,10000,-2.24993,-11.5377,-159.929,-159.896,-0.775794,7.41758,92.0818
-171.467,-250.169,10000,-2.29685,-11.5378,-159.929,-159.894,-0.348548,7.41688,92.0928
-171.467,-250.169,10000,-2.24585,-11.538,-159.928,-159.889,-0.104407,7.41665,92.0873
-171.467,-250.169,10000,-2.22133,-11.5387,-159.928,-159.889,-0.104407,7.41643,92.0818
-171.467,-250.17,10000,-2.27651,-11.5394,-159.927,-159.892,0.261804,7.41695,92.0873
-171.467,-250.169,10000,-2.33966,-11.5396,-159.927,-159.893,0.200769,7.41736,92.0818
-171.467,-250.169,10000,-2.4631,-11.5396,-159.928,-159.896,0.0176631,7.4174,92.0873
-171.467,-250.168,10000,-2.57369,-11.5391,-159.929,-159.896,-0.531653,7.41633,92.0818
-171.467,-250.168,10000,-2.67596,-11.5384,-159.929,-159.896,-0.592689,7.41513,92.0873
-171.467,-250.167,10000,-2.75762,-11.5376,-159.93,-159.896,-0.775794,7.41357,92.0873
-171.467,-250.167,10000,-2.81741,-11.5366,-159.931,-159.896,-0.592689,7.41239,92.0873
-171.467,-250.166,10000,-2.85525,-11.5356,-159.932,-159.896,0.0176631,7.41242,92.0818
-171.467,-250.166,10000,-2.92829,-11.5347,-159.934,-159.899,-0.226478,7.41197,92.0818
-171.467,-250.166,10000,-2.97688,-11.5334,-159.935,-159.899,-0.226478,7.41151,92.0818
-171.467,-250.166,10000,-3.04964,-11.5321,-159.936,-159.902,-0.836829,7.40983,92.0763
-171.467,-250.165,10000,-3.09675,-11.5306,-159.938,-159.902,-0.531653,7.40877,92.0928
-171.467,-250.165,10000,-3.04659,-11.529,-159.939,-159.899,0.322839,7.40942,92.0763
-171.467,-250.165,10000,-2.98893,-11.528,-159.94,-159.899,0.56698,7.41055,92.0873
-171.467,-250.165,10000,-2.86195,-11.5272,-159.94,-159.897,0.0786982,7.41071,92.0818
-171.467,-250.166,10000,-2.78732,-11.5269,-159.94,-159.899,-0.165442,7.41038,92.0818
-171.467,-250.166,10000,-2.66189,-11.5265,-159.94,-159.897,-0.104407,7.41017,92.0763
-171.467,-250.167,10000,-2.55636,-11.5267,-159.94,-159.898,-0.348548,7.40946,92.0873
-171.467,-250.168,10000,-2.40821,-11.5269,-159.939,-159.895,0.139733,7.40975,92.0873
-171.467,-250.168,10000,-2.2323,-11.5277,-159.938,-159.893,-0.165442,7.40942,92.0818
-171.467,-250.169,10000,-2.0991,-11.529,-159.937,-159.894,-0.287513,7.40886,92.0763
-171.467,-250.17,10000,-2.06487,-11.5304,-159.936,-159.897,0.444909,7.40976,92.0818
-171.467,-250.17,10000,-2.01107,-11.5314,-159.934,-159.895,0.505944,7.41078,92.0873
-171.467,-250.171,10000,-1.9373,-11.5326,-159.933,-159.893,0.0176631,7.4108,92.0873
-171.467,-250.171,10000,-1.90062,-11.5341,-159.931,-159.893,-0.836829,7.40912,92.0818
-171.467,-250.171,10000,-1.90574,-11.5355,-159.93,-159.894,-0.0433721,7.40903,92.0818
-171.467,-250.171,10000,-1.89933,-11.5367,-159.929,-159.892,0.322839,7.40968,92.0818
-171.467,-250.171,10000,-1.93327,-11.538,-159.928,-159.892,-0.0433721,7.40959,92.0818
-171.467,-250.171,10000,-2.04898,-11.539,-159.928,-159.895,0.505944,7.4106,92.0818
-171.467,-250.171,10000,-2.17957,-11.5395,-159.927,-159.896,0.994226,7.4126,92.0763
-171.467,-250.17,10000,-2.3247,-11.5395,-159.928,-159.897,0.322839,7.41325,92.0873
-171.467,-250.169,10000,-2.41168,-11.5393,-159.928,-159.894,-0.287513,7.41268,92.0818
-171.467,-250.169,10000,-2.50209,-11.539,-159.928,-159.895,-0.104407,7.41247,92.0763
-171.467,-250.168,10000,-2.55075,-11.5386,-159.929,-159.893,-0.409583,7.41166,92.0873
-171.467,-250.168,10000,-2.5946,-11.5382,-159.929,-159.893,0.261804,7.41219,92.0873
-171.467,-250.168,10000,-2.63208,-11.5378,-159.93,-159.894,0.750085,7.4137,92.0763
-171.467,-250.167,10000,-2.72616,-11.5373,-159.931,-159.897,0.200769,7.4141,92.0818
-171.467,-250.167,10000,-2.80552,-11.5364,-159.932,-159.897,-0.409583,7.41328,92.0818
-171.467,-250.167,10000,-2.91597,-11.5353,-159.933,-159.9,0.0176631,7.41332,92.0818
-171.467,-250.166,10000,-2.99679,-11.5339,-159.935,-159.9,-0.104407,7.41312,92.0763
-171.467,-250.165,10000,-3.05553,-11.5324,-159.936,-159.9,0.261804,7.41365,92.0873
-171.467,-250.165,10000,-3.07531,-11.5309,-159.937,-159.9,0.628015,7.41492,92.0763
-171.467,-250.165,10000,-3.07629,-11.5296,-159.939,-159.901,0.200769,7.41532,92.0763
-171.467,-250.165,10000,-3.05952,-11.5283,-159.94,-159.901,0.139733,7.4156,92.0763
-171.467,-250.165,10000,-3.07518,-11.5271,-159.941,-159.904,0.0176631,7.41564,92.0818
-171.467,-250.165,10000,-3.05932,-11.5257,-159.942,-159.904,0.200769,7.41603,92.0873
-171.467,-250.165,10000,-2.96014,-11.5246,-159.943,-159.901,0.0786982,7.41619,92.0763
-171.467,-250.166,10000,-2.85943,-11.5239,-159.943,-159.901,0.322839,7.41685,92.0873
-171.467,-250.166,10000,-2.69742,-11.5235,-159.943,-159.899,0.994226,7.41885,92.0873
-171.467,-250.167,10000,-2.53988,-11.5238,-159.943,-159.898,0.872155,7.42061,92.0818
-171.467,-250.168,10000,-2.40157,-11.5243,-159.942,-159.899,0.444909,7.4215,92.0873
-171.467,-250.168,10000,-2.27802,-11.525,-159.941,-159.898,0.0176631,7.42153,92.0873
-171.467,-250.169,10000,-2.17383,-11.526,-159.94,-159.898,-0.226478,7.42107,92.0763
-171.467,-250.17,10000,-2.15581,-11.5271,-159.939,-159.901,0.444909,7.42197,92.0873
-171.467,-250.17,10000,-2.14641,-11.5279,-159.938,-159.901,0.444909,7.42288,92.0873
-171.467,-250.17,10000,-2.14572,-11.5286,-159.938,-159.9,0.322839,7.42352,92.0873
-171.467,-250.17,10000,-2.15323,-11.5293,-159.937,-159.9,0.56698,7.42465,92.0873
-171.467,-250.17,10000,-2.16844,-11.53,-159.936,-159.9,0.200769,7.42505,92.0873
-171.467,-250.17,10000,-2.19012,-11.5306,-159.936,-159.9,0.200769,7.42544,92.0763
-171.467,-250.17,10000,-2.28107,-11.5311,-159.936,-159.902,0.261804,7.42597,92.0763
-171.467,-250.169,10000,-2.42521,-11.5311,-159.936,-159.905,0.383874,7.42675,92.0818
-171.467,-250.168,10000,-2.50217,-11.5306,-159.937,-159.903,0.322839,7.42739,92.0818
-171.467,-250.168,10000,-2.56796,-11.5303,-159.937,-159.902,0.322839,7.42803,92.0818
-171.467,-250.168,10000,-2.66925,-11.5298,-159.938,-159.905,0.750085,7.42952,92.0873
-171.467,-250.167,10000,-2.73818,-11.5289,-159.939,-159.904,-0.0433721,7.42942,92.0763
-171.467,-250.167,10000,-2.8399,-11.5281,-159.94,-159.907,-0.775794,7.42785,92.0873
-171.467,-250.166,10000,-2.80251,-11.5269,-159.941,-159.901,-0.165442,7.42752,92.0763
-171.467,-250.166,10000,-2.81169,-11.5263,-159.941,-159.904,0.0786982,7.42767,92.0763
-171.467,-250.166,10000,-2.85747,-11.5255,-159.942,-159.907,0.68905,7.42905,92.0818
-171.467,-250.166,10000,-2.778,-11.5245,-159.943,-159.902,0.444909,7.42993,92.0818
-171.467,-250.166,10000,-2.74217,-11.5242,-159.943,-159.904,-0.531653,7.42886,92.0818
-171.467,-250.167,10000,-2.74309,-11.5238,-159.944,-159.906,-0.531653,7.42778,92.0763
-171.467,-250.167,10000,-2.73361,-11.5232,-159.944,-159.906,-0.653724,7.42646,92.0763
-171.467,-250.167,10000,-2.76291,-11.5227,-159.945,-159.909,-0.775794,7.42489,92.0818
-171.467,-250.167,10000,-2.76607,-11.522,-159.946,-159.908,-0.592689,7.4237,92.0653
-171.467,-250.167,10000,-2.86645,-11.5213,-159.947,-159.913,0.0786982,7.42386,92.0873
-171.467,-250.166,10000,-2.86465,-11.52,-159.948,-159.91,0.200769,7.42425,92.0873
-171.467,-250.166,10000,-2.72956,-11.5192,-159.948,-159.904,-0.470618,7.42331,92.0873
-171.467,-250.167,10000,-2.58658,-11.5192,-159.947,-159.904,-0.409583,7.42247,92.0763
-171.467,-250.167,10000,-2.4591,-11.5196,-159.947,-159.904,-0.409583,7.42164,92.0818
-171.467,-250.168,10000,-2.34317,-11.5202,-159.946,-159.904,-0.592689,7.42045,92.0818
-171.467,-250.169,10000,-2.19467,-11.521,-159.945,-159.901,-0.836829,7.41878,92.0873
-171.467,-250.17,10000,-2.01988,-11.5222,-159.943,-159.898,-0.348548,7.41808,92.0763
-171.467,-250.17,10000,-1.89738,-11.5239,-159.941,-159.899,-0.348548,7.41738,92.0818
-171.467,-250.171,10000,-1.76978,-11.5257,-159.939,-159.897,0.0786982,7.41753,92.0928
-171.467,-250.172,10000,-1.67845,-11.5278,-159.937,-159.896,-0.165442,7.41719,92.0873
-171.467,-250.172,10000,-1.68003,-11.5299,-159.935,-159.899,-0.714759,7.41575,92.0873
-171.467,-250.172,10000,-1.7129,-11.5316,-159.934,-159.899,-0.531653,7.41469,92.0763
-171.467,-250.172,10000,-1.788,-11.5331,-159.933,-159.899,0.0176631,7.41473,92.0763
-171.467,-250.172,10000,-1.94502,-11.5343,-159.932,-159.902,0.261804,7.41525,92.0818
-171.467,-250.171,10000,-2.10692,-11.5347,-159.932,-159.902,-0.409583,7.41442,92.0763
-171.467,-250.17,10000,-2.32279,-11.5348,-159.933,-159.905,-0.409583,7.41359,92.0763
-171.467,-250.169,10000,-2.52445,-11.5343,-159.934,-159.905,-0.348548,7.41288,92.0708
-171.467,-250.168,10000,-2.76066,-11.5333,-159.935,-159.908,0.261804,7.41339,92.0818
-171.467,-250.167,10000,-2.90075,-11.5317,-159.937,-159.905,-0.348548,7.41269,92.0763
-171.467,-250.166,10000,-3.0091,-11.5302,-159.938,-159.905,0.139733,7.41298,92.0708
-171.467,-250.165,10000,-3.09235,-11.5285,-159.94,-159.906,0.0176631,7.41301,92.0873
-171.467,-250.165,10000,-3.12515,-11.5269,-159.942,-159.905,0.444909,7.41388,92.0818
-171.467,-250.165,10000,-3.16857,-11.5253,-159.943,-159.907,0.505944,7.41489,92.0818
-171.467,-250.164,10000,-3.16823,-11.5236,-159.945,-159.907,-0.470618,7.41394,92.0873
-171.467,-250.164,10000,-3.12177,-11.5221,-159.946,-159.906,0.322839,7.41458,92.0818
-171.467,-250.165,10000,-3.04546,-11.521,-159.947,-159.906,0.261804,7.41511,92.0763
-171.467,-250.165,10000,-2.90645,-11.5201,-159.947,-159.903,0.261804,7.41563,92.0818
-171.467,-250.166,10000,-2.80944,-11.5197,-159.948,-159.906,0.444909,7.41651,92.0873
-171.467,-250.166,10000,-2.64659,-11.5194,-159.947,-159.903,0.0786982,7.41667,92.0818
-171.467,-250.167,10000,-2.54092,-11.5197,-159.947,-159.905,0.628015,7.41793,92.0818
-171.467,-250.168,10000,-2.43918,-11.5201,-159.946,-159.905,0.383874,7.41869,92.0763
-171.467,-250.168,10000,-2.35366,-11.5206,-159.946,-159.905,0.200769,7.41909,92.0763
-171.467,-250.169,10000,-2.28664,-11.5212,-159.945,-159.905,0.383874,7.41985,92.0763
-171.467,-250.169,10000,-2.23842,-11.5219,-159.944,-159.905,0.444909,7.42074,92.0873
-171.467,-250.169,10000,-2.19307,-11.5226,-159.944,-159.904,0.93319,7.42261,92.0873
-171.467,-250.17,10000,-2.15298,-11.5234,-159.943,-159.904,0.444909,7.4235,92.0873
-171.467,-250.17,10000,-2.12043,-11.5243,-159.942,-159.903,-0.409583,7.42266,92.0818
-171.467,-250.17,10000,-2.15303,-11.5252,-159.941,-159.905,-0.348548,7.42196,92.0818
-171.467,-250.17,10000,-2.14237,-11.5257,-159.94,-159.903,0.139733,7.42224,92.0873
-171.467,-250.17,10000,-2.13765,-11.5265,-159.94,-159.902,0.322839,7.42289,92.0818
-171.467,-250.17,10000,-2.19563,-11.5273,-159.939,-159.905,0.56698,7.42404,92.0818
-171.467,-250.17,10000,-2.20685,-11.5276,-159.939,-159.902,0.444909,7.42494,92.0763
-171.467,-250.17,10000,-2.28426,-11.5281,-159.939,-159.905,0.444909,7.42583,92.0763
-171.467,-250.169,10000,-2.31637,-11.5282,-159.939,-159.903,-0.470618,7.42489,92.0763
-171.467,-250.169,10000,-2.40648,-11.5284,-159.939,-159.905,-0.470618,7.42395,92.0873
-171.467,-250.168,10000,-2.47611,-11.5282,-159.939,-159.905,-0.104407,7.42375,92.0763
-171.467,-250.168,10000,-2.54127,-11.5279,-159.94,-159.905,0.505944,7.42477,92.0818
-171.467,-250.168,10000,-2.54338,-11.5275,-159.94,-159.902,0.56698,7.42592,92.0873
-171.467,-250.168,10000,-2.53311,-11.5273,-159.94,-159.902,0.68905,7.42731,92.0763
-171.467,-250.168,10000,-2.52888,-11.5272,-159.94,-159.902,0.0786982,7.42747,92.0763
-171.467,-250.168,10000,-2.52974,-11.5271,-159.94,-159.902,-0.714759,7.42603,92.0983
-171.467,-250.168,10000,-2.40662,-11.527,-159.939,-159.897,-0.348548,7.42533,92.0873
-171.467,-250.168,10000,-2.29978,-11.5277,-159.938,-159.896,-0.287513,7.42476,92.0873
-171.467,-250.169,10000,-2.16378,-11.5285,-159.937,-159.894,0.139733,7.42505,92.0818
-171.467,-250.17,10000,-2.0194,-11.5298,-159.936,-159.892,0.383874,7.42583,92.0818
-171.467,-250.171,10000,-1.92464,-11.5314,-159.934,-159.893,0.200769,7.42624,92.0818
-171.467,-250.171,10000,-1.8292,-11.533,-159.932,-159.891,0.200769,7.42665,92.0873
-171.467,-250.172,10000,-1.78016,-11.5348,-159.93,-159.892,-0.287513,7.42606,92.0873
-171.467,-250.172,10000,-1.77369,-11.5365,-159.929,-159.892,0.0176631,7.4261,92.0873
-171.467,-250.172,10000,-1.75737,-11.538,-159.927,-159.89,0.0786982,7.42626,92.0873
-171.467,-250.172,10000,-1.78368,-11.5397,-159.926,-159.89,0.200769,7.42667,92.0873
-171.467,-250.172,10000,-1.79791,-11.5411,-159.925,-159.888,0.505944,7.42769,92.0873
-171.467,-250.172,10000,-1.85176,-11.5425,-159.923,-159.889,0.200769,7.42809,92.0763
-171.467,-250.172,10000,-2.00194,-11.5436,-159.923,-159.892,0.261804,7.42861,92.0873
-171.467,-250.171,10000,-2.16153,-11.544,-159.923,-159.893,-0.409583,7.42779,92.0873
-171.467,-250.17,10000,-2.32198,-11.544,-159.923,-159.893,-0.531653,7.42673,92.0763
-171.467,-250.169,10000,-2.49171,-11.5436,-159.924,-159.894,-0.287513,7.42615,92.0763
-171.467,-250.168,10000,-2.7089,-11.5429,-159.926,-159.897,0.56698,7.4273,92.0818
-171.467,-250.167,10000,-2.89814,-11.5414,-159.927,-159.897,0.628015,7.42857,92.0873
-171.467,-250.166,10000,-2.99741,-11.5397,-159.929,-159.895,-0.0433721,7.42848,92.0873
-171.467,-250.166,10000,-2.96745,-11.5382,-159.93,-159.89,-0.165442,7.42814,92.0873
-171.467,-250.166,10000,-2.92692,-11.5373,-159.931,-159.891,-0.409583,7.42732,92.0873
-171.467,-250.166,10000,-2.83035,-11.5365,-159.931,-159.889,0.0176631,7.42735,92.0873
-171.467,-250.166,10000,-2.7876,-11.5361,-159.931,-159.892,0.139733,7.42763,92.0763
-171.467,-250.167,10000,-2.85449,-11.5357,-159.932,-159.897,0.0176631,7.42768,92.0818
-171.467,-250.166,10000,-2.90281,-11.5346,-159.934,-159.898,0.261804,7.42821,92.0818
-171.467,-250.166,10000,-2.88436,-11.5334,-159.934,-159.896,0.261804,7.42873,92.0873
-171.467,-250.166,10000,-2.80258,-11.5327,-159.935,-159.893,-0.226478,7.42828,92.0818
-171.467,-250.166,10000,-2.77547,-11.5323,-159.935,-159.896,-0.409583,7.42746,92.0818
-171.467,-250.167,10000,-2.69789,-11.5318,-159.935,-159.894,-0.104407,7.42725,92.0763
-171.467,-250.167,10000,-2.68617,-11.5316,-159.936,-159.898,-0.165442,7.42692,92.0928
-171.467,-250.167,10000,-2.60819,-11.5312,-159.936,-159.895,-0.0433721,7.42684,92.0873
-171.467,-250.167,10000,-2.48688,-11.5313,-159.935,-159.892,0.628015,7.4281,92.0873
-171.467,-250.168,10000,-2.38373,-11.5318,-159.935,-159.893,-0.104407,7.42788,92.0763
-171.467,-250.169,10000,-2.31679,-11.5324,-159.934,-159.894,-0.348548,7.42718,92.0763
-171.467,-250.169,10000,-2.33191,-11.5331,-159.934,-159.897,-0.348548,7.42648,92.0873
-171.467,-250.169,10000,-2.30203,-11.5333,-159.933,-159.895,0.0786982,7.42664,92.0873
-171.467,-250.169,10000,-2.28534,-11.5338,-159.933,-159.895,-0.165442,7.4263,92.0873
-171.467,-250.169,10000,-2.28089,-11.5343,-159.932,-159.895,-0.104407,7.42609,92.0818
-171.467,-250.169,10000,-2.29531,-11.5347,-159.932,-159.895,-0.287513,7.42552,92.0818
-171.467,-250.169,10000,-2.32539,-11.5351,-159.932,-159.896,0.261804,7.42604,92.0928
-171.467,-250.169,10000,-2.30347,-11.5353,-159.931,-159.893,0.383874,7.4268,92.0818
-171.467,-250.169,10000,-2.30371,-11.5357,-159.931,-159.894,-0.287513,7.42621,92.0983
-171.467,-250.169,10000,-2.25124,-11.5361,-159.93,-159.891,-0.0433721,7.42613,92.0873
-171.467,-250.169,10000,-2.22248,-11.5368,-159.929,-159.891,0.322839,7.42677,92.0873
-171.467,-250.17,10000,-2.16707,-11.5375,-159.929,-159.889,0.444909,7.42766,92.0873
-171.467,-250.17,10000,-2.14186,-11.5384,-159.928,-159.889,0.200769,7.42807,92.0873
-171.467,-250.17,10000,-2.14399,-11.5392,-159.927,-159.89,0.200769,7.42846,92.0873
-171.467,-250.17,10000,-2.16939,-11.5399,-159.926,-159.89,-0.226478,7.42799,92.0873
-171.467,-250.17,10000,-2.21393,-11.5405,-159.926,-159.891,-0.226478,7.42753,92.0818
-171.467,-250.17,10000,-2.28077,-11.5409,-159.926,-159.891,-0.470618,7.42658,92.0928
-171.467,-250.169,10000,-2.3955,-11.541,-159.926,-159.894,-0.104407,7.42637,92.0873
-171.467,-250.169,10000,-2.50414,-11.5407,-159.927,-159.894,0.383874,7.42713,92.0873
-171.467,-250.168,10000,-2.6023,-11.5402,-159.927,-159.894,0.261804,7.42765,92.0818
-171.467,-250.168,10000,-2.69465,-11.5395,-159.928,-159.895,-0.0433721,7.42756,92.0873
-171.467,-250.167,10000,-2.72109,-11.5386,-159.929,-159.892,0.139733,7.42783,92.0873
-171.467,-250.167,10000,-2.69098,-11.538,-159.929,-159.89,-0.531653,7.42675,92.0873
-171.467,-250.167,10000,-2.61503,-11.5377,-159.929,-159.888,-0.470618,7.4258,92.0873
-171.467,-250.168,10000,-2.55249,-11.5377,-159.929,-159.889,0.0176631,7.42583,92.0873
-171.467,-250.168,10000,-2.50406,-11.5378,-159.929,-159.889,0.322839,7.42648,92.0873
-171.467,-250.168,10000,-2.42139,-11.538,-159.929,-159.887,-0.104407,7.42627,92.0873
-171.467,-250.169,10000,-2.36264,-11.5385,-159.928,-159.888,-0.348548,7.42556,92.0873
-171.467,-250.169,10000,-2.32715,-11.539,-159.928,-159.889,-0.653724,7.42424,92.0818
-171.467,-250.169,10000,-2.32088,-11.5394,-159.927,-159.89,-0.470618,7.42329,92.0873
-171.467,-250.169,10000,-2.33161,-11.5398,-159.927,-159.89,-0.104407,7.42308,92.0873
-171.467,-250.169,10000,-2.35623,-11.5401,-159.927,-159.89,0.139733,7.42337,92.0873
-171.467,-250.169,10000,-2.34348,-11.5402,-159.926,-159.888,0.750085,7.42487,92.0873
-171.467,-250.169,10000,-2.34908,-11.5406,-159.926,-159.889,0.139733,7.42515,92.0873
-171.467,-250.169,10000,-2.37,-11.5408,-159.926,-159.889,-0.165442,7.42481,92.0873
-171.467,-250.169,10000,-2.35465,-11.541,-159.926,-159.888,0.200769,7.4252,92.0818
-171.467,-250.169,10000,-2.36643,-11.5413,-159.925,-159.889,0.383874,7.42597,92.0928
-171.467,-250.169,10000,-2.38468,-11.5415,-159.925,-159.889,0.261804,7.4265,92.0873
-171.467,-250.169,10000,-2.41532,-11.5416,-159.925,-159.889,0.0176631,7.42653,92.0818
-171.467,-250.169,10000,-2.46323,-11.5417,-159.925,-159.89,0.750085,7.42805,92.0818
-171.467,-250.168,10000,-2.57132,-11.5415,-159.926,-159.893,1.23837,7.43053,92.0873
-171.467,-250.168,10000,-2.61907,-11.5408,-159.927,-159.891,0.444909,7.43142,92.0873
-171.467,-250.168,10000,-2.6625,-11.5403,-159.927,-159.891,0.261804,7.43195,92.0763
-171.467,-250.167,10000,-2.76386,-11.5398,-159.928,-159.895,0.139733,7.43222,92.0873
-171.467,-250.167,10000,-2.84278,-11.5387,-159.929,-159.895,-0.165442,7.43188,92.0873
-171.467,-250.166,10000,-2.94661,-11.5376,-159.931,-159.897,-0.165442,7.43155,92.0873
-171.467,-250.166,10000,-3.0161,-11.5361,-159.932,-159.897,0.505944,7.43258,92.0873
-171.467,-250.165,10000,-3.10025,-11.5347,-159.934,-159.9,0.68905,7.43395,92.0873
-171.467,-250.165,10000,-3.14233,-11.533,-159.936,-159.899,0.139733,7.43423,92.0873
-171.467,-250.165,10000,-3.14569,-11.5314,-159.937,-159.899,0.0176631,7.43425,92.0928
-171.467,-250.165,10000,-3.0586,-11.5299,-159.938,-159.896,0.444909,7.43514,92.0818
-171.467,-250.165,10000,-3.01158,-11.529,-159.939,-159.899,0.0786982,7.43529,92.0818
-171.467,-250.165,10000,-2.90172,-11.5281,-159.939,-159.897,-0.592689,7.43411,92.0873
-171.467,-250.166,10000,-2.78444,-11.5276,-159.94,-159.897,0.200769,7.43452,92.0873
-171.467,-250.167,10000,-2.61748,-11.5275,-159.939,-159.894,0.68905,7.4359,92.0873
-171.467,-250.167,10000,-2.46554,-11.5279,-159.938,-159.894,0.322839,7.43655,92.0818
-171.467,-250.168,10000,-2.38952,-11.5286,-159.938,-159.897,-0.226478,7.43609,92.0873
-171.467,-250.169,10000,-2.27616,-11.5291,-159.937,-159.895,-0.592689,7.43491,92.0873
-171.467,-250.169,10000,-2.23453,-11.53,-159.936,-159.897,-0.0433721,7.43482,92.0818
-171.467,-250.169,10000,-2.26273,-11.5307,-159.936,-159.9,0.139733,7.43512,92.0818
-171.467,-250.169,10000,-2.29952,-11.531,-159.936,-159.9,0.68905,7.43652,92.0818
-171.467,-250.169,10000,-2.34252,-11.5313,-159.936,-159.9,0.139733,7.4368,92.0818
-171.467,-250.169,10000,-2.43718,-11.5314,-159.936,-159.903,-0.836829,7.43511,92.0873
-171.467,-250.168,10000,-2.51353,-11.5311,-159.936,-159.902,-0.592689,7.43391,92.0763
-171.467,-250.168,10000,-2.58672,-11.5306,-159.937,-159.902,0.0786982,7.43407,92.0873
-171.467,-250.168,10000,-2.63727,-11.5301,-159.937,-159.902,0.200769,7.43448,92.0873
-171.467,-250.167,10000,-2.61834,-11.5295,-159.938,-159.899,0.0176631,7.43454,92.0873
-171.467,-250.167,10000,-2.59062,-11.5293,-159.938,-159.899,-0.592689,7.43336,92.0873
-171.467,-250.168,10000,-2.60504,-11.5292,-159.938,-159.901,-0.226478,7.4329,92.0928
-171.467,-250.167,10000,-2.54872,-11.5289,-159.938,-159.898,0.383874,7.43367,92.0873
-171.467,-250.168,10000,-2.54092,-11.5289,-159.938,-159.9,-0.531653,7.4326,92.0818
-171.467,-250.168,10000,-2.58133,-11.5288,-159.939,-159.903,-0.470618,7.43166,92.0873
-171.467,-250.168,10000,-2.55478,-11.5284,-159.939,-159.9,-0.470618,7.43072,92.0763
-171.467,-250.168,10000,-2.58631,-11.5284,-159.939,-159.903,0.0786982,7.43088,92.0818
-171.467,-250.168,10000,-2.60745,-11.528,-159.939,-159.903,0.322839,7.43153,92.0873
-171.467,-250.167,10000,-2.61104,-11.5276,-159.94,-159.902,-0.165442,7.4312,92.0763
-171.467,-250.167,10000,-2.6634,-11.5273,-159.94,-159.905,-0.348548,7.4305,92.0873
-171.467,-250.167,10000,-2.68858,-11.5267,-159.941,-159.904,0.0176631,7.43053,92.0818
-171.467,-250.167,10000,-2.69762,-11.5261,-159.941,-159.904,-0.287513,7.42995,92.0818
-171.467,-250.167,10000,-2.69189,-11.5256,-159.942,-159.904,-0.104407,7.42975,92.0763
-171.467,-250.167,10000,-2.73029,-11.5252,-159.943,-159.906,-0.226478,7.4293,92.0818
-171.467,-250.167,10000,-2.69815,-11.5245,-159.943,-159.904,0.200769,7.4297,92.0818
-171.467,-250.167,10000,-2.70467,-11.5241,-159.943,-159.906,0.261804,7.43021,92.0818
-171.467,-250.167,10000,-2.69378,-11.5236,-159.944,-159.906,-0.348548,7.42952,92.0818
-171.467,-250.167,10000,-2.71686,-11.5232,-159.944,-159.908,-0.165442,7.42919,92.0818
-171.467,-250.167,10000,-2.71745,-11.5226,-159.945,-159.907,-0.348548,7.42849,92.0873
-171.467,-250.167,10000,-2.69104,-11.5221,-159.945,-159.906,-0.165442,7.42815,92.0873
-171.467,-250.167,10000,-2.64317,-11.5217,-159.945,-159.906,0.139733,7.42844,92.0763
-171.467,-250.167,10000,-2.6432,-11.5216,-159.946,-159.908,0.200769,7.42884,92.0818
-171.467,-250.167,10000,-2.62644,-11.5212,-159.946,-159.908,-0.348548,7.42814,92.0818
-171.467,-250.167,10000,-2.54763,-11.5209,-159.946,-159.905,-0.287513,7.42756,92.0763
-171.467,-250.168,10000,-2.47727,-11.5211,-159.946,-159.905,-0.104407,7.42736,92.0818
-171.467,-250.168,10000,-2.45801,-11.5214,-159.945,-159.907,-0.226478,7.42691,92.0763
-171.467,-250.168,10000,-2.44148,-11.5215,-159.945,-159.907,0.261804,7.42744,92.0818
-171.467,-250.168,10000,-2.46842,-11.5217,-159.945,-159.909,0.261804,7.42798,92.0763
-171.467,-250.168,10000,-2.53777,-11.5216,-159.946,-159.911,0.322839,7.42862,92.0763
-171.467,-250.168,10000,-2.59027,-11.5212,-159.946,-159.911,-0.104407,7.42841,92.0763
-171.467,-250.167,10000,-2.6743,-11.5207,-159.947,-159.913,-0.531653,7.42734,92.0873
-171.467,-250.167,10000,-2.71527,-11.5199,-159.948,-159.912,-0.775794,7.42579,92.0763
-171.467,-250.167,10000,-2.78205,-11.5192,-159.949,-159.914,-0.0433721,7.42571,92.0818
-171.467,-250.166,10000,-2.81022,-11.5183,-159.95,-159.913,0.505944,7.42673,92.0873
-171.467,-250.166,10000,-2.79569,-11.5174,-159.95,-159.912,0.200769,7.42714,92.0763
-171.467,-250.166,10000,-2.8099,-11.5168,-159.951,-159.914,-0.0433721,7.42705,92.0818
-171.467,-250.166,10000,-2.78985,-11.516,-159.952,-159.913,-0.287513,7.42648,92.0763
-171.467,-250.166,10000,-2.74926,-11.5154,-159.952,-159.913,-0.104407,7.42626,92.0818
-171.467,-250.166,10000,-2.63688,-11.515,-159.952,-159.909,-0.409583,7.42544,92.0763
-171.467,-250.167,10000,-2.52633,-11.5151,-159.952,-159.909,0.261804,7.42596,92.0763
-171.467,-250.168,10000,-2.42213,-11.5155,-159.951,-159.909,0.322839,7.42661,92.0763
-171.467,-250.168,10000,-2.32891,-11.516,-159.95,-159.909,-0.165442,7.42628,92.0873
-171.467,-250.169,10000,-2.18579,-11.5167,-159.949,-159.906,0.261804,7.42681,92.0818
-171.467,-250.169,10000,-2.01735,-11.518,-159.947,-159.903,-0.104407,7.42659,92.0818
-171.467,-250.17,10000,-1.88584,-11.5197,-159.945,-159.903,-0.165442,7.42625,92.0763
-171.467,-250.171,10000,-1.84959,-11.5215,-159.944,-159.906,-0.409583,7.42542,92.0818
-171.467,-250.171,10000,-1.83906,-11.523,-159.943,-159.905,0.383874,7.42618,92.0873
-171.467,-250.171,10000,-1.84454,-11.5244,-159.941,-159.905,0.93319,7.42805,92.0763
-171.467,-250.171,10000,-1.88114,-11.5258,-159.94,-159.905,0.322839,7.4287,92.0763
-171.467,-250.171,10000,-1.99138,-11.5269,-159.94,-159.907,0.0786982,7.42884,92.0873
-171.467,-250.171,10000,-2.04621,-11.5274,-159.939,-159.904,-0.0433721,7.42876,92.0708
-171.467,-250.17,10000,-2.12579,-11.5281,-159.938,-159.905,0.261804,7.42927,92.0818
-171.467,-250.17,10000,-2.25548,-11.5286,-159.939,-159.907,0.68905,7.43066,92.0818
-171.467,-250.169,10000,-2.3725,-11.5285,-159.939,-159.906,0.322839,7.43131,92.0763
-171.467,-250.169,10000,-2.48185,-11.5282,-159.939,-159.906,0.0176631,7.43136,92.0818
-171.467,-250.168,10000,-2.57148,-11.5277,-159.94,-159.906,-0.0433721,7.43128,92.0873
-171.467,-250.168,10000,-2.58435,-11.5271,-159.94,-159.903,-0.0433721,7.43118,92.0818
-171.467,-250.168,10000,-2.58837,-11.5268,-159.94,-159.903,-0.165442,7.43084,92.0818
-171.467,-250.168,10000,-2.58481,-11.5266,-159.941,-159.903,-0.165442,7.43051,92.0763
-171.467,-250.168,10000,-2.63091,-11.5264,-159.941,-159.906,-0.226478,7.43006,92.0818
-171.467,-250.167,10000,-2.70759,-11.5258,-159.942,-159.908,-0.226478,7.42961,92.0873
-171.467,-250.167,10000,-2.70062,-11.525,-159.942,-159.904,0.0176631,7.42964,92.0763
-171.467,-250.167,10000,-2.68834,-11.5246,-159.943,-159.905,0.0786982,7.4298,92.0763
-171.467,-250.167,10000,-2.67123,-11.5242,-159.943,-159.905,0.322839,7.43045,92.0818
-171.467,-250.167,10000,-2.64302,-11.5238,-159.943,-159.905,-0.0433721,7.43036,92.0818
-171.467,-250.167,10000,-2.60585,-11.5236,-159.944,-159.904,-0.653724,7.42905,92.0818
-171.467,-250.167,10000,-2.5631,-11.5234,-159.944,-159.904,-0.0433721,7.42896,92.0818
-171.467,-250.168,10000,-2.51742,-11.5234,-159.943,-159.904,0.994226,7.43096,92.0763
-171.467,-250.168,10000,-2.43134,-11.5236,-159.943,-159.902,0.444909,7.43184,92.0818
-171.467,-250.168,10000,-2.40494,-11.524,-159.943,-159.904,-0.226478,7.43139,92.0873
-171.467,-250.168,10000,-2.32445,-11.5243,-159.942,-159.901,0.200769,7.4318,92.0763
-171.467,-250.169,10000,-2.31672,-11.5249,-159.942,-159.904,-0.104407,7.43158,92.0818
-171.467,-250.169,10000,-2.2651,-11.5253,-159.941,-159.901,-0.287513,7.431,92.0763
-171.467,-250.169,10000,-2.23634,-11.526,-159.94,-159.902,0.0786982,7.43116,92.0818
-171.467,-250.169,10000,-2.22099,-11.5266,-159.94,-159.902,-0.0433721,7.43108,92.0763
-171.467,-250.169,10000,-2.22625,-11.5273,-159.939,-159.902,-0.348548,7.43038,92.0873
-171.467,-250.169,10000,-2.18482,-11.5278,-159.938,-159.899,-0.104407,7.43017,92.0873
-171.467,-250.17,10000,-2.15626,-11.5286,-159.938,-159.899,0.0786982,7.43032,92.0818
-171.467,-250.17,10000,-2.14812,-11.5294,-159.937,-159.899,-0.226478,7.42987,92.0763
-171.467,-250.17,10000,-2.2146,-11.5301,-159.937,-159.902,-0.531653,7.4288,92.0818
-171.467,-250.17,10000,-2.28418,-11.5304,-159.936,-159.902,0.383874,7.42957,92.0763
-171.467,-250.169,10000,-2.36159,-11.5305,-159.937,-159.902,0.0176631,7.42961,92.0873
-171.467,-250.169,10000,-2.37803,-11.5305,-159.936,-159.9,-0.409583,7.42879,92.0873
-171.467,-250.169,10000,-2.44011,-11.5306,-159.937,-159.902,0.68905,7.43017,92.0818
-171.467,-250.168,10000,-2.5444,-11.5304,-159.937,-159.904,0.0176631,7.4302,92.0818
-171.467,-250.168,10000,-2.63047,-11.5298,-159.938,-159.904,-0.348548,7.4295,92.0763
-171.467,-250.167,10000,-2.75287,-11.5291,-159.939,-159.906,0.0786982,7.42966,92.0763
-171.467,-250.167,10000,-2.80187,-11.528,-159.94,-159.904,-0.226478,7.42922,92.0763
-171.467,-250.166,10000,-2.83502,-11.5271,-159.941,-159.904,-0.348548,7.42852,92.0763
-171.467,-250.166,10000,-2.85216,-11.5262,-159.942,-159.905,0.0176631,7.42856,92.0763
-171.467,-250.166,10000,-2.85392,-11.5253,-159.943,-159.905,0.200769,7.42897,92.0818
-171.467,-250.166,10000,-2.83401,-11.5245,-159.943,-159.905,0.139733,7.42926,92.0818
-171.467,-250.166,10000,-2.74806,-11.5238,-159.943,-159.902,-0.409583,7.42843,92.0763
-171.467,-250.167,10000,-2.71516,-11.5236,-159.944,-159.905,-0.287513,7.42786,92.0763
-171.467,-250.167,10000,-2.72712,-11.5232,-159.944,-159.907,0.322839,7.42851,92.0763
-171.467,-250.167,10000,-2.72631,-11.5226,-159.945,-159.907,0.322839,7.42917,92.0818
-171.467,-250.167,10000,-2.65824,-11.5221,-159.945,-159.904,0.505944,7.43019,92.0818
-171.467,-250.167,10000,-2.58507,-11.522,-159.945,-159.904,-0.165442,7.42985,92.0763
-171.467,-250.167,10000,-2.56769,-11.5221,-159.945,-159.907,-0.348548,7.42916,92.0818
-171.467,-250.168,10000,-2.54074,-11.5219,-159.945,-159.906,-0.287513,7.42858,92.0763
-171.467,-250.168,10000,-2.51468,-11.5219,-159.945,-159.906,-0.0433721,7.4285,92.0873
-171.467,-250.168,10000,-2.47492,-11.5219,-159.945,-159.906,0.139733,7.42878,92.0873
-171.467,-250.168,10000,-2.37758,-11.5221,-159.944,-159.903,0.444909,7.42968,92.0818
-171.467,-250.169,10000,-2.3423,-11.5227,-159.944,-159.905,0.383874,7.43046,92.0873
-171.467,-250.169,10000,-2.30401,-11.5232,-159.943,-159.904,-0.165442,7.43012,92.0763
-171.467,-250.169,10000,-2.28119,-11.5237,-159.943,-159.904,-0.226478,7.42966,92.0818
-171.467,-250.169,10000,-2.26541,-11.5242,-159.942,-159.904,-0.165442,7.42932,92.0873
-171.467,-250.169,10000,-2.20036,-11.5247,-159.941,-159.901,-0.104407,7.42912,92.0763
-171.467,-250.17,10000,-2.16307,-11.5256,-159.941,-159.902,-0.470618,7.42818,92.0873
-171.467,-250.17,10000,-2.08741,-11.5265,-159.939,-159.899,0.261804,7.42871,92.0763
-171.467,-250.17,10000,-2.0011,-11.5276,-159.938,-159.897,0.261804,7.42925,92.0763
-171.467,-250.171,10000,-2.0079,-11.529,-159.937,-159.9,-0.470618,7.4283,92.0818
-171.467,-250.171,10000,-2.03622,-11.53,-159.936,-159.9,-0.592689,7.42711,92.0763
-171.467,-250.17,10000,-2.09048,-11.5308,-159.936,-159.901,-0.287513,7.42654,92.0818
-171.467,-250.17,10000,-2.15676,-11.5314,-159.935,-159.901,0.139733,7.42683,92.0873
-171.467,-250.17,10000,-2.17487,-11.5318,-159.935,-159.898,-0.165442,7.4265,92.0818
-171.467,-250.17,10000,-2.2088,-11.5324,-159.934,-159.898,0.0176631,7.42653,92.0763
-171.467,-250.17,10000,-2.26321,-11.5328,-159.934,-159.899,0.322839,7.42718,92.0818
-171.467,-250.169,10000,-2.32453,-11.5331,-159.934,-159.899,0.0786982,7.42734,92.0763
-171.467,-250.169,10000,-2.39726,-11.5331,-159.934,-159.9,-0.0433721,7.42725,92.0818
-171.467,-250.169,10000,-2.46768,-11.533,-159.934,-159.9,-0.165442,7.42691,92.0873
-171.467,-250.168,10000,-2.52522,-11.5327,-159.935,-159.9,0.0176631,7.42694,92.0763
-171.467,-250.168,10000,-2.585,-11.5324,-159.935,-159.9,0.0176631,7.42699,92.0763
-171.467,-250.168,10000,-2.69153,-11.5319,-159.936,-159.903,-0.0433721,7.4269,92.0763
-171.467,-250.167,10000,-2.73426,-11.531,-159.937,-159.901,0.200769,7.4273,92.0763
-171.467,-250.167,10000,-2.72183,-11.5302,-159.937,-159.899,-0.348548,7.4266,92.0873
-171.467,-250.167,10000,-2.64727,-11.5298,-159.937,-159.896,-0.409583,7.42578,92.0873
-171.467,-250.167,10000,-2.52485,-11.5297,-159.937,-159.894,-0.409583,7.42495,92.0873
-171.467,-250.168,10000,-2.36906,-11.5301,-159.936,-159.892,0.322839,7.4256,92.0818
-171.467,-250.169,10000,-2.24935,-11.531,-159.935,-159.892,0.505944,7.42662,92.0818
-171.467,-250.169,10000,-2.21442,-11.532,-159.934,-159.895,-0.0433721,7.42653,92.0873
-171.467,-250.17,10000,-2.19551,-11.5327,-159.934,-159.896,0.261804,7.42705,92.0763
-171.467,-250.17,10000,-2.20804,-11.5334,-159.933,-159.896,0.200769,7.42745,92.0873
-171.467,-250.17,10000,-2.18262,-11.534,-159.932,-159.894,-0.0433721,7.42735,92.0818
-171.467,-250.17,10000,-2.18398,-11.5347,-159.932,-159.894,-0.226478,7.4269,92.0763
-171.467,-250.17,10000,-2.21589,-11.5353,-159.931,-159.895,-0.409583,7.42608,92.0818
-171.467,-250.17,10000,-2.26455,-11.5358,-159.931,-159.896,-0.0433721,7.42599,92.0873
-171.467,-250.169,10000,-2.26969,-11.536,-159.931,-159.893,0.200769,7.42639,92.0763
-171.467,-250.169,10000,-2.25483,-11.5364,-159.93,-159.892,0.56698,7.42753,92.0873
-171.467,-250.169,10000,-2.25715,-11.537,-159.93,-159.892,0.139733,7.4278,92.0873
-171.467,-250.169,10000,-2.22602,-11.5375,-159.929,-159.89,-0.409583,7.42697,92.0818
-171.467,-250.17,10000,-2.22604,-11.5381,-159.928,-159.891,-0.165442,7.42664,92.0763
-171.467,-250.17,10000,-2.26039,-11.5387,-159.928,-159.892,0.139733,7.42691,92.0873
-171.467,-250.169,10000,-2.2579,-11.539,-159.927,-159.89,0.261804,7.42744,92.0873
-171.467,-250.169,10000,-2.27412,-11.5395,-159.927,-159.89,0.200769,7.42784,92.0818
-171.467,-250.169,10000,-2.31327,-11.5399,-159.927,-159.891,-0.226478,7.42739,92.0818
-171.467,-250.169,10000,-2.36998,-11.5401,-159.927,-159.892,-0.409583,7.42656,92.0818
-171.467,-250.169,10000,-2.3909,-11.5401,-159.927,-159.89,-0.104407,7.42635,92.0873
-171.467,-250.169,10000,-2.42132,-11.5402,-159.927,-159.891,0.139733,7.42663,92.0873
-171.467,-250.169,10000,-2.41072,-11.5402,-159.927,-159.889,0.200769,7.42703,92.0763
-171.467,-250.169,10000,-2.47888,-11.5404,-159.927,-159.892,-0.287513,7.42644,92.0763
-171.467,-250.168,10000,-2.60904,-11.5401,-159.928,-159.896,-0.287513,7.42587,92.0873
-171.467,-250.168,10000,-2.62303,-11.5392,-159.928,-159.891,0.139733,7.42615,92.0763
-171.467,-250.168,10000,-2.70034,-11.5389,-159.929,-159.895,0.0176631,7.42617,92.0873
-171.467,-250.167,10000,-2.7613,-11.5381,-159.93,-159.895,-0.287513,7.42559,92.0818
-171.467,-250.167,10000,-2.81247,-11.5372,-159.931,-159.895,0.322839,7.42624,92.0818
-171.467,-250.166,10000,-2.85206,-11.5362,-159.932,-159.896,0.322839,7.42689,92.0873
-171.467,-250.166,10000,-2.87131,-11.5353,-159.933,-159.896,-0.104407,7.42667,92.0763
-171.467,-250.166,10000,-2.8872,-11.5343,-159.934,-159.896,-0.226478,7.42622,92.0763
-171.467,-250.166,10000,-2.89853,-11.5334,-159.935,-159.897,-0.104407,7.42601,92.0818
-171.467,-250.166,10000,-2.94431,-11.5324,-159.936,-159.9,-0.409583,7.42519,92.0763
-171.467,-250.166,10000,-3.02288,-11.5312,-159.937,-159.903,0.322839,7.42582,92.0873
-171.467,-250.165,10000,-3.01046,-11.5297,-159.938,-159.9,0.139733,7.42609,92.0818
-171.467,-250.165,10000,-2.9301,-11.5286,-159.939,-159.898,-0.226478,7.42564,92.0818
-171.467,-250.166,10000,-2.84435,-11.528,-159.939,-159.898,0.0176631,7.42569,92.0873
-171.467,-250.166,10000,-2.74911,-11.5276,-159.94,-159.898,0.322839,7.42634,92.0818
-171.467,-250.167,10000,-2.65778,-11.5274,-159.94,-159.898,0.139733,7.42661,92.0763
-171.467,-250.167,10000,-2.63012,-11.5274,-159.94,-159.901,-0.409583,7.42578,92.0873
-171.467,-250.167,10000,-2.5436,-11.5272,-159.94,-159.898,-0.104407,7.42556,92.0763
-171.467,-250.168,10000,-2.47604,-11.5274,-159.939,-159.899,0.261804,7.42608,92.0873
-171.467,-250.168,10000,-2.36394,-11.5277,-159.939,-159.896,0.0176631,7.42611,92.0873
-171.467,-250.169,10000,-2.22081,-11.5284,-159.937,-159.894,0.0176631,7.42615,92.0763
-171.467,-250.169,10000,-2.12389,-11.5296,-159.936,-159.895,-0.0433721,7.42606,92.0818
-171.467,-250.17,10000,-2.06269,-11.5307,-159.935,-159.895,0.139733,7.42634,92.0818
-171.467,-250.17,10000,-2.03582,-11.5319,-159.934,-159.896,0.383874,7.42711,92.0818
-171.467,-250.171,10000,-2.03982,-11.533,-159.933,-159.896,-0.104407,7.42689,92.0873
-171.467,-250.17,10000,-2.06221,-11.5339,-159.932,-159.896,-0.226478,7.42644,92.0818
-171.467,-250.17,10000,-2.06028,-11.5347,-159.931,-159.894,0.261804,7.42696,92.0818
-171.467,-250.17,10000,-2.13593,-11.5356,-159.931,-159.897,-0.287513,7.42638,92.0873
-171.467,-250.17,10000,-2.16847,-11.536,-159.93,-159.895,-0.409583,7.42556,92.0818
-171.467,-250.17,10000,-2.22085,-11.5365,-159.93,-159.895,0.0786982,7.42572,92.0818
-171.467,-250.17,10000,-2.28798,-11.5369,-159.93,-159.896,0.0176631,7.42574,92.0873
-171.467,-250.169,10000,-2.35657,-11.537,-159.93,-159.896,-0.0433721,7.42564,92.0818
-171.467,-250.169,10000,-2.43131,-11.537,-159.93,-159.896,0.322839,7.4263,92.0763
-171.467,-250.168,10000,-2.61206,-11.5367,-159.931,-159.901,0.261804,7.42682,92.0818
-171.467,-250.168,10000,-2.76648,-11.5357,-159.933,-159.901,0.200769,7.42723,92.0763
-171.467,-250.167,10000,-2.89865,-11.5344,-159.934,-159.902,-0.287513,7.42665,92.0873
-171.467,-250.166,10000,-2.89258,-11.5329,-159.935,-159.897,-0.348548,7.42595,92.0873
-171.467,-250.166,10000,-2.81948,-11.5321,-159.935,-159.894,-0.104407,7.42573,92.0763
-171.467,-250.166,10000,-2.80572,-11.5316,-159.936,-159.898,0.200769,7.42613,92.0763
-171.467,-250.166,10000,-2.79239,-11.531,-159.937,-159.898,-0.0433721,7.42604,92.0818
-171.467,-250.167,10000,-2.77123,-11.5304,-159.937,-159.898,-0.165442,7.4257,92.0818
-171.467,-250.167,10000,-2.74379,-11.5298,-159.938,-159.899,-0.0433721,7.42561,92.0763
-171.467,-250.167,10000,-2.71962,-11.5294,-159.938,-159.899,-0.348548,7.42491,92.0873
-171.467,-250.167,10000,-2.68244,-11.5289,-159.938,-159.899,0.261804,7.42543,92.0763
-171.467,-250.167,10000,-2.70022,-11.5286,-159.939,-159.902,-0.0433721,7.42533,92.0873
-171.467,-250.167,10000,-2.64943,-11.5281,-159.939,-159.899,0.383874,7.4261,92.0763
-171.467,-250.167,10000,-2.60799,-11.5279,-159.939,-159.9,0.0176631,7.42613,92.0873
-171.467,-250.167,10000,-2.46376,-11.5278,-159.939,-159.895,-0.0433721,7.42605,92.0818
-171.467,-250.168,10000,-2.34601,-11.5285,-159.938,-159.895,-0.592689,7.42485,92.0873
-171.467,-250.169,10000,-2.20008,-11.5293,-159.937,-159.893,0.261804,7.42537,92.0818
-171.467,-250.17,10000,-2.09499,-11.5305,-159.935,-159.894,-0.104407,7.42517,92.0818
-171.467,-250.17,10000,-2.02975,-11.5317,-159.934,-159.894,-0.226478,7.42471,92.0873
-171.467,-250.171,10000,-1.94638,-11.533,-159.932,-159.892,0.139733,7.42498,92.0763
-171.467,-250.171,10000,-1.96571,-11.5345,-159.931,-159.895,0.200769,7.42539,92.0818
-171.467,-250.171,10000,-1.96638,-11.5355,-159.93,-159.893,0.383874,7.42617,92.0763
-171.467,-250.171,10000,-2.05784,-11.5366,-159.93,-159.897,-0.470618,7.42523,92.0763
-171.467,-250.17,10000,-2.22064,-11.5371,-159.93,-159.9,-0.348548,7.42452,92.0818
-171.467,-250.17,10000,-2.33097,-11.537,-159.93,-159.898,0.139733,7.42479,92.0818
-171.467,-250.169,10000,-2.44121,-11.5368,-159.931,-159.898,0.200769,7.4252,92.0873
-171.467,-250.168,10000,-2.44185,-11.5364,-159.93,-159.893,0.200769,7.4256,92.0873
-171.467,-250.168,10000,-2.40042,-11.5365,-159.93,-159.891,0.261804,7.42613,92.0763
-171.467,-250.169,10000,-2.43859,-11.5369,-159.93,-159.894,0.261804,7.42665,92.0818
-171.467,-250.168,10000,-2.53271,-11.5368,-159.931,-159.897,0.0786982,7.4268,92.0873
-171.467,-250.168,10000,-2.5639,-11.5363,-159.931,-159.895,-0.409583,7.42598,92.0763
-171.467,-250.168,10000,-2.55706,-11.5359,-159.931,-159.893,-0.0433721,7.42589,92.0818
-171.467,-250.168,10000,-2.60784,-11.5358,-159.932,-159.896,0.383874,7.42666,92.0818
-171.467,-250.168,10000,-2.7032,-11.5353,-159.933,-159.899,0.200769,7.42706,92.0763
-171.467,-250.167,10000,-2.83762,-11.5344,-159.934,-159.902,0.0786982,7.42722,92.0873
-171.467,-250.166,10000,-2.83638,-11.5331,-159.935,-159.897,-0.165442,7.42689,92.0873
-171.467,-250.166,10000,-2.81835,-11.5323,-159.935,-159.897,-0.287513,7.42632,92.0818
-171.467,-250.166,10000,-2.79384,-11.5317,-159.936,-159.897,-0.0433721,7.42623,92.0763
-171.467,-250.167,10000,-2.77269,-11.5311,-159.936,-159.898,0.0176631,7.42627,92.0873
-171.467,-250.167,10000,-2.73831,-11.5305,-159.937,-159.898,-0.104407,7.42605,92.0873
-171.467,-250.167,10000,-2.64579,-11.5301,-159.937,-159.895,-0.165442,7.42572,92.0873
-171.467,-250.167,10000,-2.55719,-11.5302,-159.937,-159.895,-0.592689,7.42453,92.0818
-171.467,-250.168,10000,-2.53246,-11.5304,-159.937,-159.898,0.0176631,7.42456,92.0763
-171.467,-250.168,10000,-2.52059,-11.5303,-159.937,-159.899,-0.104407,7.42436,92.0873
-171.467,-250.168,10000,-2.45637,-11.5303,-159.936,-159.896,-0.165442,7.42402,92.0763
-171.467,-250.168,10000,-2.46408,-11.5306,-159.936,-159.899,-0.226478,7.42357,92.0873
-171.467,-250.168,10000,-2.46677,-11.5306,-159.936,-159.899,-0.165442,7.42324,92.0873
-171.467,-250.168,10000,-2.46554,-11.5306,-159.936,-159.899,-0.226478,7.42279,92.0763
-171.467,-250.168,10000,-2.52496,-11.5307,-159.937,-159.902,-0.348548,7.42209,92.0763
-171.467,-250.168,10000,-2.58313,-11.5303,-159.937,-159.902,0.0176631,7.42212,92.0873
-171.467,-250.168,10000,-2.57281,-11.5298,-159.937,-159.899,0.0786982,7.42229,92.0818
-171.467,-250.168,10000,-2.611,-11.5297,-159.938,-159.902,0.0176631,7.42233,92.0873
-171.467,-250.167,10000,-2.5827,-11.5292,-159.938,-159.899,-0.226478,7.42188,92.0873
-171.467,-250.168,10000,-2.45208,-11.5291,-159.937,-159.894,-0.287513,7.42129,92.0763
-171.467,-250.168,10000,-2.35571,-11.5297,-159.937,-159.895,-0.0433721,7.4212,92.0873
-171.467,-250.169,10000,-2.22894,-11.5304,-159.936,-159.893,-0.0433721,7.42112,92.0873
-171.467,-250.169,10000,-2.13194,-11.5315,-159.934,-159.893,-0.531653,7.42005,92.0873
-171.467,-250.17,10000,-2.01748,-11.5326,-159.933,-159.891,-0.226478,7.4196,92.0818
-171.467,-250.171,10000,-1.95147,-11.5341,-159.931,-159.892,-0.104407,7.41938,92.0818
-171.467,-250.171,10000,-1.93033,-11.5355,-159.93,-159.892,0.200769,7.41978,92.0763
-171.467,-250.171,10000,-2.0055,-11.5368,-159.929,-159.896,0.0176631,7.41981,92.0818
-171.467,-250.171,10000,-2.10142,-11.5375,-159.929,-159.896,-0.226478,7.41936,92.0818
-171.467,-250.17,10000,-2.1631,-11.5379,-159.929,-159.894,0.139733,7.41964,92.0763
-171.467,-250.17,10000,-2.25049,-11.5383,-159.929,-159.895,0.0176631,7.41967,92.0873
-171.467,-250.169,10000,-2.29148,-11.5384,-159.928,-159.893,-0.287513,7.41909,92.0818
-171.467,-250.169,10000,-2.3489,-11.5387,-159.928,-159.893,-0.470618,7.41814,92.0763
-171.467,-250.169,10000,-2.52157,-11.5387,-159.929,-159.899,-0.165442,7.41781,92.0873
-171.467,-250.168,10000,-2.66885,-11.5379,-159.93,-159.899,-0.104407,7.4176,92.0818
-171.467,-250.167,10000,-2.79475,-11.5368,-159.931,-159.899,-0.348548,7.41689,92.0763
-171.467,-250.167,10000,-2.90421,-11.5356,-159.933,-159.9,-0.470618,7.41596,92.0873
-171.467,-250.166,10000,-2.97741,-11.5343,-159.934,-159.899,-0.226478,7.4155,92.0763
-171.467,-250.166,10000,-2.98344,-11.5329,-159.935,-159.897,0.200769,7.41591,92.0873
-171.467,-250.166,10000,-2.96408,-11.5317,-159.936,-159.897,-0.104407,7.4157,92.0873
-171.467,-250.166,10000,-2.92291,-11.5308,-159.937,-159.897,-0.165442,7.41538,92.0763
-171.467,-250.166,10000,-2.92894,-11.53,-159.938,-159.9,-0.409583,7.41455,92.0763
-171.467,-250.166,10000,-2.92379,-11.529,-159.939,-159.901,0.200769,7.41495,92.0818
-171.467,-250.166,10000,-2.90018,-11.528,-159.94,-159.901,0.0786982,7.41511,92.0873
-171.467,-250.166,10000,-2.80562,-11.5272,-159.94,-159.898,-0.165442,7.41479,92.0818
-171.467,-250.166,10000,-2.66361,-11.5269,-159.94,-159.896,-0.0433721,7.41471,92.0873
-171.467,-250.167,10000,-2.52921,-11.5271,-159.939,-159.896,0.322839,7.41536,92.0818
-171.467,-250.168,10000,-2.41537,-11.5276,-159.939,-159.896,0.56698,7.41649,92.0873
-171.467,-250.168,10000,-2.31642,-11.5282,-159.938,-159.896,0.322839,7.41713,92.0873
-171.467,-250.169,10000,-2.23509,-11.529,-159.937,-159.896,0.0176631,7.41717,92.0763
-171.467,-250.169,10000,-2.18918,-11.5299,-159.936,-159.897,-0.0433721,7.41709,92.0763
-171.467,-250.17,10000,-2.17517,-11.5307,-159.936,-159.898,-0.0433721,7.417,92.0928
-171.467,-250.17,10000,-2.11766,-11.5314,-159.935,-159.895,0.0786982,7.41715,92.0818
-171.467,-250.17,10000,-2.14041,-11.5324,-159.934,-159.898,-0.165442,7.41682,92.0818
-171.467,-250.17,10000,-2.18083,-11.533,-159.933,-159.898,-0.470618,7.41587,92.0818
-171.467,-250.17,10000,-2.2829,-11.5335,-159.933,-159.901,-0.165442,7.41554,92.0818
-171.467,-250.169,10000,-2.38365,-11.5335,-159.934,-159.901,0.383874,7.41631,92.0818
-171.467,-250.169,10000,-2.42995,-11.5333,-159.934,-159.898,0.0786982,7.41647,92.0818
-171.467,-250.168,10000,-2.47771,-11.5332,-159.934,-159.899,-0.409583,7.41565,92.0818
-171.467,-250.168,10000,-2.52434,-11.533,-159.934,-159.899,0.0786982,7.41581,92.0818
-171.467,-250.168,10000,-2.51939,-11.5327,-159.934,-159.897,0.444909,7.4167,92.0873
-171.467,-250.168,10000,-2.46433,-11.5326,-159.934,-159.894,-0.287513,7.41612,92.0818
-171.467,-250.168,10000,-2.37837,-11.5329,-159.934,-159.892,-0.470618,7.41518,92.0818
-171.467,-250.169,10000,-2.31976,-11.5334,-159.933,-159.893,-0.104407,7.41498,92.0763
-171.467,-250.169,10000,-2.29449,-11.534,-159.932,-159.894,0.322839,7.41562,92.0763
-171.467,-250.169,10000,-2.25082,-11.5345,-159.932,-159.893,-0.0433721,7.41553,92.0873
-171.467,-250.169,10000,-2.17906,-11.5352,-159.931,-159.89,-0.165442,7.41519,92.0763
-171.467,-250.17,10000,-2.297,-11.5362,-159.931,-159.899,-0.287513,7.41461,92.0818
-171.467,-250.169,10000,-2.41383,-11.5361,-159.931,-159.899,0.322839,7.41526,92.0873
-171.467,-250.169,10000,-2.4683,-11.5357,-159.931,-159.896,-0.0433721,7.41518,92.0818
-171.467,-250.168,10000,-2.62118,-11.5355,-159.932,-159.901,0.322839,7.41583,92.0873
-171.467,-250.167,10000,-2.69479,-11.5346,-159.933,-159.899,0.200769,7.41623,92.0818
-171.467,-250.167,10000,-2.75456,-11.5338,-159.934,-159.899,0.261804,7.41675,92.0818
-171.467,-250.167,10000,-2.84767,-11.5329,-159.935,-159.901,0.0786982,7.41691,92.0818
-171.467,-250.166,10000,-2.914,-11.5317,-159.936,-159.901,-0.104407,7.4167,92.0763
-171.467,-250.166,10000,-2.96119,-11.5305,-159.938,-159.902,-0.287513,7.41612,92.0873
-171.467,-250.166,10000,-2.97296,-11.5293,-159.939,-159.901,-0.287513,7.41555,92.0818
-171.467,-250.166,10000,-2.96143,-11.5281,-159.94,-159.901,0.0176631,7.41558,92.0818
-171.467,-250.166,10000,-2.88156,-11.5271,-159.94,-159.899,0.261804,7.41611,92.0873
-171.467,-250.166,10000,-2.78847,-11.5266,-159.941,-159.899,0.0176631,7.41616,92.0763
-171.467,-250.166,10000,-2.70343,-11.5263,-159.941,-159.899,0.0176631,7.41619,92.0873
-171.467,-250.167,10000,-2.61293,-11.5262,-159.941,-159.899,-0.104407,7.41598,92.0873
-171.467,-250.167,10000,-2.52209,-11.5263,-159.94,-159.899,-0.470618,7.41503,92.0818
-171.467,-250.168,10000,-2.44286,-11.5266,-159.94,-159.899,0.261804,7.41555,92.0708
-171.467,-250.168,10000,-2.48965,-11.527,-159.94,-159.905,0.200769,7.41596,92.0873
-171.467,-250.168,10000,-2.46961,-11.5268,-159.94,-159.902,-0.348548,7.41526,92.0818
-171.467,-250.168,10000,-2.40357,-11.5269,-159.94,-159.899,-0.165442,7.41493,92.0873
-171.467,-250.168,10000,-2.34305,-11.5273,-159.939,-159.899,0.139733,7.41521,92.0818
-171.467,-250.169,10000,-2.29882,-11.5279,-159.939,-159.899,-0.531653,7.41414,92.0818
-171.467,-250.169,10000,-2.31883,-11.5284,-159.938,-159.902,0.0786982,7.41429,92.0763
-171.467,-250.169,10000,-2.35128,-11.5287,-159.938,-159.902,0.200769,7.4147,92.0763
-171.467,-250.169,10000,-2.44071,-11.5288,-159.938,-159.905,-0.165442,7.41438,92.0763
-171.467,-250.168,10000,-2.52461,-11.5285,-159.939,-159.905,0.0786982,7.41453,92.0818
-171.467,-250.168,10000,-2.592,-11.5281,-159.939,-159.905,-0.0433721,7.41444,92.0928
-171.467,-250.168,10000,-2.57838,-11.5275,-159.94,-159.901,0.139733,7.41473,92.0818
-171.467,-250.168,10000,-2.56156,-11.5274,-159.94,-159.901,-0.287513,7.41415,92.0763
-171.467,-250.168,10000,-2.5028,-11.5273,-159.94,-159.899,-0.226478,7.41369,92.0763
-171.467,-250.168,10000,-2.50862,-11.5274,-159.94,-159.902,-0.0433721,7.41361,92.0763
-171.467,-250.168,10000,-2.51877,-11.5274,-159.94,-159.903,0.200769,7.41402,92.0818
-171.467,-250.168,10000,-2.52417,-11.5272,-159.94,-159.903,0.0786982,7.41418,92.0763
-171.467,-250.168,10000,-2.58136,-11.5271,-159.94,-159.905,-0.0433721,7.41408,92.0763
-171.467,-250.168,10000,-2.72662,-11.5266,-159.942,-159.91,0.200769,7.41448,92.0818
-171.467,-250.167,10000,-2.78417,-11.5255,-159.942,-159.907,0.261804,7.415,92.0818
-171.467,-250.166,10000,-2.81306,-11.5246,-159.943,-159.907,0.444909,7.41589,92.0763
-171.467,-250.166,10000,-2.77638,-11.5237,-159.944,-159.904,-0.409583,7.41508,92.0873
-171.467,-250.166,10000,-2.76639,-11.5232,-159.944,-159.906,-0.409583,7.41425,92.0763
-171.467,-250.167,10000,-2.69757,-11.5226,-159.945,-159.904,0.0786982,7.41441,92.0818
-171.467,-250.167,10000,-2.62293,-11.5224,-159.945,-159.904,0.505944,7.41543,92.0873
-171.467,-250.167,10000,-2.53881,-11.5224,-159.944,-159.903,-0.104407,7.41523,92.0763
-171.467,-250.168,10000,-2.51505,-11.5227,-159.944,-159.906,-0.0433721,7.41514,92.0818
-171.467,-250.168,10000,-2.43792,-11.5227,-159.944,-159.903,0.0786982,7.41531,92.0763
-171.467,-250.168,10000,-2.37651,-11.5231,-159.943,-159.903,-0.409583,7.41449,92.0763
-171.467,-250.169,10000,-2.38009,-11.5236,-159.943,-159.906,0.0786982,7.41464,92.0763
-171.467,-250.169,10000,-2.38857,-11.5237,-159.943,-159.906,0.0176631,7.41468,92.0818
-171.467,-250.169,10000,-2.39348,-11.5239,-159.943,-159.906,-0.104407,7.41446,92.0763
-171.467,-250.168,10000,-2.40302,-11.524,-159.943,-159.906,-0.104407,7.41425,92.0818
-171.467,-250.168,10000,-2.35991,-11.5242,-159.942,-159.903,-0.104407,7.41405,92.0873
-171.467,-250.169,10000,-2.26823,-11.5246,-159.942,-159.9,-0.531653,7.41298,92.0873
-171.467,-250.169,10000,-2.14175,-11.5254,-159.94,-159.898,-0.592689,7.4118,92.0873
-171.467,-250.17,10000,-2.04169,-11.5267,-159.939,-159.898,-0.287513,7.41122,92.0818
-171.467,-250.17,10000,-1.97776,-11.528,-159.938,-159.898,0.0786982,7.41138,92.0818
-171.467,-250.171,10000,-1.99687,-11.5294,-159.937,-159.9,0.0786982,7.41153,92.0873
-171.467,-250.171,10000,-2.02877,-11.5304,-159.936,-159.9,0.261804,7.41204,92.0818
-171.467,-250.171,10000,-2.03109,-11.5312,-159.935,-159.898,0.200769,7.41244,92.0763
-171.467,-250.171,10000,-2.1621,-11.5321,-159.935,-159.903,-0.0433721,7.41235,92.0873
-171.467,-250.17,10000,-2.2342,-11.5323,-159.934,-159.9,-0.165442,7.41203,92.0763
-171.467,-250.169,10000,-2.31838,-11.5325,-159.935,-159.901,-0.348548,7.41132,92.0763
-171.467,-250.169,10000,-2.45749,-11.5325,-159.935,-159.904,0.0176631,7.41136,92.0818
-171.467,-250.168,10000,-2.53092,-11.5319,-159.935,-159.901,0.444909,7.41226,92.0873
-171.467,-250.168,10000,-2.58663,-11.5315,-159.936,-159.901,-0.104407,7.41205,92.0818
-171.467,-250.168,10000,-2.63181,-11.531,-159.936,-159.901,-0.165442,7.41172,92.0873
-171.467,-250.167,10000,-2.60974,-11.5305,-159.937,-159.898,-0.104407,7.4115,92.0763
-171.467,-250.167,10000,-2.64541,-11.5303,-159.937,-159.901,-0.409583,7.41069,92.0818
-171.467,-250.167,10000,-2.62194,-11.5298,-159.937,-159.899,0.0786982,7.41085,92.0818
-171.467,-250.167,10000,-2.59869,-11.5296,-159.938,-159.899,-0.226478,7.41039,92.0818
-171.467,-250.168,10000,-2.62457,-11.5294,-159.938,-159.901,-0.0433721,7.4103,92.0763
-171.467,-250.167,10000,-2.69719,-11.529,-159.939,-159.904,0.139733,7.41057,92.0763
-171.467,-250.167,10000,-2.75614,-11.5282,-159.94,-159.904,0.261804,7.41109,92.0818
-171.467,-250.167,10000,-2.74363,-11.5274,-159.94,-159.902,-0.0433721,7.411,92.0873
-171.467,-250.167,10000,-2.7122,-11.5268,-159.941,-159.901,-0.0433721,7.41092,92.0873
-171.467,-250.167,10000,-2.61773,-11.5265,-159.94,-159.899,0.322839,7.41157,92.0763
-171.467,-250.167,10000,-2.53939,-11.5266,-159.94,-159.899,0.0176631,7.4116,92.0818
-171.467,-250.168,10000,-2.47056,-11.5268,-159.94,-159.899,0.0786982,7.41177,92.0818
-171.467,-250.168,10000,-2.41235,-11.5271,-159.94,-159.9,-0.226478,7.41132,92.0873
-171.467,-250.168,10000,-2.31004,-11.5274,-159.939,-159.897,-0.165442,7.41098,92.0818
-171.467,-250.169,10000,-2.28127,-11.5282,-159.938,-159.9,0.0176631,7.41102,92.0873
-171.467,-250.169,10000,-2.25912,-11.5288,-159.938,-159.899,-0.165442,7.41068,92.0818
-171.467,-250.169,10000,-2.25175,-11.5293,-159.937,-159.9,-0.470618,7.40973,92.0873
-171.467,-250.169,10000,-2.2503,-11.5299,-159.937,-159.899,-0.165442,7.4094,92.0873
-171.467,-250.169,10000,-2.20635,-11.5304,-159.936,-159.897,0.0786982,7.40957,92.0873
-171.467,-250.17,10000,-2.17829,-11.5311,-159.935,-159.897,0.261804,7.41009,92.0818
-171.467,-250.17,10000,-2.22192,-11.5319,-159.935,-159.899,0.383874,7.41086,92.0873
-171.467,-250.17,10000,-2.26703,-11.5323,-159.934,-159.899,-0.165442,7.41053,92.0818
-171.467,-250.169,10000,-2.31982,-11.5325,-159.934,-159.899,-0.348548,7.40983,92.0873
-171.467,-250.169,10000,-2.32095,-11.5326,-159.934,-159.897,-0.348548,7.40913,92.0873
-171.467,-250.169,10000,-2.27945,-11.533,-159.933,-159.894,0.139733,7.40941,92.0763
-171.467,-250.169,10000,-2.26948,-11.5336,-159.933,-159.895,0.444909,7.41031,92.0818
-171.467,-250.169,10000,-2.2305,-11.5341,-159.932,-159.893,-0.165442,7.40998,92.0873
-171.467,-250.17,10000,-2.21082,-11.5348,-159.932,-159.893,-0.104407,7.40977,92.0873
-171.467,-250.17,10000,-2.2086,-11.5354,-159.931,-159.894,-0.287513,7.4092,92.0873
-171.467,-250.17,10000,-2.22178,-11.536,-159.93,-159.894,-0.531653,7.40813,92.0818
-171.467,-250.17,10000,-2.25571,-11.5365,-159.93,-159.894,-0.0433721,7.40804,92.0763
-171.467,-250.169,10000,-2.36233,-11.5368,-159.93,-159.898,0.139733,7.40832,92.0818
-171.467,-250.169,10000,-2.51612,-11.5366,-159.931,-159.9,0.261804,7.40884,92.0763
-171.467,-250.168,10000,-2.70906,-11.5359,-159.932,-159.903,-0.165442,7.40852,92.0763
-171.467,-250.167,10000,-2.87557,-11.5346,-159.934,-159.903,0.0176631,7.40855,92.0873
-171.467,-250.166,10000,-2.94716,-11.533,-159.935,-159.9,0.0786982,7.40871,92.0763
-171.467,-250.166,10000,-2.99952,-11.5317,-159.937,-159.901,0.444909,7.40961,92.0763
-171.467,-250.165,10000,-3.03141,-11.5303,-159.938,-159.901,0.139733,7.40989,92.0763
-171.467,-250.165,10000,-3.04351,-11.529,-159.939,-159.902,-0.226478,7.40943,92.0818
-171.467,-250.165,10000,-2.98048,-11.5277,-159.94,-159.899,0.200769,7.40983,92.0873
-171.467,-250.165,10000,-2.8971,-11.5269,-159.941,-159.899,0.261804,7.41036,92.0873
-171.467,-250.166,10000,-2.75173,-11.5264,-159.941,-159.897,-0.165442,7.41003,92.0818
-171.467,-250.167,10000,-2.6177,-11.5264,-159.94,-159.897,-0.165442,7.40971,92.0873
-171.467,-250.167,10000,-2.49136,-11.5267,-159.94,-159.897,0.139733,7.40998,92.0873
-171.467,-250.168,10000,-2.28085,-11.5272,-159.938,-159.892,0.0786982,7.41015,92.0873
-171.467,-250.169,10000,-2.06007,-11.5285,-159.937,-159.89,-0.0433721,7.41005,92.0873
-171.467,-250.17,10000,-1.93987,-11.5303,-159.935,-159.893,0.505944,7.41107,92.0873
-171.467,-250.171,10000,-1.81305,-11.532,-159.933,-159.891,-0.165442,7.41073,92.0818
-171.467,-250.172,10000,-1.79379,-11.534,-159.931,-159.894,-0.287513,7.41015,92.0763
-171.467,-250.172,10000,-1.92236,-11.5355,-159.931,-159.899,-0.0433721,7.41007,92.0763
-171.467,-250.171,10000,-2.12032,-11.5362,-159.931,-159.902,-0.104407,7.40987,92.0763
-171.467,-250.17,10000,-2.27096,-11.5361,-159.931,-159.9,0.322839,7.41051,92.0818
-171.467,-250.169,10000,-2.41565,-11.5359,-159.932,-159.9,0.139733,7.41079,92.0763
-171.467,-250.169,10000,-2.60475,-11.5354,-159.933,-159.903,-0.104407,7.41058,92.0873
-171.467,-250.168,10000,-2.75673,-11.5344,-159.934,-159.903,-0.714759,7.40915,92.0763
-171.467,-250.167,10000,-2.88584,-11.5331,-159.935,-159.903,-0.714759,7.40772,92.0873
-171.467,-250.166,10000,-2.97237,-11.5317,-159.937,-159.902,-0.104407,7.40752,92.0873
-171.467,-250.166,10000,-3.06584,-11.5302,-159.938,-159.904,0.139733,7.4078,92.0763
-171.467,-250.165,10000,-3.12672,-11.5286,-159.94,-159.905,-0.165442,7.40747,92.0818
-171.467,-250.165,10000,-3.09899,-11.5269,-159.941,-159.902,0.0786982,7.40764,92.0818
-171.467,-250.165,10000,-3.09466,-11.5257,-159.943,-159.904,0.0176631,7.40766,92.0873
-171.467,-250.165,10000,-3.0516,-11.5244,-159.944,-159.904,0.139733,7.40794,92.0818
-171.467,-250.165,10000,-2.98423,-11.5233,-159.944,-159.904,-0.226478,7.40749,92.0873
-171.467,-250.165,10000,-2.89088,-11.5225,-159.945,-159.903,-0.287513,7.40691,92.0818
-171.467,-250.166,10000,-2.78738,-11.522,-159.945,-159.903,-0.104407,7.40671,92.0818
-171.467,-250.166,10000,-2.6316,-11.5218,-159.945,-159.9,-0.165442,7.40638,92.0818
-171.467,-250.167,10000,-2.53601,-11.5221,-159.945,-159.903,-0.226478,7.40592,92.0873
-171.467,-250.168,10000,-2.43831,-11.5224,-159.944,-159.902,-0.165442,7.40558,92.0818
-171.467,-250.168,10000,-2.40018,-11.5229,-159.944,-159.905,-0.0433721,7.40549,92.0818
-171.467,-250.168,10000,-2.41314,-11.5232,-159.944,-159.907,-0.165442,7.40516,92.0873
-171.467,-250.168,10000,-2.41189,-11.5233,-159.944,-159.906,0.0176631,7.4052,92.0873
-171.467,-250.168,10000,-2.35089,-11.5234,-159.943,-159.903,-0.0433721,7.40512,92.0818
-171.467,-250.169,10000,-2.29997,-11.524,-159.942,-159.903,-0.0433721,7.40503,92.0818
-171.467,-250.169,10000,-2.26057,-11.5246,-159.942,-159.903,0.0786982,7.40518,92.0873
-171.467,-250.169,10000,-2.22543,-11.5252,-159.941,-159.902,0.505944,7.4062,92.0873
-171.467,-250.169,10000,-2.1,-11.5259,-159.94,-159.897,0.0176631,7.40623,92.0873
-171.467,-250.17,10000,-2.00378,-11.5273,-159.938,-159.897,0.0176631,7.40627,92.0873
-171.467,-250.171,10000,-1.93777,-11.5287,-159.937,-159.897,-0.409583,7.40546,92.0818
-171.467,-250.171,10000,-1.95815,-11.5301,-159.936,-159.9,-0.0433721,7.40537,92.0818
-171.467,-250.171,10000,-2.00166,-11.5312,-159.935,-159.9,0.261804,7.40589,92.0873
-171.467,-250.171,10000,-2.0077,-11.532,-159.934,-159.897,0.383874,7.40666,92.0873
-171.467,-250.171,10000,-1.98398,-11.533,-159.933,-159.895,0.322839,7.40731,92.0763
-171.467,-250.171,10000,-2.00247,-11.5341,-159.932,-159.896,-0.348548,7.40661,92.0818
-171.467,-250.171,10000,-2.04834,-11.5351,-159.931,-159.896,-0.714759,7.40518,92.0873
-171.467,-250.17,10000,-2.108,-11.5358,-159.931,-159.896,-0.165442,7.40485,92.0818
-171.467,-250.17,10000,-2.18532,-11.5364,-159.93,-159.896,-0.0433721,7.40477,92.0818
-171.467,-250.17,10000,-2.27404,-11.5367,-159.93,-159.897,-0.0433721,7.40467,92.0763
-171.467,-250.169,10000,-2.32865,-11.5367,-159.93,-159.895,-0.104407,7.40446,92.0763
-171.467,-250.169,10000,-2.4493,-11.5368,-159.931,-159.898,0.139733,7.40474,92.0873
-171.467,-250.168,10000,-2.50635,-11.5364,-159.931,-159.896,-0.592689,7.40355,92.0818
-171.467,-250.168,10000,-2.61233,-11.5361,-159.932,-159.899,-0.470618,7.40261,92.0818
-171.467,-250.168,10000,-2.70475,-11.5353,-159.933,-159.899,-0.165442,7.40227,92.0873
-171.467,-250.167,10000,-2.72447,-11.5344,-159.933,-159.896,0.261804,7.40279,92.0763
-171.467,-250.167,10000,-2.79473,-11.5338,-159.934,-159.899,0.0786982,7.40296,92.0763
-171.467,-250.167,10000,-2.80573,-11.5328,-159.935,-159.898,0.139733,7.40324,92.0873
-171.467,-250.166,10000,-2.75046,-11.5321,-159.935,-159.895,-0.287513,7.40267,92.0708
-171.467,-250.167,10000,-2.76277,-11.5317,-159.936,-159.899,-0.470618,7.40173,92.0873
-171.467,-250.167,10000,-2.75705,-11.5311,-159.936,-159.898,-0.470618,7.40079,92.0763
-171.467,-250.167,10000,-2.75189,-11.5305,-159.937,-159.899,0.322839,7.40144,92.0873
-171.467,-250.167,10000,-2.73053,-11.5299,-159.938,-159.899,0.322839,7.40208,92.0818
-171.467,-250.167,10000,-2.70399,-11.5295,-159.938,-159.899,0.200769,7.40248,92.0763
-171.467,-250.167,10000,-2.63384,-11.5291,-159.938,-159.897,0.200769,7.40288,92.0873
-171.467,-250.167,10000,-2.51468,-11.529,-159.938,-159.895,-0.104407,7.40267,92.0763
-171.467,-250.168,10000,-2.47291,-11.5295,-159.937,-159.898,0.0786982,7.40284,92.0818
-171.467,-250.168,10000,-2.44125,-11.5297,-159.937,-159.898,-0.104407,7.40263,92.0818
-171.467,-250.168,10000,-2.46755,-11.5299,-159.937,-159.901,0.0786982,7.40278,92.0763
-171.467,-250.168,10000,-2.54843,-11.5298,-159.938,-159.904,-0.0433721,7.40268,92.0873
-171.467,-250.168,10000,-2.55775,-11.5293,-159.938,-159.901,0.0786982,7.40284,92.0818
-171.467,-250.168,10000,-2.56309,-11.5291,-159.938,-159.901,0.322839,7.4035,92.0818
-171.467,-250.168,10000,-2.56501,-11.5289,-159.938,-159.901,-0.165442,7.40317,92.0763
-171.467,-250.168,10000,-2.61983,-11.5286,-159.939,-159.904,-0.287513,7.40259,92.0763
-171.467,-250.167,10000,-2.71517,-11.5281,-159.94,-159.906,-0.714759,7.40116,92.0873
-171.467,-250.167,10000,-2.72644,-11.5272,-159.94,-159.903,0.139733,7.40143,92.0763
-171.467,-250.167,10000,-2.77929,-11.5266,-159.941,-159.906,0.628015,7.40269,92.0873
-171.467,-250.167,10000,-2.75064,-11.5257,-159.942,-159.903,0.505944,7.4037,92.0873
-171.467,-250.167,10000,-2.7032,-11.5253,-159.942,-159.902,0.139733,7.40398,92.0873
-171.467,-250.167,10000,-2.64198,-11.525,-159.942,-159.902,0.0786982,7.40414,92.0708
-171.467,-250.167,10000,-2.59567,-11.5249,-159.942,-159.903,-0.348548,7.40345,92.0873
-171.467,-250.167,10000,-2.53984,-11.5248,-159.942,-159.902,-0.165442,7.40312,92.0818
-171.467,-250.168,10000,-2.43845,-11.5249,-159.942,-159.9,0.0786982,7.40328,92.0763
-171.467,-250.168,10000,-2.40912,-11.5254,-159.941,-159.903,-0.0433721,7.40319,92.0818
-171.467,-250.168,10000,-2.38447,-11.5257,-159.941,-159.903,-0.592689,7.40199,92.0873
-171.467,-250.169,10000,-2.35736,-11.526,-159.941,-159.902,0.261804,7.40251,92.0818
-171.467,-250.169,10000,-2.28944,-11.5264,-159.94,-159.9,0.322839,7.40316,92.0873
-171.467,-250.169,10000,-2.18391,-11.5271,-159.939,-159.897,-0.104407,7.40295,92.0873
-171.467,-250.17,10000,-2.10174,-11.5282,-159.938,-159.897,-0.348548,7.40224,92.0763
-171.467,-250.17,10000,-2.05977,-11.5293,-159.937,-159.898,0.628015,7.40349,92.0818
-171.467,-250.17,10000,-2.09489,-11.5304,-159.936,-159.9,0.0176631,7.40352,92.0763
-171.467,-250.17,10000,-2.20109,-11.5311,-159.936,-159.903,-0.104407,7.40331,92.0763
-171.467,-250.17,10000,-2.26486,-11.5312,-159.936,-159.901,0.0176631,7.40336,92.0763
-171.467,-250.169,10000,-2.38782,-11.5314,-159.936,-159.904,-0.0433721,7.40327,92.0873
-171.467,-250.169,10000,-2.44152,-11.5311,-159.936,-159.901,-0.470618,7.40232,92.0873
-171.467,-250.168,10000,-2.53171,-11.5309,-159.937,-159.903,-0.470618,7.40137,92.0763
-171.467,-250.168,10000,-2.61511,-11.5304,-159.937,-159.903,0.0176631,7.4014,92.0763
-171.467,-250.167,10000,-2.73696,-11.5298,-159.938,-159.906,0.322839,7.40204,92.0818
-171.467,-250.167,10000,-2.82741,-11.5287,-159.939,-159.906,0.68905,7.40341,92.0818
-171.467,-250.166,10000,-2.88594,-11.5275,-159.941,-159.905,0.0786982,7.40357,92.0873
-171.467,-250.166,10000,-2.90629,-11.5264,-159.942,-159.905,-0.348548,7.40287,92.0763
-171.467,-250.166,10000,-2.95697,-11.5254,-159.943,-159.907,-0.165442,7.40254,92.0873
-171.467,-250.166,10000,-2.91624,-11.5241,-159.944,-159.904,0.0176631,7.40257,92.0873
-171.467,-250.166,10000,-2.80106,-11.5233,-159.944,-159.901,0.322839,7.40322,92.0763
-171.467,-250.166,10000,-2.74109,-11.5231,-159.944,-159.904,0.68905,7.4046,92.0818
-171.467,-250.167,10000,-2.67274,-11.5228,-159.944,-159.904,0.0176631,7.40463,92.0873
-171.467,-250.167,10000,-2.54394,-11.5227,-159.944,-159.901,-0.165442,7.4043,92.0763
-171.467,-250.168,10000,-2.48386,-11.5231,-159.944,-159.904,-0.348548,7.4036,92.0763
-171.467,-250.168,10000,-2.4351,-11.5233,-159.943,-159.904,-0.104407,7.40339,92.0818
-171.467,-250.168,10000,-2.34243,-11.5236,-159.943,-159.901,-0.104407,7.40318,92.0818
-171.467,-250.169,10000,-2.2662,-11.5243,-159.942,-159.901,0.0786982,7.40333,92.0763
-171.467,-250.169,10000,-2.21604,-11.5251,-159.941,-159.902,0.261804,7.40385,92.0763
-171.467,-250.169,10000,-2.14274,-11.5259,-159.94,-159.9,0.261804,7.40438,92.0873
-171.467,-250.17,10000,-2.08734,-11.5269,-159.939,-159.899,0.0176631,7.40442,92.0873
-171.467,-250.17,10000,-2.05038,-11.528,-159.938,-159.899,-0.287513,7.40384,92.0763
-171.467,-250.17,10000,-2.09605,-11.5291,-159.937,-159.902,-0.470618,7.40289,92.0818
-171.467,-250.17,10000,-2.15276,-11.5297,-159.937,-159.902,-0.287513,7.40231,92.0873
-171.467,-250.17,10000,-2.16047,-11.5302,-159.936,-159.899,0.200769,7.40271,92.0818
-171.467,-250.17,10000,-2.18467,-11.5308,-159.936,-159.899,0.56698,7.40385,92.0763
-171.467,-250.17,10000,-2.2299,-11.5313,-159.935,-159.9,0.139733,7.40413,92.0763
-171.467,-250.169,10000,-2.29114,-11.5317,-159.935,-159.9,-0.470618,7.40319,92.0873
-171.467,-250.169,10000,-2.34689,-11.5318,-159.935,-159.9,-0.226478,7.40273,92.0873
-171.467,-250.169,10000,-2.4445,-11.5319,-159.935,-159.902,-0.104407,7.40251,92.0818
-171.467,-250.168,10000,-2.53134,-11.5315,-159.936,-159.902,0.261804,7.40303,92.0818
-171.467,-250.168,10000,-2.60522,-11.531,-159.937,-159.902,0.383874,7.40381,92.0763
-171.467,-250.167,10000,-2.67214,-11.5304,-159.937,-159.902,0.200769,7.40421,92.0818
-171.467,-250.167,10000,-2.72116,-11.5297,-159.938,-159.902,-0.226478,7.40376,92.0818
-171.467,-250.167,10000,-2.75269,-11.529,-159.939,-159.902,-0.287513,7.40318,92.0818
-171.467,-250.167,10000,-2.76711,-11.5283,-159.939,-159.902,0.139733,7.40346,92.0763
-171.467,-250.167,10000,-2.77417,-11.5276,-159.94,-159.903,0.139733,7.40373,92.0763
-171.467,-250.167,10000,-2.77342,-11.5269,-159.941,-159.903,0.139733,7.40401,92.0818
-171.467,-250.167,10000,-2.70921,-11.5263,-159.941,-159.9,0.200769,7.40442,92.0763
-171.467,-250.167,10000,-2.69959,-11.526,-159.941,-159.903,0.139733,7.4047,92.0818
-171.467,-250.167,10000,-2.63041,-11.5256,-159.941,-159.901,0.383874,7.40547,92.0763
-171.467,-250.167,10000,-2.61925,-11.5256,-159.942,-159.904,-0.531653,7.40441,92.0763
-171.467,-250.167,10000,-2.5598,-11.5253,-159.942,-159.901,-0.775794,7.40285,92.0818
-171.467,-250.168,10000,-2.55144,-11.5254,-159.942,-159.904,-0.0433721,7.40276,92.0763
-171.467,-250.168,10000,-2.59375,-11.5252,-159.942,-159.906,0.444909,7.40364,92.0873
-171.467,-250.167,10000,-2.56295,-11.5248,-159.942,-159.903,0.750085,7.40514,92.0763
-171.467,-250.168,10000,-2.48887,-11.5248,-159.942,-159.901,-0.0433721,7.40505,92.0818
-171.467,-250.168,10000,-2.42298,-11.525,-159.942,-159.901,0.322839,7.4057,92.0763
-171.467,-250.168,10000,-2.37512,-11.5254,-159.941,-159.902,-0.348548,7.405,92.0873
-171.467,-250.169,10000,-2.32893,-11.5259,-159.941,-159.901,-0.409583,7.40417,92.0763
-171.467,-250.169,10000,-2.30273,-11.5264,-159.94,-159.902,-0.592689,7.40297,92.0708
-171.467,-250.169,10000,-2.35097,-11.5269,-159.94,-159.905,0.444909,7.40387,92.0818
-171.467,-250.169,10000,-2.39482,-11.5269,-159.94,-159.905,0.200769,7.40428,92.0763
-171.467,-250.169,10000,-2.44083,-11.5269,-159.94,-159.905,0.444909,7.40517,92.0763
-171.467,-250.168,10000,-2.53473,-11.5268,-159.941,-159.907,-0.104407,7.40496,92.0818
-171.467,-250.168,10000,-2.60701,-11.5263,-159.941,-159.907,-0.714759,7.40353,92.0763
-171.467,-250.167,10000,-2.66568,-11.5257,-159.942,-159.907,-0.714759,7.40209,92.0763
-171.467,-250.167,10000,-2.70967,-11.525,-159.943,-159.907,-0.531653,7.40102,92.0873
-171.467,-250.167,10000,-2.67473,-11.5243,-159.943,-159.904,0.139733,7.4013,92.0873
-171.467,-250.167,10000,-2.67196,-11.5241,-159.943,-159.906,0.68905,7.40268,92.0818
-171.467,-250.167,10000,-2.65487,-11.5236,-159.944,-159.905,0.383874,7.40345,92.0873
-171.467,-250.167,10000,-2.57038,-11.5233,-159.943,-159.902,-0.287513,7.40287,92.0763
-171.467,-250.168,10000,-2.54656,-11.5235,-159.944,-159.905,-0.592689,7.40169,92.0818
-171.467,-250.168,10000,-2.46879,-11.5234,-159.943,-159.902,-0.470618,7.40074,92.0873
-171.467,-250.168,10000,-2.39102,-11.5238,-159.943,-159.902,-0.165442,7.40041,92.0763
-171.467,-250.169,10000,-2.38105,-11.5243,-159.942,-159.905,0.444909,7.4013,92.0763
-171.467,-250.169,10000,-2.42824,-11.5246,-159.943,-159.907,0.200769,7.4017,92.0818
-171.467,-250.168,10000,-2.4159,-11.5245,-159.942,-159.904,-0.104407,7.40149,92.0818
-171.467,-250.168,10000,-2.40313,-11.5246,-159.942,-159.904,0.200769,7.4019,92.0763
-171.467,-250.168,10000,-2.39888,-11.5248,-159.942,-159.904,-0.287513,7.40132,92.0818
-171.467,-250.168,10000,-2.39477,-11.525,-159.942,-159.904,-0.531653,7.40025,92.0873
-171.467,-250.169,10000,-2.38256,-11.5252,-159.941,-159.904,-0.104407,7.40004,92.0873
-171.467,-250.169,10000,-2.31673,-11.5255,-159.941,-159.901,0.139733,7.40033,92.0818
-171.467,-250.169,10000,-2.26657,-11.5261,-159.94,-159.901,0.505944,7.40133,92.0818
-171.467,-250.169,10000,-2.28078,-11.5268,-159.94,-159.903,0.261804,7.40187,92.0873
-171.467,-250.169,10000,-2.29151,-11.5271,-159.939,-159.903,-0.592689,7.40069,92.0818
-171.467,-250.169,10000,-2.30773,-11.5275,-159.939,-159.903,-0.653724,7.39938,92.0763
-171.467,-250.169,10000,-2.43238,-11.5278,-159.94,-159.908,-0.165442,7.39904,92.0873
-171.467,-250.168,10000,-2.48028,-11.5274,-159.94,-159.904,0.200769,7.39944,92.0818
-171.467,-250.168,10000,-2.56656,-11.5271,-159.94,-159.907,0.139733,7.39973,92.0873
-171.467,-250.168,10000,-2.62411,-11.5266,-159.941,-159.906,-0.0433721,7.39964,92.0818
-171.467,-250.167,10000,-2.71051,-11.526,-159.942,-159.908,-0.226478,7.39919,92.0763
-171.467,-250.167,10000,-2.77561,-11.5251,-159.943,-159.908,-0.226478,7.39874,92.0818
-171.467,-250.166,10000,-2.81072,-11.5242,-159.944,-159.907,-0.348548,7.39804,92.0763
-171.467,-250.166,10000,-2.82653,-11.5233,-159.944,-159.907,-0.348548,7.39734,92.0763
-171.467,-250.166,10000,-2.92096,-11.5225,-159.946,-159.912,0.383874,7.3981,92.0928
-171.467,-250.166,10000,-2.90588,-11.5211,-159.947,-159.908,0.200769,7.39851,92.0818
-171.467,-250.166,10000,-2.86389,-11.5203,-159.947,-159.908,0.0176631,7.39854,92.0708
-171.467,-250.166,10000,-2.86447,-11.5196,-159.948,-159.91,0.322839,7.39918,92.0873
-171.467,-250.166,10000,-2.82708,-11.5188,-159.949,-159.909,-0.653724,7.39787,92.0818
-171.467,-250.166,10000,-2.71827,-11.5182,-159.949,-159.906,-0.592689,7.39668,92.0763
-171.467,-250.167,10000,-2.66055,-11.5181,-159.949,-159.909,0.200769,7.39708,92.0873
-171.467,-250.167,10000,-2.58255,-11.518,-159.949,-159.908,0.56698,7.39821,92.0873
-171.467,-250.167,10000,-2.49122,-11.5181,-159.949,-159.907,0.68905,7.39959,92.0873
-171.467,-250.168,10000,-2.34517,-11.5184,-159.948,-159.904,-0.0433721,7.3995,92.0763
-171.467,-250.169,10000,-2.2254,-11.5193,-159.947,-159.904,-0.0433721,7.39941,92.0763
-171.467,-250.169,10000,-2.23066,-11.5204,-159.946,-159.909,-0.470618,7.39846,92.0818
-171.467,-250.169,10000,-2.18665,-11.5209,-159.945,-159.906,-0.470618,7.39751,92.0818
-171.467,-250.17,10000,-2.15361,-11.5217,-159.944,-159.906,-0.165442,7.39718,92.0763
-171.467,-250.17,10000,-2.18851,-11.5225,-159.944,-159.908,0.56698,7.39833,92.0763
-171.467,-250.17,10000,-2.23025,-11.523,-159.944,-159.908,0.628015,7.39959,92.0763
-171.467,-250.169,10000,-2.32484,-11.5233,-159.944,-159.91,0.139733,7.39987,92.0818
-171.467,-250.169,10000,-2.40217,-11.5233,-159.944,-159.91,0.0176631,7.39991,92.0763
-171.467,-250.168,10000,-2.5183,-11.5231,-159.944,-159.912,-0.287513,7.39934,92.0873
-171.467,-250.168,10000,-2.5483,-11.5225,-159.945,-159.909,-0.897864,7.39752,92.0818
-171.467,-250.168,10000,-2.61017,-11.5222,-159.945,-159.91,-0.592689,7.39632,92.0873
-171.467,-250.167,10000,-2.58993,-11.5217,-159.945,-159.907,0.0176631,7.39636,92.0873
-171.467,-250.167,10000,-2.55075,-11.5215,-159.945,-159.906,0.322839,7.39701,92.0818
-171.467,-250.168,10000,-2.45745,-11.5215,-159.945,-159.904,0.200769,7.39741,92.0818
-171.467,-250.168,10000,-2.37221,-11.5219,-159.944,-159.903,-0.348548,7.39671,92.0763
-171.467,-250.169,10000,-2.35475,-11.5225,-159.944,-159.906,-0.348548,7.396,92.0818
-171.467,-250.169,10000,-2.3865,-11.5229,-159.944,-159.908,-0.287513,7.39542,92.0818
-171.467,-250.169,10000,-2.45732,-11.5229,-159.944,-159.91,-0.165442,7.39509,92.0818
-171.467,-250.168,10000,-2.50901,-11.5227,-159.945,-159.909,0.322839,7.39573,92.0818
-171.467,-250.168,10000,-2.54202,-11.5224,-159.945,-159.909,0.505944,7.39675,92.0873
-171.467,-250.168,10000,-2.5022,-11.5221,-159.945,-159.906,0.322839,7.3974,92.0763
-171.467,-250.168,10000,-2.46727,-11.5222,-159.945,-159.906,-0.287513,7.39683,92.0763
-171.467,-250.168,10000,-2.48671,-11.5224,-159.945,-159.908,-0.531653,7.39576,92.0763
-171.467,-250.168,10000,-2.50182,-11.5222,-159.945,-159.908,-0.348548,7.39506,92.0818
-171.467,-250.168,10000,-2.45649,-11.5221,-159.945,-159.905,0.261804,7.39558,92.0818
-171.467,-250.168,10000,-2.41171,-11.5224,-159.944,-159.905,0.261804,7.39609,92.0763
-171.467,-250.168,10000,-2.42584,-11.5227,-159.944,-159.907,0.68905,7.39747,92.0763
-171.467,-250.168,10000,-2.48807,-11.5227,-159.945,-159.91,0.139733,7.39776,92.0818
-171.467,-250.168,10000,-2.53093,-11.5224,-159.945,-159.909,-0.287513,7.39718,92.0818
-171.467,-250.168,10000,-2.60392,-11.5221,-159.945,-159.911,-0.531653,7.39612,92.0763
-171.467,-250.167,10000,-2.65705,-11.5215,-159.946,-159.911,-0.836829,7.39443,92.0763
-171.467,-250.167,10000,-2.69097,-11.5209,-159.947,-159.91,0.139733,7.3947,92.0818
-171.467,-250.167,10000,-2.65024,-11.5203,-159.947,-159.907,0.872155,7.39646,92.0873
-171.467,-250.167,10000,-2.58967,-11.5201,-159.947,-159.907,0.750085,7.39797,92.0763
-171.467,-250.167,10000,-2.53113,-11.5201,-159.947,-159.907,0.322839,7.39862,92.0818
-171.467,-250.168,10000,-2.46888,-11.5202,-159.946,-159.906,-0.714759,7.39719,92.0873
-171.467,-250.168,10000,-2.35106,-11.5205,-159.946,-159.903,-0.470618,7.39625,92.0818
-171.467,-250.169,10000,-2.29754,-11.5213,-159.945,-159.905,-0.0433721,7.39617,92.0873
-171.467,-250.169,10000,-2.24416,-11.5219,-159.944,-159.905,0.139733,7.39644,92.0873
-171.467,-250.169,10000,-2.19401,-11.5226,-159.944,-159.904,0.322839,7.39709,92.0873
-171.467,-250.17,10000,-2.10233,-11.5234,-159.942,-159.901,0.444909,7.39798,92.0873
-171.467,-250.17,10000,-1.98178,-11.5246,-159.941,-159.899,0.261804,7.39851,92.0818
-171.467,-250.171,10000,-1.85278,-11.5262,-159.939,-159.896,-0.165442,7.39817,92.0763
-171.467,-250.171,10000,-1.78116,-11.5281,-159.937,-159.897,-0.226478,7.39772,92.0818
-171.467,-250.172,10000,-1.80279,-11.5299,-159.936,-159.9,-0.0433721,7.39764,92.0873
-171.467,-250.172,10000,-1.89501,-11.5313,-159.935,-159.902,0.0176631,7.39767,92.0818
-171.467,-250.171,10000,-2.00212,-11.5322,-159.934,-159.902,0.383874,7.39844,92.0763
-171.467,-250.171,10000,-2.12558,-11.5327,-159.934,-159.902,0.505944,7.39945,92.0818
-171.467,-250.17,10000,-2.24954,-11.533,-159.934,-159.902,0.322839,7.4001,92.0818
-171.467,-250.169,10000,-2.32073,-11.5329,-159.934,-159.9,-0.470618,7.39916,92.0873
-171.467,-250.169,10000,-2.3852,-11.5329,-159.934,-159.899,-0.531653,7.39809,92.0763
-171.467,-250.169,10000,-2.50558,-11.5329,-159.935,-159.902,0.0786982,7.39825,92.0818
-171.467,-250.168,10000,-2.65832,-11.5323,-159.936,-159.905,0.0786982,7.3984,92.0763
-171.467,-250.167,10000,-2.78911,-11.5312,-159.937,-159.905,0.505944,7.3994,92.0873
-171.467,-250.167,10000,-2.83052,-11.53,-159.938,-159.902,0.444909,7.40029,92.0763
-171.467,-250.166,10000,-2.90742,-11.5291,-159.939,-159.905,-0.531653,7.39923,92.0818
-171.467,-250.166,10000,-2.90375,-11.5278,-159.94,-159.902,-0.531653,7.39817,92.0763
-171.467,-250.166,10000,-2.88895,-11.5269,-159.941,-159.902,-0.592689,7.39699,92.0873
-171.467,-250.166,10000,-2.80034,-11.5261,-159.941,-159.9,0.261804,7.3975,92.0818
-171.467,-250.166,10000,-2.75849,-11.5258,-159.942,-159.902,0.994226,7.39949,92.0873
-171.467,-250.167,10000,-2.74817,-11.5254,-159.942,-159.904,0.200769,7.39989,92.0873
-171.467,-250.167,10000,-2.71541,-11.5248,-159.943,-159.903,-0.226478,7.39944,92.0818
-171.467,-250.167,10000,-2.67287,-11.5244,-159.943,-159.903,-0.470618,7.3985,92.0873
-171.467,-250.167,10000,-2.61571,-11.5242,-159.943,-159.903,-0.653724,7.39719,92.0818
-171.467,-250.167,10000,-2.55682,-11.5241,-159.943,-159.903,-0.653724,7.39588,92.0873
-171.467,-250.168,10000,-2.53973,-11.5242,-159.943,-159.905,-0.226478,7.39542,92.0763
-171.467,-250.168,10000,-2.5733,-11.5242,-159.943,-159.907,0.628015,7.39668,92.0818
-171.467,-250.168,10000,-2.54276,-11.5238,-159.943,-159.904,0.139733,7.39696,92.0818
-171.467,-250.168,10000,-2.55684,-11.5238,-159.943,-159.906,0.383874,7.39773,92.0818
-171.467,-250.168,10000,-2.55854,-11.5236,-159.944,-159.906,-0.0433721,7.39765,92.0818
-171.467,-250.168,10000,-2.54926,-11.5234,-159.944,-159.906,-0.348548,7.39696,92.0763
-171.467,-250.168,10000,-2.53928,-11.5232,-159.944,-159.906,-0.165442,7.39663,92.0763
-171.467,-250.168,10000,-2.52896,-11.5231,-159.944,-159.906,0.0176631,7.39665,92.0818
-171.467,-250.168,10000,-2.51115,-11.5231,-159.944,-159.906,0.322839,7.39729,92.0763
-171.467,-250.168,10000,-2.54394,-11.5231,-159.944,-159.908,0.56698,7.39842,92.0873
-171.467,-250.168,10000,-2.55235,-11.5228,-159.944,-159.907,0.322839,7.39907,92.0763
-171.467,-250.168,10000,-2.6043,-11.5226,-159.945,-159.91,-0.592689,7.39789,92.0873
-171.467,-250.167,10000,-2.57699,-11.5221,-159.945,-159.906,0.0176631,7.39792,92.0818
-171.467,-250.168,10000,-2.54144,-11.522,-159.945,-159.906,-0.287513,7.39734,92.0763
-171.467,-250.168,10000,-2.50866,-11.522,-159.945,-159.906,0.383874,7.3981,92.0763
-171.467,-250.168,10000,-2.52769,-11.5221,-159.945,-159.908,0.750085,7.39961,92.0873
-171.467,-250.168,10000,-2.52469,-11.5219,-159.945,-159.908,0.56698,7.40074,92.0818
-171.467,-250.168,10000,-2.55937,-11.5218,-159.946,-159.909,0.0176631,7.40078,92.0763
-171.467,-250.168,10000,-2.58239,-11.5215,-159.946,-159.909,-0.165442,7.40045,92.0818
-171.467,-250.167,10000,-2.58695,-11.5211,-159.946,-159.909,-0.287513,7.39988,92.0763
-171.467,-250.167,10000,-2.58361,-11.5209,-159.946,-159.909,-0.470618,7.39893,92.0763
-171.467,-250.167,10000,-2.62178,-11.5206,-159.947,-159.911,-0.104407,7.39872,92.0818
-171.467,-250.167,10000,-2.63577,-11.5202,-159.947,-159.91,0.200769,7.39912,92.0763
-171.467,-250.167,10000,-2.68444,-11.5198,-159.948,-159.912,0.505944,7.40014,92.0818
-171.467,-250.167,10000,-2.75127,-11.5191,-159.949,-159.914,0.139733,7.40042,92.0763
-171.467,-250.167,10000,-2.83657,-11.5182,-159.95,-159.916,-0.287513,7.39984,92.0873
-171.467,-250.166,10000,-2.81933,-11.5171,-159.951,-159.912,-0.897864,7.39804,92.0873
-171.467,-250.166,10000,-2.71772,-11.5164,-159.951,-159.909,-0.409583,7.39722,92.0763
-171.467,-250.167,10000,-2.66264,-11.5163,-159.951,-159.911,0.322839,7.39786,92.0873
-171.467,-250.167,10000,-2.5841,-11.5161,-159.951,-159.91,0.68905,7.39923,92.0763
-171.467,-250.167,10000,-2.50521,-11.5162,-159.95,-159.91,0.56698,7.40038,92.0818
-171.467,-250.168,10000,-2.4705,-11.5165,-159.95,-159.911,-0.287513,7.3998,92.0763
-171.467,-250.168,10000,-2.43368,-11.5167,-159.95,-159.911,-0.592689,7.39861,92.0763
-171.467,-250.168,10000,-2.39666,-11.5169,-159.95,-159.911,-0.775794,7.39706,92.0818
-171.467,-250.168,10000,-2.30615,-11.5172,-159.949,-159.908,-0.287513,7.39648,92.0818
-171.467,-250.169,10000,-2.17581,-11.518,-159.948,-159.905,0.322839,7.39712,92.0708
-171.467,-250.17,10000,-2.1325,-11.5192,-159.947,-159.908,0.68905,7.39849,92.0873
-171.467,-250.17,10000,-2.04432,-11.5201,-159.946,-159.905,0.505944,7.3995,92.0873
-171.467,-250.17,10000,-1.97256,-11.5214,-159.944,-159.904,-0.165442,7.39917,92.0818
-171.467,-250.171,10000,-1.92772,-11.5228,-159.943,-159.904,-1.26408,7.39664,92.0763
-171.467,-250.171,10000,-1.96445,-11.5242,-159.942,-159.906,-0.836829,7.39496,92.0818
-171.467,-250.171,10000,-2.01276,-11.5251,-159.941,-159.906,0.0176631,7.39499,92.0818
-171.467,-250.171,10000,-2.1177,-11.5259,-159.941,-159.908,0.628015,7.39624,92.0873
-171.467,-250.17,10000,-2.16156,-11.5263,-159.94,-159.905,0.81112,7.39786,92.0818
-171.467,-250.17,10000,-2.16124,-11.5268,-159.94,-159.902,0.81112,7.39949,92.0763
-171.467,-250.17,10000,-2.22962,-11.5274,-159.939,-159.905,-0.470618,7.39854,92.0763
-171.467,-250.169,10000,-2.3528,-11.5277,-159.94,-159.908,-0.836829,7.39686,92.0873
-171.467,-250.169,10000,-2.40259,-11.5274,-159.94,-159.904,-0.470618,7.39591,92.0763
-171.467,-250.168,10000,-2.55044,-11.5274,-159.94,-159.909,-0.0433721,7.39582,92.0763
-171.467,-250.168,10000,-2.67474,-11.5266,-159.941,-159.909,0.200769,7.39622,92.0818
-171.467,-250.167,10000,-2.71748,-11.5256,-159.942,-159.906,0.444909,7.39711,92.0818
-171.467,-250.167,10000,-2.73805,-11.5249,-159.943,-159.906,0.444909,7.398,92.0763
-171.467,-250.167,10000,-2.65008,-11.5243,-159.943,-159.901,-0.287513,7.39742,92.0873
-171.467,-250.167,10000,-2.55678,-11.5243,-159.943,-159.901,-0.836829,7.39574,92.0763
-171.467,-250.168,10000,-2.47881,-11.5245,-159.942,-159.901,-0.348548,7.39504,92.0763
-171.467,-250.168,10000,-2.46584,-11.5248,-159.942,-159.904,0.0786982,7.3952,92.0873
-171.467,-250.168,10000,-2.39526,-11.5249,-159.942,-159.901,0.81112,7.39681,92.0818
-171.467,-250.169,10000,-2.28849,-11.5254,-159.941,-159.899,0.322839,7.39745,92.0818
-171.467,-250.169,10000,-2.25391,-11.5262,-159.94,-159.901,0.200769,7.39786,92.0763
-171.467,-250.169,10000,-2.24128,-11.5269,-159.94,-159.902,-0.714759,7.39643,92.0818
-171.467,-250.169,10000,-2.28842,-11.5274,-159.939,-159.904,-0.531653,7.39537,92.0873
-171.467,-250.169,10000,-2.32716,-11.5276,-159.939,-159.904,0.0786982,7.39553,92.0873
-171.467,-250.169,10000,-2.35717,-11.5278,-159.939,-159.903,0.139733,7.39581,92.0873
-171.467,-250.169,10000,-2.37879,-11.5279,-159.939,-159.903,0.200769,7.39621,92.0763
-171.467,-250.169,10000,-2.40888,-11.528,-159.939,-159.903,0.383874,7.39697,92.0873
-171.467,-250.168,10000,-2.47692,-11.528,-159.939,-159.905,0.444909,7.39786,92.0818
-171.467,-250.168,10000,-2.53279,-11.5277,-159.94,-159.904,-0.897864,7.39607,92.0818
-171.467,-250.168,10000,-2.57574,-11.5274,-159.94,-159.904,-0.531653,7.39501,92.0763
-171.467,-250.168,10000,-2.61308,-11.527,-159.94,-159.904,0.0176631,7.39504,92.0818
-171.467,-250.167,10000,-2.6844,-11.5265,-159.941,-159.907,0.261804,7.39557,92.0763
-171.467,-250.167,10000,-2.78757,-11.5258,-159.942,-159.909,0.994226,7.39756,92.0818
-171.467,-250.166,10000,-2.85448,-11.5247,-159.943,-159.908,0.68905,7.39894,92.0818
-171.467,-250.166,10000,-2.88692,-11.5236,-159.944,-159.908,0.139733,7.39922,92.0873
-171.467,-250.166,10000,-2.83172,-11.5226,-159.945,-159.905,-0.409583,7.3984,92.0763
-171.467,-250.166,10000,-2.81866,-11.522,-159.946,-159.907,-1.08097,7.39624,92.0763
-171.467,-250.166,10000,-2.83937,-11.5213,-159.947,-159.91,-0.0433721,7.39615,92.0763
-171.467,-250.166,10000,-2.83793,-11.5205,-159.947,-159.909,0.383874,7.39692,92.0873
-171.467,-250.166,10000,-2.80124,-11.5197,-159.948,-159.908,0.383874,7.39769,92.0763
-171.467,-250.166,10000,-2.70402,-11.5191,-159.948,-159.906,0.383874,7.39846,92.0763
-171.467,-250.167,10000,-2.60871,-11.5191,-159.948,-159.906,0.444909,7.39935,92.0818
-171.467,-250.167,10000,-2.51156,-11.5192,-159.947,-159.906,0.0786982,7.39951,92.0873
-171.467,-250.168,10000,-2.45797,-11.5195,-159.947,-159.907,-0.653724,7.39821,92.0763
-171.467,-250.168,10000,-2.41052,-11.5198,-159.947,-159.907,-0.897864,7.39641,92.0763
-171.467,-250.168,10000,-2.37035,-11.5201,-159.946,-159.907,0.261804,7.39694,92.0763
-171.467,-250.169,10000,-2.29075,-11.5205,-159.946,-159.905,0.750085,7.39844,92.0763
-171.467,-250.169,10000,-2.27926,-11.5213,-159.945,-159.907,0.68905,7.39982,92.0873
-171.467,-250.169,10000,-2.2611,-11.5217,-159.945,-159.907,0.68905,7.4012,92.0763
-171.467,-250.169,10000,-2.25462,-11.5223,-159.944,-159.907,-0.470618,7.40025,92.0763
-171.467,-250.169,10000,-2.25899,-11.5228,-159.944,-159.907,-0.531653,7.3992,92.0708
-171.467,-250.169,10000,-2.28081,-11.5232,-159.943,-159.907,-0.531653,7.39813,92.0818
-171.467,-250.169,10000,-2.34885,-11.5235,-159.943,-159.909,0.200769,7.39852,92.0818
-171.467,-250.169,10000,-2.40402,-11.5235,-159.944,-159.909,0.872155,7.40027,92.0873
-171.467,-250.168,10000,-2.39034,-11.5234,-159.943,-159.905,0.505944,7.40129,92.0818
-171.467,-250.169,10000,-2.32844,-11.5237,-159.943,-159.903,0.0786982,7.40144,92.0763
-171.467,-250.169,10000,-2.33448,-11.5243,-159.942,-159.905,-0.226478,7.40099,92.0873
-171.467,-250.169,10000,-2.33255,-11.5246,-159.942,-159.905,-0.775794,7.39944,92.0873
-171.467,-250.169,10000,-2.27637,-11.5249,-159.941,-159.902,-0.0433721,7.39934,92.0818
-171.467,-250.169,10000,-2.23495,-11.5255,-159.941,-159.902,0.628015,7.4006,92.0873
-171.467,-250.169,10000,-2.24904,-11.5262,-159.94,-159.904,0.322839,7.40124,92.0873
-171.467,-250.169,10000,-2.26054,-11.5267,-159.94,-159.903,0.200769,7.40164,92.0763
-171.467,-250.169,10000,-2.33416,-11.5271,-159.94,-159.906,0.261804,7.40218,92.0818
-171.467,-250.169,10000,-2.39954,-11.5271,-159.94,-159.905,-0.348548,7.40147,92.0763
-171.467,-250.169,10000,-2.46331,-11.5269,-159.94,-159.906,-0.958899,7.39955,92.0818
-171.467,-250.168,10000,-2.51436,-11.5267,-159.941,-159.905,-0.409583,7.39872,92.0818
-171.467,-250.168,10000,-2.55239,-11.5264,-159.941,-159.905,0.56698,7.39985,92.0873
-171.467,-250.168,10000,-2.56952,-11.5261,-159.941,-159.904,0.872155,7.4016,92.0763
-171.467,-250.168,10000,-2.58463,-11.5258,-159.941,-159.905,0.444909,7.40249,92.0763
-171.467,-250.168,10000,-2.59652,-11.5255,-159.942,-159.905,-0.0433721,7.4024,92.0763
-171.467,-250.167,10000,-2.60471,-11.5252,-159.942,-159.905,-0.653724,7.40109,92.0873
-171.467,-250.167,10000,-2.54531,-11.5249,-159.942,-159.902,-0.592689,7.39991,92.0763
-171.467,-250.168,10000,-2.5454,-11.525,-159.942,-159.905,-0.470618,7.39896,92.0873
-171.467,-250.168,10000,-2.48203,-11.5248,-159.942,-159.902,0.139733,7.39924,92.0818
-171.467,-250.168,10000,-2.42531,-11.5251,-159.942,-159.902,0.68905,7.40061,92.0873
-171.467,-250.168,10000,-2.36913,-11.5254,-159.941,-159.901,0.0786982,7.40077,92.0818
-171.467,-250.169,10000,-2.3725,-11.5259,-159.941,-159.904,-0.287513,7.4002,92.0763
-171.467,-250.169,10000,-2.38435,-11.5261,-159.941,-159.904,-0.287513,7.39962,92.0818
-171.467,-250.169,10000,-2.34776,-11.5263,-159.94,-159.901,-0.348548,7.39893,92.0763
-171.467,-250.169,10000,-2.32919,-11.5267,-159.94,-159.902,-0.348548,7.39822,92.0763
-171.467,-250.169,10000,-2.32683,-11.5271,-159.94,-159.902,0.200769,7.39861,92.0873
-171.467,-250.169,10000,-2.27436,-11.5274,-159.939,-159.899,0.628015,7.39987,92.0818
-171.467,-250.169,10000,-2.19141,-11.5281,-159.938,-159.897,0.322839,7.40053,92.0818
-171.467,-250.17,10000,-2.18493,-11.529,-159.937,-159.9,-0.165442,7.4002,92.0818
-171.467,-250.17,10000,-2.19467,-11.5297,-159.937,-159.9,-0.714759,7.39876,92.0818
-171.467,-250.17,10000,-2.26641,-11.5303,-159.937,-159.902,-0.470618,7.39782,92.0818
-171.467,-250.169,10000,-2.29026,-11.5304,-159.936,-159.9,0.200769,7.39822,92.0763
-171.467,-250.169,10000,-2.37779,-11.5307,-159.936,-159.903,0.322839,7.39886,92.0763
-171.467,-250.169,10000,-2.51417,-11.5306,-159.937,-159.905,0.56698,7.40001,92.0818
-171.467,-250.168,10000,-2.62807,-11.5299,-159.938,-159.905,0.261804,7.40054,92.0818
-171.467,-250.167,10000,-2.66911,-11.5291,-159.938,-159.903,-0.348548,7.39984,92.0818
-171.467,-250.167,10000,-2.69541,-11.5285,-159.939,-159.902,-0.897864,7.39804,92.0818
-171.467,-250.167,10000,-2.70724,-11.5279,-159.94,-159.902,-0.592689,7.39685,92.0763
-171.467,-250.167,10000,-2.71432,-11.5274,-159.94,-159.903,0.139733,7.39713,92.0818
-171.467,-250.167,10000,-2.70791,-11.5268,-159.941,-159.903,0.505944,7.39814,92.0763
-171.467,-250.167,10000,-2.79453,-11.5264,-159.942,-159.908,1.05526,7.40025,92.0818
-171.467,-250.166,10000,-2.80048,-11.5253,-159.942,-159.905,0.56698,7.40139,92.0873
-171.467,-250.166,10000,-2.77841,-11.5246,-159.943,-159.904,-0.165442,7.40106,92.0873
-171.467,-250.166,10000,-2.73362,-11.524,-159.943,-159.904,-1.26408,7.39852,92.0763
-171.467,-250.167,10000,-2.73531,-11.5236,-159.944,-159.906,-0.836829,7.39685,92.0873
-171.467,-250.167,10000,-2.66223,-11.5231,-159.944,-159.903,0.322839,7.3975,92.0763
-171.467,-250.167,10000,-2.64288,-11.523,-159.944,-159.906,0.322839,7.39814,92.0873
-171.467,-250.167,10000,-2.60426,-11.5227,-159.944,-159.905,0.261804,7.39866,92.0873
-171.467,-250.167,10000,-2.50287,-11.5226,-159.944,-159.902,0.139733,7.39895,92.0818
-171.467,-250.168,10000,-2.45899,-11.523,-159.944,-159.904,-0.409583,7.39812,92.0873
-171.467,-250.168,10000,-2.36039,-11.5232,-159.943,-159.901,-0.714759,7.39669,92.0763
-171.467,-250.169,10000,-2.33399,-11.5239,-159.943,-159.904,-0.592689,7.3955,92.0873
-171.467,-250.169,10000,-2.3052,-11.5243,-159.942,-159.904,0.322839,7.39614,92.0873
-171.467,-250.169,10000,-2.22813,-11.5248,-159.941,-159.901,1.17733,7.3985,92.0873
-171.467,-250.169,10000,-2.16357,-11.5256,-159.94,-159.9,0.505944,7.39952,92.0873
-171.467,-250.17,10000,-2.11376,-11.5266,-159.939,-159.9,0.444909,7.40043,92.0763
-171.467,-250.17,10000,-2.14384,-11.5276,-159.939,-159.903,-0.714759,7.39899,92.0818
-171.467,-250.17,10000,-2.18321,-11.5282,-159.938,-159.903,-1.08097,7.39683,92.0763
-171.467,-250.17,10000,-2.28535,-11.5286,-159.938,-159.905,-0.287513,7.39625,92.0873
-171.467,-250.169,10000,-2.37072,-11.5286,-159.938,-159.905,0.200769,7.39665,92.0873
-171.467,-250.169,10000,-2.39039,-11.5285,-159.938,-159.902,0.68905,7.39804,92.0763
-171.467,-250.169,10000,-2.37092,-11.5286,-159.938,-159.9,0.505944,7.39904,92.0818
-171.467,-250.169,10000,-2.31259,-11.5289,-159.937,-159.898,0.0176631,7.39909,92.0873
-171.467,-250.169,10000,-2.31414,-11.5295,-159.937,-159.9,-0.287513,7.39851,92.0873
-171.467,-250.169,10000,-2.31704,-11.5298,-159.937,-159.9,-0.653724,7.39719,92.0763
-171.467,-250.169,10000,-2.38562,-11.5302,-159.937,-159.902,-0.653724,7.39588,92.0873
-171.467,-250.169,10000,-2.39299,-11.5301,-159.937,-159.9,0.628015,7.39714,92.0873
-171.467,-250.169,10000,-2.34969,-11.5302,-159.936,-159.897,0.81112,7.39877,92.0818
-171.467,-250.169,10000,-2.3235,-11.5307,-159.936,-159.897,0.56698,7.39991,92.0763
-171.467,-250.169,10000,-2.27272,-11.5311,-159.935,-159.896,-0.287513,7.39934,92.0763
-171.467,-250.169,10000,-2.34914,-11.5318,-159.935,-159.901,-0.653724,7.39803,92.0818
-171.467,-250.169,10000,-2.42291,-11.5317,-159.935,-159.901,-0.165442,7.39769,92.0763
-171.467,-250.168,10000,-2.54769,-11.5315,-159.936,-159.904,0.0786982,7.39784,92.0873
-171.467,-250.168,10000,-2.59594,-11.5308,-159.937,-159.901,0.68905,7.39921,92.0763
-171.467,-250.168,10000,-2.6418,-11.5304,-159.937,-159.901,0.994226,7.4012,92.0818
-171.467,-250.167,10000,-2.67536,-11.5298,-159.938,-159.901,0.0786982,7.40136,92.0818
-171.467,-250.167,10000,-2.69615,-11.5293,-159.938,-159.901,0.0786982,7.40151,92.0818
-171.467,-250.167,10000,-2.75319,-11.5287,-159.939,-159.904,-0.226478,7.40106,92.0818
-171.467,-250.167,10000,-2.78843,-11.5279,-159.94,-159.904,-0.0433721,7.40097,92.0873
-171.467,-250.166,10000,-2.79493,-11.5271,-159.941,-159.903,0.261804,7.4015,92.0763
-171.467,-250.166,10000,-2.84058,-11.5263,-159.942,-159.906,-0.0433721,7.40142,92.0818
-171.467,-250.166,10000,-2.85862,-11.5254,-159.943,-159.905,0.200769,7.40182,92.0873
-171.467,-250.166,10000,-2.8924,-11.5245,-159.944,-159.907,-0.0433721,7.40173,92.0818
-171.467,-250.166,10000,-2.89584,-11.5234,-159.944,-159.907,-0.0433721,7.40164,92.0818
-171.467,-250.166,10000,-2.87266,-11.5225,-159.945,-159.906,-0.165442,7.40131,92.0818
-171.467,-250.166,10000,-2.8759,-11.5218,-159.946,-159.908,-0.226478,7.40085,92.0818
-171.467,-250.166,10000,-2.8033,-11.5209,-159.947,-159.906,-0.409583,7.40004,92.0763
-171.467,-250.166,10000,-2.77445,-11.5205,-159.947,-159.908,0.505944,7.40105,92.0818
-171.467,-250.166,10000,-2.72632,-11.52,-159.947,-159.908,0.383874,7.40181,92.0763
-171.467,-250.167,10000,-2.67147,-11.5196,-159.948,-159.908,0.505944,7.40283,92.0763
-171.467,-250.167,10000,-2.61292,-11.5194,-159.948,-159.907,0.200769,7.40323,92.0873
-171.467,-250.167,10000,-2.49041,-11.5194,-159.947,-159.904,-0.409583,7.40241,92.0763
-171.467,-250.168,10000,-2.38467,-11.5199,-159.946,-159.905,-0.226478,7.40196,92.0818
-171.467,-250.168,10000,-2.33871,-11.5205,-159.946,-159.907,-0.226478,7.4015,92.0763
-171.467,-250.169,10000,-2.30427,-11.521,-159.945,-159.907,0.56698,7.40263,92.0763
-171.467,-250.169,10000,-2.28163,-11.5215,-159.945,-159.907,1.05526,7.40474,92.0763
-171.467,-250.169,10000,-2.27042,-11.5221,-159.944,-159.907,0.444909,7.40563,92.0818
-171.467,-250.169,10000,-2.26212,-11.5225,-159.944,-159.906,-0.409583,7.4048,92.0763
-171.467,-250.169,10000,-2.21699,-11.523,-159.943,-159.904,-1.32511,7.40215,92.0763
-171.467,-250.169,10000,-2.24091,-11.5238,-159.943,-159.907,-0.470618,7.40121,92.0873
-171.467,-250.169,10000,-2.25756,-11.5242,-159.942,-159.906,0.383874,7.40198,92.0708
-171.467,-250.169,10000,-2.33984,-11.5246,-159.942,-159.909,0.68905,7.40337,92.0763
-171.467,-250.169,10000,-2.36839,-11.5245,-159.942,-159.906,0.56698,7.4045,92.0763
-171.467,-250.169,10000,-2.44816,-11.5246,-159.943,-159.909,0.200769,7.40492,92.0763
-171.467,-250.168,10000,-2.51766,-11.5244,-159.943,-159.908,-0.287513,7.40434,92.0873
-171.467,-250.168,10000,-2.5594,-11.524,-159.943,-159.908,-0.592689,7.40315,92.0818
-171.467,-250.168,10000,-2.58402,-11.5236,-159.944,-159.907,-0.104407,7.40295,92.0708
-171.467,-250.167,10000,-2.6572,-11.5233,-159.944,-159.91,0.0176631,7.40298,92.0818
-171.467,-250.167,10000,-2.70183,-11.5226,-159.945,-159.909,0.872155,7.40473,92.0818
-171.467,-250.167,10000,-2.72015,-11.5219,-159.946,-159.909,0.68905,7.40611,92.0763
-171.467,-250.167,10000,-2.72303,-11.5213,-159.946,-159.909,-0.0433721,7.40603,92.0763
-171.467,-250.167,10000,-2.71208,-11.5208,-159.947,-159.909,-0.653724,7.40472,92.0873
-171.467,-250.167,10000,-2.62591,-11.5203,-159.947,-159.905,-0.714759,7.4033,92.0818
-171.467,-250.167,10000,-2.44079,-11.5203,-159.946,-159.9,-0.0433721,7.40322,92.0763
-171.467,-250.168,10000,-2.33568,-11.5212,-159.945,-159.903,0.93319,7.40509,92.0763
-171.467,-250.169,10000,-2.30243,-11.5219,-159.945,-159.906,1.05526,7.40721,92.0763
-171.467,-250.169,10000,-2.33097,-11.5225,-159.944,-159.908,0.261804,7.40773,92.0873
-171.467,-250.169,10000,-2.29681,-11.5227,-159.944,-159.905,-0.165442,7.40741,92.0763
-171.467,-250.169,10000,-2.27748,-11.5232,-159.943,-159.905,-0.531653,7.40634,92.0873
-171.467,-250.169,10000,-2.20768,-11.5237,-159.942,-159.902,-0.897864,7.40455,92.0763
-171.467,-250.169,10000,-2.21252,-11.5246,-159.942,-159.905,-0.348548,7.40386,92.0873
-171.467,-250.169,10000,-2.21568,-11.5251,-159.941,-159.904,0.200769,7.40426,92.0873
-171.467,-250.169,10000,-2.16991,-11.5257,-159.94,-159.901,0.56698,7.40539,92.0763
-171.467,-250.17,10000,-2.15114,-11.5265,-159.94,-159.902,0.750085,7.40689,92.0873
-171.467,-250.17,10000,-2.09239,-11.5273,-159.939,-159.899,-0.0433721,7.4068,92.0763
-171.467,-250.17,10000,-2.06886,-11.5284,-159.938,-159.9,-0.592689,7.40561,92.0818
-171.467,-250.17,10000,-2.06894,-11.5294,-159.937,-159.9,-0.165442,7.40528,92.0818
-171.467,-250.17,10000,-2.1381,-11.5302,-159.936,-159.902,-0.165442,7.40495,92.0873
-171.467,-250.17,10000,-2.20591,-11.5307,-159.936,-159.902,0.322839,7.40559,92.0873
-171.467,-250.17,10000,-2.31841,-11.531,-159.936,-159.904,0.444909,7.40648,92.0873
-171.467,-250.169,10000,-2.41441,-11.5308,-159.936,-159.903,0.261804,7.40701,92.0763
-171.467,-250.168,10000,-2.55645,-11.5306,-159.937,-159.906,-0.226478,7.40657,92.0818
-171.467,-250.168,10000,-2.67283,-11.5298,-159.938,-159.905,-0.897864,7.40478,92.0873
-171.467,-250.167,10000,-2.75371,-11.5289,-159.939,-159.905,-0.348548,7.40408,92.0873
-171.467,-250.167,10000,-2.75239,-11.5279,-159.94,-159.902,-0.104407,7.40387,92.0818
-171.467,-250.167,10000,-2.73843,-11.5273,-159.94,-159.902,0.322839,7.40453,92.0818
-171.467,-250.167,10000,-2.76235,-11.5268,-159.941,-159.904,1.17733,7.40689,92.0873
-171.467,-250.167,10000,-2.75867,-11.5261,-159.941,-159.904,0.505944,7.40791,92.0873
-171.467,-250.167,10000,-2.68412,-11.5255,-159.942,-159.901,-0.470618,7.40696,92.0873
-171.467,-250.167,10000,-2.60209,-11.5254,-159.941,-159.9,-0.531653,7.4059,92.0763
-171.467,-250.167,10000,-2.58149,-11.5255,-159.942,-159.903,-0.226478,7.40545,92.0873
-171.467,-250.168,10000,-2.54824,-11.5253,-159.942,-159.903,-0.104407,7.40524,92.0818
-171.467,-250.168,10000,-2.51374,-11.5253,-159.942,-159.903,0.444909,7.40613,92.0818
-171.467,-250.168,10000,-2.47986,-11.5254,-159.941,-159.902,0.68905,7.40751,92.0818
-171.467,-250.168,10000,-2.44794,-11.5255,-159.941,-159.902,0.56698,7.40866,92.0763
-171.467,-250.168,10000,-2.42749,-11.5257,-159.941,-159.903,-0.348548,7.40796,92.0873
-171.467,-250.168,10000,-2.40164,-11.5259,-159.941,-159.902,-0.775794,7.40641,92.0763
-171.467,-250.168,10000,-2.3888,-11.5262,-159.941,-159.903,-0.0433721,7.40632,92.0818
-171.467,-250.169,10000,-2.33136,-11.5264,-159.94,-159.9,0.81112,7.40794,92.0763
-171.467,-250.169,10000,-2.29659,-11.527,-159.939,-159.901,0.68905,7.40933,92.0818
-171.467,-250.169,10000,-2.22651,-11.5275,-159.939,-159.898,0.444909,7.41022,92.0763
-171.467,-250.169,10000,-2.18801,-11.5284,-159.938,-159.899,0.200769,7.41064,92.0873
-171.467,-250.17,10000,-2.11424,-11.5292,-159.937,-159.896,-0.287513,7.41006,92.0873
-171.467,-250.17,10000,-2.06421,-11.5302,-159.936,-159.896,-0.409583,7.40925,92.0873
-171.467,-250.17,10000,-1.98967,-11.5314,-159.934,-159.894,-0.348548,7.40855,92.0818
-171.467,-250.171,10000,-2.00423,-11.5327,-159.933,-159.897,0.322839,7.40919,92.0818
-171.467,-250.171,10000,-2.04488,-11.5337,-159.933,-159.897,0.750085,7.4107,92.0818
-171.467,-250.17,10000,-2.15479,-11.5344,-159.932,-159.9,0.322839,7.41134,92.0873
-171.467,-250.17,10000,-2.26118,-11.5347,-159.932,-159.9,-0.104407,7.41114,92.0873
-171.467,-250.169,10000,-2.35991,-11.5347,-159.932,-159.899,-0.714759,7.40971,92.0928
-171.467,-250.169,10000,-2.39203,-11.5345,-159.932,-159.896,-0.592689,7.40852,92.0873
-171.467,-250.169,10000,-2.32747,-11.5346,-159.932,-159.892,0.0786982,7.40868,92.0763
-171.467,-250.169,10000,-2.29884,-11.5352,-159.931,-159.893,-0.104407,7.40848,92.0818
-171.467,-250.169,10000,-2.29389,-11.5357,-159.931,-159.893,0.383874,7.40925,92.0818
-171.467,-250.169,10000,-2.30922,-11.5361,-159.931,-159.894,0.322839,7.40989,92.0763
-171.467,-250.169,10000,-2.39739,-11.5364,-159.931,-159.897,-0.0433721,7.40981,92.0818
-171.467,-250.169,10000,-2.48569,-11.5362,-159.931,-159.897,-0.409583,7.40899,92.0763
-171.467,-250.168,10000,-2.62577,-11.5358,-159.932,-159.9,-0.958899,7.40707,92.0818
-171.467,-250.167,10000,-2.74474,-11.5349,-159.933,-159.901,-0.226478,7.40662,92.0763
-171.467,-250.167,10000,-2.7999,-11.5338,-159.934,-159.899,0.322839,7.40726,92.0818
-171.467,-250.167,10000,-2.88674,-11.5329,-159.935,-159.901,0.200769,7.40766,92.0873
-171.467,-250.166,10000,-2.88976,-11.5316,-159.936,-159.898,0.200769,7.40805,92.0873
-171.467,-250.166,10000,-2.82247,-11.5307,-159.937,-159.896,-0.165442,7.40773,92.0818
-171.467,-250.166,10000,-2.80369,-11.5303,-159.937,-159.899,-0.897864,7.40593,92.0818
-171.467,-250.166,10000,-2.72836,-11.5296,-159.938,-159.897,-0.836829,7.40426,92.0873
-171.467,-250.167,10000,-2.60125,-11.5294,-159.937,-159.894,-0.287513,7.40368,92.0873
-171.467,-250.167,10000,-2.53388,-11.5297,-159.937,-159.897,0.444909,7.40456,92.0873
-171.467,-250.168,10000,-2.42243,-11.5299,-159.937,-159.894,0.81112,7.40618,92.0763
-171.467,-250.168,10000,-2.34395,-11.5304,-159.936,-159.895,0.322839,7.40683,92.0763
-171.467,-250.169,10000,-2.2972,-11.5311,-159.935,-159.896,-0.165442,7.4065,92.0818
-171.467,-250.169,10000,-2.27156,-11.5317,-159.935,-159.896,-0.592689,7.40532,92.0763
-171.467,-250.169,10000,-2.27348,-11.5322,-159.934,-159.897,-0.531653,7.40425,92.0818
-171.467,-250.169,10000,-2.29061,-11.5327,-159.934,-159.897,0.139733,7.40454,92.0873
-171.467,-250.169,10000,-2.31174,-11.533,-159.934,-159.897,0.994226,7.40653,92.0763
-171.467,-250.169,10000,-2.30401,-11.5333,-159.933,-159.896,0.444909,7.40742,92.0763
-171.467,-250.169,10000,-2.32123,-11.5337,-159.933,-159.896,0.0176631,7.40744,92.0763
-171.467,-250.169,10000,-2.35829,-11.5339,-159.933,-159.897,-0.409583,7.40662,92.0763
-171.467,-250.169,10000,-2.41033,-11.534,-159.933,-159.898,-0.348548,7.40592,92.0763
-171.467,-250.169,10000,-2.52086,-11.5339,-159.934,-159.901,-0.287513,7.40535,92.0818
-171.467,-250.168,10000,-2.61844,-11.5334,-159.934,-159.901,0.444909,7.40624,92.0873
-171.467,-250.167,10000,-2.64348,-11.5327,-159.935,-159.898,0.750085,7.40774,92.0873
-171.467,-250.167,10000,-2.65525,-11.5322,-159.935,-159.898,0.505944,7.40875,92.0763
-171.467,-250.167,10000,-2.71881,-11.5317,-159.936,-159.901,-0.226478,7.40829,92.0818
-171.467,-250.167,10000,-2.71693,-11.531,-159.937,-159.899,-0.348548,7.40759,92.0763
-171.467,-250.167,10000,-2.76497,-11.5305,-159.937,-159.902,-0.775794,7.40604,92.0818
-171.467,-250.167,10000,-2.84263,-11.5296,-159.938,-159.904,-0.409583,7.40522,92.0928
-171.467,-250.166,10000,-2.87599,-11.5285,-159.939,-159.903,0.261804,7.40574,92.0763
-171.467,-250.166,10000,-2.94191,-11.5275,-159.941,-159.906,0.56698,7.40687,92.0873
-171.467,-250.166,10000,-2.91773,-11.5262,-159.942,-159.903,0.628015,7.40812,92.0763
-171.467,-250.166,10000,-2.88293,-11.5254,-159.942,-159.903,0.139733,7.4084,92.0873
-171.467,-250.166,10000,-2.82417,-11.5247,-159.943,-159.902,-0.897864,7.4066,92.0873
-171.467,-250.166,10000,-2.79504,-11.5242,-159.943,-159.904,-0.714759,7.40518,92.0818
-171.467,-250.166,10000,-2.75118,-11.5236,-159.944,-159.904,-0.470618,7.40424,92.0818
-171.467,-250.167,10000,-2.74421,-11.5232,-159.944,-159.906,-0.0433721,7.40414,92.0763
-171.467,-250.167,10000,-2.67908,-11.5226,-159.945,-159.904,0.383874,7.40491,92.0708
-171.467,-250.167,10000,-2.67245,-11.5225,-159.945,-159.907,0.68905,7.40629,92.0763
-171.467,-250.167,10000,-2.65779,-11.5221,-159.945,-159.907,0.0786982,7.40646,92.0763
-171.467,-250.167,10000,-2.63677,-11.5218,-159.945,-159.907,-0.531653,7.4054,92.0763
-171.467,-250.167,10000,-2.61079,-11.5215,-159.946,-159.907,-0.409583,7.40458,92.0818
-171.467,-250.167,10000,-2.57399,-11.5213,-159.946,-159.907,-0.836829,7.4029,92.0873
-171.467,-250.168,10000,-2.52187,-11.5213,-159.946,-159.906,0.0786982,7.40305,92.0873
-171.467,-250.168,10000,-2.41095,-11.5214,-159.945,-159.903,0.56698,7.40419,92.0818
-171.467,-250.168,10000,-2.31362,-11.522,-159.944,-159.903,0.505944,7.4052,92.0818
-171.467,-250.169,10000,-2.18461,-11.5228,-159.943,-159.9,-0.165442,7.40487,92.0818
-171.467,-250.17,10000,-2.13305,-11.5239,-159.942,-159.903,-0.287513,7.40429,92.0763
-171.467,-250.17,10000,-2.10833,-11.5249,-159.941,-159.903,-0.836829,7.40261,92.0818
-171.467,-250.17,10000,-2.10047,-11.5258,-159.94,-159.903,-0.165442,7.40228,92.0873
-171.467,-250.17,10000,-2.05227,-11.5266,-159.939,-159.9,-0.0433721,7.40219,92.0818
-171.467,-250.17,10000,-2.07878,-11.5278,-159.938,-159.903,0.261804,7.40271,92.0763
-171.467,-250.17,10000,-2.12632,-11.5285,-159.938,-159.903,0.628015,7.40395,92.0873
-171.467,-250.17,10000,-2.17387,-11.529,-159.937,-159.902,0.56698,7.40509,92.0763
-171.467,-250.17,10000,-2.23596,-11.5295,-159.937,-159.903,-0.897864,7.40329,92.0873
-171.467,-250.169,10000,-2.19621,-11.5298,-159.936,-159.898,-0.958899,7.40137,92.0818
-171.467,-250.17,10000,-2.22733,-11.5305,-159.936,-159.9,0.444909,7.40227,92.0818
-171.467,-250.169,10000,-2.26809,-11.5309,-159.936,-159.9,0.994226,7.40426,92.0763
-171.467,-250.169,10000,-2.32305,-11.5312,-159.936,-159.901,0.383874,7.40502,92.0818
-171.467,-250.169,10000,-2.37982,-11.5313,-159.936,-159.901,0.628015,7.40628,92.0818
-171.467,-250.169,10000,-2.3874,-11.5313,-159.936,-159.898,-0.226478,7.40582,92.0763
-171.467,-250.169,10000,-2.36254,-11.5314,-159.935,-159.897,-1.08097,7.40366,92.0873
-171.467,-250.169,10000,-2.34454,-11.5318,-159.935,-159.897,-0.165442,7.40333,92.0763
-171.467,-250.169,10000,-2.3979,-11.5322,-159.935,-159.9,0.322839,7.40397,92.0763
-171.467,-250.169,10000,-2.50746,-11.5321,-159.935,-159.903,0.383874,7.40474,92.0763
-171.467,-250.168,10000,-2.60973,-11.5316,-159.936,-159.903,0.56698,7.40587,92.0763
-171.467,-250.167,10000,-2.70034,-11.5309,-159.937,-159.903,0.200769,7.40628,92.0708
-171.467,-250.167,10000,-2.88048,-11.53,-159.939,-159.909,-0.165442,7.40595,92.0873
-171.467,-250.166,10000,-3.0047,-11.5283,-159.94,-159.908,-0.226478,7.40549,92.0873
-171.467,-250.165,10000,-3.0744,-11.5267,-159.942,-159.907,-0.653724,7.40418,92.0763
-171.467,-250.165,10000,-3.15836,-11.5251,-159.944,-159.909,-0.0433721,7.40409,92.0873
-171.467,-250.164,10000,-3.23176,-11.5233,-159.946,-159.911,0.322839,7.40474,92.0763
-171.467,-250.164,10000,-3.25805,-11.5213,-159.947,-159.91,0.56698,7.40588,92.0818
-171.467,-250.164,10000,-3.23401,-11.5195,-159.949,-159.91,0.444909,7.40676,92.0763
-171.467,-250.164,10000,-3.17468,-11.518,-159.95,-159.91,-0.226478,7.40631,92.0818
-171.467,-250.164,10000,-3.07942,-11.5167,-159.951,-159.909,-1.142,7.40402,92.0818
-171.467,-250.165,10000,-3.00543,-11.5158,-159.952,-159.911,-0.592689,7.40284,92.0763
-171.467,-250.165,10000,-2.91039,-11.515,-159.953,-159.911,0.383874,7.4036,92.0818
-171.467,-250.166,10000,-2.69729,-11.5145,-159.952,-159.905,0.750085,7.4051,92.0818
-171.467,-250.167,10000,-2.4445,-11.5149,-159.951,-159.903,0.444909,7.40599,92.0818
-171.467,-250.168,10000,-2.21968,-11.516,-159.949,-159.903,0.139733,7.40626,92.0818
-171.467,-250.169,10000,-1.98185,-11.5175,-159.947,-159.9,0.139733,7.40654,92.0818
-171.467,-250.171,10000,-1.79428,-11.5196,-159.945,-159.9,-0.470618,7.4056,92.0873
-171.467,-250.172,10000,-1.65207,-11.5219,-159.943,-159.9,-0.775794,7.40404,92.0763
-171.467,-250.172,10000,-1.52427,-11.5243,-159.94,-159.898,0.0786982,7.4042,92.0763
-171.467,-250.173,10000,-1.46594,-11.5269,-159.938,-159.899,0.872155,7.40595,92.0818
-171.467,-250.173,10000,-1.41488,-11.5293,-159.935,-159.897,0.750085,7.40744,92.0818
-171.467,-250.174,10000,-1.42386,-11.5318,-159.933,-159.897,0.628015,7.4087,92.0763
-171.467,-250.174,10000,-1.49282,-11.534,-159.931,-159.898,-0.470618,7.40776,92.0818
-171.467,-250.173,10000,-1.60337,-11.5358,-159.93,-159.898,-0.653724,7.40645,92.0763
-171.467,-250.173,10000,-1.75341,-11.5373,-159.929,-159.898,-0.348548,7.40575,92.0873
-171.467,-250.172,10000,-1.86723,-11.5382,-159.928,-159.896,0.444909,7.40664,92.0873
-171.467,-250.171,10000,-2.04368,-11.539,-159.928,-159.898,0.261804,7.40716,92.0763
-171.467,-250.171,10000,-2.2805,-11.5392,-159.928,-159.901,0.505944,7.40818,92.0818
-171.467,-250.169,10000,-2.49972,-11.5386,-159.929,-159.901,-0.226478,7.40771,92.0873
-171.467,-250.168,10000,-2.68559,-11.5376,-159.931,-159.901,-1.01993,7.40567,92.0818
-171.467,-250.167,10000,-2.79401,-11.5364,-159.932,-159.899,-0.226478,7.40521,92.0873
-171.467,-250.167,10000,-2.82435,-11.5352,-159.933,-159.896,-0.287513,7.40463,92.0818
-171.467,-250.166,10000,-2.79537,-11.5343,-159.933,-159.894,0.0786982,7.40479,92.0818
-171.467,-250.167,10000,-2.7663,-11.5338,-159.934,-159.895,0.872155,7.40654,92.0763
-171.467,-250.167,10000,-2.8416,-11.5333,-159.935,-159.9,0.872155,7.40828,92.0763
-171.467,-250.166,10000,-2.90214,-11.5322,-159.936,-159.901,-0.0433721,7.40819,92.0763
-171.467,-250.166,10000,-2.99433,-11.531,-159.937,-159.903,-0.836829,7.40651,92.0818
-171.467,-250.165,10000,-3.05054,-11.5295,-159.939,-159.903,-0.958899,7.40458,92.0818
-171.467,-250.165,10000,-3.12072,-11.528,-159.941,-159.906,-0.0433721,7.4045,92.0763
-171.467,-250.165,10000,-3.15651,-11.5264,-159.942,-159.906,0.68905,7.40588,92.0873
-171.467,-250.165,10000,-3.14422,-11.5247,-159.944,-159.905,0.322839,7.40652,92.0763
-171.467,-250.165,10000,-3.10628,-11.5233,-159.945,-159.905,0.261804,7.40703,92.0873
-171.467,-250.165,10000,-3.07952,-11.5221,-159.946,-159.907,-0.226478,7.40657,92.0873
-171.467,-250.165,10000,-3.01326,-11.521,-159.947,-159.906,-0.165442,7.40624,92.0763
-171.467,-250.165,10000,-2.93204,-11.5201,-159.948,-159.906,0.383874,7.40701,92.0763
-171.467,-250.166,10000,-2.84063,-11.5194,-159.948,-159.906,0.322839,7.40765,92.0818
-171.467,-250.166,10000,-2.68843,-11.519,-159.948,-159.903,0.444909,7.40854,92.0873
-171.467,-250.167,10000,-2.53299,-11.5192,-159.947,-159.903,0.383874,7.40932,92.0873
-171.467,-250.168,10000,-2.33388,-11.5198,-159.946,-159.9,0.0786982,7.40947,92.0818
-171.467,-250.169,10000,-2.11744,-11.5209,-159.944,-159.898,-0.287513,7.40889,92.0873
-171.467,-250.17,10000,-1.93839,-11.5226,-159.942,-159.898,-0.409583,7.40806,92.0763
-171.467,-250.171,10000,-1.81616,-11.5246,-159.94,-159.898,-0.287513,7.40748,92.0873
-171.467,-250.172,10000,-1.73345,-11.5265,-159.939,-159.898,0.200769,7.40788,92.0763
-171.467,-250.172,10000,-1.75418,-11.5284,-159.937,-159.901,0.0176631,7.40791,92.0763
-171.467,-250.172,10000,-1.86115,-11.5299,-159.936,-159.904,0.444909,7.4088,92.0873
-171.467,-250.171,10000,-1.92415,-11.5308,-159.935,-159.901,0.261804,7.40931,92.0818
-171.467,-250.171,10000,-2.05361,-11.5317,-159.935,-159.903,-0.104407,7.4091,92.0873
-171.467,-250.17,10000,-2.12823,-11.5321,-159.934,-159.901,-0.287513,7.40852,92.0763
-171.467,-250.17,10000,-2.26797,-11.5325,-159.935,-159.903,-0.348548,7.40783,92.0873
-171.467,-250.169,10000,-2.34229,-11.5324,-159.935,-159.9,0.383874,7.4086,92.0818
-171.467,-250.169,10000,-2.46405,-11.5323,-159.935,-159.903,0.383874,7.40937,92.0763
-171.467,-250.168,10000,-2.57823,-11.5318,-159.936,-159.903,-0.104407,7.40915,92.0873
-171.467,-250.168,10000,-2.66498,-11.5311,-159.937,-159.903,0.200769,7.40954,92.0818
-171.467,-250.167,10000,-2.68366,-11.5303,-159.937,-159.9,-0.348548,7.40885,92.0873
-171.467,-250.167,10000,-2.63712,-11.5298,-159.937,-159.898,-0.775794,7.40729,92.0873
-171.467,-250.167,10000,-2.5861,-11.5297,-159.937,-159.898,-0.165442,7.40697,92.0873
-171.467,-250.168,10000,-2.48547,-11.5297,-159.937,-159.895,0.0786982,7.40712,92.0763
-171.467,-250.168,10000,-2.46096,-11.5301,-159.937,-159.898,0.444909,7.40801,92.0818
-171.467,-250.168,10000,-2.44477,-11.5302,-159.937,-159.898,0.383874,7.40878,92.0873
-171.467,-250.168,10000,-2.42795,-11.5303,-159.936,-159.898,0.200769,7.40917,92.0873
-171.467,-250.168,10000,-2.41163,-11.5305,-159.936,-159.898,-0.531653,7.40811,92.0763
-171.467,-250.169,10000,-2.41284,-11.5307,-159.936,-159.899,-0.0433721,7.40803,92.0818
-171.467,-250.168,10000,-2.42071,-11.5309,-159.936,-159.899,-0.0433721,7.40795,92.0763
-171.467,-250.168,10000,-2.44163,-11.5309,-159.936,-159.899,-0.104407,7.40774,92.0818
-171.467,-250.168,10000,-2.5128,-11.5309,-159.936,-159.902,0.56698,7.40887,92.0763
-171.467,-250.168,10000,-2.58174,-11.5305,-159.937,-159.902,0.261804,7.4094,92.0763
-171.467,-250.168,10000,-2.59684,-11.53,-159.937,-159.9,-0.348548,7.4087,92.0818
-171.467,-250.168,10000,-2.6065,-11.5297,-159.938,-159.9,-0.409583,7.40788,92.0818
-171.467,-250.167,10000,-2.61072,-11.5294,-159.938,-159.9,-0.714759,7.40644,92.0818
-171.467,-250.167,10000,-2.6104,-11.5291,-159.938,-159.901,-0.409583,7.40562,92.0763
-171.467,-250.167,10000,-2.56554,-11.5288,-159.938,-159.899,0.750085,7.40712,92.0873
-171.467,-250.168,10000,-2.51774,-11.5288,-159.938,-159.898,1.17733,7.40948,92.0873
-171.467,-250.168,10000,-2.42208,-11.5289,-159.938,-159.896,0.68905,7.41086,92.0763
-171.467,-250.168,10000,-2.40392,-11.5295,-159.937,-159.899,-0.0433721,7.41077,92.0763
-171.467,-250.169,10000,-2.40225,-11.5297,-159.937,-159.9,-0.592689,7.40959,92.0873
-171.467,-250.169,10000,-2.35057,-11.5299,-159.937,-159.897,-0.714759,7.40817,92.0818
-171.467,-250.169,10000,-2.26874,-11.5303,-159.936,-159.895,-0.409583,7.40736,92.0873
-171.467,-250.169,10000,-2.15852,-11.5311,-159.935,-159.893,0.139733,7.40764,92.0818
-171.467,-250.17,10000,-2.03944,-11.5323,-159.933,-159.891,0.200769,7.40804,92.0818
-171.467,-250.17,10000,-2.0164,-11.5337,-159.932,-159.894,0.322839,7.40868,92.0708
-171.467,-250.171,10000,-2.09135,-11.5348,-159.932,-159.898,-0.104407,7.40847,92.0763
-171.467,-250.17,10000,-2.28463,-11.5354,-159.932,-159.903,-0.653724,7.40716,92.0763
-171.467,-250.169,10000,-2.47071,-11.5349,-159.933,-159.903,-0.592689,7.40598,92.0818
-171.467,-250.168,10000,-2.63345,-11.5342,-159.934,-159.903,-0.226478,7.40553,92.0873
-171.467,-250.167,10000,-2.76083,-11.5331,-159.935,-159.903,0.383874,7.4063,92.0763
-171.467,-250.167,10000,-2.86738,-11.532,-159.936,-159.903,0.505944,7.40731,92.0873
-171.467,-250.166,10000,-2.93449,-11.5307,-159.938,-159.903,-0.0433721,7.40722,92.0763
-171.467,-250.166,10000,-2.98035,-11.5294,-159.939,-159.903,-0.104407,7.40702,92.0873
-171.467,-250.165,10000,-2.94052,-11.5281,-159.94,-159.9,0.0176631,7.40705,92.0763
-171.467,-250.166,10000,-2.9429,-11.5273,-159.941,-159.903,0.139733,7.40734,92.0818
-171.467,-250.166,10000,-2.97065,-11.5263,-159.942,-159.905,0.322839,7.40798,92.0818
-171.467,-250.165,10000,-2.96787,-11.5251,-159.943,-159.905,0.0176631,7.40801,92.0873
-171.467,-250.165,10000,-2.93062,-11.5241,-159.944,-159.904,0.628015,7.40928,92.0763
-171.467,-250.166,10000,-2.92986,-11.5232,-159.945,-159.907,0.261804,7.40979,92.0763
-171.467,-250.166,10000,-2.90938,-11.5223,-159.946,-159.907,-0.287513,7.40922,92.0763
-171.467,-250.166,10000,-2.8722,-11.5214,-159.946,-159.907,-0.714759,7.40778,92.0818
-171.467,-250.166,10000,-2.86216,-11.5207,-159.947,-159.909,-0.348548,7.40709,92.0763
-171.467,-250.166,10000,-2.88176,-11.5199,-159.948,-159.911,0.261804,7.40763,92.0818
-171.467,-250.166,10000,-2.86745,-11.519,-159.949,-159.91,0.872155,7.40937,92.0873
-171.467,-250.166,10000,-2.86501,-11.5182,-159.95,-159.912,0.68905,7.41075,92.0818
-171.467,-250.166,10000,-2.83091,-11.5174,-159.95,-159.911,-0.104407,7.41053,92.0818
-171.467,-250.166,10000,-2.72293,-11.5167,-159.95,-159.908,-0.897864,7.40873,92.0763
-171.467,-250.167,10000,-2.66298,-11.5167,-159.95,-159.91,-0.470618,7.40779,92.0818
-171.467,-250.167,10000,-2.63721,-11.5165,-159.951,-159.912,-0.0433721,7.40771,92.0873
-171.467,-250.167,10000,-2.5837,-11.5163,-159.951,-159.911,0.200769,7.40812,92.0818
-171.467,-250.167,10000,-2.5659,-11.5163,-159.951,-159.913,0.505944,7.40912,92.0763
-171.467,-250.167,10000,-2.5379,-11.5161,-159.951,-159.912,0.444909,7.41001,92.0818
-171.467,-250.168,10000,-2.4467,-11.5161,-159.95,-159.909,0.0176631,7.41004,92.0763
-171.467,-250.168,10000,-2.41234,-11.5166,-159.95,-159.911,-0.897864,7.40824,92.0818
-171.467,-250.168,10000,-2.3705,-11.5168,-159.95,-159.911,-0.226478,7.40778,92.0873
-171.467,-250.169,10000,-2.26854,-11.5172,-159.949,-159.907,-0.165442,7.40746,92.0763
-171.467,-250.169,10000,-2.23494,-11.5181,-159.948,-159.91,-0.0433721,7.40737,92.0763
-171.467,-250.169,10000,-2.26033,-11.5188,-159.948,-159.912,0.56698,7.4085,92.0763
-171.467,-250.169,10000,-2.28538,-11.5191,-159.948,-159.911,0.68905,7.40988,92.0763
-171.467,-250.169,10000,-2.30981,-11.5194,-159.947,-159.911,-0.104407,7.40965,92.0818
-171.467,-250.169,10000,-2.32505,-11.5197,-159.947,-159.91,-0.348548,7.40896,92.0873
-171.467,-250.169,10000,-2.22827,-11.5199,-159.946,-159.905,-0.287513,7.40839,92.0763
-171.467,-250.169,10000,-2.15631,-11.5209,-159.945,-159.905,-0.409583,7.40758,92.0873
-171.467,-250.17,10000,-2.14202,-11.5219,-159.944,-159.907,-0.348548,7.40687,92.0873
-171.467,-250.17,10000,-2.1289,-11.5227,-159.944,-159.906,0.628015,7.40812,92.0818
-171.467,-250.17,10000,-2.07811,-11.5235,-159.942,-159.903,0.81112,7.40975,92.0873
-171.467,-250.17,10000,-2.04025,-11.5245,-159.941,-159.903,-0.226478,7.40929,92.0763
-171.467,-250.17,10000,-2.03266,-11.5256,-159.94,-159.903,-0.714759,7.40786,92.0818
-171.467,-250.17,10000,-2.09141,-11.5266,-159.94,-159.905,-0.470618,7.40692,92.0818
-171.467,-250.17,10000,-2.15532,-11.5272,-159.939,-159.905,0.0176631,7.40696,92.0873
-171.467,-250.17,10000,-2.16528,-11.5276,-159.939,-159.902,0.0786982,7.40711,92.0818
-171.467,-250.17,10000,-2.18745,-11.5283,-159.938,-159.902,0.750085,7.40861,92.0873
-171.467,-250.17,10000,-2.16329,-11.5288,-159.937,-159.899,0.628015,7.40986,92.0818
-171.467,-250.17,10000,-2.15879,-11.5296,-159.937,-159.899,-0.348548,7.40916,92.0818
-171.467,-250.17,10000,-2.17225,-11.5303,-159.936,-159.899,-1.01993,7.40711,92.0873
-171.467,-250.17,10000,-2.1444,-11.5309,-159.935,-159.897,-0.0433721,7.40703,92.0873
-171.467,-250.17,10000,-2.13332,-11.5317,-159.934,-159.897,0.444909,7.40792,92.0873
-171.467,-250.17,10000,-2.13733,-11.5325,-159.934,-159.897,0.200769,7.40832,92.0763
-171.467,-250.17,10000,-2.21901,-11.5332,-159.934,-159.9,0.322839,7.40895,92.0873
-171.467,-250.17,10000,-2.24945,-11.5334,-159.933,-159.897,0.56698,7.41008,92.0818
-171.467,-250.169,10000,-2.29266,-11.5338,-159.933,-159.898,0.0786982,7.41024,92.0873
-171.467,-250.169,10000,-2.28882,-11.534,-159.933,-159.895,-0.348548,7.40953,92.0763
-171.467,-250.169,10000,-2.35944,-11.5344,-159.933,-159.898,-0.0433721,7.40944,92.0873
-171.467,-250.169,10000,-2.37589,-11.5344,-159.932,-159.896,-0.0433721,7.40936,92.0818
-171.467,-250.169,10000,-2.35528,-11.5345,-159.932,-159.894,0.56698,7.41049,92.0763
-171.467,-250.169,10000,-2.36124,-11.5349,-159.932,-159.895,0.0786982,7.41064,92.0763
-171.467,-250.169,10000,-2.43801,-11.5351,-159.932,-159.898,0.0786982,7.41079,92.0708
-171.467,-250.168,10000,-2.57719,-11.5349,-159.933,-159.901,0.200769,7.41119,92.0818
-171.467,-250.168,10000,-2.64838,-11.5341,-159.934,-159.899,-0.0433721,7.4111,92.0763
-171.467,-250.167,10000,-2.71565,-11.5334,-159.934,-159.9,-0.287513,7.41053,92.0763
-171.467,-250.167,10000,-2.77542,-11.5326,-159.935,-159.9,0.139733,7.41082,92.0818
-171.467,-250.167,10000,-2.86559,-11.5317,-159.937,-159.903,0.139733,7.41109,92.0763
-171.467,-250.166,10000,-2.88693,-11.5305,-159.937,-159.9,0.200769,7.41149,92.0818
-171.467,-250.166,10000,-2.88903,-11.5295,-159.938,-159.901,0.139733,7.41177,92.0873
-171.467,-250.166,10000,-2.81776,-11.5286,-159.939,-159.898,-0.470618,7.41082,92.0873
-171.467,-250.166,10000,-2.68875,-11.5282,-159.939,-159.895,-0.409583,7.41,92.0818
-171.467,-250.167,10000,-2.62174,-11.5283,-159.939,-159.898,-0.531653,7.40894,92.0763
-171.467,-250.167,10000,-2.61693,-11.5283,-159.939,-159.901,-0.0433721,7.40885,92.0763
-171.467,-250.167,10000,-2.66295,-11.528,-159.94,-159.904,0.383874,7.40962,92.0818
-171.467,-250.167,10000,-2.69219,-11.5274,-159.94,-159.904,0.322839,7.41027,92.0763
-171.467,-250.167,10000,-2.71331,-11.5268,-159.941,-159.904,0.322839,7.41091,92.0873
-171.467,-250.167,10000,-2.66181,-11.5262,-159.941,-159.901,-0.226478,7.41045,92.0763
-171.467,-250.167,10000,-2.66449,-11.526,-159.941,-159.904,-1.08097,7.40828,92.0873
-171.467,-250.167,10000,-2.64712,-11.5256,-159.942,-159.903,-0.165442,7.40796,92.0873
-171.467,-250.167,10000,-2.56544,-11.5253,-159.942,-159.9,0.322839,7.4086,92.0873
-171.467,-250.168,10000,-2.48229,-11.5254,-159.941,-159.9,0.200769,7.409,92.0818
-171.467,-250.168,10000,-2.36223,-11.5258,-159.94,-159.898,0.444909,7.40988,92.0818
-171.467,-250.169,10000,-2.26588,-11.5265,-159.94,-159.898,0.0786982,7.41003,92.0873
-171.467,-250.169,10000,-2.18623,-11.5274,-159.939,-159.898,0.0176631,7.41007,92.0873
-171.467,-250.17,10000,-2.12559,-11.5284,-159.938,-159.898,-0.165442,7.40973,92.0873
-171.467,-250.17,10000,-2.08451,-11.5294,-159.937,-159.898,-0.470618,7.40879,92.0818
-171.467,-250.17,10000,-2.07084,-11.5304,-159.936,-159.898,0.200769,7.40919,92.0873
-171.467,-250.17,10000,-2.07387,-11.5313,-159.935,-159.898,0.444909,7.41008,92.0873
-171.467,-250.17,10000,-2.09166,-11.5322,-159.934,-159.898,0.444909,7.41097,92.0763
-171.467,-250.17,10000,-2.18632,-11.5329,-159.934,-159.901,-0.0433721,7.41088,92.0763
-171.467,-250.17,10000,-2.24416,-11.5332,-159.934,-159.899,-0.409583,7.41006,92.0818
-171.467,-250.169,10000,-2.3096,-11.5334,-159.933,-159.899,-0.348548,7.40937,92.0763
-171.467,-250.169,10000,-2.43493,-11.5335,-159.934,-159.902,-0.226478,7.40892,92.0818
-171.467,-250.168,10000,-2.54763,-11.5331,-159.935,-159.902,0.322839,7.40956,92.0763
-171.467,-250.168,10000,-2.65201,-11.5324,-159.935,-159.902,0.994226,7.41155,92.0818
-171.467,-250.167,10000,-2.73597,-11.5316,-159.936,-159.902,0.68905,7.41294,92.0763
-171.467,-250.167,10000,-2.80601,-11.5307,-159.937,-159.902,-0.287513,7.41236,92.0818
-171.467,-250.166,10000,-2.80414,-11.5297,-159.938,-159.9,-0.775794,7.4108,92.0873
-171.467,-250.166,10000,-2.78178,-11.529,-159.939,-159.9,0.139733,7.41109,92.0763
-171.467,-250.167,10000,-2.75887,-11.5284,-159.939,-159.9,0.322839,7.41174,92.0763
-171.467,-250.167,10000,-2.78405,-11.5279,-159.94,-159.903,0.383874,7.4125,92.0818
-171.467,-250.166,10000,-2.74228,-11.5272,-159.94,-159.901,0.505944,7.41351,92.0763
-171.467,-250.167,10000,-2.70246,-11.5268,-159.941,-159.901,0.200769,7.41391,92.0818
-171.467,-250.167,10000,-2.60978,-11.5265,-159.94,-159.899,0.0786982,7.41407,92.0818
-171.467,-250.167,10000,-2.57367,-11.5266,-159.94,-159.901,-0.348548,7.41336,92.0763
-171.467,-250.168,10000,-2.6419,-11.5265,-159.941,-159.906,-0.287513,7.41279,92.0818
-171.467,-250.167,10000,-2.6882,-11.5259,-159.942,-159.906,-0.226478,7.41234,92.0873
-171.467,-250.167,10000,-2.70507,-11.5252,-159.942,-159.905,-0.165442,7.41201,92.0763
-171.467,-250.167,10000,-2.7608,-11.5246,-159.943,-159.908,0.322839,7.41265,92.0873
-171.467,-250.167,10000,-2.73259,-11.5238,-159.944,-159.905,0.0176631,7.41268,92.0873
-171.467,-250.167,10000,-2.63558,-11.5234,-159.944,-159.902,-0.470618,7.41176,92.0763
-171.467,-250.167,10000,-2.59806,-11.5234,-159.944,-159.904,-0.287513,7.41118,92.0763
-171.467,-250.167,10000,-2.61114,-11.5233,-159.944,-159.907,-0.531653,7.41012,92.0763
-171.467,-250.167,10000,-2.66505,-11.523,-159.945,-159.909,-0.653724,7.40882,92.0763
-171.467,-250.167,10000,-2.70107,-11.5223,-159.945,-159.909,0.81112,7.41044,92.0873
-171.467,-250.167,10000,-2.65594,-11.5217,-159.945,-159.906,0.81112,7.41207,92.0818
-171.467,-250.167,10000,-2.6018,-11.5215,-159.946,-159.906,0.0176631,7.41208,92.0818
-171.467,-250.167,10000,-2.49425,-11.5215,-159.945,-159.903,-0.653724,7.41076,92.0818
-171.467,-250.168,10000,-2.44402,-11.5219,-159.945,-159.905,-0.226478,7.41031,92.0763
-171.467,-250.168,10000,-2.40337,-11.5222,-159.944,-159.905,-0.226478,7.40986,92.0873
-171.467,-250.168,10000,-2.35706,-11.5225,-159.944,-159.905,-0.287513,7.40929,92.0873
-171.467,-250.169,10000,-2.2605,-11.523,-159.943,-159.902,0.383874,7.41006,92.0818
-171.467,-250.169,10000,-2.18407,-11.5238,-159.942,-159.902,0.383874,7.41083,92.0763
-171.467,-250.17,10000,-2.18506,-11.5248,-159.942,-159.904,0.139733,7.4111,92.0818
-171.467,-250.17,10000,-2.14644,-11.5254,-159.941,-159.902,-0.104407,7.41089,92.0818
-171.467,-250.17,10000,-2.17455,-11.5263,-159.94,-159.904,-0.104407,7.41068,92.0818
-171.467,-250.17,10000,-2.20891,-11.5268,-159.94,-159.904,-0.470618,7.40974,92.0763
-171.467,-250.17,10000,-2.25547,-11.5272,-159.939,-159.904,0.0176631,7.40979,92.0873
-171.467,-250.169,10000,-2.29477,-11.5275,-159.939,-159.904,0.56698,7.41091,92.0818
-171.467,-250.169,10000,-2.33449,-11.5277,-159.939,-159.903,0.322839,7.41155,92.0763
-171.467,-250.169,10000,-2.38085,-11.5279,-159.939,-159.904,0.200769,7.41195,92.0818
-171.467,-250.169,10000,-2.42329,-11.5279,-159.939,-159.904,-0.531653,7.41089,92.0873
-171.467,-250.168,10000,-2.45226,-11.5278,-159.939,-159.903,-0.287513,7.41032,92.0763
-171.467,-250.168,10000,-2.48485,-11.5277,-159.939,-159.903,-0.104407,7.41011,92.0818
-171.467,-250.168,10000,-2.46278,-11.5276,-159.939,-159.901,-0.287513,7.40953,92.0763
-171.467,-250.168,10000,-2.40478,-11.5277,-159.939,-159.899,0.200769,7.40993,92.0818
-171.467,-250.168,10000,-2.35994,-11.5281,-159.938,-159.899,0.56698,7.41106,92.0763
-171.467,-250.169,10000,-2.3847,-11.5286,-159.938,-159.902,0.505944,7.41207,92.0763
-171.467,-250.169,10000,-2.46642,-11.5286,-159.939,-159.905,0.0176631,7.41209,92.0763
-171.467,-250.168,10000,-2.54242,-11.5283,-159.939,-159.905,-0.531653,7.41103,92.0873
-171.467,-250.168,10000,-2.59421,-11.5279,-159.94,-159.904,-0.592689,7.40984,92.0763
-171.467,-250.167,10000,-2.63875,-11.5274,-159.94,-159.904,0.261804,7.41036,92.0873
-171.467,-250.167,10000,-2.65856,-11.5268,-159.941,-159.904,0.505944,7.41138,92.0873
-171.467,-250.167,10000,-2.65691,-11.5264,-159.941,-159.903,0.322839,7.41202,92.0763
-171.467,-250.167,10000,-2.6528,-11.526,-159.941,-159.904,0.200769,7.41241,92.0763
-171.467,-250.167,10000,-2.59795,-11.5256,-159.941,-159.901,-0.653724,7.4111,92.0873
-171.467,-250.167,10000,-2.53597,-11.5256,-159.941,-159.901,-0.165442,7.41077,92.0873
-171.467,-250.168,10000,-2.47105,-11.5257,-159.941,-159.901,0.383874,7.41154,92.0763
-171.467,-250.168,10000,-2.37461,-11.526,-159.94,-159.899,-0.287513,7.41097,92.0763
-171.467,-250.169,10000,-2.30488,-11.5266,-159.94,-159.899,0.200769,7.41136,92.0818
-171.467,-250.169,10000,-2.25361,-11.5273,-159.939,-159.9,0.81112,7.41298,92.0873
-171.467,-250.169,10000,-2.21296,-11.528,-159.938,-159.899,0.383874,7.41375,92.0818
-171.467,-250.17,10000,-2.23984,-11.5287,-159.938,-159.902,-0.470618,7.4128,92.0763
-171.467,-250.169,10000,-2.28179,-11.5291,-159.938,-159.902,-0.958899,7.41087,92.0763
-171.467,-250.169,10000,-2.38315,-11.5294,-159.938,-159.905,-0.348548,7.41018,92.0763
-171.467,-250.169,10000,-2.48038,-11.5291,-159.938,-159.905,0.628015,7.41144,92.0763
-171.467,-250.168,10000,-2.56937,-11.5287,-159.939,-159.905,0.628015,7.41268,92.0873
-171.467,-250.168,10000,-2.58294,-11.5281,-159.939,-159.902,-0.0433721,7.41259,92.0818
-171.467,-250.168,10000,-2.58933,-11.5279,-159.939,-159.902,0.261804,7.41311,92.0818
-171.467,-250.168,10000,-2.58887,-11.5276,-159.94,-159.902,0.0176631,7.41315,92.0763
-171.467,-250.168,10000,-2.63892,-11.5273,-159.94,-159.905,-0.470618,7.41221,92.0763
-171.467,-250.167,10000,-2.67921,-11.5268,-159.941,-159.905,-0.226478,7.41176,92.0873
-171.467,-250.167,10000,-2.64533,-11.5262,-159.941,-159.902,0.200769,7.41216,92.0763
-171.467,-250.167,10000,-2.61479,-11.5259,-159.941,-159.902,0.322839,7.4128,92.0818
-171.467,-250.167,10000,-2.58055,-11.5258,-159.941,-159.902,0.0176631,7.41283,92.0763
-171.467,-250.168,10000,-2.55211,-11.5257,-159.941,-159.903,0.0176631,7.41285,92.0763
-171.467,-250.168,10000,-2.52997,-11.5257,-159.941,-159.903,-0.348548,7.41215,92.0818
-171.467,-250.168,10000,-2.50581,-11.5256,-159.941,-159.903,-0.531653,7.41107,92.0818
-171.467,-250.168,10000,-2.48109,-11.5257,-159.941,-159.903,-0.226478,7.41062,92.0818
-171.467,-250.168,10000,-2.45734,-11.5258,-159.941,-159.903,0.444909,7.41151,92.0763
-171.467,-250.168,10000,-2.49133,-11.5259,-159.941,-159.905,0.628015,7.41276,92.0818
-171.467,-250.168,10000,-2.4673,-11.5257,-159.941,-159.903,-0.0433721,7.41267,92.0818
-171.467,-250.168,10000,-2.44468,-11.5258,-159.941,-159.903,-0.226478,7.41221,92.0873
-171.467,-250.168,10000,-2.36846,-11.526,-159.94,-159.9,-0.104407,7.412,92.0763
-171.467,-250.169,10000,-2.31599,-11.5266,-159.94,-159.9,-0.897864,7.41019,92.0763
-171.467,-250.169,10000,-2.28611,-11.5271,-159.939,-159.901,-0.409583,7.40938,92.0818
-171.467,-250.169,10000,-2.26909,-11.5277,-159.939,-159.901,-0.165442,7.40905,92.0873
-171.467,-250.169,10000,-2.20801,-11.5282,-159.938,-159.898,0.0176631,7.40908,92.0873
