td_x1_d,adrc_u,eso_z3,eso_z2,esf_e1_d,eso_z1_d,yaw_actual,yaw_dps,yaw_imu_d,yawenc
-1.43771,0,0,0,0,-1.43771,-1.43771,0.0176644,-1.43771,104.1
-1.43853,0,0,0,0,-1.43853,-1.43853,-0.409613,-1.43853,104.1
-1.43874,0,0,0,0,-1.43874,-1.43874,-0.104415,-1.43874,104.106
-1.43833,0,0,0,0,-1.43833,-1.43833,0.200783,-1.43833,104.1
-1.43756,0,0,0,0,-1.43756,-1.43756,0.383902,-1.43756,104.1
-1.43765,0,0,0,0,-1.43765,-1.43765,-0.0433753,-1.43765,104.1
-1.43835,0,0,0,0,-1.43835,-1.43835,-0.348574,-1.43835,104.1
-1.43905,0,0,0,0,-1.43905,-1.43905,-0.348574,-1.43905,104.1
-1.43901,0,0,0,0,-1.43901,-1.43901,0.0176644,-1.43901,104.095
-1.43983,0,0,0,0,-1.43983,-1.43983,-0.409613,-1.43983,104.106
-1.44053,0,0,0,0,-1.44053,-1.44053,-0.348574,-1.44053,104.1
-1.44062,0,0,0,0,-1.44062,-1.44062,-0.0433753,-1.44062,104.1
-1.44071,0,0,0,0,-1.44071,-1.44071,-0.0433753,-1.44071,104.106
-1.44055,0,0,0,0,-1.44055,-1.44055,0.078704,-1.44055,104.1
-1.441,0,0,0,0,-1.441,-1.441,-0.226494,-1.441,104.1
-1.44158,0,0,0,0,-1.44158,-1.44158,-0.287534,-1.44158,104.095
-1.44118,0,0,0,0,-1.44118,-1.44118,0.200783,-1.44118,104.1
-1.44041,0,0,0,0,-1.44041,-1.44041,0.383902,-1.44041,104.1
-1.44049,0,0,0,0,-1.44049,-1.44049,-0.0433753,-1.44049,104.089
-1.44181,0,0,0,0,-1.44181,-1.44181,-0.653772,-1.44181,104.095
-1.44165,0,0,0,0,-1.44165,-1.44165,0.078704,-1.44165,104.089
-1.44112,0,0,0,0,-1.44112,-1.44112,0.261823,-1.44112,104.1
-1.44133,0,0,0,0,-1.44133,-1.44133,-0.104415,-1.44133,104.1
-1.4413,0,0,0,0,-1.4413,-1.4413,0.0176644,-1.4413,104.1
-1.44126,0,0,0,0,-1.44126,-1.44126,0.0176644,-1.44126,104.106
-1.44135,0,0,0,0,-1.44135,-1.44135,-0.0433753,-1.44135,104.095
-1.44021,0,0,0,0,-1.44021,-1.44021,0.567021,-1.44021,104.1
-1.44091,0,0,0,0,-1.44091,-1.44091,-0.348574,-1.44091,104.1
-1.44136,0,0,0,0,-1.44136,-1.44136,-0.226494,-1.44136,104.1
-1.44145,0,0,0,0,-1.44145,-1.44145,-0.0433753,-1.44145,104.1
-1.44154,0,0,0,0,-1.44154,-1.44154,-0.0433753,-1.44154,104.1
-1.44126,0,0,0,0,-1.44126,-1.44126,0.139744,-1.44126,104.095
-1.44024,0,0,0,0,-1.44024,-1.44024,0.505982,-1.44024,104.1
-1.4402,0,0,0,0,-1.4402,-1.4402,0.0176644,-1.4402,104.095
-1.4398,0,0,0,0,-1.4398,-1.4398,0.200783,-1.4398,104.1
-1.43977,0,0,0,0,-1.43977,-1.43977,0.0176644,-1.43977,104.106
-1.44083,0,0,0,0,-1.44083,-1.44083,-0.531693,-1.44083,104.095
-1.44116,0,0,0,0,-1.44116,-1.44117,-0.165455,-1.44117,104.1
-1.4415,0,0,0,0,-1.4415,-1.4415,-0.165455,-1.4415,104.1
-1.44134,0,0,0,0,-1.44134,-1.44134,0.078704,-1.44134,104.095
-1.44118,0,0,0,0,-1.44118,-1.44118,0.078704,-1.44118,104.1
-1.44115,0,0,0,0,-1.44115,-1.44115,0.0176644,-1.44115,104.095
-1.44074,0,0,0,0,-1.44074,-1.44074,0.200783,-1.44074,104.1
-1.44144,0,0,0,0,-1.44144,-1.44144,-0.348574,-1.44144,104.1
-1.44177,0,0,0,0,-1.44177,-1.44177,-0.165455,-1.44177,104.1
-1.44186,0,0,0,0,-1.44186,-1.44186,-0.0433753,-1.44186,104.1
-1.44219,0,0,0,0,-1.44219,-1.44219,-0.165455,-1.44219,104.106
-1.44191,0,0,0,0,-1.44191,-1.44191,0.139744,-1.44191,104.1
-1.44102,0,0,0,0,-1.44102,-1.44102,0.444942,-1.44102,104.095
-1.43988,0,0,0,0,-1.43988,-1.43988,0.567021,-1.43988,104.1
-1.44021,0,0,0,0,-1.44021,-1.44021,-0.165455,-1.44021,104.095
-1.44067,0,0,0,0,-1.44067,-1.44067,-0.226494,-1.44067,104.095
-1.44088,0,0,0,0,-1.44088,-1.44088,-0.104415,-1.44088,104.1
-1.44096,0,0,0,0,-1.44096,-1.44096,-0.0433753,-1.44096,104.106
-1.44068,0,0,0,0,-1.44068,-1.44068,0.139744,-1.44068,104.1
-1.44077,0,0,0,0,-1.44077,-1.44077,-0.0433753,-1.44077,104.1
-1.44012,0,0,0,0,-1.44012,-1.44012,0.322863,-1.44012,104.1
-1.43984,0,0,0,0,-1.43984,-1.43984,0.139744,-1.43984,104.095
-1.43993,0,0,0,0,-1.43993,-1.43993,-0.0433753,-1.43993,104.1
-1.43965,0,0,0,0,-1.43965,-1.43965,0.139744,-1.43965,104.1
-1.43924,0,0,0,0,-1.43924,-1.43924,0.200783,-1.43924,104.1
-1.43957,0,0,0,0,-1.43957,-1.43957,-0.165455,-1.43957,104.1
-1.43966,0,0,0,0,-1.43966,-1.43966,-0.0433753,-1.43966,104.111
-1.44012,0,0,0,0,-1.44012,-1.44012,-0.226494,-1.44012,104.1
-1.44082,0,0,0,0,-1.44082,-1.44082,-0.348574,-1.44082,104.1
-1.44102,0,0,0,0,-1.44102,-1.44102,-0.104415,-1.44102,104.1
-1.44136,0,0,0,0,-1.44136,-1.44136,-0.165455,-1.44136,104.106
-1.44157,0,0,0,0,-1.44157,-1.44157,-0.104415,-1.44157,104.095
-1.44129,0,0,0,0,-1.44129,-1.44129,0.139744,-1.44129,104.106
-1.44088,0,0,0,0,-1.44088,-1.44088,0.200783,-1.44088,104.095
-1.44097,0,0,0,0,-1.44097,-1.44097,-0.0433753,-1.44097,104.1
-1.44106,0,0,0,0,-1.44106,-1.44106,-0.0433753,-1.44106,104.1
-1.44127,0,0,0,0,-1.44127,-1.44127,-0.104415,-1.44127,104.095
-1.44184,0,0,0,0,-1.44184,-1.44184,-0.287534,-1.44184,104.106
-1.44107,0,0,0,0,-1.44107,-1.44107,0.383902,-1.44107,104.1
-1.44116,0,0,0,0,-1.44116,-1.44116,-0.0433753,-1.44116,104.1
-1.44063,0,0,0,0,-1.44063,-1.44063,0.261823,-1.44063,104.095
-1.4406,0,0,0,0,-1.4406,-1.4406,0.0176644,-1.4406,104.106
-1.44032,0,0,0,0,-1.44032,-1.44032,0.139744,-1.44032,104.1
-1.43991,0,0,0,0,-1.43991,-1.43991,0.200783,-1.43991,104.1
-1.43951,0,0,0,0,-1.43951,-1.43951,0.200783,-1.43951,104.106
-1.43972,0,0,0,0,-1.43972,-1.43972,-0.104415,-1.43972,104.106
-1.43956,0,0,0,0,-1.43956,-1.43956,0.078704,-1.43956,104.1
-1.43879,0,0,0,0,-1.43879,-1.43879,0.383902,-1.43879,104.1
-1.43961,0,0,0,0,-1.43961,-1.43961,-0.409613,-1.43961,104.1
-1.43995,0,0,0,0,-1.43995,-1.43995,-0.165455,-1.43995,104.1
-1.44028,0,0,0,0,-1.44028,-1.44028,-0.165455,-1.44028,104.095
-1.43975,0,0,0,0,-1.43975,-1.43975,0.261823,-1.43975,104.106
-1.43947,0,0,0,0,-1.43947,-1.43947,0.139744,-1.43947,104.106
-1.43882,0,0,0,0,-1.43882,-1.43882,0.322863,-1.43882,104.089
-1.43903,0,0,0,0,-1.43903,-1.43903,-0.104415,-1.43903,104.1
-1.43924,0,0,0,0,-1.43924,-1.43924,-0.104415,-1.43924,104.095
-1.4392,0,0,0,0,-1.4392,-1.4392,0.0176644,-1.4392,104.1
-1.43941,0,0,0,0,-1.43941,-1.43941,-0.104415,-1.43941,104.106
-1.43852,0,0,0,0,-1.43852,-1.43852,0.444942,-1.43852,104.1
-1.43787,0,0,0,0,-1.43787,-1.43787,0.322863,-1.43787,104.1
-1.43894,0,0,0,0,-1.43894,-1.43894,-0.531693,-1.43894,104.1
-1.43976,0,0,0,0,-1.43976,-1.43976,-0.409613,-1.43976,104.095
-1.43911,0,0,0,0,-1.43911,-1.43911,0.322863,-1.43911,104.095
-1.4392,0,0,0,0,-1.4392,-1.4392,-0.0433753,-1.4392,104.1
-1.43855,0,0,0,0,-1.43855,-1.43855,0.322863,-1.43855,104.106
-1.43802,0,0,0,0,-1.43802,-1.43802,0.261823,-1.43802,104.1
-1.43946,0,0,0,0,-1.43946,-1.43946,-0.714811,-1.43946,104.095
-1.44016,0,0,0,0,-1.44016,-1.44016,-0.348574,-1.44016,104.1
-1.43927,0,0,0,0,-1.43927,-1.43927,0.444942,-1.43927,104.1
-1.4385,0,0,0,0,-1.4385,-1.4385,0.383902,-1.4385,104.1
-1.43883,0,0,0,0,-1.43883,-1.43883,-0.165455,-1.43883,104.1
-1.43904,0,0,0,0,-1.43904,-1.43904,-0.104415,-1.43904,104.1
-1.43876,0,0,0,0,-1.43876,-1.43876,0.139744,-1.43876,104.1
-1.43909,0,0,0,0,-1.43909,-1.43909,-0.165455,-1.43909,104.1
-1.43979,0,0,0,0,-1.43979,-1.43979,-0.348574,-1.43979,104.106
-1.43987,0,0,0,0,-1.43987,-1.43987,-0.0433753,-1.43987,104.1
-1.43972,0,0,0,0,-1.43972,-1.43972,0.078704,-1.43972,104.1
-1.44005,0,0,0,0,-1.44005,-1.44005,-0.165455,-1.44005,104.106
-1.44063,0,0,0,0,-1.44063,-1.44063,-0.287534,-1.44063,104.1
-1.43986,0,0,0,0,-1.43986,-1.43986,0.383902,-1.43986,104.1
-1.44055,0,0,0,0,-1.44055,-1.44056,-0.348574,-1.44056,104.1
-1.4404,0,0,0,0,-1.4404,-1.4404,0.078704,-1.4404,104.089
-1.43975,0,0,0,0,-1.43975,-1.43975,0.322863,-1.43975,104.106
-1.43935,0,0,0,0,-1.43935,-1.43935,0.200783,-1.43935,104.095
-1.43943,0,0,0,0,-1.43943,-1.43943,-0.0433753,-1.43943,104.1
-1.43964,0,0,0,0,-1.43964,-1.43964,-0.104415,-1.43964,104.1
-1.44059,0,0,0,0,-1.44059,-1.44059,-0.470653,-1.44059,104.1
-1.44031,0,0,0,0,-1.44031,-1.44031,0.139744,-1.44031,104.1
-1.44002,0,0,0,0,-1.44002,-1.44002,0.139744,-1.44002,104.1
-1.44072,0,0,0,0,-1.44072,-1.44072,-0.348574,-1.44072,104.1
-1.44155,0,0,0,0,-1.44155,-1.44155,-0.409613,-1.44155,104.1
-1.44163,0,0,0,0,-1.44163,-1.44163,-0.0433753,-1.44163,104.095
-1.4416,0,0,0,0,-1.4416,-1.4416,0.0176644,-1.4416,104.1
-1.44144,0,0,0,0,-1.44144,-1.44144,0.078704,-1.44144,104.1
-1.4419,0,0,0,0,-1.4419,-1.4419,-0.226494,-1.4419,104.1
-1.44247,0,0,0,0,-1.44247,-1.44247,-0.287534,-1.44247,104.106
-1.44231,0,0,0,0,-1.44231,-1.44231,0.078704,-1.44231,104.1
-1.44203,0,0,0,0,-1.44203,-1.44203,0.139744,-1.44203,104.1
-1.44237,0,0,0,0,-1.44237,-1.44237,-0.165455,-1.44237,104.095
-1.44172,0,0,0,0,-1.44172,-1.44172,0.322863,-1.44172,104.1
-1.44119,0,0,0,0,-1.44119,-1.44119,0.261823,-1.44119,104.1
-1.44165,0,0,0,0,-1.44165,-1.44165,-0.226494,-1.44165,104.106
-1.44234,0,0,0,0,-1.44234,-1.44235,-0.348574,-1.44235,104.095
-1.44206,0,0,0,0,-1.44206,-1.44206,0.139744,-1.44206,104.106
-1.44105,0,0,0,0,-1.44105,-1.44105,0.505982,-1.44105,104.1
-1.44003,0,0,0,0,-1.44003,-1.44003,0.505982,-1.44003,104.1
-1.44024,0,0,0,0,-1.44024,-1.44024,-0.104415,-1.44024,104.1
-1.44082,0,0,0,0,-1.44082,-1.44082,-0.287534,-1.44082,104.1
-1.44115,0,0,0,0,-1.44115,-1.44115,-0.165455,-1.44115,104.1
-1.44173,0,0,0,0,-1.44173,-1.44173,-0.287534,-1.44173,104.1
-1.44181,0,0,0,0,-1.44181,-1.44181,-0.0433753,-1.44181,104.1
-1.44141,0,0,0,0,-1.44141,-1.44141,0.200783,-1.44141,104.1
-1.44113,0,0,0,0,-1.44113,-1.44113,0.139744,-1.44113,104.089
-1.44073,0,0,0,0,-1.44073,-1.44073,0.200783,-1.44073,104.1
-1.44192,0,0,0,0,-1.44192,-1.44192,-0.592732,-1.44192,104.106
-1.44347,0,0,0,0,-1.44347,-1.44347,-0.775851,-1.44347,104.1
-1.44393,0,0,0,0,-1.44393,-1.44393,-0.226494,-1.44393,104.089
-1.44267,0,0,0,0,-1.44267,-1.44267,0.628061,-1.44267,104.106
-1.44324,0,0,0,0,-1.44324,-1.44324,-0.287534,-1.44324,104.1
-1.44443,0,0,0,0,-1.44443,-1.44443,-0.592732,-1.44443,104.106
-1.44428,0,0,0,0,-1.44428,-1.44428,0.078704,-1.44428,104.106
-1.44387,0,0,0,0,-1.44387,-1.44387,0.200783,-1.44387,104.1
-1.4442,0,0,0,0,-1.4442,-1.4442,-0.165455,-1.4442,104.1
-1.44417,0,0,0,0,-1.44417,-1.44417,0.0176644,-1.44417,104.1
-1.44303,0,0,0,0,-1.44303,-1.44303,0.567021,-1.44303,104.1
-1.4441,0,0,0,0,-1.4441,-1.4441,-0.531693,-1.4441,104.1
-1.4448,0,0,0,0,-1.4448,-1.4448,-0.348574,-1.4448,104.1
-1.44525,0,0,0,0,-1.44525,-1.44525,-0.226494,-1.44525,104.1
-1.44546,0,0,0,0,-1.44546,-1.44546,-0.104415,-1.44546,104.1
-1.44518,0,0,0,0,-1.44518,-1.44518,0.139744,-1.44518,104.1
-1.4449,0,0,0,0,-1.4449,-1.4449,0.139744,-1.4449,104.1
-1.44572,0,0,0,0,-1.44572,-1.44572,-0.409613,-1.44572,104.095
-1.44642,0,0,0,0,-1.44642,-1.44642,-0.348574,-1.44642,104.106
-1.44614,0,0,0,0,-1.44614,-1.44614,0.139744,-1.44614,104.095
-1.44512,0,0,0,0,-1.44512,-1.44513,0.505982,-1.44513,104.106
-1.44558,0,0,0,0,-1.44558,-1.44558,-0.226494,-1.44558,104.106
-1.44604,0,0,0,0,-1.44604,-1.44604,-0.226494,-1.44604,104.095
-1.44575,0,0,0,0,-1.44575,-1.44575,0.139744,-1.44575,104.1
-1.44584,0,0,0,0,-1.44584,-1.44584,-0.0433753,-1.44584,104.1
-1.44666,0,0,0,0,-1.44666,-1.44666,-0.409613,-1.44666,104.1
-1.44749,0,0,0,0,-1.44749,-1.44749,-0.409613,-1.44749,104.1
-1.44733,0,0,0,0,-1.44733,-1.44733,0.078704,-1.44733,104.1
-1.44692,0,0,0,0,-1.44692,-1.44692,0.200783,-1.44692,104.1
-1.44652,0,0,0,0,-1.44652,-1.44652,0.200783,-1.44652,104.111
-1.44624,0,0,0,0,-1.44624,-1.44624,0.139744,-1.44624,104.106
-1.44608,0,0,0,0,-1.44608,-1.44608,0.078704,-1.44608,104.106
-1.44678,0,0,0,0,-1.44678,-1.44678,-0.348574,-1.44678,104.1
-1.44724,0,0,0,0,-1.44724,-1.44724,-0.226494,-1.44724,104.1
-1.44696,0,0,0,0,-1.44696,-1.44696,0.139744,-1.44696,104.1
-1.44606,0,0,0,0,-1.44606,-1.44606,0.444942,-1.44606,104.106
-1.44578,0,0,0,0,-1.44578,-1.44578,0.139744,-1.44578,104.106
-1.44648,0,0,0,0,-1.44648,-1.44648,-0.348574,-1.44648,104.1
-1.44644,0,0,0,0,-1.44644,-1.44645,0.0176644,-1.44645,104.095
-1.44641,0,0,0,0,-1.44641,-1.44641,0.0176644,-1.44641,104.1
-1.44576,0,0,0,0,-1.44576,-1.44576,0.322863,-1.44576,104.1
-1.44572,0,0,0,0,-1.44572,-1.44572,0.0176644,-1.44572,104.1
-1.44618,0,0,0,0,-1.44618,-1.44618,-0.226494,-1.44618,104.1
-1.44712,0,0,0,0,-1.44712,-1.44712,-0.470653,-1.44712,104.1
-1.44733,0,0,0,0,-1.44733,-1.44733,-0.104415,-1.44733,104.1
-1.44619,0,0,0,0,-1.44619,-1.44619,0.567021,-1.44619,104.106
-1.44726,0,0,0,0,-1.44726,-1.44726,-0.531693,-1.44726,104.1
-1.44796,0,0,0,0,-1.44796,-1.44796,-0.348574,-1.44796,104.089
-1.44768,0,0,0,0,-1.44768,-1.44768,0.139744,-1.44768,104.1
-1.4474,0,0,0,0,-1.4474,-1.4474,0.139744,-1.4474,104.1
-1.447,0,0,0,0,-1.447,-1.447,0.200783,-1.447,104.106
-1.44684,0,0,0,0,-1.44684,-1.44684,0.078704,-1.44684,104.1
-1.44717,0,0,0,0,-1.44717,-1.44717,-0.165455,-1.44717,104.1
-1.44811,0,0,0,0,-1.44811,-1.44812,-0.470653,-1.44812,104.1
-1.44832,0,0,0,0,-1.44832,-1.44832,-0.104415,-1.44832,104.1
-1.44841,0,0,0,0,-1.44841,-1.44841,-0.0433753,-1.44841,104.1
-1.4485,0,0,0,0,-1.4485,-1.4485,-0.0433753,-1.4485,104.1
-1.44871,0,0,0,0,-1.44871,-1.44871,-0.104415,-1.44871,104.1
-1.44757,0,0,0,0,-1.44757,-1.44757,0.567021,-1.44757,104.1
-1.44704,0,0,0,0,-1.44704,-1.44704,0.261823,-1.44704,104.1
-1.44627,0,0,0,0,-1.44627,-1.44627,0.383902,-1.44627,104.106
-1.44599,0,0,0,0,-1.44599,-1.44599,0.139744,-1.44599,104.1
-1.44559,0,0,0,0,-1.44559,-1.44559,0.200783,-1.44559,104.106
-1.44494,0,0,0,0,-1.44494,-1.44494,0.322863,-1.44494,104.106
-1.44442,0,0,0,0,-1.44442,-1.44442,0.261823,-1.44442,104.1
-1.44475,0,0,0,0,-1.44475,-1.44475,-0.165455,-1.44475,104.095
-1.44582,0,0,0,0,-1.44582,-1.44582,-0.531693,-1.44582,104.1
-1.44639,0,0,0,0,-1.44639,-1.44639,-0.287534,-1.44639,104.095
-1.4466,0,0,0,0,-1.4466,-1.4466,-0.104415,-1.4466,104.1
-1.44546,0,0,0,0,-1.44546,-1.44546,0.567021,-1.44546,104.1
-1.44432,0,0,0,0,-1.44432,-1.44432,0.567021,-1.44432,104.1
-1.44392,0,0,0,0,-1.44392,-1.44392,0.200783,-1.44392,104.1
-1.44548,0,0,0,0,-1.44548,-1.44548,-0.775851,-1.44548,104.1
-1.4463,0,0,0,0,-1.4463,-1.4463,-0.409613,-1.4463,104.1
-1.44663,0,0,0,0,-1.44663,-1.44663,-0.165455,-1.44663,104.1
-1.44635,0,0,0,0,-1.44635,-1.44635,0.139744,-1.44635,104.1
-1.44632,0,0,0,0,-1.44632,-1.44632,0.0176644,-1.44632,104.095
-1.44689,0,0,0,0,-1.44689,-1.44689,-0.287534,-1.44689,104.1
-1.44686,0,0,0,0,-1.44686,-1.44686,0.0176644,-1.44686,104.106
-1.44658,0,0,0,0,-1.44658,-1.44658,0.139744,-1.44658,104.1
-1.44642,0,0,0,0,-1.44642,-1.44642,0.078704,-1.44642,104.089
-1.44614,0,0,0,0,-1.44614,-1.44614,0.139744,-1.44614,104.1
-1.44659,0,0,0,0,-1.44659,-1.44659,-0.226494,-1.44659,104.1
-1.44656,0,0,0,0,-1.44656,-1.44656,0.0176644,-1.44656,104.095
-1.44652,0,0,0,0,-1.44652,-1.44652,0.0176644,-1.44652,104.1
-1.44673,0,0,0,0,-1.44673,-1.44673,-0.104415,-1.44673,104.089
-1.44645,0,0,0,0,-1.44645,-1.44645,0.139744,-1.44645,104.1
-1.44752,0,0,0,0,-1.44752,-1.44752,-0.531693,-1.44752,104.1
-1.44858,0,0,0,0,-1.44858,-1.44858,-0.531693,-1.44858,104.095
-1.44806,0,0,0,0,-1.44806,-1.44806,0.261823,-1.44806,104.1
-1.44814,0,0,0,0,-1.44814,-1.44815,-0.0433753,-1.44815,104.1
-1.44799,0,0,0,0,-1.44799,-1.44799,0.078704,-1.44799,104.1
-1.44795,0,0,0,0,-1.44795,-1.44795,0.0176644,-1.44795,104.1
-1.44779,0,0,0,0,-1.44779,-1.44779,0.078704,-1.44779,104.1
-1.44764,0,0,0,0,-1.44764,-1.44764,0.078704,-1.44764,104.1
-1.44723,0,0,0,0,-1.44723,-1.44723,0.200783,-1.44723,104.095
-1.44732,0,0,0,0,-1.44732,-1.44732,-0.0433753,-1.44732,104.1
-1.44679,0,0,0,0,-1.44679,-1.44679,0.261823,-1.44679,104.1
-1.44651,0,0,0,0,-1.44651,-1.44651,0.139744,-1.44651,104.1
-1.44709,0,0,0,0,-1.44709,-1.44709,-0.287534,-1.44709,104.1
-1.44718,0,0,0,0,-1.44718,-1.44718,-0.0433753,-1.44718,104.1
-1.44689,0,0,0,0,-1.44689,-1.4469,0.139744,-1.4469,104.095
-1.44649,0,0,0,0,-1.44649,-1.44649,0.200783,-1.44649,104.1
-1.44707,0,0,0,0,-1.44707,-1.44707,-0.287534,-1.44707,104.1
-1.44716,0,0,0,0,-1.44716,-1.44716,-0.0433753,-1.44716,104.1
-1.44712,0,0,0,0,-1.44712,-1.44712,0.0176644,-1.44712,104.1
-1.44623,0,0,0,0,-1.44623,-1.44623,0.444942,-1.44623,104.1
-1.44619,0,0,0,0,-1.44619,-1.44619,0.0176644,-1.44619,104.1
-1.44616,0,0,0,0,-1.44616,-1.44616,0.0176644,-1.44616,104.1
-1.44588,0,0,0,0,-1.44588,-1.44588,0.139744,-1.44588,104.1
-1.44609,0,0,0,0,-1.44609,-1.44609,-0.104415,-1.44609,104.106
-1.44703,0,0,0,0,-1.44703,-1.44703,-0.470653,-1.44703,104.1
-1.44761,0,0,0,0,-1.44761,-1.44761,-0.287534,-1.44761,104.1
-1.44757,0,0,0,0,-1.44757,-1.44757,0.0176644,-1.44757,104.106
-1.44778,0,0,0,0,-1.44778,-1.44778,-0.104415,-1.44778,104.106
-1.44738,0,0,0,0,-1.44738,-1.44738,0.200783,-1.44738,104.106
-1.44771,0,0,0,0,-1.44771,-1.44771,-0.165455,-1.44771,104.106
-1.44804,0,0,0,0,-1.44804,-1.44804,-0.165455,-1.44804,104.1
-1.44739,0,0,0,0,-1.44739,-1.44739,0.322863,-1.44739,104.1
-1.44687,0,0,0,0,-1.44687,-1.44687,0.261823,-1.44687,104.1
-1.44646,0,0,0,0,-1.44646,-1.44646,0.200783,-1.44646,104.095
-1.44667,0,0,0,0,-1.44667,-1.44667,-0.104415,-1.44667,104.1
-1.447,0,0,0,0,-1.447,-1.447,-0.165455,-1.447,104.1
-1.44721,0,0,0,0,-1.44721,-1.44721,-0.104415,-1.44721,104.106
-1.44693,0,0,0,0,-1.44693,-1.44693,0.139744,-1.44693,104.095
-1.44641,0,0,0,0,-1.44641,-1.44641,0.261823,-1.44641,104.1
-1.44625,0,0,0,0,-1.44625,-1.44625,0.078704,-1.44625,104.1
-1.44719,0,0,0,0,-1.44719,-1.44719,-0.470653,-1.44719,104.1
-1.44728,0,0,0,0,-1.44728,-1.44728,-0.0433753,-1.44728,104.1
-1.44688,0,0,0,0,-1.44688,-1.44688,0.200783,-1.44688,104.1
-1.44696,0,0,0,0,-1.44696,-1.44696,-0.0433753,-1.44696,104.1
-1.44791,0,0,0,0,-1.44791,-1.44791,-0.470653,-1.44791,104.095
-1.44898,0,0,0,0,-1.44898,-1.44898,-0.531693,-1.44898,104.1
-1.44931,0,0,0,0,-1.44931,-1.44931,-0.165455,-1.44931,104.1
-1.44915,0,0,0,0,-1.44915,-1.44915,0.078704,-1.44915,104.111
-1.44924,0,0,0,0,-1.44924,-1.44924,-0.0433753,-1.44924,104.1
-1.44895,0,0,0,0,-1.44895,-1.44896,0.139744,-1.44896,104.095
-1.44904,0,0,0,0,-1.44904,-1.44904,-0.0433753,-1.44904,104.1
-1.45011,0,0,0,0,-1.45011,-1.45011,-0.531693,-1.45011,104.106
-1.4502,0,0,0,0,-1.4502,-1.4502,-0.0433753,-1.4502,104.1
-1.45004,0,0,0,0,-1.45004,-1.45004,0.078704,-1.45004,104.1
-1.45012,0,0,0,0,-1.45012,-1.45013,-0.0433753,-1.45013,104.1
-1.44997,0,0,0,0,-1.44997,-1.44997,0.078704,-1.44997,104.106
-1.45067,0,0,0,0,-1.45067,-1.45067,-0.348574,-1.45067,104.1
-1.45039,0,0,0,0,-1.45039,-1.45039,0.139744,-1.45039,104.089
-1.44937,0,0,0,0,-1.44937,-1.44937,0.505982,-1.44937,104.1
-1.44921,0,0,0,0,-1.44921,-1.44921,0.078704,-1.44921,104.1
-1.44991,0,0,0,0,-1.44991,-1.44991,-0.348574,-1.44991,104.1
-1.45024,0,0,0,0,-1.45024,-1.45024,-0.165455,-1.45024,104.1
-1.45021,0,0,0,0,-1.45021,-1.45021,0.0176644,-1.45021,104.095
-1.45029,0,0,0,0,-1.45029,-1.45029,-0.0433753,-1.45029,104.1
-1.45038,0,0,0,0,-1.45038,-1.45038,-0.0433753,-1.45038,104.095
-1.45132,0,0,0,0,-1.45132,-1.45132,-0.470653,-1.45132,104.1
-1.45239,0,0,0,0,-1.45239,-1.45239,-0.531693,-1.45239,104.106
-1.45211,0,0,0,0,-1.45211,-1.45211,0.139744,-1.45211,104.1
-1.45146,0,0,0,0,-1.45146,-1.45146,0.322863,-1.45146,104.1
-1.45143,0,0,0,0,-1.45143,-1.45143,0.0176644,-1.45143,104.1
-1.45164,0,0,0,0,-1.45164,-1.45164,-0.104415,-1.45164,104.1
-1.4516,0,0,0,0,-1.4516,-1.4516,0.0176644,-1.4516,104.095
-1.45071,0,0,0,0,-1.45071,-1.45071,0.444942,-1.45071,104.095
-1.45141,0,0,0,0,-1.45141,-1.45141,-0.348574,-1.45141,104.106
-1.45186,0,0,0,0,-1.45186,-1.45186,-0.226494,-1.45186,104.1
-1.4517,0,0,0,0,-1.4517,-1.4517,0.078704,-1.4517,104.1
-1.45179,0,0,0,0,-1.45179,-1.45179,-0.0433753,-1.45179,104.1
-1.45163,0,0,0,0,-1.45163,-1.45163,0.078704,-1.45163,104.1
-1.45123,0,0,0,0,-1.45123,-1.45123,0.200783,-1.45123,104.1
-1.4507,0,0,0,0,-1.4507,-1.4507,0.261823,-1.4507,104.1
-1.45214,0,0,0,0,-1.45214,-1.45214,-0.714811,-1.45214,104.095
-1.45284,0,0,0,0,-1.45284,-1.45284,-0.348574,-1.45284,104.1
-1.45158,0,0,0,0,-1.45158,-1.45158,0.628061,-1.45158,104.1
-1.45068,0,0,0,0,-1.45068,-1.45068,0.444942,-1.45068,104.1
-1.45114,0,0,0,0,-1.45114,-1.45114,-0.226494,-1.45114,104.1
-1.45184,0,0,0,0,-1.45184,-1.45184,-0.348574,-1.45184,104.106
-1.4518,0,0,0,0,-1.4518,-1.4518,0.0176644,-1.4518,104.111
-1.45115,0,0,0,0,-1.45115,-1.45115,0.322863,-1.45115,104.106
-1.451,0,0,0,0,-1.451,-1.451,0.078704,-1.451,104.1
-1.45072,0,0,0,0,-1.45072,-1.45072,0.139744,-1.45072,104.1
-1.45044,0,0,0,0,-1.45044,-1.45044,0.139744,-1.45044,104.095
-1.45028,0,0,0,0,-1.45028,-1.45028,0.078704,-1.45028,104.1
-1.45073,0,0,0,0,-1.45073,-1.45073,-0.226494,-1.45073,104.106
-1.45131,0,0,0,0,-1.45131,-1.45131,-0.287534,-1.45131,104.1
-1.45127,0,0,0,0,-1.45127,-1.45127,0.0176644,-1.45127,104.095
-1.45111,0,0,0,0,-1.45111,-1.45112,0.078704,-1.45112,104.089
-1.45157,0,0,0,0,-1.45157,-1.45157,-0.226494,-1.45157,104.1
-1.45227,0,0,0,0,-1.45227,-1.45227,-0.348574,-1.45227,104.106
-1.45248,0,0,0,0,-1.45248,-1.45248,-0.104415,-1.45248,104.1
-1.45281,0,0,0,0,-1.45281,-1.45281,-0.165455,-1.45281,104.1
-1.4529,0,0,0,0,-1.4529,-1.4529,-0.0433753,-1.4529,104.106
-1.45237,0,0,0,0,-1.45237,-1.45237,0.261823,-1.45237,104.1
-1.4516,0,0,0,0,-1.4516,-1.4516,0.383902,-1.4516,104.1
-1.45169,0,0,0,0,-1.45169,-1.45169,-0.0433753,-1.45169,104.1
-1.45153,0,0,0,0,-1.45153,-1.45153,0.078704,-1.45153,104.106
-1.45113,0,0,0,0,-1.45113,-1.45113,0.200783,-1.45113,104.1
-1.45072,0,0,0,0,-1.45072,-1.45072,0.200783,-1.45072,104.1
-1.44995,0,0,0,0,-1.44995,-1.44995,0.383902,-1.44995,104.095
-1.45102,0,0,0,0,-1.45102,-1.45102,-0.531693,-1.45102,104.1
-1.45098,0,0,0,0,-1.45098,-1.45098,0.0176644,-1.45098,104.1
-1.44997,0,0,0,0,-1.44997,-1.44997,0.505982,-1.44997,104.1
-1.4492,0,0,0,0,-1.4492,-1.4492,0.383902,-1.4492,104.106
-1.45002,0,0,0,0,-1.45002,-1.45002,-0.409613,-1.45002,104.1
-1.45035,0,0,0,0,-1.45035,-1.45035,-0.165455,-1.45035,104.1
-1.45044,0,0,0,0,-1.45044,-1.45044,-0.0433753,-1.45044,104.1
-1.45065,0,0,0,0,-1.45065,-1.45065,-0.104415,-1.45065,104.1
-1.45098,0,0,0,0,-1.45098,-1.45098,-0.165455,-1.45098,104.089
-1.45107,0,0,0,0,-1.45107,-1.45107,-0.0433753,-1.45107,104.1
-1.45189,0,0,0,0,-1.45189,-1.45189,-0.409613,-1.45189,104.106
-1.45136,0,0,0,0,-1.45136,-1.45136,0.261823,-1.45136,104.1
-1.45157,0,0,0,0,-1.45157,-1.45157,-0.104415,-1.45157,104.1
-1.45276,0,0,0,0,-1.45276,-1.45276,-0.592732,-1.45276,104.095
-1.45224,0,0,0,0,-1.45224,-1.45224,0.261823,-1.45224,104.111
-1.45208,0,0,0,0,-1.45208,-1.45208,0.078704,-1.45208,104.106
-1.45253,0,0,0,0,-1.45253,-1.45253,-0.226494,-1.45253,104.1
-1.45262,0,0,0,0,-1.45262,-1.45262,-0.0433753,-1.45262,104.095
-1.45295,0,0,0,0,-1.45295,-1.45295,-0.165455,-1.45295,104.1
-1.45389,0,0,0,0,-1.45389,-1.4539,-0.470653,-1.4539,104.106
-1.45288,0,0,0,0,-1.45288,-1.45288,0.505982,-1.45288,104.1
-1.45174,0,0,0,0,-1.45174,-1.45174,0.567021,-1.45174,104.089
-1.45195,0,0,0,0,-1.45195,-1.45195,-0.104415,-1.45195,104.1
-1.45253,0,0,0,0,-1.45253,-1.45253,-0.287534,-1.45253,104.111
-1.45347,0,0,0,0,-1.45347,-1.45347,-0.470653,-1.45347,104.1
-1.45331,0,0,0,0,-1.45331,-1.45331,0.078704,-1.45331,104.1
-1.45291,0,0,0,0,-1.45291,-1.45291,0.200783,-1.45291,104.1
-1.45275,0,0,0,0,-1.45275,-1.45275,0.078704,-1.45275,104.095
-1.45382,0,0,0,0,-1.45382,-1.45382,-0.531693,-1.45382,104.106
-1.45427,0,0,0,0,-1.45427,-1.45427,-0.226494,-1.45427,104.1
-1.45399,0,0,0,0,-1.45399,-1.45399,0.139744,-1.45399,104.1
-1.45384,0,0,0,0,-1.45384,-1.45384,0.078704,-1.45384,104.1
-1.45343,0,0,0,0,-1.45343,-1.45343,0.200783,-1.45343,104.1
-1.45352,0,0,0,0,-1.45352,-1.45352,-0.0433753,-1.45352,104.1
-1.45385,0,0,0,0,-1.45385,-1.45385,-0.165455,-1.45385,104.1
-1.45418,0,0,0,0,-1.45418,-1.45418,-0.165455,-1.45418,104.1
-1.45329,0,0,0,0,-1.45329,-1.45329,0.444942,-1.45329,104.1
-1.45276,0,0,0,0,-1.45276,-1.45276,0.261823,-1.45276,104.095
-1.45395,0,0,0,0,-1.45395,-1.45395,-0.592732,-1.45395,104.1
-1.45478,0,0,0,0,-1.45478,-1.45478,-0.409613,-1.45478,104.095
-1.45351,0,0,0,0,-1.45351,-1.45352,0.628061,-1.45352,104.089
-1.45323,0,0,0,0,-1.45323,-1.45323,0.139744,-1.45323,104.1
-1.45553,0,0,0,0,-1.45553,-1.45553,-1.14209,-1.45553,104.1
-1.45684,0,0,0,0,-1.45684,-1.45684,-0.653772,-1.45684,104.106
-1.45631,0,0,0,0,-1.45631,-1.45631,0.261823,-1.45631,104.1
-1.4564,0,0,0,0,-1.4564,-1.4564,-0.0433753,-1.4564,104.1
-1.45587,0,0,0,0,-1.45587,-1.45588,0.261823,-1.45588,104.095
-1.45425,0,0,0,0,-1.45425,-1.45425,0.81118,-1.45425,104.1
-1.45323,0,0,0,0,-1.45323,-1.45323,0.505982,-1.45323,104.111
-1.45356,0,0,0,0,-1.45356,-1.45356,-0.165455,-1.45356,104.1
-1.45389,0,0,0,0,-1.45389,-1.45389,-0.165455,-1.45389,104.1
-1.45435,0,0,0,0,-1.45435,-1.45435,-0.226494,-1.45435,104.1
-1.45431,0,0,0,0,-1.45431,-1.45431,0.0176644,-1.45431,104.1
-1.45428,0,0,0,0,-1.45428,-1.45428,0.0176644,-1.45428,104.1
-1.45473,0,0,0,0,-1.45473,-1.45473,-0.226494,-1.45473,104.1
-1.45506,0,0,0,0,-1.45506,-1.45506,-0.165455,-1.45506,104.095
-1.45429,0,0,0,0,-1.45429,-1.45429,0.383902,-1.45429,104.1
-1.45426,0,0,0,0,-1.45426,-1.45426,0.0176644,-1.45426,104.1
-1.45545,0,0,0,0,-1.45545,-1.45545,-0.592732,-1.45545,104.1
-1.45541,0,0,0,0,-1.45541,-1.45541,0.0176644,-1.45541,104.1
-1.45489,0,0,0,0,-1.45489,-1.45489,0.261823,-1.45489,104.095
-1.45558,0,0,0,0,-1.45558,-1.45559,-0.348574,-1.45559,104.095
-1.4553,0,0,0,0,-1.4553,-1.4553,0.139744,-1.4553,104.1
-1.45478,0,0,0,0,-1.45478,-1.45478,0.261823,-1.45478,104.1
-1.45376,0,0,0,0,-1.45376,-1.45376,0.505982,-1.45376,104.1
-1.45385,0,0,0,0,-1.45385,-1.45385,-0.0433753,-1.45385,104.1
-1.45393,0,0,0,0,-1.45393,-1.45394,-0.0433753,-1.45394,104.1
-1.45329,0,0,0,0,-1.45329,-1.45329,0.322863,-1.45329,104.106
-1.45349,0,0,0,0,-1.45349,-1.4535,-0.104415,-1.4535,104.106
-1.45407,0,0,0,0,-1.45407,-1.45407,-0.287534,-1.45407,104.1
-1.45306,0,0,0,0,-1.45306,-1.45306,0.505982,-1.45306,104.1
-1.45277,0,0,0,0,-1.45277,-1.45278,0.139744,-1.45278,104.095
-1.45286,0,0,0,0,-1.45286,-1.45286,-0.0433753,-1.45286,104.106
-1.45356,0,0,0,0,-1.45356,-1.45356,-0.348574,-1.45356,104.1
-1.45353,0,0,0,0,-1.45353,-1.45353,0.0176644,-1.45353,104.1
-1.45325,0,0,0,0,-1.45325,-1.45325,0.139744,-1.45325,104.1
-1.45333,0,0,0,0,-1.45333,-1.45333,-0.0433753,-1.45333,104.095
-1.45428,0,0,0,0,-1.45428,-1.45428,-0.470653,-1.45428,104.1
-1.454,0,0,0,0,-1.454,-1.454,0.139744,-1.454,104.1
-1.45286,0,0,0,0,-1.45286,-1.45286,0.567021,-1.45286,104.1
-1.4538,0,0,0,0,-1.4538,-1.4538,-0.470653,-1.4538,104.106
-1.4545,0,0,0,0,-1.4545,-1.4545,-0.348574,-1.4545,104.095
-1.45422,0,0,0,0,-1.45422,-1.45422,0.139744,-1.45422,104.1
-1.4532,0,0,0,0,-1.4532,-1.4532,0.505982,-1.4532,104.111
-1.4528,0,0,0,0,-1.4528,-1.4528,0.200783,-1.4528,104.1
-1.45387,0,0,0,0,-1.45387,-1.45387,-0.531693,-1.45387,104.1
-1.45285,0,0,0,0,-1.45285,-1.45285,0.505982,-1.45285,104.1
-1.45183,0,0,0,0,-1.45183,-1.45183,0.505982,-1.45183,104.1
-1.45106,0,0,0,0,-1.45106,-1.45106,0.383902,-1.45106,104.095
-1.45078,0,0,0,0,-1.45078,-1.45078,0.139744,-1.45078,104.1
-1.45148,0,0,0,0,-1.45148,-1.45148,-0.348574,-1.45148,104.106
-1.45206,0,0,0,0,-1.45206,-1.45206,-0.287534,-1.45206,104.1
-1.45215,0,0,0,0,-1.45215,-1.45215,-0.0433753,-1.45215,104.1
-1.4515,0,0,0,0,-1.4515,-1.4515,0.322863,-1.4515,104.1
-1.45073,0,0,0,0,-1.45073,-1.45073,0.383902,-1.45073,104.1
-1.4502,0,0,0,0,-1.4502,-1.4502,0.261823,-1.4502,104.095
-1.45004,0,0,0,0,-1.45004,-1.45004,0.078704,-1.45004,104.1
-1.44989,0,0,0,0,-1.44989,-1.44989,0.078704,-1.44989,104.1
-1.44911,0,0,0,0,-1.44911,-1.44911,0.383902,-1.44911,104.106
-1.44994,0,0,0,0,-1.44994,-1.44994,-0.409613,-1.44994,104.1
-1.44966,0,0,0,0,-1.44966,-1.44966,0.139744,-1.44966,104.1
-1.44888,0,0,0,0,-1.44888,-1.44888,0.383902,-1.44888,104.1
-1.44934,0,0,0,0,-1.44934,-1.44934,-0.226494,-1.44934,104.1
-1.44955,0,0,0,0,-1.44955,-1.44955,-0.104415,-1.44955,104.1
-1.44988,0,0,0,0,-1.44988,-1.44988,-0.165455,-1.44988,104.106
-1.4496,0,0,0,0,-1.4496,-1.4496,0.139744,-1.4496,104.1
-1.4492,0,0,0,0,-1.4492,-1.4492,0.200783,-1.4492,104.1
-1.4494,0,0,0,0,-1.4494,-1.4494,-0.104415,-1.4494,104.1
-1.45047,0,0,0,0,-1.45047,-1.45047,-0.531693,-1.45047,104.1
-1.44982,0,0,0,0,-1.44982,-1.44982,0.322863,-1.44982,104.1
-1.44917,0,0,0,0,-1.44917,-1.44917,0.322863,-1.44917,104.1
-1.44975,0,0,0,0,-1.44975,-1.44975,-0.287534,-1.44975,104.1
-1.45057,0,0,0,0,-1.45057,-1.45057,-0.409613,-1.45057,104.095
-1.4498,0,0,0,0,-1.4498,-1.4498,0.383902,-1.4498,104.1
-1.45038,0,0,0,0,-1.45038,-1.45038,-0.287534,-1.45038,104.1
-1.45047,0,0,0,0,-1.45047,-1.45047,-0.0433753,-1.45047,104.106
-1.45055,0,0,0,0,-1.45055,-1.45055,-0.0433753,-1.45055,104.1
-1.45138,0,0,0,0,-1.45138,-1.45138,-0.409613,-1.45138,104.1
-1.45232,0,0,0,0,-1.45232,-1.45232,-0.470653,-1.45232,104.1
-1.45241,0,0,0,0,-1.45241,-1.45241,-0.0433753,-1.45241,104.1
-1.45225,0,0,0,0,-1.45225,-1.45225,0.078704,-1.45225,104.1
-1.45209,0,0,0,0,-1.45209,-1.45209,0.078704,-1.45209,104.1
-1.45218,0,0,0,0,-1.45218,-1.45218,-0.0433753,-1.45218,104.106
-1.45263,0,0,0,0,-1.45263,-1.45263,-0.226494,-1.45263,104.095
-1.45248,0,0,0,0,-1.45248,-1.45248,0.078704,-1.45248,104.095
-1.45232,0,0,0,0,-1.45232,-1.45232,0.078704,-1.45232,104.1
-1.45277,0,0,0,0,-1.45277,-1.45277,-0.226494,-1.45277,104.095
-1.45261,0,0,0,0,-1.45261,-1.45261,0.078704,-1.45261,104.1
-1.45209,0,0,0,0,-1.45209,-1.45209,0.261823,-1.45209,104.1
-1.45156,0,0,0,0,-1.45156,-1.45156,0.261823,-1.45156,104.1
-1.45251,0,0,0,0,-1.45251,-1.45251,-0.470653,-1.45251,104.1
-1.45284,0,0,0,0,-1.45284,-1.45284,-0.165455,-1.45284,104.1
-1.45292,0,0,0,0,-1.45292,-1.45293,-0.0433753,-1.45293,104.1
-1.45326,0,0,0,0,-1.45326,-1.45326,-0.165455,-1.45326,104.106
-1.45285,0,0,0,0,-1.45285,-1.45285,0.200783,-1.45285,104.095
-1.45282,0,0,0,0,-1.45282,-1.45282,0.0176644,-1.45282,104.095
-1.45217,0,0,0,0,-1.45217,-1.45217,0.322863,-1.45217,104.095
-1.4514,0,0,0,0,-1.4514,-1.4514,0.383902,-1.4514,104.1
-1.45247,0,0,0,0,-1.45247,-1.45247,-0.531693,-1.45247,104.1
-1.45402,0,0,0,0,-1.45402,-1.45402,-0.775851,-1.45402,104.095
-1.45374,0,0,0,0,-1.45374,-1.45374,0.139744,-1.45374,104.1
-1.45236,0,0,0,0,-1.45236,-1.45236,0.689101,-1.45236,104.1
-1.45232,0,0,0,0,-1.45232,-1.45232,0.0176644,-1.45232,104.106
-1.45302,0,0,0,0,-1.45302,-1.45302,-0.348574,-1.45302,104.1
-1.45335,0,0,0,0,-1.45335,-1.45336,-0.165455,-1.45336,104.1
-1.4532,0,0,0,0,-1.4532,-1.4532,0.078704,-1.4532,104.1
-1.45304,0,0,0,0,-1.45304,-1.45304,0.078704,-1.45304,104.1
-1.45239,0,0,0,0,-1.45239,-1.45239,0.322863,-1.45239,104.1
-1.45174,0,0,0,0,-1.45174,-1.45174,0.322863,-1.45174,104.1
-1.45171,0,0,0,0,-1.45171,-1.45171,0.0176644,-1.45171,104.1
-1.45228,0,0,0,0,-1.45228,-1.45228,-0.287534,-1.45228,104.1
-1.45213,0,0,0,0,-1.45213,-1.45213,0.078704,-1.45213,104.1
-1.45197,0,0,0,0,-1.45197,-1.45197,0.078704,-1.45197,104.1
-1.45255,0,0,0,0,-1.45255,-1.45255,-0.287534,-1.45255,104.095
-1.45288,0,0,0,0,-1.45288,-1.45288,-0.165455,-1.45288,104.1
-1.45333,0,0,0,0,-1.45333,-1.45333,-0.226494,-1.45333,104.095
-1.45354,0,0,0,0,-1.45354,-1.45354,-0.104415,-1.45354,104.1
-1.45301,0,0,0,0,-1.45301,-1.45302,0.261823,-1.45302,104.1
-1.45237,0,0,0,0,-1.45237,-1.45237,0.322863,-1.45237,104.1
-1.45221,0,0,0,0,-1.45221,-1.45221,0.078704,-1.45221,104.1
-1.45254,0,0,0,0,-1.45254,-1.45254,-0.165455,-1.45254,104.1
-1.45287,0,0,0,0,-1.45287,-1.45287,-0.165455,-1.45287,104.1
-1.45308,0,0,0,0,-1.45308,-1.45308,-0.104415,-1.45308,104.1
-1.45305,0,0,0,0,-1.45305,-1.45305,0.0176644,-1.45305,104.106
-1.45289,0,0,0,0,-1.45289,-1.45289,0.078704,-1.45289,104.1
-1.4531,0,0,0,0,-1.4531,-1.4531,-0.104415,-1.4531,104.106
-1.45331,0,0,0,0,-1.45331,-1.45331,-0.104415,-1.45331,104.1
-1.45302,0,0,0,0,-1.45302,-1.45303,0.139744,-1.45303,104.095
-1.4536,0,0,0,0,-1.4536,-1.4536,-0.287534,-1.4536,104.1
-1.45357,0,0,0,0,-1.45357,-1.45357,0.0176644,-1.45357,104.1
-1.45353,0,0,0,0,-1.45353,-1.45353,0.0176644,-1.45353,104.1
-1.45399,0,0,0,0,-1.45399,-1.45399,-0.226494,-1.45399,104.1
-1.45346,0,0,0,0,-1.45346,-1.45346,0.261823,-1.45346,104.1
-1.45244,0,0,0,0,-1.45244,-1.45244,0.505982,-1.45244,104.1
-1.45278,0,0,0,0,-1.45278,-1.45278,-0.165455,-1.45278,104.1
-1.45299,0,0,0,0,-1.45299,-1.45299,-0.104415,-1.45299,104.106
-1.45307,0,0,0,0,-1.45307,-1.45307,-0.0433753,-1.45307,104.106
-1.45279,0,0,0,0,-1.45279,-1.45279,0.139744,-1.45279,104.095
-1.45165,0,0,0,0,-1.45165,-1.45165,0.567021,-1.45165,104.1
-1.45199,0,0,0,0,-1.45199,-1.45199,-0.165455,-1.45199,104.095
-1.45244,0,0,0,0,-1.45244,-1.45244,-0.226494,-1.45244,104.106
-1.45277,0,0,0,0,-1.45277,-1.45277,-0.165455,-1.45277,104.095
-1.45286,0,0,0,0,-1.45286,-1.45286,-0.0433753,-1.45286,104.095
-1.45246,0,0,0,0,-1.45246,-1.45246,0.200783,-1.45246,104.095
-1.45242,0,0,0,0,-1.45242,-1.45242,0.0176644,-1.45242,104.1
-1.45312,0,0,0,0,-1.45312,-1.45312,-0.348574,-1.45312,104.1
-1.45321,0,0,0,0,-1.45321,-1.45321,-0.0433753,-1.45321,104.106
-1.4528,0,0,0,0,-1.4528,-1.4528,0.200783,-1.4528,104.1
-1.45326,0,0,0,0,-1.45326,-1.45326,-0.226494,-1.45326,104.095
-1.45322,0,0,0,0,-1.45322,-1.45322,0.0176644,-1.45322,104.1
-1.45233,0,0,0,0,-1.45233,-1.45233,0.444942,-1.45233,104.1
-1.4518,0,0,0,0,-1.4518,-1.4518,0.261823,-1.4518,104.1
-1.45177,0,0,0,0,-1.45177,-1.45177,0.0176644,-1.45177,104.1
-1.4521,0,0,0,0,-1.4521,-1.4521,-0.165455,-1.4521,104.1
-1.45133,0,0,0,0,-1.45133,-1.45133,0.383902,-1.45133,104.089
-1.4508,0,0,0,0,-1.4508,-1.4508,0.261823,-1.4508,104.1
-1.45089,0,0,0,0,-1.45089,-1.45089,-0.0433753,-1.45089,104.1
-1.45073,0,0,0,0,-1.45073,-1.45073,0.078704,-1.45073,104.1
-1.45119,0,0,0,0,-1.45119,-1.45119,-0.226494,-1.45119,104.1
-1.45164,0,0,0,0,-1.45164,-1.45164,-0.226494,-1.45164,104.1
-1.45185,0,0,0,0,-1.45185,-1.45185,-0.104415,-1.45185,104.1
-1.45132,0,0,0,0,-1.45132,-1.45132,0.261823,-1.45132,104.106
-1.45141,0,0,0,0,-1.45141,-1.45141,-0.0433753,-1.45141,104.106
-1.45113,0,0,0,0,-1.45113,-1.45113,0.139744,-1.45113,104.1
-1.45122,0,0,0,0,-1.45122,-1.45122,-0.0433753,-1.45122,104.1
-1.45155,0,0,0,0,-1.45155,-1.45155,-0.165455,-1.45155,104.1
-1.45188,0,0,0,0,-1.45188,-1.45188,-0.165455,-1.45188,104.1
-1.45135,0,0,0,0,-1.45135,-1.45135,0.261823,-1.45135,104.1
-1.45095,0,0,0,0,-1.45095,-1.45095,0.200783,-1.45095,104.106
-1.45226,0,0,0,0,-1.45226,-1.45226,-0.653772,-1.45226,104.106
-1.45296,0,0,0,0,-1.45296,-1.45296,-0.348574,-1.45296,104.111
-1.45293,0,0,0,0,-1.45293,-1.45293,0.0176644,-1.45293,104.095
-1.45265,0,0,0,0,-1.45265,-1.45265,0.139744,-1.45265,104.1
-1.45273,0,0,0,0,-1.45273,-1.45273,-0.0433753,-1.45273,104.1
-1.45209,0,0,0,0,-1.45209,-1.45209,0.322863,-1.45209,104.1
-1.45205,0,0,0,0,-1.45205,-1.45205,0.0176644,-1.45205,104.1
-1.45165,0,0,0,0,-1.45165,-1.45165,0.200783,-1.45165,104.106
-1.451,0,0,0,0,-1.451,-1.451,0.322863,-1.451,104.1
-1.45145,0,0,0,0,-1.45145,-1.45145,-0.226494,-1.45145,104.111
-1.45178,0,0,0,0,-1.45178,-1.45178,-0.165455,-1.45178,104.1
-1.45175,0,0,0,0,-1.45175,-1.45175,0.0176644,-1.45175,104.089
-1.45208,0,0,0,0,-1.45208,-1.45208,-0.165455,-1.45208,104.095
-1.45241,0,0,0,0,-1.45241,-1.45241,-0.165455,-1.45241,104.1
-1.4525,0,0,0,0,-1.4525,-1.4525,-0.0433753,-1.4525,104.095
-1.45259,0,0,0,0,-1.45259,-1.45259,-0.0433753,-1.45259,104.095
-1.45353,0,0,0,0,-1.45353,-1.45353,-0.470653,-1.45353,104.106
-1.45411,0,0,0,0,-1.45411,-1.45411,-0.287534,-1.45411,104.095
-1.4526,0,0,0,0,-1.4526,-1.4526,0.75014,-1.4526,104.1
-1.45244,0,0,0,0,-1.45244,-1.45244,0.078704,-1.45244,104.089
-1.45241,0,0,0,0,-1.45241,-1.45241,0.0176644,-1.45241,104.1
-1.45225,0,0,0,0,-1.45225,-1.45225,0.078704,-1.45225,104.1
-1.45221,0,0,0,0,-1.45221,-1.45221,0.0176644,-1.45221,104.1
-1.4523,0,0,0,0,-1.4523,-1.4523,-0.0433753,-1.4523,104.1
-1.45251,0,0,0,0,-1.45251,-1.45251,-0.104415,-1.45251,104.106
-1.45272,0,0,0,0,-1.45272,-1.45272,-0.104415,-1.45272,104.1
-1.45232,0,0,0,0,-1.45232,-1.45232,0.200783,-1.45232,104.106
-1.45314,0,0,0,0,-1.45314,-1.45314,-0.409613,-1.45314,104.1
-1.45335,0,0,0,0,-1.45335,-1.45335,-0.104415,-1.45335,104.1
-1.45282,0,0,0,0,-1.45282,-1.45282,0.261823,-1.45282,104.1
-1.45279,0,0,0,0,-1.45279,-1.45279,0.0176644,-1.45279,104.095
-1.45275,0,0,0,0,-1.45275,-1.45275,0.0176644,-1.45275,104.095
-1.45259,0,0,0,0,-1.45259,-1.45259,0.078704,-1.45259,104.089
-1.45305,0,0,0,0,-1.45305,-1.45305,-0.226494,-1.45305,104.1
-1.4535,0,0,0,0,-1.4535,-1.4535,-0.226494,-1.4535,104.106
-1.45359,0,0,0,0,-1.45359,-1.45359,-0.0433753,-1.45359,104.1
-1.45343,0,0,0,0,-1.45343,-1.45343,0.078704,-1.45343,104.1
-1.45376,0,0,0,0,-1.45376,-1.45376,-0.165455,-1.45376,104.1
-1.45397,0,0,0,0,-1.45397,-1.45397,-0.104415,-1.45397,104.1
-1.45418,0,0,0,0,-1.45418,-1.45418,-0.104415,-1.45418,104.1
-1.45439,0,0,0,0,-1.45439,-1.45439,-0.104415,-1.45439,104.1
-1.45399,0,0,0,0,-1.45399,-1.45399,0.200783,-1.45399,104.1
-1.45322,0,0,0,0,-1.45322,-1.45322,0.383902,-1.45322,104.1
-1.4522,0,0,0,0,-1.4522,-1.4522,0.505982,-1.4522,104.095
-1.45167,0,0,0,0,-1.45167,-1.45168,0.261823,-1.45168,104.1
-1.45286,0,0,0,0,-1.45286,-1.45286,-0.592732,-1.45286,104.095
-1.45295,0,0,0,0,-1.45295,-1.45295,-0.0433753,-1.45295,104.1
-1.45267,0,0,0,0,-1.45267,-1.45267,0.139744,-1.45267,104.1
-1.45239,0,0,0,0,-1.45239,-1.45239,0.139744,-1.45239,104.106
-1.4526,0,0,0,0,-1.4526,-1.4526,-0.104415,-1.4526,104.1
-1.45256,0,0,0,0,-1.45256,-1.45256,0.0176644,-1.45256,104.095
-1.45302,0,0,0,0,-1.45302,-1.45302,-0.226494,-1.45302,104.095
-1.45261,0,0,0,0,-1.45261,-1.45261,0.200783,-1.45261,104.1
-1.45233,0,0,0,0,-1.45233,-1.45233,0.139744,-1.45233,104.1
-1.45254,0,0,0,0,-1.45254,-1.45254,-0.104415,-1.45254,104.1
-1.45165,0,0,0,0,-1.45165,-1.45165,0.444942,-1.45165,104.1
-1.45223,0,0,0,0,-1.45223,-1.45223,-0.287534,-1.45223,104.106
-1.45293,0,0,0,0,-1.45293,-1.45293,-0.348574,-1.45293,104.1
-1.45375,0,0,0,0,-1.45375,-1.45375,-0.409613,-1.45375,104.1
-1.45347,0,0,0,0,-1.45347,-1.45347,0.139744,-1.45347,104.1
-1.45392,0,0,0,0,-1.45392,-1.45392,-0.226494,-1.45392,104.1
-1.45389,0,0,0,0,-1.45389,-1.45389,0.0176644,-1.45389,104.1
-1.45299,0,0,0,0,-1.45299,-1.45299,0.444942,-1.45299,104.106
-1.45235,0,0,0,0,-1.45235,-1.45235,0.322863,-1.45235,104.1
-1.45317,0,0,0,0,-1.45317,-1.45317,-0.409613,-1.45317,104.1
-1.45313,0,0,0,0,-1.45313,-1.45313,0.0176644,-1.45313,104.095
-1.45334,0,0,0,0,-1.45334,-1.45334,-0.104415,-1.45334,104.1
-1.45331,0,0,0,0,-1.45331,-1.45331,0.0176644,-1.45331,104.095
-1.45364,0,0,0,0,-1.45364,-1.45364,-0.165455,-1.45364,104.095
-1.45372,0,0,0,0,-1.45372,-1.45372,-0.0433753,-1.45372,104.095
-1.45455,0,0,0,0,-1.45455,-1.45455,-0.409613,-1.45455,104.095
-1.455,0,0,0,0,-1.455,-1.455,-0.226494,-1.455,104.1
-1.45447,0,0,0,0,-1.45447,-1.45448,0.261823,-1.45448,104.106
-1.45432,0,0,0,0,-1.45432,-1.45432,0.078704,-1.45432,104.1
-1.45379,0,0,0,0,-1.45379,-1.45379,0.261823,-1.45379,104.1
-1.45265,0,0,0,0,-1.45265,-1.45265,0.567021,-1.45265,104.1
-1.45249,0,0,0,0,-1.45249,-1.45249,0.078704,-1.45249,104.1
-1.45246,0,0,0,0,-1.45246,-1.45246,0.0176644,-1.45246,104.095
-1.45291,0,0,0,0,-1.45291,-1.45291,-0.226494,-1.45291,104.095
-1.45349,0,0,0,0,-1.45349,-1.45349,-0.287534,-1.45349,104.1
-1.45382,0,0,0,0,-1.45382,-1.45382,-0.165455,-1.45382,104.1
-1.45428,0,0,0,0,-1.45428,-1.45428,-0.226494,-1.45428,104.095
-1.45473,0,0,0,0,-1.45473,-1.45473,-0.226494,-1.45473,104.1
-1.45531,0,0,0,0,-1.45531,-1.45531,-0.287534,-1.45531,104.1
-1.45589,0,0,0,0,-1.45589,-1.45589,-0.287534,-1.45589,104.1
-1.45646,0,0,0,0,-1.45646,-1.45646,-0.287534,-1.45646,104.1
-1.45606,0,0,0,0,-1.45606,-1.45606,0.200783,-1.45606,104.106
-1.45517,0,0,0,0,-1.45517,-1.45517,0.444942,-1.45517,104.1
-1.45476,0,0,0,0,-1.45476,-1.45476,0.200783,-1.45476,104.1
-1.45534,0,0,0,0,-1.45534,-1.45534,-0.287534,-1.45534,104.095
-1.45494,0,0,0,0,-1.45494,-1.45494,0.200783,-1.45494,104.1
-1.4549,0,0,0,0,-1.4549,-1.4549,0.0176644,-1.4549,104.1
-1.45511,0,0,0,0,-1.45511,-1.45511,-0.104415,-1.45511,104.106
-1.45569,0,0,0,0,-1.45569,-1.45569,-0.287534,-1.45569,104.1
-1.45516,0,0,0,0,-1.45516,-1.45516,0.261823,-1.45516,104.095
-1.455,0,0,0,0,-1.455,-1.455,0.078704,-1.455,104.106
-1.45558,0,0,0,0,-1.45558,-1.45558,-0.287534,-1.45558,104.1
-1.45481,0,0,0,0,-1.45481,-1.45481,0.383902,-1.45481,104.1
-1.45404,0,0,0,0,-1.45404,-1.45404,0.383902,-1.45404,104.106
-1.45449,0,0,0,0,-1.45449,-1.45449,-0.226494,-1.45449,104.1
-1.45507,0,0,0,0,-1.45507,-1.45507,-0.287534,-1.45507,104.1
-1.45516,0,0,0,0,-1.45516,-1.45516,-0.0433753,-1.45516,104.1
-1.45488,0,0,0,0,-1.45488,-1.45488,0.139744,-1.45488,104.1
-1.45521,0,0,0,0,-1.45521,-1.45521,-0.165455,-1.45521,104.111
-1.45432,0,0,0,0,-1.45432,-1.45432,0.444942,-1.45432,104.095
-1.45342,0,0,0,0,-1.45342,-1.45342,0.444942,-1.45342,104.1
-1.454,0,0,0,0,-1.454,-1.454,-0.287534,-1.454,104.1
-1.45482,0,0,0,0,-1.45482,-1.45482,-0.409613,-1.45482,104.1
-1.45479,0,0,0,0,-1.45479,-1.45479,0.0176644,-1.45479,104.1
-1.45524,0,0,0,0,-1.45524,-1.45524,-0.226494,-1.45524,104.089
-1.45533,0,0,0,0,-1.45533,-1.45533,-0.0433753,-1.45533,104.095
-1.45615,0,0,0,0,-1.45615,-1.45615,-0.409613,-1.45615,104.106
-1.45636,0,0,0,0,-1.45636,-1.45636,-0.104415,-1.45636,104.1
-1.45669,0,0,0,0,-1.45669,-1.45669,-0.165455,-1.45669,104.1
-1.45702,0,0,0,0,-1.45702,-1.45702,-0.165455,-1.45702,104.1
-1.45638,0,0,0,0,-1.45638,-1.45638,0.322863,-1.45638,104.1
-1.45548,0,0,0,0,-1.45548,-1.45548,0.444942,-1.45548,104.106
-1.45581,0,0,0,0,-1.45581,-1.45581,-0.165455,-1.45581,104.1
-1.45553,0,0,0,0,-1.45553,-1.45553,0.139744,-1.45553,104.089
-1.45464,0,0,0,0,-1.45464,-1.45464,0.444942,-1.45464,104.095
-1.45534,0,0,0,0,-1.45534,-1.45534,-0.348574,-1.45534,104.095
-1.45616,0,0,0,0,-1.45616,-1.45616,-0.409613,-1.45616,104.1
-1.45502,0,0,0,0,-1.45502,-1.45502,0.567021,-1.45502,104.1
-1.45364,0,0,0,0,-1.45364,-1.45364,0.689101,-1.45364,104.1
-1.45422,0,0,0,0,-1.45422,-1.45422,-0.287534,-1.45422,104.106
-1.45418,0,0,0,0,-1.45418,-1.45418,0.0176644,-1.45418,104.1
-1.45366,0,0,0,0,-1.45366,-1.45366,0.261823,-1.45366,104.095
-1.45313,0,0,0,0,-1.45313,-1.45313,0.261823,-1.45313,104.1
-1.45273,0,0,0,0,-1.45273,-1.45273,0.200783,-1.45273,104.1
-1.45269,0,0,0,0,-1.45269,-1.45269,0.0176644,-1.45269,104.1
-1.45327,0,0,0,0,-1.45327,-1.45327,-0.287534,-1.45327,104.1
-1.45409,0,0,0,0,-1.45409,-1.45409,-0.409613,-1.45409,104.1
-1.45381,0,0,0,0,-1.45381,-1.45381,0.139744,-1.45381,104.1
-1.45316,0,0,0,0,-1.45316,-1.45316,0.322863,-1.45316,104.1
-1.45349,0,0,0,0,-1.45349,-1.45349,-0.165455,-1.45349,104.1
-1.45358,0,0,0,0,-1.45358,-1.45358,-0.0433753,-1.45358,104.1
-1.45404,0,0,0,0,-1.45404,-1.45404,-0.226494,-1.45404,104.1
-1.45498,0,0,0,0,-1.45498,-1.45498,-0.470653,-1.45498,104.1
-1.45421,0,0,0,0,-1.45421,-1.45421,0.383902,-1.45421,104.1
-1.4527,0,0,0,0,-1.4527,-1.4527,0.75014,-1.4527,104.1
-1.4523,0,0,0,0,-1.4523,-1.4523,0.200783,-1.4523,104.1
-1.45226,0,0,0,0,-1.45226,-1.45226,0.0176644,-1.45226,104.095
-1.45198,0,0,0,0,-1.45198,-1.45198,0.139744,-1.45198,104.1
-1.45219,0,0,0,0,-1.45219,-1.45219,-0.104415,-1.45219,104.089
-1.4513,0,0,0,0,-1.4513,-1.4513,0.444942,-1.4513,104.1
-1.45175,0,0,0,0,-1.45175,-1.45175,-0.226494,-1.45175,104.1
-1.45196,0,0,0,0,-1.45196,-1.45196,-0.104415,-1.45196,104.106
-1.45254,0,0,0,0,-1.45254,-1.45254,-0.287534,-1.45254,104.095
-1.45299,0,0,0,0,-1.45299,-1.45299,-0.226494,-1.45299,104.095
-1.45222,0,0,0,0,-1.45222,-1.45222,0.383902,-1.45222,104.095
-1.4517,0,0,0,0,-1.4517,-1.4517,0.261823,-1.4517,104.106
-1.45105,0,0,0,0,-1.45105,-1.45105,0.322863,-1.45105,104.095
-1.45101,0,0,0,0,-1.45101,-1.45101,0.0176644,-1.45101,104.1
-1.45196,0,0,0,0,-1.45196,-1.45196,-0.470653,-1.45196,104.095
-1.4518,0,0,0,0,-1.4518,-1.4518,0.078704,-1.4518,104.095
-1.45213,0,0,0,0,-1.45213,-1.45213,-0.165455,-1.45213,104.106
-1.45124,0,0,0,0,-1.45124,-1.45124,0.444942,-1.45124,104.1
-1.45157,0,0,0,0,-1.45157,-1.45157,-0.165455,-1.45157,104.089
-1.45153,0,0,0,0,-1.45153,-1.45153,0.0176644,-1.45153,104.106
-1.45125,0,0,0,0,-1.45125,-1.45125,0.139744,-1.45125,104.1
-1.45061,0,0,0,0,-1.45061,-1.45061,0.322863,-1.45061,104.106
-1.44971,0,0,0,0,-1.44971,-1.44971,0.444942,-1.44971,104.106
-1.45041,0,0,0,0,-1.45041,-1.45041,-0.348574,-1.45041,104.1
-1.45209,0,0,0,0,-1.45209,-1.45209,-0.836891,-1.45209,104.1
-1.45181,0,0,0,0,-1.45181,-1.45181,0.139744,-1.45181,104.095
-1.45079,0,0,0,0,-1.45079,-1.45079,0.505982,-1.45079,104.1
-1.45125,0,0,0,0,-1.45125,-1.45125,-0.226494,-1.45125,104.1
-1.45134,0,0,0,0,-1.45134,-1.45134,-0.0433753,-1.45134,104.1
-1.45044,0,0,0,0,-1.45044,-1.45044,0.444942,-1.45044,104.1
-1.45053,0,0,0,0,-1.45053,-1.45053,-0.0433753,-1.45053,104.106
-1.45013,0,0,0,0,-1.45013,-1.45013,0.200783,-1.45013,104.089
-1.4496,0,0,0,0,-1.4496,-1.4496,0.261823,-1.4496,104.089
-1.44956,0,0,0,0,-1.44956,-1.44956,0.0176644,-1.44956,104.1
-1.44989,0,0,0,0,-1.44989,-1.44989,-0.165455,-1.44989,104.095
-1.44998,0,0,0,0,-1.44998,-1.44998,-0.0433753,-1.44998,104.1
-1.44982,0,0,0,0,-1.44982,-1.44982,0.078704,-1.44982,104.1
-1.44967,0,0,0,0,-1.44967,-1.44967,0.078704,-1.44967,104.111
-1.44987,0,0,0,0,-1.44987,-1.44988,-0.104415,-1.44988,104.1
-1.45058,0,0,0,0,-1.45058,-1.45058,-0.348574,-1.45058,104.1
-1.45029,0,0,0,0,-1.45029,-1.45029,0.139744,-1.45029,104.1
-1.44928,0,0,0,0,-1.44928,-1.44928,0.505982,-1.44928,104.095
-1.44961,0,0,0,0,-1.44961,-1.44961,-0.165455,-1.44961,104.1
-1.44908,0,0,0,0,-1.44908,-1.44908,0.261823,-1.44908,104.1
-1.44905,0,0,0,0,-1.44905,-1.44905,0.0176644,-1.44905,104.1
-1.44987,0,0,0,0,-1.44987,-1.44987,-0.409613,-1.44987,104.1
-1.4502,0,0,0,0,-1.4502,-1.4502,-0.165455,-1.4502,104.095
-1.44943,0,0,0,0,-1.44943,-1.44943,0.383902,-1.44943,104.1
-1.44927,0,0,0,0,-1.44927,-1.44927,0.078704,-1.44927,104.1
-1.44924,0,0,0,0,-1.44924,-1.44924,0.0176644,-1.44924,104.1
-1.44933,0,0,0,0,-1.44933,-1.44933,-0.0433753,-1.44933,104.095
-1.44904,0,0,0,0,-1.44904,-1.44905,0.139744,-1.44905,104.1
-1.44962,0,0,0,0,-1.44962,-1.44962,-0.287534,-1.44962,104.1
-1.44885,0,0,0,0,-1.44885,-1.44885,0.383902,-1.44885,104.1
-1.44783,0,0,0,0,-1.44783,-1.44783,0.505982,-1.44783,104.106
-1.44927,0,0,0,0,-1.44927,-1.44927,-0.714811,-1.44927,104.1
-1.44923,0,0,0,0,-1.44923,-1.44923,0.0176644,-1.44923,104.095
-1.44908,0,0,0,0,-1.44908,-1.44908,0.078704,-1.44908,104.1
-1.44916,0,0,0,0,-1.44916,-1.44916,-0.0433753,-1.44916,104.1
-1.44839,0,0,0,0,-1.44839,-1.44839,0.383902,-1.44839,104.095
-1.44787,0,0,0,0,-1.44787,-1.44787,0.261823,-1.44787,104.106
-1.44881,0,0,0,0,-1.44881,-1.44881,-0.470653,-1.44881,104.1
-1.44902,0,0,0,0,-1.44902,-1.44902,-0.104415,-1.44902,104.095
-1.44923,0,0,0,0,-1.44923,-1.44923,-0.104415,-1.44923,104.1
-1.44907,0,0,0,0,-1.44907,-1.44907,0.078704,-1.44907,104.1
-1.4494,0,0,0,0,-1.4494,-1.4494,-0.165455,-1.4494,104.106
-1.45035,0,0,0,0,-1.45035,-1.45035,-0.470653,-1.45035,104.1
-1.4508,0,0,0,0,-1.4508,-1.4508,-0.226494,-1.4508,104.106
-1.45003,0,0,0,0,-1.45003,-1.45003,0.383902,-1.45003,104.1
-1.44975,0,0,0,0,-1.44975,-1.44975,0.139744,-1.44975,104.1
-1.45057,0,0,0,0,-1.45057,-1.45057,-0.409613,-1.45057,104.1
-1.45042,0,0,0,0,-1.45042,-1.45042,0.078704,-1.45042,104.1
-1.45099,0,0,0,0,-1.45099,-1.45099,-0.287534,-1.45099,104.1
-1.45083,0,0,0,0,-1.45083,-1.45083,0.078704,-1.45083,104.1
-1.45104,0,0,0,0,-1.45104,-1.45104,-0.104415,-1.45104,104.1
-1.4504,0,0,0,0,-1.4504,-1.4504,0.322863,-1.4504,104.1
-1.45036,0,0,0,0,-1.45036,-1.45036,0.0176644,-1.45036,104.095
-1.45131,0,0,0,0,-1.45131,-1.45131,-0.470653,-1.45131,104.1
-1.45127,0,0,0,0,-1.45127,-1.45127,0.0176644,-1.45127,104.1
-1.45074,0,0,0,0,-1.45074,-1.45074,0.261823,-1.45074,104.1
-1.45083,0,0,0,0,-1.45083,-1.45083,-0.0433753,-1.45083,104.1
-1.4508,0,0,0,0,-1.4508,-1.4508,0.0176644,-1.4508,104.095
-1.45125,0,0,0,0,-1.45125,-1.45125,-0.226494,-1.45125,104.1
-1.45146,0,0,0,0,-1.45146,-1.45146,-0.104415,-1.45146,104.1
-1.45191,0,0,0,0,-1.45191,-1.45192,-0.226494,-1.45192,104.095
-1.45151,0,0,0,0,-1.45151,-1.45151,0.200783,-1.45151,104.1
-1.4505,0,0,0,0,-1.4505,-1.4505,0.505982,-1.4505,104.1
-1.45058,0,0,0,0,-1.45058,-1.45058,-0.0433753,-1.45058,104.1
-1.45018,0,0,0,0,-1.45018,-1.45018,0.200783,-1.45018,104.1
-1.45088,0,0,0,0,-1.45088,-1.45088,-0.348574,-1.45088,104.1
-1.44986,0,0,0,0,-1.44986,-1.44986,0.505982,-1.44986,104.1
-1.4497,0,0,0,0,-1.4497,-1.4497,0.078704,-1.4497,104.106
-1.45004,0,0,0,0,-1.45004,-1.45004,-0.165455,-1.45004,104.1
-1.44963,0,0,0,0,-1.44963,-1.44963,0.200783,-1.44963,104.1
-1.4496,0,0,0,0,-1.4496,-1.4496,0.0176644,-1.4496,104.1
-1.44956,0,0,0,0,-1.44956,-1.44956,0.0176644,-1.44956,104.1
-1.45026,0,0,0,0,-1.45026,-1.45026,-0.348574,-1.45026,104.095
-1.45108,0,0,0,0,-1.45108,-1.45108,-0.409613,-1.45108,104.1
-1.45105,0,0,0,0,-1.45105,-1.45105,0.0176644,-1.45105,104.1
-1.4504,0,0,0,0,-1.4504,-1.4504,0.322863,-1.4504,104.1
-1.44987,0,0,0,0,-1.44987,-1.44987,0.261823,-1.44987,104.111
-1.45008,0,0,0,0,-1.45008,-1.45008,-0.104415,-1.45008,104.095
-1.44968,0,0,0,0,-1.44968,-1.44968,0.200783,-1.44968,104.1
-1.45001,0,0,0,0,-1.45001,-1.45001,-0.165455,-1.45001,104.095
-1.45096,0,0,0,0,-1.45096,-1.45096,-0.470653,-1.45096,104.1
-1.45006,0,0,0,0,-1.45006,-1.45006,0.444942,-1.45006,104.106
-1.44941,0,0,0,0,-1.44941,-1.44941,0.322863,-1.44941,104.095
-1.44913,0,0,0,0,-1.44913,-1.44913,0.139744,-1.44913,104.1
-1.4491,0,0,0,0,-1.4491,-1.4491,0.0176644,-1.4491,104.1
-1.44882,0,0,0,0,-1.44882,-1.44882,0.139744,-1.44882,104.095
-1.44878,0,0,0,0,-1.44878,-1.44878,0.0176644,-1.44878,104.1
-1.44862,0,0,0,0,-1.44862,-1.44862,0.078704,-1.44862,104.1
-1.44932,0,0,0,0,-1.44932,-1.44932,-0.348574,-1.44932,104.1
-1.44941,0,0,0,0,-1.44941,-1.44941,-0.0433753,-1.44941,104.1
-1.44925,0,0,0,0,-1.44925,-1.44925,0.078704,-1.44925,104.1
-1.44958,0,0,0,0,-1.44958,-1.44958,-0.165455,-1.44958,104.095
-1.44955,0,0,0,0,-1.44955,-1.44955,0.0176644,-1.44955,104.106
-1.44927,0,0,0,0,-1.44927,-1.44927,0.139744,-1.44927,104.095
-1.45021,0,0,0,0,-1.45021,-1.45021,-0.470653,-1.45021,104.095
-1.45177,0,0,0,0,-1.45177,-1.45177,-0.775851,-1.45177,104.095
-1.45198,0,0,0,0,-1.45198,-1.45198,-0.104415,-1.45198,104.1
-1.45206,0,0,0,0,-1.45206,-1.45206,-0.0433753,-1.45206,104.1
-1.45178,0,0,0,0,-1.45178,-1.45178,0.139744,-1.45178,104.1
-1.45175,0,0,0,0,-1.45175,-1.45175,0.0176644,-1.45175,104.1
-1.45159,0,0,0,0,-1.45159,-1.45159,0.078704,-1.45159,104.1
-1.45107,0,0,0,0,-1.45107,-1.45107,0.261823,-1.45107,104.1
-1.45152,0,0,0,0,-1.45152,-1.45152,-0.226494,-1.45152,104.095
-1.45234,0,0,0,0,-1.45234,-1.45234,-0.409613,-1.45234,104.1
-1.45243,0,0,0,0,-1.45243,-1.45243,-0.0433753,-1.45243,104.111
-1.45215,0,0,0,0,-1.45215,-1.45215,0.139744,-1.45215,104.095
-1.45211,0,0,0,0,-1.45211,-1.45211,0.0176644,-1.45211,104.1
-1.45183,0,0,0,0,-1.45183,-1.45183,0.139744,-1.45183,104.1
-1.45082,0,0,0,0,-1.45082,-1.45082,0.505982,-1.45082,104.095
-1.45078,0,0,0,0,-1.45078,-1.45078,0.0176644,-1.45078,104.1
-1.45087,0,0,0,0,-1.45087,-1.45087,-0.0433753,-1.45087,104.095
-1.45108,0,0,0,0,-1.45108,-1.45108,-0.104415,-1.45108,104.1
-1.45092,0,0,0,0,-1.45092,-1.45092,0.078704,-1.45092,104.1
-1.44978,0,0,0,0,-1.44978,-1.44978,0.567021,-1.44978,104.089
-1.44987,0,0,0,0,-1.44987,-1.44987,-0.0433753,-1.44987,104.106
-1.45069,0,0,0,0,-1.45069,-1.45069,-0.409613,-1.45069,104.095
-1.45127,0,0,0,0,-1.45127,-1.45127,-0.287534,-1.45127,104.1
-1.45148,0,0,0,0,-1.45148,-1.45148,-0.104415,-1.45148,104.1
-1.45119,0,0,0,0,-1.45119,-1.45119,0.139744,-1.45119,104.1
-1.45067,0,0,0,0,-1.45067,-1.45067,0.261823,-1.45067,104.095
-1.45051,0,0,0,0,-1.45051,-1.45051,0.078704,-1.45051,104.111
-1.45084,0,0,0,0,-1.45084,-1.45084,-0.165455,-1.45084,104.095
-1.45068,0,0,0,0,-1.45068,-1.45068,0.078704,-1.45068,104.1
-1.45102,0,0,0,0,-1.45102,-1.45102,-0.165455,-1.45102,104.1
-1.45122,0,0,0,0,-1.45122,-1.45122,-0.104415,-1.45122,104.1
-1.45143,0,0,0,0,-1.45143,-1.45143,-0.104415,-1.45143,104.1
-1.45152,0,0,0,0,-1.45152,-1.45152,-0.0433753,-1.45152,104.095
-1.45136,0,0,0,0,-1.45136,-1.45136,0.078704,-1.45136,104.1
-1.45108,0,0,0,0,-1.45108,-1.45108,0.139744,-1.45108,104.095
-1.45178,0,0,0,0,-1.45178,-1.45178,-0.348574,-1.45178,104.1
-1.45236,0,0,0,0,-1.45236,-1.45236,-0.287534,-1.45236,104.095
-1.45244,0,0,0,0,-1.45244,-1.45244,-0.0433753,-1.45244,104.1
-1.45253,0,0,0,0,-1.45253,-1.45253,-0.0433753,-1.45253,104.1
-1.45201,0,0,0,0,-1.45201,-1.45201,0.261823,-1.45201,104.1
-1.4516,0,0,0,0,-1.4516,-1.4516,0.200783,-1.4516,104.1
-1.45267,0,0,0,0,-1.45267,-1.45267,-0.531693,-1.45267,104.1
-1.45325,0,0,0,0,-1.45325,-1.45325,-0.287534,-1.45325,104.1
-1.45321,0,0,0,0,-1.45321,-1.45321,0.0176644,-1.45321,104.1
-1.45268,0,0,0,0,-1.45268,-1.45268,0.261823,-1.45268,104.1
-1.45277,0,0,0,0,-1.45277,-1.45277,-0.0433753,-1.45277,104.1
-1.45249,0,0,0,0,-1.45249,-1.45249,0.139744,-1.45249,104.1
-1.4516,0,0,0,0,-1.4516,-1.4516,0.444942,-1.4516,104.1
-1.45168,0,0,0,0,-1.45168,-1.45168,-0.0433753,-1.45168,104.1
-1.45324,0,0,0,0,-1.45324,-1.45324,-0.775851,-1.45324,104.1
-1.45357,0,0,0,0,-1.45357,-1.45357,-0.165455,-1.45357,104.1
-1.45341,0,0,0,0,-1.45341,-1.45341,0.078704,-1.45341,104.106
-1.45264,0,0,0,0,-1.45264,-1.45264,0.383902,-1.45264,104.1
-1.45187,0,0,0,0,-1.45187,-1.45187,0.383902,-1.45187,104.1
-1.45171,0,0,0,0,-1.45171,-1.45171,0.078704,-1.45171,104.1
-1.45229,0,0,0,0,-1.45229,-1.45229,-0.287534,-1.45229,104.089
-1.45262,0,0,0,0,-1.45262,-1.45262,-0.165455,-1.45262,104.1
-1.45271,0,0,0,0,-1.45271,-1.45271,-0.0433753,-1.45271,104.1
-1.45267,0,0,0,0,-1.45267,-1.45267,0.0176644,-1.45267,104.1
-1.45337,0,0,0,0,-1.45337,-1.45337,-0.348574,-1.45337,104.1
-1.45383,0,0,0,0,-1.45383,-1.45383,-0.226494,-1.45383,104.1
-1.45428,0,0,0,0,-1.45428,-1.45428,-0.226494,-1.45428,104.1
-1.45523,0,0,0,0,-1.45523,-1.45523,-0.470653,-1.45523,104.1
-1.45507,0,0,0,0,-1.45507,-1.45507,0.078704,-1.45507,104.089
-1.45442,0,0,0,0,-1.45442,-1.45442,0.322863,-1.45442,104.095
-1.45365,0,0,0,0,-1.45365,-1.45365,0.383902,-1.45365,104.089
-1.45362,0,0,0,0,-1.45362,-1.45362,0.0176644,-1.45362,104.095
-1.45382,0,0,0,0,-1.45382,-1.45382,-0.104415,-1.45382,104.106
-1.45465,0,0,0,0,-1.45465,-1.45465,-0.409613,-1.45465,104.106
-1.45437,0,0,0,0,-1.45437,-1.45437,0.139744,-1.45437,104.1
-1.45409,0,0,0,0,-1.45409,-1.45409,0.139744,-1.45409,104.111
-1.45515,0,0,0,0,-1.45515,-1.45515,-0.531693,-1.45515,104.1
-1.45573,0,0,0,0,-1.45573,-1.45573,-0.287534,-1.45573,104.1
-1.45606,0,0,0,0,-1.45606,-1.45606,-0.165455,-1.45606,104.1
-1.45541,0,0,0,0,-1.45541,-1.45541,0.322863,-1.45541,104.095
-1.45452,0,0,0,0,-1.45452,-1.45452,0.444942,-1.45452,104.095
-1.45448,0,0,0,0,-1.45448,-1.45448,0.0176644,-1.45448,104.095
-1.45469,0,0,0,0,-1.45469,-1.45469,-0.104415,-1.45469,104.1
-1.45454,0,0,0,0,-1.45454,-1.45454,0.078704,-1.45454,104.1
-1.45511,0,0,0,0,-1.45511,-1.45511,-0.287534,-1.45511,104.106
-1.4552,0,0,0,0,-1.4552,-1.4552,-0.0433753,-1.4552,104.089
-1.45443,0,0,0,0,-1.45443,-1.45443,0.383902,-1.45443,104.1
-1.45452,0,0,0,0,-1.45452,-1.45452,-0.0433753,-1.45452,104.095
-1.45473,0,0,0,0,-1.45473,-1.45473,-0.104415,-1.45473,104.1
-1.45334,0,0,0,0,-1.45334,-1.45334,0.689101,-1.45334,104.106
-1.45355,0,0,0,0,-1.45355,-1.45355,-0.104415,-1.45355,104.111
-1.45364,0,0,0,0,-1.45364,-1.45364,-0.0433753,-1.45364,104.1
-1.45323,0,0,0,0,-1.45323,-1.45324,0.200783,-1.45324,104.1
-1.45259,0,0,0,0,-1.45259,-1.45259,0.322863,-1.45259,104.1
-1.45218,0,0,0,0,-1.45218,-1.45218,0.200783,-1.45218,104.1
-1.45264,0,0,0,0,-1.45264,-1.45264,-0.226494,-1.45264,104.1
-1.45211,0,0,0,0,-1.45211,-1.45211,0.261823,-1.45211,104.1
-1.45208,0,0,0,0,-1.45208,-1.45208,0.0176644,-1.45208,104.1
-1.45241,0,0,0,0,-1.45241,-1.45241,-0.165455,-1.45241,104.1
-1.45311,0,0,0,0,-1.45311,-1.45311,-0.348574,-1.45311,104.1
-1.45356,0,0,0,0,-1.45356,-1.45356,-0.226494,-1.45356,104.1
-1.45255,0,0,0,0,-1.45255,-1.45255,0.505982,-1.45255,104.1
-1.45153,0,0,0,0,-1.45153,-1.45153,0.505982,-1.45153,104.1
-1.45076,0,0,0,0,-1.45076,-1.45076,0.383902,-1.45076,104.1
-1.45097,0,0,0,0,-1.45097,-1.45097,-0.104415,-1.45097,104.106
-1.45093,0,0,0,0,-1.45093,-1.45093,0.0176644,-1.45093,104.1
-1.45102,0,0,0,0,-1.45102,-1.45102,-0.0433753,-1.45102,104.1
-1.45074,0,0,0,0,-1.45074,-1.45074,0.139744,-1.45074,104.1
-1.4507,0,0,0,0,-1.4507,-1.4507,0.0176644,-1.4507,104.1
-1.45104,0,0,0,0,-1.45104,-1.45104,-0.165455,-1.45104,104.1
-1.45186,0,0,0,0,-1.45186,-1.45186,-0.409613,-1.45186,104.1
-1.45207,0,0,0,0,-1.45207,-1.45207,-0.104415,-1.45207,104.106
-1.4513,0,0,0,0,-1.4513,-1.4513,0.383902,-1.4513,104.1
-1.45114,0,0,0,0,-1.45114,-1.45114,0.078704,-1.45114,104.1
-1.45159,0,0,0,0,-1.45159,-1.45159,-0.226494,-1.45159,104.106
-1.45192,0,0,0,0,-1.45192,-1.45192,-0.165455,-1.45192,104.106
-1.45226,0,0,0,0,-1.45226,-1.45226,-0.165455,-1.45226,104.1
-1.4521,0,0,0,0,-1.4521,-1.4521,0.078704,-1.4521,104.095
-1.45133,0,0,0,0,-1.45133,-1.45133,0.383902,-1.45133,104.1
-1.4508,0,0,0,0,-1.4508,-1.4508,0.261823,-1.4508,104.106
-1.4504,0,0,0,0,-1.4504,-1.4504,0.200783,-1.4504,104.1
-1.45073,0,0,0,0,-1.45073,-1.45073,-0.165455,-1.45073,104.1
-1.45131,0,0,0,0,-1.45131,-1.45131,-0.287534,-1.45131,104.095
-1.45164,0,0,0,0,-1.45164,-1.45164,-0.165455,-1.45164,104.1
-1.45124,0,0,0,0,-1.45124,-1.45124,0.200783,-1.45124,104.106
-1.45034,0,0,0,0,-1.45034,-1.45034,0.444942,-1.45034,104.1
-1.45031,0,0,0,0,-1.45031,-1.45031,0.0176644,-1.45031,104.1
-1.45015,0,0,0,0,-1.45015,-1.45015,0.078704,-1.45015,104.106
-1.45036,0,0,0,0,-1.45036,-1.45036,-0.104415,-1.45036,104.1
-1.45057,0,0,0,0,-1.45057,-1.45057,-0.104415,-1.45057,104.1
-1.4498,0,0,0,0,-1.4498,-1.4498,0.383902,-1.4498,104.1
-1.44964,0,0,0,0,-1.44964,-1.44964,0.078704,-1.44964,104.095
-1.44997,0,0,0,0,-1.44997,-1.44997,-0.165455,-1.44997,104.1
-1.4503,0,0,0,0,-1.4503,-1.4503,-0.165455,-1.4503,104.1
-1.45039,0,0,0,0,-1.45039,-1.45039,-0.0433753,-1.45039,104.106
-1.44974,0,0,0,0,-1.44974,-1.44974,0.322863,-1.44974,104.1
-1.4502,0,0,0,0,-1.4502,-1.4502,-0.226494,-1.4502,104.095
-1.45065,0,0,0,0,-1.45065,-1.45065,-0.226494,-1.45065,104.1
-1.45013,0,0,0,0,-1.45013,-1.45013,0.261823,-1.45013,104.106
-1.4496,0,0,0,0,-1.4496,-1.4496,0.261823,-1.4496,104.106
-1.4492,0,0,0,0,-1.4492,-1.4492,0.200783,-1.4492,104.106
-1.44916,0,0,0,0,-1.44916,-1.44916,0.0176644,-1.44916,104.111
-1.44913,0,0,0,0,-1.44913,-1.44913,0.0176644,-1.44913,104.095
-1.44921,0,0,0,0,-1.44921,-1.44921,-0.0433753,-1.44921,104.095
-1.44967,0,0,0,0,-1.44967,-1.44967,-0.226494,-1.44967,104.106
-1.45,0,0,0,0,-1.45,-1.45,-0.165455,-1.45,104.1
-1.45045,0,0,0,0,-1.45045,-1.45045,-0.226494,-1.45045,104.1
-1.45042,0,0,0,0,-1.45042,-1.45042,0.0176644,-1.45042,104.1
-1.45038,0,0,0,0,-1.45038,-1.45038,0.0176644,-1.45038,104.106
-1.45133,0,0,0,0,-1.45133,-1.45133,-0.470653,-1.45133,104.1
-1.45129,0,0,0,0,-1.45129,-1.45129,0.0176644,-1.45129,104.089
-1.45028,0,0,0,0,-1.45028,-1.45028,0.505982,-1.45028,104.1
-1.4495,0,0,0,0,-1.4495,-1.4495,0.383902,-1.4495,104.1
-1.44959,0,0,0,0,-1.44959,-1.44959,-0.0433753,-1.44959,104.1
-1.45005,0,0,0,0,-1.45005,-1.45005,-0.226494,-1.45005,104.095
-1.45013,0,0,0,0,-1.45013,-1.45013,-0.0433753,-1.45013,104.106
-1.44924,0,0,0,0,-1.44924,-1.44924,0.444942,-1.44924,104.1
-1.44859,0,0,0,0,-1.44859,-1.44859,0.322863,-1.44859,104.106
-1.44917,0,0,0,0,-1.44917,-1.44917,-0.287534,-1.44917,104.095
-1.44999,0,0,0,0,-1.44999,-1.44999,-0.409613,-1.44999,104.1
-1.44983,0,0,0,0,-1.44983,-1.44983,0.078704,-1.44983,104.1
-1.4498,0,0,0,0,-1.4498,-1.4498,0.0176644,-1.4498,104.095
-1.4505,0,0,0,0,-1.4505,-1.4505,-0.348574,-1.4505,104.095
-1.45132,0,0,0,0,-1.45132,-1.45132,-0.409613,-1.45132,104.1
-1.45153,0,0,0,0,-1.45153,-1.45153,-0.104415,-1.45153,104.095
-1.45235,0,0,0,0,-1.45235,-1.45235,-0.409613,-1.45235,104.1
-1.45244,0,0,0,0,-1.45244,-1.45244,-0.0433753,-1.45244,104.095
-1.45179,0,0,0,0,-1.45179,-1.45179,0.322863,-1.45179,104.106
-1.45151,0,0,0,0,-1.45151,-1.45151,0.139744,-1.45151,104.1
-1.45245,0,0,0,0,-1.45245,-1.45245,-0.470653,-1.45245,104.1
-1.4534,0,0,0,0,-1.4534,-1.4534,-0.470653,-1.4534,104.1
-1.45214,0,0,0,0,-1.45214,-1.45214,0.628061,-1.45214,104.1
-1.45247,0,0,0,0,-1.45247,-1.45247,-0.165455,-1.45247,104.089
-1.45317,0,0,0,0,-1.45317,-1.45317,-0.348574,-1.45317,104.095
-1.4546,0,0,0,0,-1.4546,-1.4546,-0.714811,-1.4546,104.106
-1.4553,0,0,0,0,-1.4553,-1.4553,-0.348574,-1.4553,104.1
-1.45539,0,0,0,0,-1.45539,-1.45539,-0.0433753,-1.45539,104.1
-1.45572,0,0,0,0,-1.45572,-1.45572,-0.165455,-1.45572,104.1
-1.45519,0,0,0,0,-1.45519,-1.45519,0.261823,-1.45519,104.1
-1.4543,0,0,0,0,-1.4543,-1.4543,0.444942,-1.4543,104.106
-1.45377,0,0,0,0,-1.45377,-1.45377,0.261823,-1.45377,104.1
-1.45484,0,0,0,0,-1.45484,-1.45484,-0.531693,-1.45484,104.106
-1.45542,0,0,0,0,-1.45542,-1.45542,-0.287534,-1.45542,104.1
-1.45514,0,0,0,0,-1.45514,-1.45514,0.139744,-1.45514,104.106
-1.45498,0,0,0,0,-1.45498,-1.45498,0.078704,-1.45498,104.1
-1.45445,0,0,0,0,-1.45445,-1.45445,0.261823,-1.45445,104.106
-1.45442,0,0,0,0,-1.45442,-1.45442,0.0176644,-1.45442,104.1
-1.455,0,0,0,0,-1.455,-1.455,-0.287534,-1.455,104.1
-1.45508,0,0,0,0,-1.45508,-1.45508,-0.0433753,-1.45508,104.1
-1.4548,0,0,0,0,-1.4548,-1.4548,0.139744,-1.4548,104.1
-1.45427,0,0,0,0,-1.45427,-1.45427,0.261823,-1.45427,104.1
-1.45448,0,0,0,0,-1.45448,-1.45448,-0.104415,-1.45448,104.1
-1.45506,0,0,0,0,-1.45506,-1.45506,-0.287534,-1.45506,104.1
-1.45552,0,0,0,0,-1.45552,-1.45552,-0.226494,-1.45552,104.106
-1.45536,0,0,0,0,-1.45536,-1.45536,0.078704,-1.45536,104.1
-1.45483,0,0,0,0,-1.45483,-1.45483,0.261823,-1.45483,104.089
-1.45455,0,0,0,0,-1.45455,-1.45455,0.139744,-1.45455,104.1
-1.45488,0,0,0,0,-1.45488,-1.45488,-0.165455,-1.45488,104.089
-1.45534,0,0,0,0,-1.45534,-1.45534,-0.226494,-1.45534,104.1
-1.45518,0,0,0,0,-1.45518,-1.45518,0.078704,-1.45518,104.095
-1.45576,0,0,0,0,-1.45576,-1.45576,-0.287534,-1.45576,104.1
-1.45634,0,0,0,0,-1.45634,-1.45634,-0.287534,-1.45634,104.1
-1.45569,0,0,0,0,-1.45569,-1.45569,0.322863,-1.45569,104.1
-1.45418,0,0,0,0,-1.45418,-1.45418,0.75014,-1.45418,104.1
-1.45341,0,0,0,0,-1.45341,-1.45341,0.383902,-1.45341,104.1
-1.45362,0,0,0,0,-1.45362,-1.45362,-0.104415,-1.45362,104.1
-1.45309,0,0,0,0,-1.45309,-1.45309,0.261823,-1.45309,104.1
-1.45232,0,0,0,0,-1.45232,-1.45232,0.383902,-1.45232,104.106
-1.45278,0,0,0,0,-1.45278,-1.45278,-0.226494,-1.45278,104.1
-1.45397,0,0,0,0,-1.45397,-1.45397,-0.592732,-1.45397,104.1
-1.45393,0,0,0,0,-1.45393,-1.45393,0.0176644,-1.45393,104.1
-1.45341,0,0,0,0,-1.45341,-1.45341,0.261823,-1.45341,104.1
-1.45374,0,0,0,0,-1.45374,-1.45374,-0.165455,-1.45374,104.1
-1.45358,0,0,0,0,-1.45358,-1.45358,0.078704,-1.45358,104.1
-1.45318,0,0,0,0,-1.45318,-1.45318,0.200783,-1.45318,104.106
-1.45302,0,0,0,0,-1.45302,-1.45302,0.078704,-1.45302,104.095
-1.45212,0,0,0,0,-1.45212,-1.45212,0.444942,-1.45212,104.1
-1.45282,0,0,0,0,-1.45282,-1.45282,-0.348574,-1.45282,104.1
-1.45377,0,0,0,0,-1.45377,-1.45377,-0.470653,-1.45377,104.1
-1.45312,0,0,0,0,-1.45312,-1.45312,0.322863,-1.45312,104.1
-1.4521,0,0,0,0,-1.4521,-1.45211,0.505982,-1.45211,104.1
-1.45207,0,0,0,0,-1.45207,-1.45207,0.0176644,-1.45207,104.1
-1.45228,0,0,0,0,-1.45228,-1.45228,-0.104415,-1.45228,104.1
-1.45298,0,0,0,0,-1.45298,-1.45298,-0.348574,-1.45298,104.1
-1.45343,0,0,0,0,-1.45343,-1.45343,-0.226494,-1.45343,104.1
-1.45242,0,0,0,0,-1.45242,-1.45242,0.505982,-1.45242,104.1
-1.45213,0,0,0,0,-1.45213,-1.45213,0.139744,-1.45213,104.1
-1.45198,0,0,0,0,-1.45198,-1.45198,0.078704,-1.45198,104.089
-1.45219,0,0,0,0,-1.45219,-1.45219,-0.104415,-1.45219,104.1
-1.45252,0,0,0,0,-1.45252,-1.45252,-0.165455,-1.45252,104.1
-1.45187,0,0,0,0,-1.45187,-1.45187,0.322863,-1.45187,104.1
-1.45183,0,0,0,0,-1.45183,-1.45184,0.0176644,-1.45184,104.095
-1.45351,0,0,0,0,-1.45351,-1.45351,-0.836891,-1.45351,104.106
-1.45348,0,0,0,0,-1.45348,-1.45348,0.0176644,-1.45348,104.095
-1.45369,0,0,0,0,-1.45369,-1.45369,-0.104415,-1.45369,104.1
-1.45414,0,0,0,0,-1.45414,-1.45414,-0.226494,-1.45414,104.1
-1.45276,0,0,0,0,-1.45276,-1.45276,0.689101,-1.45276,104.095
-1.45235,0,0,0,0,-1.45235,-1.45235,0.200783,-1.45235,104.1
-1.45293,0,0,0,0,-1.45293,-1.45293,-0.287534,-1.45293,104.1
-1.45326,0,0,0,0,-1.45326,-1.45326,-0.165455,-1.45326,104.1
-1.45323,0,0,0,0,-1.45323,-1.45323,0.0176644,-1.45323,104.111
-1.4527,0,0,0,0,-1.4527,-1.4527,0.261823,-1.4527,104.095
-1.45291,0,0,0,0,-1.45291,-1.45291,-0.104415,-1.45291,104.1
-1.45373,0,0,0,0,-1.45373,-1.45373,-0.409613,-1.45373,104.095
-1.45382,0,0,0,0,-1.45382,-1.45382,-0.0433753,-1.45382,104.1
-1.45366,0,0,0,0,-1.45366,-1.45366,0.078704,-1.45366,104.106
-1.45314,0,0,0,0,-1.45314,-1.45314,0.261823,-1.45314,104.1
-1.45335,0,0,0,0,-1.45335,-1.45335,-0.104415,-1.45335,104.089
-1.45368,0,0,0,0,-1.45368,-1.45368,-0.165455,-1.45368,104.1
-1.45315,0,0,0,0,-1.45315,-1.45315,0.261823,-1.45315,104.1
-1.45263,0,0,0,0,-1.45263,-1.45263,0.261823,-1.45263,104.106
-1.45198,0,0,0,0,-1.45198,-1.45198,0.322863,-1.45198,104.1
-1.45194,0,0,0,0,-1.45194,-1.45194,0.0176644,-1.45194,104.106
-1.45228,0,0,0,0,-1.45228,-1.45228,-0.165455,-1.45228,104.089
-1.45212,0,0,0,0,-1.45212,-1.45212,0.078704,-1.45212,104.095
-1.45184,0,0,0,0,-1.45184,-1.45184,0.139744,-1.45184,104.089
-1.45303,0,0,0,0,-1.45303,-1.45303,-0.592732,-1.45303,104.106
-1.45446,0,0,0,0,-1.45446,-1.45446,-0.714811,-1.45446,104.111
-1.45406,0,0,0,0,-1.45406,-1.45406,0.200783,-1.45406,104.106
-1.45353,0,0,0,0,-1.45353,-1.45353,0.261823,-1.45353,104.095
-1.45325,0,0,0,0,-1.45325,-1.45325,0.139744,-1.45325,104.1
-1.45358,0,0,0,0,-1.45358,-1.45359,-0.165455,-1.45359,104.095
-1.45343,0,0,0,0,-1.45343,-1.45343,0.078704,-1.45343,104.1
-1.45241,0,0,0,0,-1.45241,-1.45241,0.505982,-1.45241,104.095
-1.45176,0,0,0,0,-1.45176,-1.45176,0.322863,-1.45176,104.106
-1.45258,0,0,0,0,-1.45258,-1.45258,-0.409613,-1.45258,104.1
-1.45267,0,0,0,0,-1.45267,-1.45267,-0.0433753,-1.45267,104.1
-1.45178,0,0,0,0,-1.45178,-1.45178,0.444942,-1.45178,104.095
-1.45174,0,0,0,0,-1.45174,-1.45174,0.0176644,-1.45174,104.1
-1.45134,0,0,0,0,-1.45134,-1.45134,0.200783,-1.45134,104.1
-1.45118,0,0,0,0,-1.45118,-1.45118,0.078704,-1.45118,104.095
-1.45102,0,0,0,0,-1.45102,-1.45102,0.078704,-1.45102,104.1
-1.4516,0,0,0,0,-1.4516,-1.4516,-0.287534,-1.4516,104.1
-1.45095,0,0,0,0,-1.45095,-1.45095,0.322863,-1.45095,104.1
-1.4514,0,0,0,0,-1.4514,-1.4514,-0.226494,-1.4514,104.106
-1.45186,0,0,0,0,-1.45186,-1.45186,-0.226494,-1.45186,104.1
-1.45183,0,0,0,0,-1.45183,-1.45183,0.0176644,-1.45183,104.095
-1.45191,0,0,0,0,-1.45191,-1.45191,-0.0433753,-1.45191,104.1
-1.45224,0,0,0,0,-1.45224,-1.45224,-0.165455,-1.45224,104.106
-1.4527,0,0,0,0,-1.4527,-1.4527,-0.226494,-1.4527,104.106
-1.45229,0,0,0,0,-1.45229,-1.45229,0.200783,-1.45229,104.1
-1.45177,0,0,0,0,-1.45177,-1.45177,0.261823,-1.45177,104.1
-1.45149,0,0,0,0,-1.45149,-1.45149,0.139744,-1.45149,104.089
-1.45108,0,0,0,0,-1.45108,-1.45109,0.200783,-1.45109,104.1
-1.45117,0,0,0,0,-1.45117,-1.45117,-0.0433753,-1.45117,104.1
-1.4504,0,0,0,0,-1.4504,-1.4504,0.383902,-1.4504,104.1
-1.45036,0,0,0,0,-1.45036,-1.45036,0.0176644,-1.45036,104.1
-1.45045,0,0,0,0,-1.45045,-1.45045,-0.0433753,-1.45045,104.1
-1.45066,0,0,0,0,-1.45066,-1.45066,-0.104415,-1.45066,104.1
-1.45148,0,0,0,0,-1.45148,-1.45148,-0.409613,-1.45148,104.106
-1.45194,0,0,0,0,-1.45194,-1.45194,-0.226494,-1.45194,104.1
-1.45117,0,0,0,0,-1.45117,-1.45117,0.383902,-1.45117,104.095
-1.45089,0,0,0,0,-1.45089,-1.45089,0.139744,-1.45089,104.1
-1.45085,0,0,0,0,-1.45085,-1.45085,0.0176644,-1.45085,104.1
-1.45106,0,0,0,0,-1.45106,-1.45106,-0.104415,-1.45106,104.095
-1.45139,0,0,0,0,-1.45139,-1.45139,-0.165455,-1.45139,104.1
-1.45185,0,0,0,0,-1.45185,-1.45185,-0.226494,-1.45185,104.1
-1.45169,0,0,0,0,-1.45169,-1.45169,0.078704,-1.45169,104.1
-1.45104,0,0,0,0,-1.45104,-1.45104,0.322863,-1.45104,104.1
-1.45051,0,0,0,0,-1.45051,-1.45051,0.261823,-1.45051,104.1
-1.45158,0,0,0,0,-1.45158,-1.45158,-0.531693,-1.45158,104.089
-1.45204,0,0,0,0,-1.45204,-1.45204,-0.226494,-1.45204,104.111
-1.45188,0,0,0,0,-1.45188,-1.45188,0.078704,-1.45188,104.1
-1.45197,0,0,0,0,-1.45197,-1.45197,-0.0433753,-1.45197,104.1
-1.45193,0,0,0,0,-1.45193,-1.45193,0.0176644,-1.45193,104.1
-1.4514,0,0,0,0,-1.4514,-1.4514,0.261823,-1.4514,104.1
-1.45063,0,0,0,0,-1.45063,-1.45063,0.383902,-1.45063,104.1
-1.45121,0,0,0,0,-1.45121,-1.45121,-0.287534,-1.45121,104.1
-1.45105,0,0,0,0,-1.45105,-1.45105,0.078704,-1.45105,104.1
-1.45052,0,0,0,0,-1.45052,-1.45053,0.261823,-1.45053,104.1
-1.45086,0,0,0,0,-1.45086,-1.45086,-0.165455,-1.45086,104.1
-1.45082,0,0,0,0,-1.45082,-1.45082,0.0176644,-1.45082,104.1
-1.45042,0,0,0,0,-1.45042,-1.45042,0.200783,-1.45042,104.106
-1.44965,0,0,0,0,-1.44965,-1.44965,0.383902,-1.44965,104.1
-1.44986,0,0,0,0,-1.44986,-1.44986,-0.104415,-1.44986,104.1
-1.45141,0,0,0,0,-1.45141,-1.45141,-0.775851,-1.45141,104.1
-1.45187,0,0,0,0,-1.45187,-1.45187,-0.226494,-1.45187,104.1
-1.45183,0,0,0,0,-1.45183,-1.45183,0.0176644,-1.45183,104.1
-1.45155,0,0,0,0,-1.45155,-1.45155,0.139744,-1.45155,104.095
-1.45066,0,0,0,0,-1.45066,-1.45066,0.444942,-1.45066,104.1
-1.44989,0,0,0,0,-1.44989,-1.44989,0.383902,-1.44989,104.1
-1.45046,0,0,0,0,-1.45046,-1.45046,-0.287534,-1.45046,104.1
-1.45116,0,0,0,0,-1.45116,-1.45116,-0.348574,-1.45116,104.1
-1.45125,0,0,0,0,-1.45125,-1.45125,-0.0433753,-1.45125,104.111
-1.45109,0,0,0,0,-1.45109,-1.45109,0.078704,-1.45109,104.1
-1.44983,0,0,0,0,-1.44983,-1.44983,0.628061,-1.44983,104.095
-1.4498,0,0,0,0,-1.4498,-1.4498,0.0176644,-1.4498,104.1
-1.44988,0,0,0,0,-1.44988,-1.44988,-0.0433753,-1.44988,104.1
-1.45009,0,0,0,0,-1.45009,-1.45009,-0.104415,-1.45009,104.106
-1.44969,0,0,0,0,-1.44969,-1.44969,0.200783,-1.44969,104.1
-1.44867,0,0,0,0,-1.44867,-1.44867,0.505982,-1.44867,104.1
-1.449,0,0,0,0,-1.449,-1.44901,-0.165455,-1.44901,104.1
-1.44946,0,0,0,0,-1.44946,-1.44946,-0.226494,-1.44946,104.095
-1.44967,0,0,0,0,-1.44967,-1.44967,-0.104415,-1.44967,104.1
-1.44927,0,0,0,0,-1.44927,-1.44927,0.200783,-1.44927,104.095
-1.44874,0,0,0,0,-1.44874,-1.44874,0.261823,-1.44874,104.1
-1.44846,0,0,0,0,-1.44846,-1.44846,0.139744,-1.44846,104.095
-1.44965,0,0,0,0,-1.44965,-1.44965,-0.592732,-1.44965,104.1
-1.45047,0,0,0,0,-1.45047,-1.45047,-0.409613,-1.45047,104.1
-1.45007,0,0,0,0,-1.45007,-1.45007,0.200783,-1.45007,104.106
-1.44979,0,0,0,0,-1.44979,-1.44979,0.139744,-1.44979,104.1
-1.44938,0,0,0,0,-1.44938,-1.44938,0.200783,-1.44938,104.095
-1.45033,0,0,0,0,-1.45033,-1.45033,-0.470653,-1.45033,104.1
-1.45054,0,0,0,0,-1.45054,-1.45054,-0.104415,-1.45054,104.106
-1.45001,0,0,0,0,-1.45001,-1.45001,0.261823,-1.45001,104.095
-1.45034,0,0,0,0,-1.45034,-1.45034,-0.165455,-1.45034,104.095
-1.45092,0,0,0,0,-1.45092,-1.45092,-0.287534,-1.45092,104.1
-1.45101,0,0,0,0,-1.45101,-1.45101,-0.0433753,-1.45101,104.1
-1.45036,0,0,0,0,-1.45036,-1.45036,0.322863,-1.45036,104.095
-1.45081,0,0,0,0,-1.45081,-1.45081,-0.226494,-1.45081,104.095
-1.45102,0,0,0,0,-1.45102,-1.45102,-0.104415,-1.45102,104.1
-1.4516,0,0,0,0,-1.4516,-1.4516,-0.287534,-1.4516,104.1
-1.45095,0,0,0,0,-1.45095,-1.45095,0.322863,-1.45095,104.095
-1.45031,0,0,0,0,-1.45031,-1.45031,0.322863,-1.45031,104.1
-1.45076,0,0,0,0,-1.45076,-1.45076,-0.226494,-1.45076,104.1
-1.4506,0,0,0,0,-1.4506,-1.4506,0.078704,-1.4506,104.095
-1.45032,0,0,0,0,-1.45032,-1.45032,0.139744,-1.45032,104.1
-1.44992,0,0,0,0,-1.44992,-1.44992,0.200783,-1.44992,104.1
-1.45013,0,0,0,0,-1.45013,-1.45013,-0.104415,-1.45013,104.1
-1.45119,0,0,0,0,-1.45119,-1.4512,-0.531693,-1.4512,104.1
-1.45116,0,0,0,0,-1.45116,-1.45116,0.0176644,-1.45116,104.1
-1.451,0,0,0,0,-1.451,-1.451,0.078704,-1.451,104.1
-1.45097,0,0,0,0,-1.45097,-1.45097,0.0176644,-1.45097,104.106
-1.45191,0,0,0,0,-1.45191,-1.45191,-0.470653,-1.45191,104.1
-1.45261,0,0,0,0,-1.45261,-1.45261,-0.348574,-1.45261,104.095
-1.4527,0,0,0,0,-1.4527,-1.4527,-0.0433753,-1.4527,104.106
-1.45241,0,0,0,0,-1.45241,-1.45241,0.139744,-1.45241,104.1
-1.45311,0,0,0,0,-1.45311,-1.45311,-0.348574,-1.45311,104.1
-1.45173,0,0,0,0,-1.45173,-1.45173,0.689101,-1.45173,104.1
-1.45108,0,0,0,0,-1.45108,-1.45108,0.322863,-1.45108,104.1
-1.45166,0,0,0,0,-1.45166,-1.45166,-0.287534,-1.45166,104.1
-1.45162,0,0,0,0,-1.45162,-1.45162,0.0176644,-1.45162,104.1
-1.45061,0,0,0,0,-1.45061,-1.45061,0.505982,-1.45061,104.1
-1.4502,0,0,0,0,-1.4502,-1.4502,0.200783,-1.4502,104.1
-1.45053,0,0,0,0,-1.45053,-1.45053,-0.165455,-1.45053,104.1
-1.45025,0,0,0,0,-1.45025,-1.45025,0.139744,-1.45025,104.106
-1.45022,0,0,0,0,-1.45022,-1.45022,0.0176644,-1.45022,104.1
-1.4503,0,0,0,0,-1.4503,-1.4503,-0.0433753,-1.4503,104.1
-1.45015,0,0,0,0,-1.45015,-1.45015,0.078704,-1.45015,104.1
-1.44986,0,0,0,0,-1.44986,-1.44986,0.139744,-1.44986,104.1
-1.45007,0,0,0,0,-1.45007,-1.45007,-0.104415,-1.45007,104.1
-1.44967,0,0,0,0,-1.44967,-1.44967,0.200783,-1.44967,104.1
-1.44951,0,0,0,0,-1.44951,-1.44951,0.078704,-1.44951,104.1
-1.44923,0,0,0,0,-1.44923,-1.44923,0.139744,-1.44923,104.1
-1.44858,0,0,0,0,-1.44858,-1.44858,0.322863,-1.44858,104.095
-1.44769,0,0,0,0,-1.44769,-1.44769,0.444942,-1.44769,104.1
-1.44753,0,0,0,0,-1.44753,-1.44753,0.078704,-1.44753,104.106
-1.44799,0,0,0,0,-1.44799,-1.44799,-0.226494,-1.44799,104.089
-1.44832,0,0,0,0,-1.44832,-1.44832,-0.165455,-1.44832,104.1
-1.44902,0,0,0,0,-1.44902,-1.44902,-0.348574,-1.44902,104.1
-1.44849,0,0,0,0,-1.44849,-1.44849,0.261823,-1.44849,104.1
-1.44845,0,0,0,0,-1.44845,-1.44845,0.0176644,-1.44845,104.1
-1.4483,0,0,0,0,-1.4483,-1.4483,0.078704,-1.4483,104.1
-1.44838,0,0,0,0,-1.44838,-1.44838,-0.0433753,-1.44838,104.106
-1.44884,0,0,0,0,-1.44884,-1.44884,-0.226494,-1.44884,104.1
-1.44905,0,0,0,0,-1.44905,-1.44905,-0.104415,-1.44905,104.1
-1.4484,0,0,0,0,-1.4484,-1.4484,0.322863,-1.4484,104.106
-1.44824,0,0,0,0,-1.44824,-1.44824,0.078704,-1.44824,104.1
-1.44894,0,0,0,0,-1.44894,-1.44894,-0.348574,-1.44894,104.1
-1.4489,0,0,0,0,-1.4489,-1.44891,0.0176644,-1.44891,104.1
-1.44887,0,0,0,0,-1.44887,-1.44887,0.0176644,-1.44887,104.1
-1.44908,0,0,0,0,-1.44908,-1.44908,-0.104415,-1.44908,104.095
-1.44953,0,0,0,0,-1.44953,-1.44953,-0.226494,-1.44953,104.089
-1.44864,0,0,0,0,-1.44864,-1.44864,0.444942,-1.44864,104.1
-1.44726,0,0,0,0,-1.44726,-1.44726,0.689101,-1.44726,104.1
-1.4471,0,0,0,0,-1.4471,-1.4471,0.078704,-1.4471,104.1
-1.44755,0,0,0,0,-1.44755,-1.44755,-0.226494,-1.44755,104.1
-1.4485,0,0,0,0,-1.4485,-1.4485,-0.470653,-1.4485,104.1
-1.44822,0,0,0,0,-1.44822,-1.44822,0.139744,-1.44822,104.089
-1.4472,0,0,0,0,-1.4472,-1.4472,0.505982,-1.4472,104.1
-1.44717,0,0,0,0,-1.44717,-1.44717,0.0176644,-1.44717,104.1
-1.44811,0,0,0,0,-1.44811,-1.44811,-0.470653,-1.44811,104.1
-1.44722,0,0,0,0,-1.44722,-1.44722,0.444942,-1.44722,104.095
-1.44645,0,0,0,0,-1.44645,-1.44645,0.383902,-1.44645,104.1
-1.44665,0,0,0,0,-1.44665,-1.44666,-0.104415,-1.44666,104.106
-1.44711,0,0,0,0,-1.44711,-1.44711,-0.226494,-1.44711,104.106
-1.44769,0,0,0,0,-1.44769,-1.44769,-0.287534,-1.44769,104.1
-1.44777,0,0,0,0,-1.44777,-1.44777,-0.0433753,-1.44777,104.111
-1.44712,0,0,0,0,-1.44712,-1.44712,0.322863,-1.44712,104.089
-1.4466,0,0,0,0,-1.4466,-1.4466,0.261823,-1.4466,104.1
-1.44607,0,0,0,0,-1.44607,-1.44607,0.261823,-1.44607,104.1
-1.44702,0,0,0,0,-1.44702,-1.44702,-0.470653,-1.44702,104.1
-1.44723,0,0,0,0,-1.44723,-1.44723,-0.104415,-1.44723,104.095
-1.44682,0,0,0,0,-1.44682,-1.44682,0.200783,-1.44682,104.1
-1.44703,0,0,0,0,-1.44703,-1.44703,-0.104415,-1.44703,104.111
-1.44712,0,0,0,0,-1.44712,-1.44712,-0.0433753,-1.44712,104.1
-1.44745,0,0,0,0,-1.44745,-1.44745,-0.165455,-1.44745,104.1
-1.44778,0,0,0,0,-1.44778,-1.44778,-0.165455,-1.44778,104.095
-1.44738,0,0,0,0,-1.44738,-1.44738,0.200783,-1.44738,104.1
-1.44759,0,0,0,0,-1.44759,-1.44759,-0.104415,-1.44759,104.1
-1.4478,0,0,0,0,-1.4478,-1.4478,-0.104415,-1.4478,104.095
-1.44923,0,0,0,0,-1.44923,-1.44923,-0.714811,-1.44923,104.1
-1.45006,0,0,0,0,-1.45006,-1.45006,-0.409613,-1.45006,104.1
-1.45002,0,0,0,0,-1.45002,-1.45002,0.0176644,-1.45002,104.111
-1.44962,0,0,0,0,-1.44962,-1.44962,0.200783,-1.44962,104.1
-1.44872,0,0,0,0,-1.44872,-1.44872,0.444942,-1.44872,104.1
-1.44832,0,0,0,0,-1.44832,-1.44832,0.200783,-1.44832,104.1
-1.4478,0,0,0,0,-1.4478,-1.4478,0.261823,-1.4478,104.095
-1.44764,0,0,0,0,-1.44764,-1.44764,0.078704,-1.44764,104.1
-1.44907,0,0,0,0,-1.44907,-1.44907,-0.714811,-1.44907,104.1
-1.45038,0,0,0,0,-1.45038,-1.45038,-0.653772,-1.45038,104.106
-1.44973,0,0,0,0,-1.44973,-1.44974,0.322863,-1.44974,104.1
-1.44835,0,0,0,0,-1.44835,-1.44835,0.689101,-1.44835,104.1
-1.4477,0,0,0,0,-1.4477,-1.4477,0.322863,-1.4477,104.1
-1.44877,0,0,0,0,-1.44877,-1.44877,-0.531693,-1.44877,104.1
-1.44923,0,0,0,0,-1.44923,-1.44923,-0.226494,-1.44923,104.1
-1.44943,0,0,0,0,-1.44943,-1.44943,-0.104415,-1.44943,104.106
-1.44928,0,0,0,0,-1.44928,-1.44928,0.078704,-1.44928,104.095
-1.44838,0,0,0,0,-1.44838,-1.44838,0.444942,-1.44838,104.111
-1.44773,0,0,0,0,-1.44773,-1.44773,0.322863,-1.44773,104.095
-1.44819,0,0,0,0,-1.44819,-1.44819,-0.226494,-1.44819,104.1
-1.44815,0,0,0,0,-1.44815,-1.44815,0.0176644,-1.44815,104.1
-1.44726,0,0,0,0,-1.44726,-1.44726,0.444942,-1.44726,104.089
-1.44734,0,0,0,0,-1.44734,-1.44734,-0.0433753,-1.44734,104.089
-1.44792,0,0,0,0,-1.44792,-1.44792,-0.287534,-1.44792,104.106
-1.44874,0,0,0,0,-1.44874,-1.44874,-0.409613,-1.44874,104.1
-1.4492,0,0,0,0,-1.4492,-1.4492,-0.226494,-1.4492,104.106
-1.44867,0,0,0,0,-1.44867,-1.44867,0.261823,-1.44867,104.1
-1.44815,0,0,0,0,-1.44815,-1.44815,0.261823,-1.44815,104.089
-1.44787,0,0,0,0,-1.44787,-1.44787,0.139744,-1.44787,104.095
-1.44746,0,0,0,0,-1.44746,-1.44746,0.200783,-1.44746,104.1
-1.44706,0,0,0,0,-1.44706,-1.44706,0.200783,-1.44706,104.1
-1.4469,0,0,0,0,-1.4469,-1.4469,0.078704,-1.4469,104.095
-1.44576,0,0,0,0,-1.44576,-1.44576,0.567021,-1.44576,104.1
-1.4456,0,0,0,0,-1.4456,-1.4456,0.078704,-1.4456,104.1
-1.44606,0,0,0,0,-1.44606,-1.44606,-0.226494,-1.44606,104.1
-1.44664,0,0,0,0,-1.44664,-1.44664,-0.287534,-1.44664,104.1
-1.44648,0,0,0,0,-1.44648,-1.44648,0.078704,-1.44648,104.1
-1.44607,0,0,0,0,-1.44607,-1.44608,0.200783,-1.44608,104.1
-1.4469,0,0,0,0,-1.4469,-1.4469,-0.409613,-1.4469,104.106
-1.44735,0,0,0,0,-1.44735,-1.44735,-0.226494,-1.44735,104.1
-1.44695,0,0,0,0,-1.44695,-1.44695,0.200783,-1.44695,104.1
-1.44679,0,0,0,0,-1.44679,-1.44679,0.078704,-1.44679,104.1
-1.44663,0,0,0,0,-1.44663,-1.44663,0.078704,-1.44663,104.1
-1.44598,0,0,0,0,-1.44598,-1.44599,0.322863,-1.44599,104.1
-1.44656,0,0,0,0,-1.44656,-1.44656,-0.287534,-1.44656,104.1
-1.44653,0,0,0,0,-1.44653,-1.44653,0.0176644,-1.44653,104.106
-1.44674,0,0,0,0,-1.44674,-1.44674,-0.104415,-1.44674,104.095
-1.44707,0,0,0,0,-1.44707,-1.44707,-0.165455,-1.44707,104.1
-1.44691,0,0,0,0,-1.44691,-1.44691,0.078704,-1.44691,104.106
-1.44639,0,0,0,0,-1.44639,-1.44639,0.261823,-1.44639,104.111
-1.44635,0,0,0,0,-1.44635,-1.44635,0.0176644,-1.44635,104.1
-1.44631,0,0,0,0,-1.44631,-1.44631,0.0176644,-1.44631,104.095
-1.44652,0,0,0,0,-1.44652,-1.44652,-0.104415,-1.44652,104.1
-1.4471,0,0,0,0,-1.4471,-1.4471,-0.287534,-1.4471,104.1
-1.44792,0,0,0,0,-1.44792,-1.44792,-0.409613,-1.44792,104.106
-1.44752,0,0,0,0,-1.44752,-1.44752,0.200783,-1.44752,104.1
-1.44687,0,0,0,0,-1.44687,-1.44687,0.322863,-1.44687,104.1
-1.44659,0,0,0,0,-1.44659,-1.44659,0.139744,-1.44659,104.1
-1.44655,0,0,0,0,-1.44655,-1.44655,0.0176644,-1.44655,104.1
-1.44615,0,0,0,0,-1.44615,-1.44615,0.200783,-1.44615,104.095
-1.44648,0,0,0,0,-1.44648,-1.44648,-0.165455,-1.44648,104.1
-1.44657,0,0,0,0,-1.44657,-1.44657,-0.0433753,-1.44657,104.1
-1.44727,0,0,0,0,-1.44727,-1.44727,-0.348574,-1.44727,104.1
-1.44736,0,0,0,0,-1.44736,-1.44736,-0.0433753,-1.44736,104.106
-1.44622,0,0,0,0,-1.44622,-1.44622,0.567021,-1.44622,104.1
-1.44692,0,0,0,0,-1.44692,-1.44692,-0.348574,-1.44692,104.1
-1.44762,0,0,0,0,-1.44762,-1.44762,-0.348574,-1.44762,104.1
-1.44869,0,0,0,0,-1.44869,-1.44869,-0.531693,-1.44869,104.1
-1.44841,0,0,0,0,-1.44841,-1.44841,0.139744,-1.44841,104.1
-1.44714,0,0,0,0,-1.44714,-1.44714,0.628061,-1.44714,104.1
-1.44711,0,0,0,0,-1.44711,-1.44711,0.0176644,-1.44711,104.1
-1.44793,0,0,0,0,-1.44793,-1.44793,-0.409613,-1.44793,104.1
-1.44826,0,0,0,0,-1.44826,-1.44826,-0.165455,-1.44826,104.106
-1.44823,0,0,0,0,-1.44823,-1.44823,0.0176644,-1.44823,104.1
-1.44831,0,0,0,0,-1.44831,-1.44831,-0.0433753,-1.44831,104.1
-1.44828,0,0,0,0,-1.44828,-1.44828,0.0176644,-1.44828,104.1
-1.44812,0,0,0,0,-1.44812,-1.44812,0.078704,-1.44812,104.1
-1.44796,0,0,0,0,-1.44796,-1.44796,0.078704,-1.44796,104.1
-1.44768,0,0,0,0,-1.44768,-1.44768,0.139744,-1.44768,104.1
-1.44715,0,0,0,0,-1.44715,-1.44715,0.261823,-1.44715,104.1
-1.44761,0,0,0,0,-1.44761,-1.44761,-0.226494,-1.44761,104.1
-1.44806,0,0,0,0,-1.44806,-1.44806,-0.226494,-1.44806,104.1
-1.44803,0,0,0,0,-1.44803,-1.44803,0.0176644,-1.44803,104.095
-1.44836,0,0,0,0,-1.44836,-1.44836,-0.165455,-1.44836,104.1
-1.44869,0,0,0,0,-1.44869,-1.44869,-0.165455,-1.44869,104.1
-1.44853,0,0,0,0,-1.44853,-1.44853,0.078704,-1.44853,104.1
-1.44788,0,0,0,0,-1.44788,-1.44788,0.322863,-1.44788,104.089
-1.44809,0,0,0,0,-1.44809,-1.44809,-0.104415,-1.44809,104.1
-1.4483,0,0,0,0,-1.4483,-1.4483,-0.104415,-1.4483,104.1
-1.44753,0,0,0,0,-1.44753,-1.44753,0.383902,-1.44753,104.1
-1.44737,0,0,0,0,-1.44737,-1.44737,0.078704,-1.44737,104.1
-1.44746,0,0,0,0,-1.44746,-1.44746,-0.0433753,-1.44746,104.106
-1.44718,0,0,0,0,-1.44718,-1.44718,0.139744,-1.44718,104.1
-1.44764,0,0,0,0,-1.44764,-1.44764,-0.226494,-1.44764,104.1
-1.4487,0,0,0,0,-1.4487,-1.4487,-0.531693,-1.4487,104.1
-1.44854,0,0,0,0,-1.44854,-1.44854,0.078704,-1.44854,104.1
-1.44863,0,0,0,0,-1.44863,-1.44863,-0.0433753,-1.44863,104.1
-1.44798,0,0,0,0,-1.44798,-1.44798,0.322863,-1.44798,104.1
-1.4477,0,0,0,0,-1.4477,-1.4477,0.139744,-1.4477,104.095
-1.4484,0,0,0,0,-1.4484,-1.4484,-0.348574,-1.4484,104.1
-1.44824,0,0,0,0,-1.44824,-1.44824,0.078704,-1.44824,104.1
-1.44907,0,0,0,0,-1.44907,-1.44907,-0.409613,-1.44907,104.1
-1.44964,0,0,0,0,-1.44964,-1.44964,-0.287534,-1.44964,104.1
-1.44912,0,0,0,0,-1.44912,-1.44912,0.261823,-1.44912,104.1
-1.44884,0,0,0,0,-1.44884,-1.44884,0.139744,-1.44884,104.1
-1.44819,0,0,0,0,-1.44819,-1.44819,0.322863,-1.44819,104.095
-1.44778,0,0,0,0,-1.44778,-1.44778,0.200783,-1.44778,104.1
-1.44799,0,0,0,0,-1.44799,-1.44799,-0.104415,-1.44799,104.106
-1.44784,0,0,0,0,-1.44784,-1.44784,0.078704,-1.44784,104.1
-1.44756,0,0,0,0,-1.44756,-1.44756,0.139744,-1.44756,104.106
-1.44752,0,0,0,0,-1.44752,-1.44752,0.0176644,-1.44752,104.095
-1.44834,0,0,0,0,-1.44834,-1.44834,-0.409613,-1.44834,104.1
-1.44831,0,0,0,0,-1.44831,-1.44831,0.0176644,-1.44831,104.1
-1.44754,0,0,0,0,-1.44754,-1.44754,0.383902,-1.44754,104.095
-1.44787,0,0,0,0,-1.44787,-1.44787,-0.165455,-1.44787,104.095
-1.44808,0,0,0,0,-1.44808,-1.44808,-0.104415,-1.44808,104.1
-1.44731,0,0,0,0,-1.44731,-1.44731,0.383902,-1.44731,104.1
-1.44727,0,0,0,0,-1.44727,-1.44727,0.0176644,-1.44727,104.095
-1.44724,0,0,0,0,-1.44724,-1.44724,0.0176644,-1.44724,104.1
-1.44793,0,0,0,0,-1.44793,-1.44794,-0.348574,-1.44794,104.1
-1.44863,0,0,0,0,-1.44863,-1.44863,-0.348574,-1.44863,104.1
-1.44811,0,0,0,0,-1.44811,-1.44811,0.261823,-1.44811,104.095
-1.44758,0,0,0,0,-1.44758,-1.44758,0.261823,-1.44758,104.1
-1.44694,0,0,0,0,-1.44694,-1.44694,0.322863,-1.44694,104.106
-1.44678,0,0,0,0,-1.44678,-1.44678,0.078704,-1.44678,104.106
-1.44784,0,0,0,0,-1.44784,-1.44785,-0.531693,-1.44785,104.1
-1.44891,0,0,0,0,-1.44891,-1.44891,-0.531693,-1.44891,104.089
-1.44826,0,0,0,0,-1.44826,-1.44826,0.322863,-1.44826,104.1
-1.44774,0,0,0,0,-1.44774,-1.44774,0.261823,-1.44774,104.1
-1.44868,0,0,0,0,-1.44868,-1.44868,-0.470653,-1.44868,104.1
-1.44938,0,0,0,0,-1.44938,-1.44938,-0.348574,-1.44938,104.1
-1.44898,0,0,0,0,-1.44898,-1.44898,0.200783,-1.44898,104.1
-1.44857,0,0,0,0,-1.44857,-1.44857,0.200783,-1.44857,104.1
-1.44842,0,0,0,0,-1.44842,-1.44842,0.078704,-1.44842,104.1
-1.44838,0,0,0,0,-1.44838,-1.44838,0.0176644,-1.44838,104.1
-1.44834,0,0,0,0,-1.44834,-1.44834,0.0176644,-1.44834,104.1
-1.44892,0,0,0,0,-1.44892,-1.44892,-0.287534,-1.44892,104.106
-1.44913,0,0,0,0,-1.44913,-1.44913,-0.104415,-1.44913,104.1
-1.44922,0,0,0,0,-1.44922,-1.44922,-0.0433753,-1.44922,104.1
-1.44845,0,0,0,0,-1.44845,-1.44845,0.383902,-1.44845,104.1
-1.44829,0,0,0,0,-1.44829,-1.44829,0.078704,-1.44829,104.106
-1.44887,0,0,0,0,-1.44887,-1.44887,-0.287534,-1.44887,104.1
-1.44834,0,0,0,0,-1.44834,-1.44834,0.261823,-1.44834,104.1
-1.44806,0,0,0,0,-1.44806,-1.44806,0.139744,-1.44806,104.1
-1.44839,0,0,0,0,-1.44839,-1.44839,-0.165455,-1.44839,104.1
-1.44922,0,0,0,0,-1.44922,-1.44922,-0.409613,-1.44922,104.089
-1.44844,0,0,0,0,-1.44844,-1.44844,0.383902,-1.44844,104.106
-1.44792,0,0,0,0,-1.44792,-1.44792,0.261823,-1.44792,104.1
-1.44703,0,0,0,0,-1.44703,-1.44703,0.444942,-1.44703,104.1
-1.44638,0,0,0,0,-1.44638,-1.44638,0.322863,-1.44638,104.1
-1.44646,0,0,0,0,-1.44646,-1.44646,-0.0433753,-1.44646,104.1
-1.44618,0,0,0,0,-1.44618,-1.44618,0.139744,-1.44618,104.106
-1.44566,0,0,0,0,-1.44566,-1.44566,0.261823,-1.44566,104.1
-1.44525,0,0,0,0,-1.44525,-1.44525,0.200783,-1.44525,104.1
-1.44583,0,0,0,0,-1.44583,-1.44583,-0.287534,-1.44583,104.095
-1.44616,0,0,0,0,-1.44616,-1.44616,-0.165455,-1.44616,104.106
-1.44625,0,0,0,0,-1.44625,-1.44625,-0.0433753,-1.44625,104.1
-1.44585,0,0,0,0,-1.44585,-1.44585,0.200783,-1.44585,104.1
-1.44495,0,0,0,0,-1.44495,-1.44495,0.444942,-1.44495,104.1
-1.44528,0,0,0,0,-1.44528,-1.44528,-0.165455,-1.44528,104.111
-1.44586,0,0,0,0,-1.44586,-1.44586,-0.287534,-1.44586,104.1
-1.44656,0,0,0,0,-1.44656,-1.44656,-0.348574,-1.44656,104.1
-1.44591,0,0,0,0,-1.44591,-1.44591,0.322863,-1.44591,104.106
-1.44563,0,0,0,0,-1.44563,-1.44563,0.139744,-1.44563,104.1
-1.44584,0,0,0,0,-1.44584,-1.44584,-0.104415,-1.44584,104.1
-1.44617,0,0,0,0,-1.44617,-1.44617,-0.165455,-1.44617,104.1
-1.44565,0,0,0,0,-1.44565,-1.44565,0.261823,-1.44565,104.1
-1.44524,0,0,0,0,-1.44524,-1.44524,0.200783,-1.44524,104.106
-1.44594,0,0,0,0,-1.44594,-1.44594,-0.348574,-1.44594,104.1
-1.44603,0,0,0,0,-1.44603,-1.44603,-0.0433753,-1.44603,104.095
-1.44722,0,0,0,0,-1.44722,-1.44722,-0.592732,-1.44722,104.1
-1.4473,0,0,0,0,-1.4473,-1.4473,-0.0433753,-1.4473,104.1
-1.44764,0,0,0,0,-1.44764,-1.44764,-0.165455,-1.44764,104.1
-1.44797,0,0,0,0,-1.44797,-1.44797,-0.165455,-1.44797,104.1
-1.44769,0,0,0,0,-1.44769,-1.44769,0.139744,-1.44769,104.095
-1.44741,0,0,0,0,-1.44741,-1.44741,0.139744,-1.44741,104.1
-1.44798,0,0,0,0,-1.44798,-1.44798,-0.287534,-1.44798,104.1
-1.44881,0,0,0,0,-1.44881,-1.44881,-0.409613,-1.44881,104.1
-1.4484,0,0,0,0,-1.4484,-1.4484,0.200783,-1.4484,104.1
-1.44788,0,0,0,0,-1.44788,-1.44788,0.261823,-1.44788,104.1
-1.44723,0,0,0,0,-1.44723,-1.44723,0.322863,-1.44723,104.106
-1.44719,0,0,0,0,-1.44719,-1.44719,0.0176644,-1.44719,104.1
-1.4474,0,0,0,0,-1.4474,-1.4474,-0.104415,-1.4474,104.1
-1.44724,0,0,0,0,-1.44724,-1.44725,0.078704,-1.44725,104.095
-1.44672,0,0,0,0,-1.44672,-1.44672,0.261823,-1.44672,104.106
-1.44681,0,0,0,0,-1.44681,-1.44681,-0.0433753,-1.44681,104.1
-1.44763,0,0,0,0,-1.44763,-1.44763,-0.409613,-1.44763,104.095
-1.4487,0,0,0,0,-1.4487,-1.4487,-0.531693,-1.4487,104.1
-1.44854,0,0,0,0,-1.44854,-1.44854,0.078704,-1.44854,104.1
-1.44863,0,0,0,0,-1.44863,-1.44863,-0.0433753,-1.44863,104.106
-1.44822,0,0,0,0,-1.44822,-1.44822,0.200783,-1.44822,104.1
-1.4488,0,0,0,0,-1.4488,-1.4488,-0.287534,-1.4488,104.1
-1.45011,0,0,0,0,-1.45011,-1.45011,-0.653772,-1.45011,104.1
-1.45032,0,0,0,0,-1.45032,-1.45032,-0.104415,-1.45032,104.1
-1.44992,0,0,0,0,-1.44992,-1.44992,0.200783,-1.44992,104.1
-1.45013,0,0,0,0,-1.45013,-1.45013,-0.104415,-1.45013,104.106
-1.45144,0,0,0,0,-1.45144,-1.45144,-0.653772,-1.45144,104.1
-1.45214,0,0,0,0,-1.45214,-1.45214,-0.348574,-1.45214,104.106
-1.4521,0,0,0,0,-1.4521,-1.4521,0.0176644,-1.4521,104.1
-1.45145,0,0,0,0,-1.45145,-1.45145,0.322863,-1.45145,104.1
-1.4508,0,0,0,0,-1.4508,-1.45081,0.322863,-1.45081,104.1
-1.45016,0,0,0,0,-1.45016,-1.45016,0.322863,-1.45016,104.1
-1.44988,0,0,0,0,-1.44988,-1.44988,0.139744,-1.44988,104.106
-1.45058,0,0,0,0,-1.45058,-1.45058,-0.348574,-1.45058,104.106
-1.45066,0,0,0,0,-1.45066,-1.45066,-0.0433753,-1.45066,104.1
-1.45063,0,0,0,0,-1.45063,-1.45063,0.0176644,-1.45063,104.106
-1.45071,0,0,0,0,-1.45071,-1.45071,-0.0433753,-1.45071,104.1
-1.45043,0,0,0,0,-1.45043,-1.45043,0.139744,-1.45043,104.089
-1.44991,0,0,0,0,-1.44991,-1.44991,0.261823,-1.44991,104.1
-1.44975,0,0,0,0,-1.44975,-1.44975,0.078704,-1.44975,104.1
-1.45008,0,0,0,0,-1.45008,-1.45008,-0.165455,-1.45008,104.106
-1.44968,0,0,0,0,-1.44968,-1.44968,0.200783,-1.44968,104.1
-1.4494,0,0,0,0,-1.4494,-1.4494,0.139744,-1.4494,104.1
-1.44948,0,0,0,0,-1.44948,-1.44948,-0.0433753,-1.44948,104.1
-1.44969,0,0,0,0,-1.44969,-1.44969,-0.104415,-1.44969,104.1
-1.45002,0,0,0,0,-1.45002,-1.45002,-0.165455,-1.45002,104.1
-1.45085,0,0,0,0,-1.45085,-1.45085,-0.409613,-1.45085,104.095
-1.45069,0,0,0,0,-1.45069,-1.45069,0.078704,-1.45069,104.1
-1.45028,0,0,0,0,-1.45028,-1.45028,0.200783,-1.45028,104.1
-1.44988,0,0,0,0,-1.44988,-1.44988,0.200783,-1.44988,104.1
-1.45009,0,0,0,0,-1.45009,-1.45009,-0.104415,-1.45009,104.1
-1.45018,0,0,0,0,-1.45018,-1.45018,-0.0433753,-1.45018,104.106
-1.45026,0,0,0,0,-1.45026,-1.45026,-0.0433753,-1.45026,104.1
-1.45035,0,0,0,0,-1.45035,-1.45035,-0.0433753,-1.45035,104.106
-1.45019,0,0,0,0,-1.45019,-1.45019,0.078704,-1.45019,104.1
-1.45065,0,0,0,0,-1.45065,-1.45065,-0.226494,-1.45065,104.1
-1.45024,0,0,0,0,-1.45024,-1.45024,0.200783,-1.45024,104.1
-1.44984,0,0,0,0,-1.44984,-1.44984,0.200783,-1.44984,104.1
-1.45005,0,0,0,0,-1.45005,-1.45005,-0.104415,-1.45005,104.095
-1.4494,0,0,0,0,-1.4494,-1.4494,0.322863,-1.4494,104.106
-1.449,0,0,0,0,-1.449,-1.449,0.200783,-1.449,104.1
-1.45006,0,0,0,0,-1.45006,-1.45006,-0.531693,-1.45006,104.1
-1.45138,0,0,0,0,-1.45138,-1.45138,-0.653772,-1.45138,104.1
-1.45073,0,0,0,0,-1.45073,-1.45073,0.322863,-1.45073,104.111
-1.45032,0,0,0,0,-1.45032,-1.45032,0.200783,-1.45032,104.106
-1.45078,0,0,0,0,-1.45078,-1.45078,-0.226494,-1.45078,104.089
-1.45013,0,0,0,0,-1.45013,-1.45013,0.322863,-1.45013,104.106
-1.4485,0,0,0,0,-1.4485,-1.4485,0.81118,-1.4485,104.1
-1.44883,0,0,0,0,-1.44883,-1.44883,-0.165455,-1.44883,104.1
-1.44953,0,0,0,0,-1.44953,-1.44953,-0.348574,-1.44953,104.089
-1.44986,0,0,0,0,-1.44986,-1.44986,-0.165455,-1.44986,104.1
-1.45056,0,0,0,0,-1.45056,-1.45056,-0.348574,-1.45056,104.106
-1.45065,0,0,0,0,-1.45065,-1.45065,-0.0433753,-1.45065,104.1
-1.44914,0,0,0,0,-1.44914,-1.44914,0.75014,-1.44914,104.1
-1.44935,0,0,0,0,-1.44935,-1.44935,-0.104415,-1.44935,104.1
-1.45066,0,0,0,0,-1.45066,-1.45066,-0.653772,-1.45066,104.1
-1.45051,0,0,0,0,-1.45051,-1.45051,0.078704,-1.45051,104.1
-1.45047,0,0,0,0,-1.45047,-1.45047,0.0176644,-1.45047,104.095
-1.45093,0,0,0,0,-1.45093,-1.45093,-0.226494,-1.45093,104.106
-1.45089,0,0,0,0,-1.45089,-1.45089,0.0176644,-1.45089,104.1
-1.45061,0,0,0,0,-1.45061,-1.45061,0.139744,-1.45061,104.095
-1.45094,0,0,0,0,-1.45094,-1.45094,-0.165455,-1.45094,104.1
-1.45103,0,0,0,0,-1.45103,-1.45103,-0.0433753,-1.45103,104.095
-1.45087,0,0,0,0,-1.45087,-1.45087,0.078704,-1.45087,104.1
-1.45034,0,0,0,0,-1.45034,-1.45034,0.261823,-1.45034,104.1
-1.45117,0,0,0,0,-1.45117,-1.45117,-0.409613,-1.45117,104.1
-1.45113,0,0,0,0,-1.45113,-1.45113,0.0176644,-1.45113,104.1
-1.45122,0,0,0,0,-1.45122,-1.45122,-0.0433753,-1.45122,104.1
-1.45081,0,0,0,0,-1.45081,-1.45081,0.200783,-1.45081,104.1
-1.45041,0,0,0,0,-1.45041,-1.45041,0.200783,-1.45041,104.089
-1.4505,0,0,0,0,-1.4505,-1.4505,-0.0433753,-1.4505,104.1
-1.45095,0,0,0,0,-1.45095,-1.45095,-0.226494,-1.45095,104.111
-1.45092,0,0,0,0,-1.45092,-1.45092,0.0176644,-1.45092,104.095
-1.45186,0,0,0,0,-1.45186,-1.45186,-0.470653,-1.45186,104.095
-1.45256,0,0,0,0,-1.45256,-1.45256,-0.348574,-1.45256,104.1
-1.45265,0,0,0,0,-1.45265,-1.45265,-0.0433753,-1.45265,104.1
-1.45249,0,0,0,0,-1.45249,-1.45249,0.078704,-1.45249,104.1
-1.45147,0,0,0,0,-1.45147,-1.45147,0.505982,-1.45147,104.095
-1.45131,0,0,0,0,-1.45131,-1.45131,0.078704,-1.45131,104.111
-1.45189,0,0,0,0,-1.45189,-1.45189,-0.287534,-1.45189,104.089
-1.45247,0,0,0,0,-1.45247,-1.45247,-0.287534,-1.45247,104.111
-1.45194,0,0,0,0,-1.45194,-1.45194,0.261823,-1.45194,104.106
-1.45068,0,0,0,0,-1.45068,-1.45068,0.628061,-1.45068,104.1
-1.4504,0,0,0,0,-1.4504,-1.4504,0.139744,-1.4504,104.1
-1.45097,0,0,0,0,-1.45097,-1.45098,-0.287534,-1.45098,104.1
-1.45033,0,0,0,0,-1.45033,-1.45033,0.322863,-1.45033,104.106
-1.45078,0,0,0,0,-1.45078,-1.45078,-0.226494,-1.45078,104.1
-1.45038,0,0,0,0,-1.45038,-1.45038,0.200783,-1.45038,104.095
-1.44936,0,0,0,0,-1.44936,-1.44936,0.505982,-1.44936,104.1
-1.44871,0,0,0,0,-1.44871,-1.44871,0.322863,-1.44871,104.1
-1.44843,0,0,0,0,-1.44843,-1.44843,0.139744,-1.44843,104.1
-1.44901,0,0,0,0,-1.44901,-1.44901,-0.287534,-1.44901,104.1
-1.44922,0,0,0,0,-1.44922,-1.44922,-0.104415,-1.44922,104.1
-1.4493,0,0,0,0,-1.4493,-1.4493,-0.0433753,-1.4493,104.1
-1.45,0,0,0,0,-1.45,-1.45,-0.348574,-1.45,104.095
-1.44997,0,0,0,0,-1.44997,-1.44997,0.0176644,-1.44997,104.106
-1.45006,0,0,0,0,-1.45006,-1.45006,-0.0433753,-1.45006,104.095
-1.45051,0,0,0,0,-1.45051,-1.45051,-0.226494,-1.45051,104.1
-1.44986,0,0,0,0,-1.44986,-1.44986,0.322863,-1.44986,104.1
-1.44946,0,0,0,0,-1.44946,-1.44946,0.200783,-1.44946,104.095
-1.45004,0,0,0,0,-1.45004,-1.45004,-0.287534,-1.45004,104.1
-1.44963,0,0,0,0,-1.44963,-1.44963,0.200783,-1.44963,104.111
-1.44923,0,0,0,0,-1.44923,-1.44923,0.200783,-1.44923,104.1
-1.44932,0,0,0,0,-1.44932,-1.44932,-0.0433753,-1.44932,104.1
-1.45002,0,0,0,0,-1.45002,-1.45002,-0.348574,-1.45002,104.1
-1.45072,0,0,0,0,-1.45072,-1.45072,-0.348574,-1.45072,104.1
-1.45056,0,0,0,0,-1.45056,-1.45056,0.078704,-1.45056,104.1
-1.45015,0,0,0,0,-1.45015,-1.45015,0.200783,-1.45015,104.111
-1.4511,0,0,0,0,-1.4511,-1.4511,-0.470653,-1.4511,104.1
-1.45229,0,0,0,0,-1.45229,-1.45229,-0.592732,-1.45229,104.1
-1.45164,0,0,0,0,-1.45164,-1.45164,0.322863,-1.45164,104.1
-1.45197,0,0,0,0,-1.45197,-1.45197,-0.165455,-1.45197,104.095
-1.45193,0,0,0,0,-1.45193,-1.45193,0.0176644,-1.45193,104.1
-1.45153,0,0,0,0,-1.45153,-1.45153,0.200783,-1.45153,104.1
-1.45199,0,0,0,0,-1.45199,-1.45199,-0.226494,-1.45199,104.1
-1.45171,0,0,0,0,-1.45171,-1.45171,0.139744,-1.45171,104.1
-1.45192,0,0,0,0,-1.45192,-1.45192,-0.104415,-1.45192,104.106
-1.45139,0,0,0,0,-1.45139,-1.45139,0.261823,-1.45139,104.1
-1.45099,0,0,0,0,-1.45099,-1.45099,0.200783,-1.45099,104.095
-1.45193,0,0,0,0,-1.45193,-1.45193,-0.470653,-1.45193,104.1
-1.45214,0,0,0,0,-1.45214,-1.45214,-0.104415,-1.45214,104.1
-1.45161,0,0,0,0,-1.45161,-1.45162,0.261823,-1.45162,104.095
-1.45121,0,0,0,0,-1.45121,-1.45121,0.200783,-1.45121,104.111
-1.4513,0,0,0,0,-1.4513,-1.4513,-0.0433753,-1.4513,104.1
-1.45041,0,0,0,0,-1.45041,-1.45041,0.444942,-1.45041,104.111
-1.44988,0,0,0,0,-1.44988,-1.44988,0.261823,-1.44988,104.1
-1.45082,0,0,0,0,-1.45082,-1.45083,-0.470653,-1.45083,104.1
-1.4514,0,0,0,0,-1.4514,-1.4514,-0.287534,-1.4514,104.106
-1.4521,0,0,0,0,-1.4521,-1.4521,-0.348574,-1.4521,104.1
-1.45231,0,0,0,0,-1.45231,-1.45231,-0.104415,-1.45231,104.1
-1.4524,0,0,0,0,-1.4524,-1.4524,-0.0433753,-1.4524,104.095
-1.45212,0,0,0,0,-1.45212,-1.45212,0.139744,-1.45212,104.106
-1.45171,0,0,0,0,-1.45171,-1.45171,0.200783,-1.45171,104.095
-1.4518,0,0,0,0,-1.4518,-1.4518,-0.0433753,-1.4518,104.1
-1.45128,0,0,0,0,-1.45128,-1.45128,0.261823,-1.45128,104.1
-1.45099,0,0,0,0,-1.45099,-1.45099,0.139744,-1.45099,104.1
-1.45096,0,0,0,0,-1.45096,-1.45096,0.0176644,-1.45096,104.1
-1.45006,0,0,0,0,-1.45006,-1.45006,0.444942,-1.45006,104.1
-1.44942,0,0,0,0,-1.44942,-1.44942,0.322863,-1.44942,104.1
-1.44999,0,0,0,0,-1.44999,-1.44999,-0.287534,-1.44999,104.1
-1.45032,0,0,0,0,-1.45032,-1.45032,-0.165455,-1.45032,104.106
-1.45053,0,0,0,0,-1.45053,-1.45053,-0.104415,-1.45053,104.1
-1.45037,0,0,0,0,-1.45037,-1.45038,0.078704,-1.45038,104.1
-1.45058,0,0,0,0,-1.45058,-1.45058,-0.104415,-1.45058,104.1
-1.45079,0,0,0,0,-1.45079,-1.45079,-0.104415,-1.45079,104.1
-1.45137,0,0,0,0,-1.45137,-1.45137,-0.287534,-1.45137,104.106
-1.45195,0,0,0,0,-1.45195,-1.45195,-0.287534,-1.45195,104.095
-1.45216,0,0,0,0,-1.45216,-1.45216,-0.104415,-1.45216,104.1
-1.45188,0,0,0,0,-1.45188,-1.45188,0.139744,-1.45188,104.095
-1.45184,0,0,0,0,-1.45184,-1.45184,0.0176644,-1.45184,104.1
-1.4518,0,0,0,0,-1.4518,-1.45181,0.0176644,-1.45181,104.095
-1.45177,0,0,0,0,-1.45177,-1.45177,0.0176644,-1.45177,104.1
-1.451,0,0,0,0,-1.451,-1.451,0.383902,-1.451,104.1
-1.4501,0,0,0,0,-1.4501,-1.45011,0.444942,-1.45011,104.089
-1.44995,0,0,0,0,-1.44995,-1.44995,0.078704,-1.44995,104.1
-1.45077,0,0,0,0,-1.45077,-1.45077,-0.409613,-1.45077,104.1
-1.45171,0,0,0,0,-1.45171,-1.45171,-0.470653,-1.45171,104.106
-1.45094,0,0,0,0,-1.45094,-1.45094,0.383902,-1.45094,104.095
-1.4514,0,0,0,0,-1.4514,-1.4514,-0.226494,-1.4514,104.1
-1.45124,0,0,0,0,-1.45124,-1.45124,0.078704,-1.45124,104.1
-1.45083,0,0,0,0,-1.45083,-1.45083,0.200783,-1.45083,104.1
-1.45031,0,0,0,0,-1.45031,-1.45031,0.261823,-1.45031,104.1
-1.44966,0,0,0,0,-1.44966,-1.44966,0.322863,-1.44966,104.089
-1.44925,0,0,0,0,-1.44925,-1.44925,0.200783,-1.44925,104.1
-1.44922,0,0,0,0,-1.44922,-1.44922,0.0176644,-1.44922,104.1
-1.44943,0,0,0,0,-1.44943,-1.44943,-0.104415,-1.44943,104.106
-1.44866,0,0,0,0,-1.44866,-1.44866,0.383902,-1.44866,104.1
-1.44825,0,0,0,0,-1.44825,-1.44825,0.200783,-1.44825,104.106
-1.44957,0,0,0,0,-1.44957,-1.44957,-0.653772,-1.44957,104.1
-1.45088,0,0,0,0,-1.45088,-1.45088,-0.653772,-1.45088,104.106
-1.4506,0,0,0,0,-1.4506,-1.4506,0.139744,-1.4506,104.089
-1.45069,0,0,0,0,-1.45069,-1.45069,-0.0433753,-1.45069,104.1
-1.45089,0,0,0,0,-1.45089,-1.45089,-0.104415,-1.45089,104.1
-1.45086,0,0,0,0,-1.45086,-1.45086,0.0176644,-1.45086,104.111
-1.45131,0,0,0,0,-1.45131,-1.45131,-0.226494,-1.45131,104.1
-1.45165,0,0,0,0,-1.45165,-1.45165,-0.165455,-1.45165,104.095
-1.4521,0,0,0,0,-1.4521,-1.4521,-0.226494,-1.4521,104.1
-1.45194,0,0,0,0,-1.45194,-1.45194,0.078704,-1.45194,104.1
-1.45129,0,0,0,0,-1.45129,-1.45129,0.322863,-1.45129,104.1
-1.45126,0,0,0,0,-1.45126,-1.45126,0.0176644,-1.45126,104.095
-1.4511,0,0,0,0,-1.4511,-1.4511,0.078704,-1.4511,104.106
-1.45155,0,0,0,0,-1.45155,-1.45155,-0.226494,-1.45155,104.1
-1.45201,0,0,0,0,-1.45201,-1.45201,-0.226494,-1.45201,104.1
-1.4521,0,0,0,0,-1.4521,-1.4521,-0.0433753,-1.4521,104.1
-1.45255,0,0,0,0,-1.45255,-1.45255,-0.226494,-1.45255,104.1
-1.45153,0,0,0,0,-1.45153,-1.45153,0.505982,-1.45153,104.089
-1.45125,0,0,0,0,-1.45125,-1.45125,0.139744,-1.45125,104.1
-1.45171,0,0,0,0,-1.45171,-1.45171,-0.226494,-1.45171,104.106
-1.45192,0,0,0,0,-1.45192,-1.45192,-0.104415,-1.45192,104.1
-1.45127,0,0,0,0,-1.45127,-1.45127,0.322863,-1.45127,104.089
-1.45062,0,0,0,0,-1.45062,-1.45062,0.322863,-1.45062,104.1
-1.45095,0,0,0,0,-1.45095,-1.45095,-0.165455,-1.45095,104.1
-1.45141,0,0,0,0,-1.45141,-1.45141,-0.226494,-1.45141,104.106
-1.45149,0,0,0,0,-1.45149,-1.45149,-0.0433753,-1.45149,104.1
-1.45109,0,0,0,0,-1.45109,-1.45109,0.200783,-1.45109,104.1
-1.45007,0,0,0,0,-1.45007,-1.45007,0.505982,-1.45007,104.1
-1.44992,0,0,0,0,-1.44992,-1.44992,0.078704,-1.44992,104.1
-1.44963,0,0,0,0,-1.44963,-1.44963,0.139744,-1.44963,104.1
-1.45009,0,0,0,0,-1.45009,-1.45009,-0.226494,-1.45009,104.1
-1.44993,0,0,0,0,-1.44993,-1.44993,0.078704,-1.44993,104.1
-1.44941,0,0,0,0,-1.44941,-1.44941,0.261823,-1.44941,104.1
-1.44912,0,0,0,0,-1.44912,-1.44912,0.139744,-1.44912,104.1
-1.44884,0,0,0,0,-1.44884,-1.44884,0.139744,-1.44884,104.1
-1.44856,0,0,0,0,-1.44856,-1.44856,0.139744,-1.44856,104.095
-1.44926,0,0,0,0,-1.44926,-1.44926,-0.348574,-1.44926,104.106
-1.44935,0,0,0,0,-1.44935,-1.44935,-0.0433753,-1.44935,104.1
-1.4498,0,0,0,0,-1.4498,-1.4498,-0.226494,-1.4498,104.1
-1.44965,0,0,0,0,-1.44965,-1.44965,0.078704,-1.44965,104.106
-1.44888,0,0,0,0,-1.44888,-1.44888,0.383902,-1.44888,104.1
-1.44957,0,0,0,0,-1.44957,-1.44957,-0.348574,-1.44957,104.1
-1.45003,0,0,0,0,-1.45003,-1.45003,-0.226494,-1.45003,104.089
-1.44999,0,0,0,0,-1.44999,-1.44999,0.0176644,-1.44999,104.1
-1.44934,0,0,0,0,-1.44934,-1.44934,0.322863,-1.44934,104.1
-1.44882,0,0,0,0,-1.44882,-1.44882,0.261823,-1.44882,104.1
-1.44878,0,0,0,0,-1.44878,-1.44878,0.0176644,-1.44878,104.106
-1.4496,0,0,0,0,-1.4496,-1.4496,-0.409613,-1.4496,104.1
-1.45018,0,0,0,0,-1.45018,-1.45018,-0.287534,-1.45018,104.106
-1.45064,0,0,0,0,-1.45064,-1.45064,-0.226494,-1.45064,104.106
-1.45048,0,0,0,0,-1.45048,-1.45048,0.078704,-1.45048,104.106
-1.4502,0,0,0,0,-1.4502,-1.4502,0.139744,-1.4502,104.106
-1.44992,0,0,0,0,-1.44992,-1.44992,0.139744,-1.44992,104.1
-1.44927,0,0,0,0,-1.44927,-1.44927,0.322863,-1.44927,104.1
-1.44899,0,0,0,0,-1.44899,-1.44899,0.139744,-1.44899,104.1
-1.44773,0,0,0,0,-1.44773,-1.44773,0.628061,-1.44773,104.1
-1.44757,0,0,0,0,-1.44757,-1.44757,0.078704,-1.44757,104.1
-1.44839,0,0,0,0,-1.44839,-1.44839,-0.409613,-1.44839,104.1
-1.44811,0,0,0,0,-1.44811,-1.44811,0.139744,-1.44811,104.1
-1.44795,0,0,0,0,-1.44795,-1.44795,0.078704,-1.44795,104.095
-1.44779,0,0,0,0,-1.44779,-1.44779,0.078704,-1.44779,104.1
-1.44727,0,0,0,0,-1.44727,-1.44727,0.261823,-1.44727,104.1
-1.44723,0,0,0,0,-1.44723,-1.44723,0.0176644,-1.44723,104.1
-1.44744,0,0,0,0,-1.44744,-1.44744,-0.104415,-1.44744,104.095
-1.44814,0,0,0,0,-1.44814,-1.44814,-0.348574,-1.44814,104.1
-1.44835,0,0,0,0,-1.44835,-1.44835,-0.104415,-1.44835,104.106
-1.44795,0,0,0,0,-1.44795,-1.44795,0.200783,-1.44795,104.1
-1.44742,0,0,0,0,-1.44742,-1.44742,0.261823,-1.44742,104.1
-1.44775,0,0,0,0,-1.44775,-1.44775,-0.165455,-1.44775,104.1
-1.44784,0,0,0,0,-1.44784,-1.44784,-0.0433753,-1.44784,104.1
-1.44756,0,0,0,0,-1.44756,-1.44756,0.139744,-1.44756,104.1
-1.44875,0,0,0,0,-1.44875,-1.44875,-0.592732,-1.44875,104.106
-1.44896,0,0,0,0,-1.44896,-1.44896,-0.104415,-1.44896,104.095
-1.44794,0,0,0,0,-1.44794,-1.44794,0.505982,-1.44794,104.1
-1.44803,0,0,0,0,-1.44803,-1.44803,-0.0433753,-1.44803,104.089
-1.44873,0,0,0,0,-1.44873,-1.44873,-0.348574,-1.44873,104.095
-1.44894,0,0,0,0,-1.44894,-1.44894,-0.104415,-1.44894,104.1
-1.4489,0,0,0,0,-1.4489,-1.4489,0.0176644,-1.4489,104.095
-1.44874,0,0,0,0,-1.44874,-1.44874,0.078704,-1.44874,104.1
-1.44846,0,0,0,0,-1.44846,-1.44846,0.139744,-1.44846,104.106
-1.44855,0,0,0,0,-1.44855,-1.44855,-0.0433753,-1.44855,104.095
-1.44863,0,0,0,0,-1.44863,-1.44864,-0.0433753,-1.44864,104.1
-1.44909,0,0,0,0,-1.44909,-1.44909,-0.226494,-1.44909,104.089
-1.4493,0,0,0,0,-1.4493,-1.4493,-0.104415,-1.4493,104.1
-1.44926,0,0,0,0,-1.44926,-1.44926,0.0176644,-1.44926,104.1
-1.44984,0,0,0,0,-1.44984,-1.44984,-0.287534,-1.44984,104.1
-1.44968,0,0,0,0,-1.44968,-1.44968,0.078704,-1.44968,104.1
-1.44965,0,0,0,0,-1.44965,-1.44965,0.0176644,-1.44965,104.106
-1.44961,0,0,0,0,-1.44961,-1.44961,0.0176644,-1.44961,104.1
-1.44921,0,0,0,0,-1.44921,-1.44921,0.200783,-1.44921,104.095
-1.4488,0,0,0,0,-1.4488,-1.4488,0.200783,-1.4488,104.1
-1.44865,0,0,0,0,-1.44865,-1.44865,0.078704,-1.44865,104.095
-1.44861,0,0,0,0,-1.44861,-1.44861,0.0176644,-1.44861,104.1
-1.44919,0,0,0,0,-1.44919,-1.44919,-0.287534,-1.44919,104.095
-1.44915,0,0,0,0,-1.44915,-1.44915,0.0176644,-1.44915,104.1
-1.44899,0,0,0,0,-1.44899,-1.44899,0.078704,-1.44899,104.1
-1.44896,0,0,0,0,-1.44896,-1.44896,0.0176644,-1.44896,104.1
-1.44868,0,0,0,0,-1.44868,-1.44868,0.139744,-1.44868,104.1
-1.44791,0,0,0,0,-1.44791,-1.44791,0.383902,-1.44791,104.1
-1.44763,0,0,0,0,-1.44763,-1.44763,0.139744,-1.44763,104.1
-1.44637,0,0,0,0,-1.44637,-1.44637,0.628061,-1.44637,104.106
-1.44694,0,0,0,0,-1.44694,-1.44694,-0.287534,-1.44694,104.089
-1.44691,0,0,0,0,-1.44691,-1.44691,0.0176644,-1.44691,104.095
-1.44699,0,0,0,0,-1.44699,-1.44699,-0.0433753,-1.44699,104.1
-1.44757,0,0,0,0,-1.44757,-1.44757,-0.287534,-1.44757,104.095
-1.44729,0,0,0,0,-1.44729,-1.44729,0.139744,-1.44729,104.095
-1.44738,0,0,0,0,-1.44738,-1.44738,-0.0433753,-1.44738,104.1
-1.44759,0,0,0,0,-1.44759,-1.44759,-0.104415,-1.44759,104.1
-1.44743,0,0,0,0,-1.44743,-1.44743,0.078704,-1.44743,104.095
-1.44702,0,0,0,0,-1.44702,-1.44702,0.200783,-1.44702,104.1
-1.44638,0,0,0,0,-1.44638,-1.44638,0.322863,-1.44638,104.1
-1.44658,0,0,0,0,-1.44658,-1.44658,-0.104415,-1.44658,104.1
-1.44716,0,0,0,0,-1.44716,-1.44716,-0.287534,-1.44716,104.1
-1.44688,0,0,0,0,-1.44688,-1.44688,0.139744,-1.44688,104.1
-1.4466,0,0,0,0,-1.4466,-1.4466,0.139744,-1.4466,104.1
-1.44693,0,0,0,0,-1.44693,-1.44693,-0.165455,-1.44693,104.1
-1.44714,0,0,0,0,-1.44714,-1.44714,-0.104415,-1.44714,104.1
-1.44662,0,0,0,0,-1.44662,-1.44662,0.261823,-1.44662,104.1
-1.44633,0,0,0,0,-1.44633,-1.44634,0.139744,-1.44634,104.106
-1.44654,0,0,0,0,-1.44654,-1.44654,-0.104415,-1.44654,104.1
-1.44688,0,0,0,0,-1.44688,-1.44688,-0.165455,-1.44688,104.095
-1.44635,0,0,0,0,-1.44635,-1.44635,0.261823,-1.44635,104.1
-1.44632,0,0,0,0,-1.44632,-1.44632,0.0176644,-1.44632,104.1
-1.44604,0,0,0,0,-1.44604,-1.44604,0.139744,-1.44604,104.1
-1.44539,0,0,0,0,-1.44539,-1.44539,0.322863,-1.44539,104.106
-1.44486,0,0,0,0,-1.44486,-1.44486,0.261823,-1.44486,104.1
-1.44421,0,0,0,0,-1.44421,-1.44421,0.322863,-1.44421,104.1
-1.44442,0,0,0,0,-1.44442,-1.44442,-0.104415,-1.44442,104.1
-1.44439,0,0,0,0,-1.44439,-1.44439,0.0176644,-1.44439,104.106
-1.44509,0,0,0,0,-1.44509,-1.44509,-0.348574,-1.44509,104.106
-1.44554,0,0,0,0,-1.44554,-1.44554,-0.226494,-1.44554,104.095
-1.44563,0,0,0,0,-1.44563,-1.44563,-0.0433753,-1.44563,104.1
-1.4462,0,0,0,0,-1.4462,-1.4462,-0.287534,-1.4462,104.1
-1.44629,0,0,0,0,-1.44629,-1.44629,-0.0433753,-1.44629,104.106
-1.44626,0,0,0,0,-1.44626,-1.44626,0.0176644,-1.44626,104.095
-1.44573,0,0,0,0,-1.44573,-1.44573,0.261823,-1.44573,104.106
-1.44631,0,0,0,0,-1.44631,-1.44631,-0.287534,-1.44631,104.095
-1.44652,0,0,0,0,-1.44652,-1.44652,-0.104415,-1.44652,104.095
-1.44562,0,0,0,0,-1.44562,-1.44562,0.444942,-1.44562,104.1
-1.44534,0,0,0,0,-1.44534,-1.44534,0.139744,-1.44534,104.1
-1.44543,0,0,0,0,-1.44543,-1.44543,-0.0433753,-1.44543,104.1
-1.44503,0,0,0,0,-1.44503,-1.44503,0.200783,-1.44503,104.1
-1.44499,0,0,0,0,-1.44499,-1.44499,0.0176644,-1.44499,104.106
-1.44508,0,0,0,0,-1.44508,-1.44508,-0.0433753,-1.44508,104.095
-1.44492,0,0,0,0,-1.44492,-1.44492,0.078704,-1.44492,104.095
-1.44451,0,0,0,0,-1.44451,-1.44451,0.200783,-1.44451,104.1
-1.44411,0,0,0,0,-1.44411,-1.44411,0.200783,-1.44411,104.1
-1.44506,0,0,0,0,-1.44506,-1.44506,-0.470653,-1.44506,104.1
-1.44539,0,0,0,0,-1.44539,-1.44539,-0.165455,-1.44539,104.1
-1.44486,0,0,0,0,-1.44486,-1.44486,0.261823,-1.44486,104.1
-1.44495,0,0,0,0,-1.44495,-1.44495,-0.0433753,-1.44495,104.1
-1.44467,0,0,0,0,-1.44467,-1.44467,0.139744,-1.44467,104.111
-1.44476,0,0,0,0,-1.44476,-1.44476,-0.0433753,-1.44476,104.095
-1.4457,0,0,0,0,-1.4457,-1.4457,-0.470653,-1.4457,104.095
-1.44603,0,0,0,0,-1.44603,-1.44603,-0.165455,-1.44603,104.1
-1.44575,0,0,0,0,-1.44575,-1.44575,0.139744,-1.44575,104.1
-1.44572,0,0,0,0,-1.44572,-1.44572,0.0176644,-1.44572,104.1
-1.44556,0,0,0,0,-1.44556,-1.44556,0.078704,-1.44556,104.1
-1.44589,0,0,0,0,-1.44589,-1.44589,-0.165455,-1.44589,104.1
-1.44622,0,0,0,0,-1.44622,-1.44622,-0.165455,-1.44622,104.1
-1.4468,0,0,0,0,-1.4468,-1.4468,-0.287534,-1.4468,104.1
-1.4475,0,0,0,0,-1.4475,-1.4475,-0.348574,-1.4475,104.1
-1.44771,0,0,0,0,-1.44771,-1.44771,-0.104415,-1.44771,104.1
-1.44681,0,0,0,0,-1.44681,-1.44681,0.444942,-1.44681,104.106
-1.44629,0,0,0,0,-1.44629,-1.44629,0.261823,-1.44629,104.1
-1.4465,0,0,0,0,-1.4465,-1.4465,-0.104415,-1.4465,104.1
-1.44658,0,0,0,0,-1.44658,-1.44658,-0.0433753,-1.44658,104.1
-1.44679,0,0,0,0,-1.44679,-1.44679,-0.104415,-1.44679,104.1
-1.44713,0,0,0,0,-1.44713,-1.44713,-0.165455,-1.44713,104.111
-1.44758,0,0,0,0,-1.44758,-1.44758,-0.226494,-1.44758,104.1
-1.44828,0,0,0,0,-1.44828,-1.44828,-0.348574,-1.44828,104.089
-1.44788,0,0,0,0,-1.44788,-1.44788,0.200783,-1.44788,104.1
-1.44735,0,0,0,0,-1.44735,-1.44735,0.261823,-1.44735,104.1
-1.44682,0,0,0,0,-1.44682,-1.44682,0.261823,-1.44682,104.095
-1.44691,0,0,0,0,-1.44691,-1.44691,-0.0433753,-1.44691,104.1
-1.447,0,0,0,0,-1.447,-1.447,-0.0433753,-1.447,104.095
-1.44696,0,0,0,0,-1.44696,-1.44696,0.0176644,-1.44696,104.106
-1.4468,0,0,0,0,-1.4468,-1.4468,0.078704,-1.4468,104.1
-1.44677,0,0,0,0,-1.44677,-1.44677,0.0176644,-1.44677,104.1
-1.44649,0,0,0,0,-1.44649,-1.44649,0.139744,-1.44649,104.1
-1.44669,0,0,0,0,-1.44669,-1.44669,-0.104415,-1.44669,104.106
-1.44727,0,0,0,0,-1.44727,-1.44727,-0.287534,-1.44727,104.106
-1.44687,0,0,0,0,-1.44687,-1.44687,0.200783,-1.44687,104.095
-1.44708,0,0,0,0,-1.44708,-1.44708,-0.104415,-1.44708,104.1
-1.44655,0,0,0,0,-1.44655,-1.44655,0.261823,-1.44655,104.1
-1.4459,0,0,0,0,-1.4459,-1.4459,0.322863,-1.4459,104.1
-1.44513,0,0,0,0,-1.44513,-1.44513,0.383902,-1.44513,104.1
-1.44534,0,0,0,0,-1.44534,-1.44534,-0.104415,-1.44534,104.1
-1.4458,0,0,0,0,-1.4458,-1.4458,-0.226494,-1.4458,104.1
-1.44478,0,0,0,0,-1.44478,-1.44478,0.505982,-1.44478,104.1
-1.44487,0,0,0,0,-1.44487,-1.44487,-0.0433753,-1.44487,104.1
-1.44544,0,0,0,0,-1.44544,-1.44545,-0.287534,-1.44545,104.1
-1.44565,0,0,0,0,-1.44565,-1.44565,-0.104415,-1.44565,104.1
-1.44501,0,0,0,0,-1.44501,-1.44501,0.322863,-1.44501,104.1
-1.44448,0,0,0,0,-1.44448,-1.44448,0.261823,-1.44448,104.1
-1.44493,0,0,0,0,-1.44493,-1.44493,-0.226494,-1.44493,104.095
-1.44502,0,0,0,0,-1.44502,-1.44502,-0.0433753,-1.44502,104.106
-1.44511,0,0,0,0,-1.44511,-1.44511,-0.0433753,-1.44511,104.1
-1.44556,0,0,0,0,-1.44556,-1.44556,-0.226494,-1.44556,104.1
-1.44528,0,0,0,0,-1.44528,-1.44528,0.139744,-1.44528,104.1
-1.445,0,0,0,0,-1.445,-1.445,0.139744,-1.445,104.1
-1.44509,0,0,0,0,-1.44509,-1.44509,-0.0433753,-1.44509,104.1
-1.44505,0,0,0,0,-1.44505,-1.44505,0.0176644,-1.44505,104.095
-1.44502,0,0,0,0,-1.44502,-1.44502,0.0176644,-1.44502,104.095
-1.44559,0,0,0,0,-1.44559,-1.44559,-0.287534,-1.44559,104.095
-1.44617,0,0,0,0,-1.44617,-1.44617,-0.287534,-1.44617,104.1
-1.44564,0,0,0,0,-1.44564,-1.44564,0.261823,-1.44564,104.1
-1.44561,0,0,0,0,-1.44561,-1.44561,0.0176644,-1.44561,104.1
-1.44582,0,0,0,0,-1.44582,-1.44582,-0.104415,-1.44582,104.1
-1.44603,0,0,0,0,-1.44603,-1.44603,-0.104415,-1.44603,104.089
-1.44636,0,0,0,0,-1.44636,-1.44636,-0.165455,-1.44636,104.1
-1.44681,0,0,0,0,-1.44681,-1.44681,-0.226494,-1.44681,104.106
-1.44665,0,0,0,0,-1.44665,-1.44665,0.078704,-1.44665,104.1
-1.44564,0,0,0,0,-1.44564,-1.44564,0.505982,-1.44564,104.1
-1.44585,0,0,0,0,-1.44585,-1.44585,-0.104415,-1.44585,104.1
-1.44679,0,0,0,0,-1.44679,-1.44679,-0.470653,-1.44679,104.089
-1.44639,0,0,0,0,-1.44639,-1.44639,0.200783,-1.44639,104.1
-1.4466,0,0,0,0,-1.4466,-1.4466,-0.104415,-1.4466,104.089
-1.44644,0,0,0,0,-1.44644,-1.44644,0.078704,-1.44644,104.1
-1.44653,0,0,0,0,-1.44653,-1.44653,-0.0433753,-1.44653,104.1
-1.44625,0,0,0,0,-1.44625,-1.44625,0.139744,-1.44625,104.1
-1.44547,0,0,0,0,-1.44547,-1.44547,0.383902,-1.44547,104.095
-1.44581,0,0,0,0,-1.44581,-1.44581,-0.165455,-1.44581,104.1
-1.44614,0,0,0,0,-1.44614,-1.44614,-0.165455,-1.44614,104.1
-1.44659,0,0,0,0,-1.44659,-1.44659,-0.226494,-1.44659,104.1
-1.44742,0,0,0,0,-1.44742,-1.44742,-0.409613,-1.44742,104.1
-1.44652,0,0,0,0,-1.44652,-1.44652,0.444942,-1.44652,104.095
-1.44575,0,0,0,0,-1.44575,-1.44575,0.383902,-1.44575,104.095
-1.44621,0,0,0,0,-1.44621,-1.44621,-0.226494,-1.44621,104.1
-1.44642,0,0,0,0,-1.44642,-1.44642,-0.104415,-1.44642,104.1
-1.44626,0,0,0,0,-1.44626,-1.44626,0.078704,-1.44626,104.106
-1.44561,0,0,0,0,-1.44561,-1.44561,0.322863,-1.44561,104.095
-1.44508,0,0,0,0,-1.44508,-1.44508,0.261823,-1.44508,104.095
-1.44529,0,0,0,0,-1.44529,-1.44529,-0.104415,-1.44529,104.106
-1.44575,0,0,0,0,-1.44575,-1.44575,-0.226494,-1.44575,104.095
-1.4462,0,0,0,0,-1.4462,-1.4462,-0.226494,-1.4462,104.1
-1.44702,0,0,0,0,-1.44702,-1.44702,-0.409613,-1.44702,104.1
-1.44662,0,0,0,0,-1.44662,-1.44662,0.200783,-1.44662,104.1
-1.44536,0,0,0,0,-1.44536,-1.44536,0.628061,-1.44536,104.1
-1.44544,0,0,0,0,-1.44544,-1.44544,-0.0433753,-1.44544,104.1
-1.44651,0,0,0,0,-1.44651,-1.44651,-0.531693,-1.44651,104.1
-1.44721,0,0,0,0,-1.44721,-1.44721,-0.348574,-1.44721,104.106
-1.44681,0,0,0,0,-1.44681,-1.44681,0.200783,-1.44681,104.1
-1.44616,0,0,0,0,-1.44616,-1.44616,0.322863,-1.44616,104.095
-1.446,0,0,0,0,-1.446,-1.446,0.078704,-1.446,104.106
-1.44633,0,0,0,0,-1.44633,-1.44633,-0.165455,-1.44633,104.1
-1.44642,0,0,0,0,-1.44642,-1.44642,-0.0433753,-1.44642,104.106
-1.44638,0,0,0,0,-1.44638,-1.44638,0.0176644,-1.44638,104.1
-1.44647,0,0,0,0,-1.44647,-1.44647,-0.0433753,-1.44647,104.089
-1.44631,0,0,0,0,-1.44631,-1.44631,0.078704,-1.44631,104.095
-1.44579,0,0,0,0,-1.44579,-1.44579,0.261823,-1.44579,104.1
-1.44465,0,0,0,0,-1.44465,-1.44465,0.567021,-1.44465,104.1
-1.44412,0,0,0,0,-1.44412,-1.44412,0.261823,-1.44412,104.095
-1.44458,0,0,0,0,-1.44458,-1.44458,-0.226494,-1.44458,104.1
-1.44515,0,0,0,0,-1.44515,-1.44516,-0.287534,-1.44516,104.1
-1.44524,0,0,0,0,-1.44524,-1.44524,-0.0433753,-1.44524,104.095
-1.44521,0,0,0,0,-1.44521,-1.44521,0.0176644,-1.44521,104.1
-1.44394,0,0,0,0,-1.44394,-1.44395,0.628061,-1.44395,104.1
-1.44281,0,0,0,0,-1.44281,-1.44281,0.567021,-1.44281,104.1
-1.44302,0,0,0,0,-1.44302,-1.44302,-0.104415,-1.44302,104.1
-1.44396,0,0,0,0,-1.44396,-1.44396,-0.470653,-1.44396,104.1
-1.44441,0,0,0,0,-1.44441,-1.44442,-0.226494,-1.44442,104.1
-1.4445,0,0,0,0,-1.4445,-1.4445,-0.0433753,-1.4445,104.1
-1.44385,0,0,0,0,-1.44385,-1.44385,0.322863,-1.44385,104.1
-1.44382,0,0,0,0,-1.44382,-1.44382,0.0176644,-1.44382,104.1
-1.44403,0,0,0,0,-1.44403,-1.44403,-0.104415,-1.44403,104.089
-1.4435,0,0,0,0,-1.4435,-1.4435,0.261823,-1.4435,104.1
-1.44273,0,0,0,0,-1.44273,-1.44273,0.383902,-1.44273,104.1
-1.44294,0,0,0,0,-1.44294,-1.44294,-0.104415,-1.44294,104.1
-1.44364,0,0,0,0,-1.44364,-1.44364,-0.348574,-1.44364,104.1
-1.44422,0,0,0,0,-1.44422,-1.44422,-0.287534,-1.44422,104.1
-1.44418,0,0,0,0,-1.44418,-1.44418,0.0176644,-1.44418,104.089
-1.4439,0,0,0,0,-1.4439,-1.4439,0.139744,-1.4439,104.1
-1.44387,0,0,0,0,-1.44387,-1.44387,0.0176644,-1.44387,104.1
-1.44407,0,0,0,0,-1.44407,-1.44407,-0.104415,-1.44407,104.1
-1.44465,0,0,0,0,-1.44465,-1.44465,-0.287534,-1.44465,104.089
-1.44498,0,0,0,0,-1.44498,-1.44498,-0.165455,-1.44498,104.1
-1.44519,0,0,0,0,-1.44519,-1.44519,-0.104415,-1.44519,104.1
-1.44577,0,0,0,0,-1.44577,-1.44577,-0.287534,-1.44577,104.095
-1.44549,0,0,0,0,-1.44549,-1.44549,0.139744,-1.44549,104.1
-1.44447,0,0,0,0,-1.44447,-1.44447,0.505982,-1.44447,104.095
-1.44431,0,0,0,0,-1.44431,-1.44431,0.078704,-1.44431,104.089
-1.44526,0,0,0,0,-1.44526,-1.44526,-0.470653,-1.44526,104.1
-1.44608,0,0,0,0,-1.44608,-1.44608,-0.409613,-1.44608,104.106
-1.44592,0,0,0,0,-1.44592,-1.44592,0.078704,-1.44592,104.095
-1.4454,0,0,0,0,-1.4454,-1.4454,0.261823,-1.4454,104.1
-1.44524,0,0,0,0,-1.44524,-1.44524,0.078704,-1.44524,104.095
-1.44557,0,0,0,0,-1.44557,-1.44557,-0.165455,-1.44557,104.1
-1.44566,0,0,0,0,-1.44566,-1.44566,-0.0433753,-1.44566,104.1
-1.4455,0,0,0,0,-1.4455,-1.4455,0.078704,-1.4455,104.095
-1.44583,0,0,0,0,-1.44583,-1.44583,-0.165455,-1.44583,104.1
-1.44592,0,0,0,0,-1.44592,-1.44592,-0.0433753,-1.44592,104.1
-1.44539,0,0,0,0,-1.44539,-1.44539,0.261823,-1.44539,104.1
-1.44511,0,0,0,0,-1.44511,-1.44511,0.139744,-1.44511,104.1
-1.44557,0,0,0,0,-1.44557,-1.44557,-0.226494,-1.44557,104.1
-1.44528,0,0,0,0,-1.44528,-1.44529,0.139744,-1.44529,104.106
-1.44574,0,0,0,0,-1.44574,-1.44574,-0.226494,-1.44574,104.1
-1.44546,0,0,0,0,-1.44546,-1.44546,0.139744,-1.44546,104.1
-1.44604,0,0,0,0,-1.44604,-1.44604,-0.287534,-1.44604,104.1
-1.44649,0,0,0,0,-1.44649,-1.44649,-0.226494,-1.44649,104.1
-1.44719,0,0,0,0,-1.44719,-1.44719,-0.348574,-1.44719,104.1
-1.44691,0,0,0,0,-1.44691,-1.44691,0.139744,-1.44691,104.1
-1.44589,0,0,0,0,-1.44589,-1.44589,0.505982,-1.44589,104.1
-1.445,0,0,0,0,-1.445,-1.445,0.444942,-1.445,104.095
-1.44521,0,0,0,0,-1.44521,-1.44521,-0.104415,-1.44521,104.089
-1.4453,0,0,0,0,-1.4453,-1.4453,-0.0433753,-1.4453,104.1
-1.44477,0,0,0,0,-1.44477,-1.44477,0.261823,-1.44477,104.1
-1.444,0,0,0,0,-1.444,-1.444,0.383902,-1.444,104.1
-1.44458,0,0,0,0,-1.44458,-1.44458,-0.287534,-1.44458,104.095
-1.44491,0,0,0,0,-1.44491,-1.44491,-0.165455,-1.44491,104.1
-1.44487,0,0,0,0,-1.44487,-1.44487,0.0176644,-1.44487,104.1
-1.44496,0,0,0,0,-1.44496,-1.44496,-0.0433753,-1.44496,104.106
-1.44431,0,0,0,0,-1.44431,-1.44431,0.322863,-1.44431,104.095
-1.44403,0,0,0,0,-1.44403,-1.44403,0.139744,-1.44403,104.095
-1.44399,0,0,0,0,-1.44399,-1.44399,0.0176644,-1.44399,104.1
-1.44433,0,0,0,0,-1.44433,-1.44433,-0.165455,-1.44433,104.095
-1.44539,0,0,0,0,-1.44539,-1.44539,-0.531693,-1.44539,104.095
-1.44573,0,0,0,0,-1.44573,-1.44573,-0.165455,-1.44573,104.1
-1.44508,0,0,0,0,-1.44508,-1.44508,0.322863,-1.44508,104.1
-1.44565,0,0,0,0,-1.44565,-1.44565,-0.287534,-1.44565,104.095
-1.44611,0,0,0,0,-1.44611,-1.44611,-0.226494,-1.44611,104.111
-1.44632,0,0,0,0,-1.44632,-1.44632,-0.104415,-1.44632,104.1
-1.44641,0,0,0,0,-1.44641,-1.44641,-0.0433753,-1.44641,104.106
-1.44649,0,0,0,0,-1.44649,-1.44649,-0.0433753,-1.44649,104.1
-1.44633,0,0,0,0,-1.44633,-1.44633,0.078704,-1.44633,104.1
-1.44593,0,0,0,0,-1.44593,-1.44593,0.200783,-1.44593,104.1
-1.44639,0,0,0,0,-1.44639,-1.44639,-0.226494,-1.44639,104.1
-1.44635,0,0,0,0,-1.44635,-1.44635,0.0176644,-1.44635,104.095
-1.44546,0,0,0,0,-1.44546,-1.44546,0.444942,-1.44546,104.1
-1.44481,0,0,0,0,-1.44481,-1.44481,0.322863,-1.44481,104.111
-1.44575,0,0,0,0,-1.44575,-1.44575,-0.470653,-1.44575,104.1
-1.44621,0,0,0,0,-1.44621,-1.44621,-0.226494,-1.44621,104.1
-1.44678,0,0,0,0,-1.44678,-1.44678,-0.287534,-1.44678,104.095
-1.44736,0,0,0,0,-1.44736,-1.44736,-0.287534,-1.44736,104.095
-1.44782,0,0,0,0,-1.44782,-1.44782,-0.226494,-1.44782,104.1
-1.4479,0,0,0,0,-1.4479,-1.4479,-0.0433753,-1.4479,104.095
-1.44738,0,0,0,0,-1.44738,-1.44738,0.261823,-1.44738,104.1
-1.44685,0,0,0,0,-1.44685,-1.44685,0.261823,-1.44685,104.1
-1.44694,0,0,0,0,-1.44694,-1.44694,-0.0433753,-1.44694,104.111
-1.44629,0,0,0,0,-1.44629,-1.44629,0.322863,-1.44629,104.1
-1.44662,0,0,0,0,-1.44662,-1.44662,-0.165455,-1.44662,104.1
-1.44671,0,0,0,0,-1.44671,-1.44671,-0.0433753,-1.44671,104.095
-1.44692,0,0,0,0,-1.44692,-1.44692,-0.104415,-1.44692,104.1
-1.4475,0,0,0,0,-1.4475,-1.4475,-0.287534,-1.4475,104.1
-1.44746,0,0,0,0,-1.44746,-1.44746,0.0176644,-1.44746,104.1
-1.44755,0,0,0,0,-1.44755,-1.44755,-0.0433753,-1.44755,104.106
-1.44861,0,0,0,0,-1.44861,-1.44861,-0.531693,-1.44861,104.1
-1.44944,0,0,0,0,-1.44944,-1.44944,-0.409613,-1.44944,104.1
-1.44977,0,0,0,0,-1.44977,-1.44977,-0.165455,-1.44977,104.1
-1.44961,0,0,0,0,-1.44961,-1.44961,0.078704,-1.44961,104.106
-1.45019,0,0,0,0,-1.45019,-1.45019,-0.287534,-1.45019,104.1
-1.4504,0,0,0,0,-1.4504,-1.4504,-0.104415,-1.4504,104.106
-1.44963,0,0,0,0,-1.44963,-1.44963,0.383902,-1.44963,104.1
-1.44922,0,0,0,0,-1.44922,-1.44922,0.200783,-1.44922,104.089
-1.44833,0,0,0,0,-1.44833,-1.44833,0.444942,-1.44833,104.1
-1.44805,0,0,0,0,-1.44805,-1.44805,0.139744,-1.44805,104.1
-1.44777,0,0,0,0,-1.44777,-1.44777,0.139744,-1.44777,104.1
-1.44822,0,0,0,0,-1.44822,-1.44822,-0.226494,-1.44822,104.1
-1.4488,0,0,0,0,-1.4488,-1.4488,-0.287534,-1.4488,104.1
-1.44791,0,0,0,0,-1.44791,-1.44791,0.444942,-1.44791,104.106
-1.44873,0,0,0,0,-1.44873,-1.44873,-0.409613,-1.44873,104.1
-1.44869,0,0,0,0,-1.44869,-1.44869,0.0176644,-1.44869,104.1
-1.44768,0,0,0,0,-1.44768,-1.44768,0.505982,-1.44768,104.1
-1.44874,0,0,0,0,-1.44874,-1.44874,-0.531693,-1.44874,104.1
-1.44944,0,0,0,0,-1.44944,-1.44944,-0.348574,-1.44944,104.1
-1.44916,0,0,0,0,-1.44916,-1.44916,0.139744,-1.44916,104.1
-1.44962,0,0,0,0,-1.44962,-1.44962,-0.226494,-1.44962,104.1
-1.44971,0,0,0,0,-1.44971,-1.44971,-0.0433753,-1.44971,104.106
-1.44918,0,0,0,0,-1.44918,-1.44918,0.261823,-1.44918,104.106
-1.44878,0,0,0,0,-1.44878,-1.44878,0.200783,-1.44878,104.1
-1.44935,0,0,0,0,-1.44935,-1.44935,-0.287534,-1.44935,104.095
-1.45018,0,0,0,0,-1.45018,-1.45018,-0.409613,-1.45018,104.1
-1.45002,0,0,0,0,-1.45002,-1.45002,0.078704,-1.45002,104.095
-1.44961,0,0,0,0,-1.44961,-1.44961,0.200783,-1.44961,104.1
-1.44933,0,0,0,0,-1.44933,-1.44933,0.139744,-1.44933,104.095
-1.44966,0,0,0,0,-1.44966,-1.44966,-0.165455,-1.44966,104.095
-1.44852,0,0,0,0,-1.44852,-1.44852,0.567021,-1.44852,104.095
-1.4469,0,0,0,0,-1.4469,-1.4469,0.81118,-1.4469,104.1
-1.44772,0,0,0,0,-1.44772,-1.44772,-0.409613,-1.44772,104.1
-1.44842,0,0,0,0,-1.44842,-1.44842,-0.348574,-1.44842,104.1
-1.4474,0,0,0,0,-1.4474,-1.4474,0.505982,-1.4474,104.095
-1.44822,0,0,0,0,-1.44822,-1.44822,-0.409613,-1.44822,104.106
-1.44855,0,0,0,0,-1.44855,-1.44855,-0.165455,-1.44855,104.1
-1.44778,0,0,0,0,-1.44778,-1.44778,0.383902,-1.44778,104.1
-1.44714,0,0,0,0,-1.44714,-1.44714,0.322863,-1.44714,104.095
-1.4482,0,0,0,0,-1.4482,-1.4482,-0.531693,-1.4482,104.106
-1.44878,0,0,0,0,-1.44878,-1.44878,-0.287534,-1.44878,104.1
-1.44764,0,0,0,0,-1.44764,-1.44764,0.567021,-1.44764,104.1
-1.44748,0,0,0,0,-1.44748,-1.44748,0.078704,-1.44748,104.1
-1.44843,0,0,0,0,-1.44843,-1.44843,-0.470653,-1.44843,104.106
-1.44864,0,0,0,0,-1.44864,-1.44864,-0.104415,-1.44864,104.1
-1.44835,0,0,0,0,-1.44835,-1.44836,0.139744,-1.44836,104.1
-1.44918,0,0,0,0,-1.44918,-1.44918,-0.409613,-1.44918,104.1
-1.44926,0,0,0,0,-1.44926,-1.44926,-0.0433753,-1.44926,104.1
-1.4491,0,0,0,0,-1.4491,-1.4491,0.078704,-1.4491,104.106
-1.44895,0,0,0,0,-1.44895,-1.44895,0.078704,-1.44895,104.106
-1.4483,0,0,0,0,-1.4483,-1.4483,0.322863,-1.4483,104.089
-1.44802,0,0,0,0,-1.44802,-1.44802,0.139744,-1.44802,104.1
-1.44835,0,0,0,0,-1.44835,-1.44835,-0.165455,-1.44835,104.1
-1.44819,0,0,0,0,-1.44819,-1.44819,0.078704,-1.44819,104.1
-1.44815,0,0,0,0,-1.44815,-1.44815,0.0176644,-1.44815,104.111
-1.44775,0,0,0,0,-1.44775,-1.44775,0.200783,-1.44775,104.106
-1.44784,0,0,0,0,-1.44784,-1.44784,-0.0433753,-1.44784,104.095
-1.44854,0,0,0,0,-1.44854,-1.44854,-0.348574,-1.44854,104.1
-1.44912,0,0,0,0,-1.44912,-1.44912,-0.287534,-1.44912,104.1
-1.44871,0,0,0,0,-1.44871,-1.44871,0.200783,-1.44871,104.1
-1.44966,0,0,0,0,-1.44966,-1.44966,-0.470653,-1.44966,104.1
-1.45072,0,0,0,0,-1.45072,-1.45072,-0.531693,-1.45072,104.095
-1.4502,0,0,0,0,-1.4502,-1.4502,0.261823,-1.4502,104.1
-1.45004,0,0,0,0,-1.45004,-1.45004,0.078704,-1.45004,104.1
-1.44964,0,0,0,0,-1.44964,-1.44964,0.200783,-1.44964,104.1
-1.4496,0,0,0,0,-1.4496,-1.4496,0.0176644,-1.4496,104.095
-1.45018,0,0,0,0,-1.45018,-1.45018,-0.287534,-1.45018,104.1
-1.45125,0,0,0,0,-1.45125,-1.45125,-0.531693,-1.45125,104.1
-1.45158,0,0,0,0,-1.45158,-1.45158,-0.165455,-1.45158,104.095
-1.45215,0,0,0,0,-1.45215,-1.45216,-0.287534,-1.45216,104.089
-1.45212,0,0,0,0,-1.45212,-1.45212,0.0176644,-1.45212,104.1
-1.45208,0,0,0,0,-1.45208,-1.45208,0.0176644,-1.45208,104.1
-1.4518,0,0,0,0,-1.4518,-1.4518,0.139744,-1.4518,104.106
-1.45177,0,0,0,0,-1.45177,-1.45177,0.0176644,-1.45177,104.095
-1.45185,0,0,0,0,-1.45185,-1.45185,-0.0433753,-1.45185,104.1
-1.45206,0,0,0,0,-1.45206,-1.45206,-0.104415,-1.45206,104.095
-1.45276,0,0,0,0,-1.45276,-1.45276,-0.348574,-1.45276,104.1
-1.45273,0,0,0,0,-1.45273,-1.45273,0.0176644,-1.45273,104.106
-1.45208,0,0,0,0,-1.45208,-1.45208,0.322863,-1.45208,104.089
-1.45204,0,0,0,0,-1.45204,-1.45204,0.0176644,-1.45204,104.1
-1.45213,0,0,0,0,-1.45213,-1.45213,-0.0433753,-1.45213,104.1
-1.45185,0,0,0,0,-1.45185,-1.45185,0.139744,-1.45185,104.1
-1.45095,0,0,0,0,-1.45095,-1.45096,0.444942,-1.45096,104.1
-1.45104,0,0,0,0,-1.45104,-1.45104,-0.0433753,-1.45104,104.111
-1.45101,0,0,0,0,-1.45101,-1.45101,0.0176644,-1.45101,104.1
-1.45109,0,0,0,0,-1.45109,-1.45109,-0.0433753,-1.45109,104.1
-1.45155,0,0,0,0,-1.45155,-1.45155,-0.226494,-1.45155,104.095
-1.45176,0,0,0,0,-1.45176,-1.45176,-0.104415,-1.45176,104.1
-1.45245,0,0,0,0,-1.45245,-1.45245,-0.348574,-1.45245,104.1
-1.45266,0,0,0,0,-1.45266,-1.45266,-0.104415,-1.45266,104.095
-1.45275,0,0,0,0,-1.45275,-1.45275,-0.0433753,-1.45275,104.1
-1.45271,0,0,0,0,-1.45271,-1.45272,0.0176644,-1.45272,104.1
-1.45256,0,0,0,0,-1.45256,-1.45256,0.078704,-1.45256,104.095
-1.45191,0,0,0,0,-1.45191,-1.45191,0.322863,-1.45191,104.1
-1.45236,0,0,0,0,-1.45236,-1.45236,-0.226494,-1.45236,104.1
-1.45233,0,0,0,0,-1.45233,-1.45233,0.0176644,-1.45233,104.095
-1.45241,0,0,0,0,-1.45241,-1.45241,-0.0433753,-1.45241,104.1
-1.45287,0,0,0,0,-1.45287,-1.45287,-0.226494,-1.45287,104.1
-1.45332,0,0,0,0,-1.45332,-1.45332,-0.226494,-1.45332,104.1
-1.45341,0,0,0,0,-1.45341,-1.45341,-0.0433753,-1.45341,104.1
-1.45362,0,0,0,0,-1.45362,-1.45362,-0.104415,-1.45362,104.095
-1.45383,0,0,0,0,-1.45383,-1.45383,-0.104415,-1.45383,104.1
-1.45416,0,0,0,0,-1.45416,-1.45416,-0.165455,-1.45416,104.106
-1.45437,0,0,0,0,-1.45437,-1.45437,-0.104415,-1.45437,104.1
-1.45397,0,0,0,0,-1.45397,-1.45397,0.200783,-1.45397,104.1
-1.45356,0,0,0,0,-1.45356,-1.45356,0.200783,-1.45356,104.1
-1.4539,0,0,0,0,-1.4539,-1.4539,-0.165455,-1.4539,104.1
-1.45411,0,0,0,0,-1.45411,-1.45411,-0.104415,-1.45411,104.1
-1.45419,0,0,0,0,-1.45419,-1.45419,-0.0433753,-1.45419,104.1
-1.45428,0,0,0,0,-1.45428,-1.45428,-0.0433753,-1.45428,104.106
-1.45388,0,0,0,0,-1.45388,-1.45388,0.200783,-1.45388,104.1
-1.45421,0,0,0,0,-1.45421,-1.45421,-0.165455,-1.45421,104.1
-1.45442,0,0,0,0,-1.45442,-1.45442,-0.104415,-1.45442,104.1
-1.45548,0,0,0,0,-1.45548,-1.45549,-0.531693,-1.45549,104.1
-1.45569,0,0,0,0,-1.45569,-1.45569,-0.104415,-1.45569,104.1
-1.45529,0,0,0,0,-1.45529,-1.45529,0.200783,-1.45529,104.1
-1.45525,0,0,0,0,-1.45525,-1.45525,0.0176644,-1.45525,104.1
-1.45583,0,0,0,0,-1.45583,-1.45583,-0.287534,-1.45583,104.1
-1.45555,0,0,0,0,-1.45555,-1.45555,0.139744,-1.45555,104.1
-1.45515,0,0,0,0,-1.45515,-1.45515,0.200783,-1.45515,104.1
-1.45475,0,0,0,0,-1.45475,-1.45475,0.200783,-1.45475,104.1
-1.45471,0,0,0,0,-1.45471,-1.45471,0.0176644,-1.45471,104.1
-1.45443,0,0,0,0,-1.45443,-1.45443,0.139744,-1.45443,104.1
-1.45525,0,0,0,0,-1.45525,-1.45525,-0.409613,-1.45525,104.1
-1.45497,0,0,0,0,-1.45497,-1.45497,0.139744,-1.45497,104.1
-1.45457,0,0,0,0,-1.45457,-1.45457,0.200783,-1.45457,104.095
-1.45465,0,0,0,0,-1.45465,-1.45465,-0.0433753,-1.45465,104.1
-1.45413,0,0,0,0,-1.45413,-1.45413,0.261823,-1.45413,104.106
-1.45372,0,0,0,0,-1.45372,-1.45372,0.200783,-1.45372,104.1
-1.45369,0,0,0,0,-1.45369,-1.45369,0.0176644,-1.45369,104.1
-1.45341,0,0,0,0,-1.45341,-1.45341,0.139744,-1.45341,104.1
-1.45337,0,0,0,0,-1.45337,-1.45337,0.0176644,-1.45337,104.1
-1.45309,0,0,0,0,-1.45309,-1.45309,0.139744,-1.45309,104.1
-1.45269,0,0,0,0,-1.45269,-1.45269,0.200783,-1.45269,104.1
-1.4529,0,0,0,0,-1.4529,-1.4529,-0.104415,-1.4529,104.1
-1.45347,0,0,0,0,-1.45347,-1.45347,-0.287534,-1.45347,104.1
-1.45356,0,0,0,0,-1.45356,-1.45356,-0.0433753,-1.45356,104.1
-1.4534,0,0,0,0,-1.4534,-1.4534,0.078704,-1.4534,104.095
-1.45422,0,0,0,0,-1.45422,-1.45422,-0.409613,-1.45422,104.106
-1.45492,0,0,0,0,-1.45492,-1.45492,-0.348574,-1.45492,104.1
-1.45525,0,0,0,0,-1.45525,-1.45525,-0.165455,-1.45525,104.1
-1.45448,0,0,0,0,-1.45448,-1.45448,0.383902,-1.45448,104.095
-1.45433,0,0,0,0,-1.45433,-1.45433,0.078704,-1.45433,104.095
-1.4549,0,0,0,0,-1.4549,-1.4549,-0.287534,-1.4549,104.1
-1.45462,0,0,0,0,-1.45462,-1.45462,0.139744,-1.45462,104.1
-1.45422,0,0,0,0,-1.45422,-1.45422,0.200783,-1.45422,104.1
-1.4548,0,0,0,0,-1.4548,-1.4548,-0.287534,-1.4548,104.1
-1.45562,0,0,0,0,-1.45562,-1.45562,-0.409613,-1.45562,104.106
-1.4562,0,0,0,0,-1.4562,-1.4562,-0.287534,-1.4562,104.089
-1.45641,0,0,0,0,-1.45641,-1.45641,-0.104415,-1.45641,104.1
-1.45539,0,0,0,0,-1.45539,-1.45539,0.505982,-1.45539,104.1
-1.45535,0,0,0,0,-1.45535,-1.45535,0.0176644,-1.45535,104.106
-1.4563,0,0,0,0,-1.4563,-1.4563,-0.470653,-1.4563,104.1
-1.45639,0,0,0,0,-1.45639,-1.45639,-0.0433753,-1.45639,104.106
-1.45598,0,0,0,0,-1.45598,-1.45598,0.200783,-1.45598,104.1
-1.45582,0,0,0,0,-1.45582,-1.45583,0.078704,-1.45583,104.1
-1.45603,0,0,0,0,-1.45603,-1.45603,-0.104415,-1.45603,104.1
-1.45661,0,0,0,0,-1.45661,-1.45661,-0.287534,-1.45661,104.1
-1.45694,0,0,0,0,-1.45694,-1.45694,-0.165455,-1.45694,104.1
-1.45629,0,0,0,0,-1.45629,-1.45629,0.322863,-1.45629,104.089
-1.45528,0,0,0,0,-1.45528,-1.45528,0.505982,-1.45528,104.095
-1.455,0,0,0,0,-1.455,-1.455,0.139744,-1.455,104.1
-1.45533,0,0,0,0,-1.45533,-1.45533,-0.165455,-1.45533,104.1
-1.45566,0,0,0,0,-1.45566,-1.45566,-0.165455,-1.45566,104.1
-1.4555,0,0,0,0,-1.4555,-1.4555,0.078704,-1.4555,104.1
-1.45559,0,0,0,0,-1.45559,-1.45559,-0.0433753,-1.45559,104.095
-1.45555,0,0,0,0,-1.45555,-1.45555,0.0176644,-1.45555,104.1
-1.45552,0,0,0,0,-1.45552,-1.45552,0.0176644,-1.45552,104.106
-1.45548,0,0,0,0,-1.45548,-1.45548,0.0176644,-1.45548,104.1
-1.45532,0,0,0,0,-1.45532,-1.45532,0.078704,-1.45532,104.1
-1.45492,0,0,0,0,-1.45492,-1.45492,0.200783,-1.45492,104.106
-1.45452,0,0,0,0,-1.45452,-1.45452,0.200783,-1.45452,104.095
-1.45436,0,0,0,0,-1.45436,-1.45436,0.078704,-1.45436,104.1
-1.45457,0,0,0,0,-1.45457,-1.45457,-0.104415,-1.45457,104.095
-1.4549,0,0,0,0,-1.4549,-1.4549,-0.165455,-1.4549,104.1
-1.4545,0,0,0,0,-1.4545,-1.4545,0.200783,-1.4545,104.1
-1.45348,0,0,0,0,-1.45348,-1.45348,0.505982,-1.45348,104.1
-1.45357,0,0,0,0,-1.45357,-1.45357,-0.0433753,-1.45357,104.1
-1.45451,0,0,0,0,-1.45451,-1.45451,-0.470653,-1.45451,104.1
-1.45448,0,0,0,0,-1.45448,-1.45448,0.0176644,-1.45448,104.1
-1.45395,0,0,0,0,-1.45395,-1.45395,0.261823,-1.45395,104.106
-1.45343,0,0,0,0,-1.45343,-1.45343,0.261823,-1.45343,104.095
-1.454,0,0,0,0,-1.454,-1.454,-0.287534,-1.454,104.095
-1.45372,0,0,0,0,-1.45372,-1.45372,0.139744,-1.45372,104.1
-1.45442,0,0,0,0,-1.45442,-1.45442,-0.348574,-1.45442,104.1
-1.45537,0,0,0,0,-1.45537,-1.45537,-0.470653,-1.45537,104.1
-1.45582,0,0,0,0,-1.45582,-1.45582,-0.226494,-1.45582,104.1
-1.45566,0,0,0,0,-1.45566,-1.45566,0.078704,-1.45566,104.106
-1.45489,0,0,0,0,-1.45489,-1.45489,0.383902,-1.45489,104.1
-1.45473,0,0,0,0,-1.45473,-1.45474,0.078704,-1.45474,104.106
-1.45519,0,0,0,0,-1.45519,-1.45519,-0.226494,-1.45519,104.1
-1.45503,0,0,0,0,-1.45503,-1.45503,0.078704,-1.45503,104.1
-1.45499,0,0,0,0,-1.45499,-1.455,0.0176644,-1.455,104.089
-1.45557,0,0,0,0,-1.45557,-1.45557,-0.287534,-1.45557,104.106
-1.45603,0,0,0,0,-1.45603,-1.45603,-0.226494,-1.45603,104.095
-1.45538,0,0,0,0,-1.45538,-1.45538,0.322863,-1.45538,104.106
-1.45522,0,0,0,0,-1.45522,-1.45522,0.078704,-1.45522,104.1
-1.45567,0,0,0,0,-1.45567,-1.45567,-0.226494,-1.45567,104.1
-1.45515,0,0,0,0,-1.45515,-1.45515,0.261823,-1.45515,104.1
-1.45413,0,0,0,0,-1.45413,-1.45413,0.505982,-1.45413,104.1
-1.45361,0,0,0,0,-1.45361,-1.45361,0.261823,-1.45361,104.1
-1.45418,0,0,0,0,-1.45418,-1.45418,-0.287534,-1.45418,104.1
-1.45513,0,0,0,0,-1.45513,-1.45513,-0.470653,-1.45513,104.1
-1.45472,0,0,0,0,-1.45472,-1.45472,0.200783,-1.45472,104.1
-1.45481,0,0,0,0,-1.45481,-1.45481,-0.0433753,-1.45481,104.1
-1.45453,0,0,0,0,-1.45453,-1.45453,0.139744,-1.45453,104.1
-1.45437,0,0,0,0,-1.45437,-1.45437,0.078704,-1.45437,104.095
-1.45409,0,0,0,0,-1.45409,-1.45409,0.139744,-1.45409,104.1
-1.45381,0,0,0,0,-1.45381,-1.45381,0.139744,-1.45381,104.1
-1.45365,0,0,0,0,-1.45365,-1.45365,0.078704,-1.45365,104.106
-1.45398,0,0,0,0,-1.45398,-1.45398,-0.165455,-1.45398,104.1
-1.45456,0,0,0,0,-1.45456,-1.45456,-0.287534,-1.45456,104.1
-1.45391,0,0,0,0,-1.45391,-1.45391,0.322863,-1.45391,104.1
-1.45326,0,0,0,0,-1.45326,-1.45326,0.322863,-1.45326,104.095
-1.45384,0,0,0,0,-1.45384,-1.45384,-0.287534,-1.45384,104.1
-1.45368,0,0,0,0,-1.45368,-1.45368,0.078704,-1.45368,104.1
-1.45352,0,0,0,0,-1.45352,-1.45352,0.078704,-1.45352,104.1
-1.45434,0,0,0,0,-1.45434,-1.45434,-0.409613,-1.45434,104.1
-1.45455,0,0,0,0,-1.45455,-1.45455,-0.104415,-1.45455,104.106
-1.45488,0,0,0,0,-1.45488,-1.45488,-0.165455,-1.45488,104.095
-1.45473,0,0,0,0,-1.45473,-1.45473,0.078704,-1.45473,104.1
-1.45457,0,0,0,0,-1.45457,-1.45457,0.078704,-1.45457,104.1
-1.4549,0,0,0,0,-1.4549,-1.4549,-0.165455,-1.4549,104.1
-1.45437,0,0,0,0,-1.45437,-1.45437,0.261823,-1.45437,104.1
-1.4536,0,0,0,0,-1.4536,-1.4536,0.383902,-1.4536,104.1
-1.45308,0,0,0,0,-1.45308,-1.45308,0.261823,-1.45308,104.095
-1.45292,0,0,0,0,-1.45292,-1.45292,0.078704,-1.45292,104.1
-1.45374,0,0,0,0,-1.45374,-1.45374,-0.409613,-1.45374,104.095
-1.45407,0,0,0,0,-1.45407,-1.45407,-0.165455,-1.45407,104.106
-1.45293,0,0,0,0,-1.45293,-1.45293,0.567021,-1.45293,104.1
-1.45229,0,0,0,0,-1.45229,-1.45229,0.322863,-1.45229,104.1
-1.45347,0,0,0,0,-1.45347,-1.45348,-0.592732,-1.45348,104.095
-1.45381,0,0,0,0,-1.45381,-1.45381,-0.165455,-1.45381,104.1
-1.45218,0,0,0,0,-1.45218,-1.45218,0.81118,-1.45218,104.1
-1.45116,0,0,0,0,-1.45116,-1.45116,0.505982,-1.45116,104.1
-1.45162,0,0,0,0,-1.45162,-1.45162,-0.226494,-1.45162,104.1
-1.4522,0,0,0,0,-1.4522,-1.4522,-0.287534,-1.4522,104.1
-1.45302,0,0,0,0,-1.45302,-1.45302,-0.409613,-1.45302,104.1
-1.45372,0,0,0,0,-1.45372,-1.45372,-0.348574,-1.45372,104.106
-1.45331,0,0,0,0,-1.45331,-1.45331,0.200783,-1.45331,104.1
-1.45267,0,0,0,0,-1.45267,-1.45267,0.322863,-1.45267,104.1
-1.45312,0,0,0,0,-1.45312,-1.45312,-0.226494,-1.45312,104.095
-1.45284,0,0,0,0,-1.45284,-1.45284,0.139744,-1.45284,104.1
-1.45256,0,0,0,0,-1.45256,-1.45256,0.139744,-1.45256,104.1
-1.45216,0,0,0,0,-1.45216,-1.45216,0.200783,-1.45216,104.095
-1.45212,0,0,0,0,-1.45212,-1.45212,0.0176644,-1.45212,104.1
-1.45159,0,0,0,0,-1.45159,-1.45159,0.261823,-1.45159,104.1
-1.4518,0,0,0,0,-1.4518,-1.4518,-0.104415,-1.4518,104.1
-1.4525,0,0,0,0,-1.4525,-1.4525,-0.348574,-1.4525,104.1
-1.45271,0,0,0,0,-1.45271,-1.45271,-0.104415,-1.45271,104.1
-1.45231,0,0,0,0,-1.45231,-1.45231,0.200783,-1.45231,104.1
-1.45239,0,0,0,0,-1.45239,-1.45239,-0.0433753,-1.45239,104.1
-1.45224,0,0,0,0,-1.45224,-1.45224,0.078704,-1.45224,104.095
-1.45269,0,0,0,0,-1.45269,-1.45269,-0.226494,-1.45269,104.1
-1.45241,0,0,0,0,-1.45241,-1.45241,0.139744,-1.45241,104.111
-1.45237,0,0,0,0,-1.45237,-1.45237,0.0176644,-1.45237,104.1
-1.45271,0,0,0,0,-1.45271,-1.45271,-0.165455,-1.45271,104.111
-1.45365,0,0,0,0,-1.45365,-1.45365,-0.470653,-1.45365,104.1
-1.45313,0,0,0,0,-1.45313,-1.45313,0.261823,-1.45313,104.1
-1.45174,0,0,0,0,-1.45174,-1.45174,0.689101,-1.45174,104.095
-1.45134,0,0,0,0,-1.45134,-1.45134,0.200783,-1.45134,104.1
-1.45179,0,0,0,0,-1.45179,-1.45179,-0.226494,-1.45179,104.1
-1.45139,0,0,0,0,-1.45139,-1.45139,0.200783,-1.45139,104.106
-1.45148,0,0,0,0,-1.45148,-1.45148,-0.0433753,-1.45148,104.1
-1.45095,0,0,0,0,-1.45095,-1.45095,0.261823,-1.45095,104.1
-1.45055,0,0,0,0,-1.45055,-1.45055,0.200783,-1.45055,104.095
-1.45112,0,0,0,0,-1.45112,-1.45112,-0.287534,-1.45112,104.1
-1.45084,0,0,0,0,-1.45084,-1.45084,0.139744,-1.45084,104.095
-1.45044,0,0,0,0,-1.45044,-1.45044,0.200783,-1.45044,104.1
-1.45102,0,0,0,0,-1.45102,-1.45102,-0.287534,-1.45102,104.1
-1.45172,0,0,0,0,-1.45172,-1.45172,-0.348574,-1.45172,104.106
-1.45168,0,0,0,0,-1.45168,-1.45168,0.0176644,-1.45168,104.1
-1.45115,0,0,0,0,-1.45115,-1.45115,0.261823,-1.45115,104.1
-1.451,0,0,0,0,-1.451,-1.451,0.078704,-1.451,104.095
-1.45084,0,0,0,0,-1.45084,-1.45084,0.078704,-1.45084,104.1
-1.45105,0,0,0,0,-1.45105,-1.45105,-0.104415,-1.45105,104.095
-1.45162,0,0,0,0,-1.45162,-1.45162,-0.287534,-1.45162,104.1
-1.45147,0,0,0,0,-1.45147,-1.45147,0.078704,-1.45147,104.1
-1.45143,0,0,0,0,-1.45143,-1.45143,0.0176644,-1.45143,104.095
-1.45152,0,0,0,0,-1.45152,-1.45152,-0.0433753,-1.45152,104.1
-1.45136,0,0,0,0,-1.45136,-1.45136,0.078704,-1.45136,104.1
-1.45132,0,0,0,0,-1.45132,-1.45132,0.0176644,-1.45132,104.1
-1.4519,0,0,0,0,-1.4519,-1.4519,-0.287534,-1.4519,104.1
-1.45223,0,0,0,0,-1.45223,-1.45223,-0.165455,-1.45223,104.1
-1.45232,0,0,0,0,-1.45232,-1.45232,-0.0433753,-1.45232,104.095
-1.45253,0,0,0,0,-1.45253,-1.45253,-0.104415,-1.45253,104.106
-1.45311,0,0,0,0,-1.45311,-1.45311,-0.287534,-1.45311,104.1
-1.45356,0,0,0,0,-1.45356,-1.45356,-0.226494,-1.45356,104.1
-1.4534,0,0,0,0,-1.4534,-1.4534,0.078704,-1.4534,104.1
-1.453,0,0,0,0,-1.453,-1.453,0.200783,-1.453,104.1
-1.45247,0,0,0,0,-1.45247,-1.45247,0.261823,-1.45247,104.1
-1.45293,0,0,0,0,-1.45293,-1.45293,-0.226494,-1.45293,104.1
-1.4535,0,0,0,0,-1.4535,-1.4535,-0.287534,-1.4535,104.1
-1.45371,0,0,0,0,-1.45371,-1.45371,-0.104415,-1.45371,104.1
-1.4527,0,0,0,0,-1.4527,-1.4527,0.505982,-1.4527,104.1
-1.45205,0,0,0,0,-1.45205,-1.45205,0.322863,-1.45205,104.1
-1.45214,0,0,0,0,-1.45214,-1.45214,-0.0433753,-1.45214,104.1
-1.4521,0,0,0,0,-1.4521,-1.4521,0.0176644,-1.4521,104.1
-1.45207,0,0,0,0,-1.45207,-1.45207,0.0176644,-1.45207,104.1
-1.45215,0,0,0,0,-1.45215,-1.45215,-0.0433753,-1.45215,104.095
-1.45224,0,0,0,0,-1.45224,-1.45224,-0.0433753,-1.45224,104.1
-1.45196,0,0,0,0,-1.45196,-1.45196,0.139744,-1.45196,104.095
-1.45131,0,0,0,0,-1.45131,-1.45131,0.322863,-1.45131,104.095
-1.45103,0,0,0,0,-1.45103,-1.45103,0.139744,-1.45103,104.1
-1.45124,0,0,0,0,-1.45124,-1.45124,-0.104415,-1.45124,104.1
-1.45096,0,0,0,0,-1.45096,-1.45096,0.139744,-1.45096,104.095
-1.45068,0,0,0,0,-1.45068,-1.45068,0.139744,-1.45068,104.1
-1.45076,0,0,0,0,-1.45076,-1.45076,-0.0433753,-1.45076,104.1
-1.45207,0,0,0,0,-1.45207,-1.45207,-0.653772,-1.45207,104.1
-1.45167,0,0,0,0,-1.45167,-1.45167,0.200783,-1.45167,104.1
-1.45078,0,0,0,0,-1.45078,-1.45078,0.444942,-1.45078,104.106
-1.45086,0,0,0,0,-1.45086,-1.45086,-0.0433753,-1.45086,104.1
-1.45132,0,0,0,0,-1.45132,-1.45132,-0.226494,-1.45132,104.1
-1.45067,0,0,0,0,-1.45067,-1.45067,0.322863,-1.45067,104.1
-1.45002,0,0,0,0,-1.45002,-1.45002,0.322863,-1.45002,104.1
-1.45048,0,0,0,0,-1.45048,-1.45048,-0.226494,-1.45048,104.1
-1.45081,0,0,0,0,-1.45081,-1.45081,-0.165455,-1.45081,104.1
-1.45065,0,0,0,0,-1.45065,-1.45065,0.078704,-1.45065,104.1
-1.45,0,0,0,0,-1.45,-1.45,0.322863,-1.45,104.1
-1.4507,0,0,0,0,-1.4507,-1.4507,-0.348574,-1.4507,104.1
-1.45091,0,0,0,0,-1.45091,-1.45091,-0.104415,-1.45091,104.106
-1.45014,0,0,0,0,-1.45014,-1.45014,0.383902,-1.45014,104.1
-1.45047,0,0,0,0,-1.45047,-1.45047,-0.165455,-1.45047,104.095
-1.45093,0,0,0,0,-1.45093,-1.45093,-0.226494,-1.45093,104.1
-1.45065,0,0,0,0,-1.45065,-1.45065,0.139744,-1.45065,104.1
-1.45061,0,0,0,0,-1.45061,-1.45061,0.0176644,-1.45061,104.095
-1.44984,0,0,0,0,-1.44984,-1.44984,0.383902,-1.44984,104.106
-1.45018,0,0,0,0,-1.45018,-1.45018,-0.165455,-1.45018,104.1
-1.45038,0,0,0,0,-1.45038,-1.45038,-0.104415,-1.45038,104.095
-1.44961,0,0,0,0,-1.44961,-1.44961,0.383902,-1.44961,104.1
-1.44982,0,0,0,0,-1.44982,-1.44982,-0.104415,-1.44982,104.1
-1.45064,0,0,0,0,-1.45064,-1.45065,-0.409613,-1.45065,104.1
-1.4511,0,0,0,0,-1.4511,-1.4511,-0.226494,-1.4511,104.1
-1.45204,0,0,0,0,-1.45204,-1.45204,-0.470653,-1.45204,104.1
-1.45115,0,0,0,0,-1.45115,-1.45115,0.444942,-1.45115,104.1
-1.45075,0,0,0,0,-1.45075,-1.45075,0.200783,-1.45075,104.095
-1.45145,0,0,0,0,-1.45145,-1.45145,-0.348574,-1.45145,104.089
-1.4519,0,0,0,0,-1.4519,-1.4519,-0.226494,-1.4519,104.1
-1.45199,0,0,0,0,-1.45199,-1.45199,-0.0433753,-1.45199,104.1
-1.45195,0,0,0,0,-1.45195,-1.45195,0.0176644,-1.45195,104.1
-1.45167,0,0,0,0,-1.45167,-1.45167,0.139744,-1.45167,104.1
-1.45151,0,0,0,0,-1.45151,-1.45151,0.078704,-1.45151,104.1
-1.45123,0,0,0,0,-1.45123,-1.45123,0.139744,-1.45123,104.1
-1.45144,0,0,0,0,-1.45144,-1.45144,-0.104415,-1.45144,104.1
-1.45202,0,0,0,0,-1.45202,-1.45202,-0.287534,-1.45202,104.1
-1.45223,0,0,0,0,-1.45223,-1.45223,-0.104415,-1.45223,104.095
-1.45207,0,0,0,0,-1.45207,-1.45207,0.078704,-1.45207,104.095
-1.45154,0,0,0,0,-1.45154,-1.45154,0.261823,-1.45154,104.1
-1.45102,0,0,0,0,-1.45102,-1.45102,0.261823,-1.45102,104.095
-1.45098,0,0,0,0,-1.45098,-1.45098,0.0176644,-1.45098,104.1
-1.45119,0,0,0,0,-1.45119,-1.45119,-0.104415,-1.45119,104.106
-1.45103,0,0,0,0,-1.45103,-1.45104,0.078704,-1.45104,104.1
-1.45039,0,0,0,0,-1.45039,-1.45039,0.322863,-1.45039,104.095
-1.45047,0,0,0,0,-1.45047,-1.45047,-0.0433753,-1.45047,104.1
-1.45019,0,0,0,0,-1.45019,-1.45019,0.139744,-1.45019,104.1
-1.44991,0,0,0,0,-1.44991,-1.44991,0.139744,-1.44991,104.1
-1.45037,0,0,0,0,-1.45037,-1.45037,-0.226494,-1.45037,104.1
-1.45045,0,0,0,0,-1.45045,-1.45045,-0.0433753,-1.45045,104.089
-1.45054,0,0,0,0,-1.45054,-1.45054,-0.0433753,-1.45054,104.1
-1.45112,0,0,0,0,-1.45112,-1.45112,-0.287534,-1.45112,104.1
-1.45108,0,0,0,0,-1.45108,-1.45108,0.0176644,-1.45108,104.1
-1.45031,0,0,0,0,-1.45031,-1.45031,0.383902,-1.45031,104.1
-1.45003,0,0,0,0,-1.45003,-1.45003,0.139744,-1.45003,104.1
-1.44987,0,0,0,0,-1.44987,-1.44987,0.078704,-1.44987,104.1
-1.44898,0,0,0,0,-1.44898,-1.44898,0.444942,-1.44898,104.1
-1.44955,0,0,0,0,-1.44955,-1.44955,-0.287534,-1.44955,104.1
-1.45013,0,0,0,0,-1.45013,-1.45013,-0.287534,-1.45013,104.1
-1.44997,0,0,0,0,-1.44997,-1.44997,0.078704,-1.44997,104.1
-1.44957,0,0,0,0,-1.44957,-1.44957,0.200783,-1.44957,104.111
-1.4499,0,0,0,0,-1.4499,-1.4499,-0.165455,-1.4499,104.1
-1.44962,0,0,0,0,-1.44962,-1.44962,0.139744,-1.44962,104.095
-1.44934,0,0,0,0,-1.44934,-1.44934,0.139744,-1.44934,104.089
-1.4509,0,0,0,0,-1.4509,-1.4509,-0.775851,-1.4509,104.106
-1.45062,0,0,0,0,-1.45062,-1.45062,0.139744,-1.45062,104.1
-1.44985,0,0,0,0,-1.44985,-1.44985,0.383902,-1.44985,104.1
-1.45006,0,0,0,0,-1.45006,-1.45006,-0.104415,-1.45006,104.1
-1.45063,0,0,0,0,-1.45063,-1.45063,-0.287534,-1.45063,104.1
-1.45011,0,0,0,0,-1.45011,-1.45011,0.261823,-1.45011,104.1
-1.44848,0,0,0,0,-1.44848,-1.44848,0.81118,-1.44848,104.1
-1.44795,0,0,0,0,-1.44795,-1.44795,0.261823,-1.44795,104.1
-1.44743,0,0,0,0,-1.44743,-1.44743,0.261823,-1.44743,104.1
-1.44751,0,0,0,0,-1.44751,-1.44752,-0.0433753,-1.44752,104.1
-1.44748,0,0,0,0,-1.44748,-1.44748,0.0176644,-1.44748,104.111
-1.44708,0,0,0,0,-1.44708,-1.44708,0.200783,-1.44708,104.1
-1.44741,0,0,0,0,-1.44741,-1.44741,-0.165455,-1.44741,104.095
-1.44725,0,0,0,0,-1.44725,-1.44725,0.078704,-1.44725,104.1
-1.44685,0,0,0,0,-1.44685,-1.44685,0.200783,-1.44685,104.1
-1.44595,0,0,0,0,-1.44595,-1.44595,0.444942,-1.44595,104.095
-1.44543,0,0,0,0,-1.44543,-1.44543,0.261823,-1.44543,104.1
-1.44515,0,0,0,0,-1.44515,-1.44515,0.139744,-1.44515,104.1
-1.44597,0,0,0,0,-1.44597,-1.44597,-0.409613,-1.44597,104.089
-1.44679,0,0,0,0,-1.44679,-1.44679,-0.409613,-1.44679,104.1
-1.44688,0,0,0,0,-1.44688,-1.44688,-0.0433753,-1.44688,104.1
-1.44672,0,0,0,0,-1.44672,-1.44672,0.078704,-1.44672,104.1
-1.44668,0,0,0,0,-1.44668,-1.44668,0.0176644,-1.44668,104.1
-1.4464,0,0,0,0,-1.4464,-1.4464,0.139744,-1.4464,104.1
-1.446,0,0,0,0,-1.446,-1.446,0.200783,-1.446,104.1
-1.44608,0,0,0,0,-1.44608,-1.44608,-0.0433753,-1.44608,104.1
-1.44642,0,0,0,0,-1.44642,-1.44642,-0.165455,-1.44642,104.1
-1.44626,0,0,0,0,-1.44626,-1.44626,0.078704,-1.44626,104.1
-1.44647,0,0,0,0,-1.44647,-1.44647,-0.104415,-1.44647,104.1
-1.44705,0,0,0,0,-1.44705,-1.44705,-0.287534,-1.44705,104.1
-1.4475,0,0,0,0,-1.4475,-1.4475,-0.226494,-1.4475,104.1
-1.44734,0,0,0,0,-1.44734,-1.44734,0.078704,-1.44734,104.106
-1.44743,0,0,0,0,-1.44743,-1.44743,-0.0433753,-1.44743,104.1
-1.44715,0,0,0,0,-1.44715,-1.44715,0.139744,-1.44715,104.106
-1.44638,0,0,0,0,-1.44638,-1.44638,0.383902,-1.44638,104.111
-1.44597,0,0,0,0,-1.44597,-1.44597,0.200783,-1.44597,104.1
-1.44643,0,0,0,0,-1.44643,-1.44643,-0.226494,-1.44643,104.1
-1.44688,0,0,0,0,-1.44688,-1.44688,-0.226494,-1.44688,104.1
-1.44697,0,0,0,0,-1.44697,-1.44697,-0.0433753,-1.44697,104.1
-1.44657,0,0,0,0,-1.44657,-1.44657,0.200783,-1.44657,104.1
-1.44702,0,0,0,0,-1.44702,-1.44702,-0.226494,-1.44702,104.1
-1.44748,0,0,0,0,-1.44748,-1.44748,-0.226494,-1.44748,104.106
-1.44744,0,0,0,0,-1.44744,-1.44744,0.0176644,-1.44744,104.1
-1.4474,0,0,0,0,-1.4474,-1.4474,0.0176644,-1.4474,104.1
-1.44712,0,0,0,0,-1.44712,-1.44712,0.139744,-1.44712,104.1
-1.4466,0,0,0,0,-1.4466,-1.4466,0.261823,-1.4466,104.111
-1.44693,0,0,0,0,-1.44693,-1.44693,-0.165455,-1.44693,104.1
-1.44738,0,0,0,0,-1.44738,-1.44739,-0.226494,-1.44739,104.1
-1.44735,0,0,0,0,-1.44735,-1.44735,0.0176644,-1.44735,104.106
-1.44744,0,0,0,0,-1.44744,-1.44744,-0.0433753,-1.44744,104.1
-1.44789,0,0,0,0,-1.44789,-1.44789,-0.226494,-1.44789,104.1
-1.44822,0,0,0,0,-1.44822,-1.44822,-0.165455,-1.44822,104.106
-1.44782,0,0,0,0,-1.44782,-1.44782,0.200783,-1.44782,104.1
-1.44729,0,0,0,0,-1.44729,-1.44729,0.261823,-1.44729,104.095
-1.4475,0,0,0,0,-1.4475,-1.4475,-0.104415,-1.4475,104.1
-1.44857,0,0,0,0,-1.44857,-1.44857,-0.531693,-1.44857,104.106
-1.44988,0,0,0,0,-1.44988,-1.44988,-0.653772,-1.44988,104.106
-1.44972,0,0,0,0,-1.44972,-1.44973,0.078704,-1.44973,104.095
-1.44846,0,0,0,0,-1.44846,-1.44846,0.628061,-1.44846,104.1
-1.44916,0,0,0,0,-1.44916,-1.44916,-0.348574,-1.44916,104.1
-1.44937,0,0,0,0,-1.44937,-1.44937,-0.104415,-1.44937,104.1
-1.44909,0,0,0,0,-1.44909,-1.44909,0.139744,-1.44909,104.106
-1.4493,0,0,0,0,-1.4493,-1.4493,-0.104415,-1.4493,104.095
-1.44963,0,0,0,0,-1.44963,-1.44963,-0.165455,-1.44963,104.1
-1.44948,0,0,0,0,-1.44948,-1.44948,0.078704,-1.44948,104.1
-1.44919,0,0,0,0,-1.44919,-1.44919,0.139744,-1.44919,104.1
-1.45026,0,0,0,0,-1.45026,-1.45026,-0.531693,-1.45026,104.1
-1.45072,0,0,0,0,-1.45072,-1.45072,-0.226494,-1.45072,104.1
-1.45007,0,0,0,0,-1.45007,-1.45007,0.322863,-1.45007,104.1
-1.44905,0,0,0,0,-1.44905,-1.44905,0.505982,-1.44905,104.095
-1.44926,0,0,0,0,-1.44926,-1.44926,-0.104415,-1.44926,104.1
-1.44984,0,0,0,0,-1.44984,-1.44984,-0.287534,-1.44984,104.106
-1.44944,0,0,0,0,-1.44944,-1.44944,0.200783,-1.44944,104.1
-1.44952,0,0,0,0,-1.44952,-1.44952,-0.0433753,-1.44952,104.1
-1.4501,0,0,0,0,-1.4501,-1.4501,-0.287534,-1.4501,104.1
-1.45055,0,0,0,0,-1.45055,-1.45055,-0.226494,-1.45055,104.106
-1.44978,0,0,0,0,-1.44978,-1.44978,0.383902,-1.44978,104.1
-1.4506,0,0,0,0,-1.4506,-1.4506,-0.409613,-1.4506,104.1
-1.45216,0,0,0,0,-1.45216,-1.45216,-0.775851,-1.45216,104.1
-1.45249,0,0,0,0,-1.45249,-1.45249,-0.165455,-1.45249,104.1
-1.45258,0,0,0,0,-1.45258,-1.45258,-0.0433753,-1.45258,104.1
-1.45242,0,0,0,0,-1.45242,-1.45242,0.078704,-1.45242,104.1
-1.45153,0,0,0,0,-1.45153,-1.45153,0.444942,-1.45153,104.1
-1.45125,0,0,0,0,-1.45125,-1.45125,0.139744,-1.45125,104.1
-1.45109,0,0,0,0,-1.45109,-1.45109,0.078704,-1.45109,104.1
-1.45044,0,0,0,0,-1.45044,-1.45044,0.322863,-1.45044,104.1
-1.44979,0,0,0,0,-1.44979,-1.44979,0.322863,-1.44979,104.1
-1.45013,0,0,0,0,-1.45013,-1.45013,-0.165455,-1.45013,104.095
-1.45058,0,0,0,0,-1.45058,-1.45058,-0.226494,-1.45058,104.106
-1.45054,0,0,0,0,-1.45054,-1.45055,0.0176644,-1.45055,104.1
-1.45039,0,0,0,0,-1.45039,-1.45039,0.078704,-1.45039,104.095
-1.45011,0,0,0,0,-1.45011,-1.45011,0.139744,-1.45011,104.089
-1.45044,0,0,0,0,-1.45044,-1.45044,-0.165455,-1.45044,104.1
-1.44979,0,0,0,0,-1.44979,-1.44979,0.322863,-1.44979,104.106
-1.44988,0,0,0,0,-1.44988,-1.44988,-0.0433753,-1.44988,104.1
-1.4496,0,0,0,0,-1.4496,-1.4496,0.139744,-1.4496,104.1
-1.44931,0,0,0,0,-1.44931,-1.44931,0.139744,-1.44931,104.1
-1.44928,0,0,0,0,-1.44928,-1.44928,0.0176644,-1.44928,104.1
-1.44875,0,0,0,0,-1.44875,-1.44875,0.261823,-1.44875,104.1
-1.44872,0,0,0,0,-1.44872,-1.44872,0.0176644,-1.44872,104.1
-1.44954,0,0,0,0,-1.44954,-1.44954,-0.409613,-1.44954,104.095
-1.44963,0,0,0,0,-1.44963,-1.44963,-0.0433753,-1.44963,104.1
-1.44898,0,0,0,0,-1.44898,-1.44898,0.322863,-1.44898,104.095
-1.44796,0,0,0,0,-1.44796,-1.44796,0.505982,-1.44796,104.1
-1.44756,0,0,0,0,-1.44756,-1.44756,0.200783,-1.44756,104.106
-1.44802,0,0,0,0,-1.44802,-1.44802,-0.226494,-1.44802,104.1
-1.44945,0,0,0,0,-1.44945,-1.44945,-0.714811,-1.44945,104.1
-1.44991,0,0,0,0,-1.44991,-1.44991,-0.226494,-1.44991,104.1
-1.44963,0,0,0,0,-1.44963,-1.44963,0.139744,-1.44963,104.1
-1.44984,0,0,0,0,-1.44984,-1.44984,-0.104415,-1.44984,104.1
-1.44906,0,0,0,0,-1.44906,-1.44906,0.383902,-1.44906,104.095
-1.44891,0,0,0,0,-1.44891,-1.44891,0.078704,-1.44891,104.095
-1.44985,0,0,0,0,-1.44985,-1.44985,-0.470653,-1.44985,104.1
-1.45006,0,0,0,0,-1.45006,-1.45006,-0.104415,-1.45006,104.1
-1.45015,0,0,0,0,-1.45015,-1.45015,-0.0433753,-1.45015,104.1
-1.44999,0,0,0,0,-1.44999,-1.44999,0.078704,-1.44999,104.1
-1.45032,0,0,0,0,-1.45032,-1.45032,-0.165455,-1.45032,104.095
-1.45114,0,0,0,0,-1.45114,-1.45114,-0.409613,-1.45114,104.1
-1.45172,0,0,0,0,-1.45172,-1.45172,-0.287534,-1.45172,104.106
-1.45095,0,0,0,0,-1.45095,-1.45095,0.383902,-1.45095,104.1
-1.45054,0,0,0,0,-1.45054,-1.45054,0.200783,-1.45054,104.1
-1.4499,0,0,0,0,-1.4499,-1.4499,0.322863,-1.4499,104.1
-1.44937,0,0,0,0,-1.44937,-1.44937,0.261823,-1.44937,104.1
-1.44946,0,0,0,0,-1.44946,-1.44946,-0.0433753,-1.44946,104.1
-1.44954,0,0,0,0,-1.44954,-1.44954,-0.0433753,-1.44954,104.106
-1.44926,0,0,0,0,-1.44926,-1.44926,0.139744,-1.44926,104.1
-1.44947,0,0,0,0,-1.44947,-1.44947,-0.104415,-1.44947,104.1
-1.44919,0,0,0,0,-1.44919,-1.44919,0.139744,-1.44919,104.095
-1.44903,0,0,0,0,-1.44903,-1.44903,0.078704,-1.44903,104.1
-1.44814,0,0,0,0,-1.44814,-1.44814,0.444942,-1.44814,104.1
-1.4481,0,0,0,0,-1.4481,-1.44811,0.0176644,-1.44811,104.106
-1.44905,0,0,0,0,-1.44905,-1.44905,-0.470653,-1.44905,104.1
-1.44926,0,0,0,0,-1.44926,-1.44926,-0.104415,-1.44926,104.095
-1.44922,0,0,0,0,-1.44922,-1.44922,0.0176644,-1.44922,104.1
-1.44845,0,0,0,0,-1.44845,-1.44845,0.383902,-1.44845,104.1
-1.44842,0,0,0,0,-1.44842,-1.44842,0.0176644,-1.44842,104.1
-1.44789,0,0,0,0,-1.44789,-1.44789,0.261823,-1.44789,104.106
-1.44724,0,0,0,0,-1.44724,-1.44724,0.322863,-1.44724,104.089
-1.44745,0,0,0,0,-1.44745,-1.44745,-0.104415,-1.44745,104.106
-1.44766,0,0,0,0,-1.44766,-1.44766,-0.104415,-1.44766,104.106
-1.4475,0,0,0,0,-1.4475,-1.4475,0.078704,-1.4475,104.089
-1.44722,0,0,0,0,-1.44722,-1.44722,0.139744,-1.44722,104.1
-1.44731,0,0,0,0,-1.44731,-1.44731,-0.0433753,-1.44731,104.106
-1.44838,0,0,0,0,-1.44838,-1.44838,-0.531693,-1.44838,104.106
-1.44907,0,0,0,0,-1.44907,-1.44908,-0.348574,-1.44908,104.1
-1.44928,0,0,0,0,-1.44928,-1.44928,-0.104415,-1.44928,104.1
-1.44986,0,0,0,0,-1.44986,-1.44986,-0.287534,-1.44986,104.095
-1.45019,0,0,0,0,-1.45019,-1.45019,-0.165455,-1.45019,104.1
-1.4493,0,0,0,0,-1.4493,-1.4493,0.444942,-1.4493,104.1
-1.44828,0,0,0,0,-1.44828,-1.44829,0.505982,-1.44829,104.095
-1.44886,0,0,0,0,-1.44886,-1.44886,-0.287534,-1.44886,104.111
-1.44895,0,0,0,0,-1.44895,-1.44895,-0.0433753,-1.44895,104.1
-1.44904,0,0,0,0,-1.44904,-1.44904,-0.0433753,-1.44904,104.1
-1.44875,0,0,0,0,-1.44875,-1.44875,0.139744,-1.44875,104.1
-1.44811,0,0,0,0,-1.44811,-1.44811,0.322863,-1.44811,104.1
-1.44783,0,0,0,0,-1.44783,-1.44783,0.139744,-1.44783,104.1
-1.44754,0,0,0,0,-1.44754,-1.44755,0.139744,-1.44755,104.1
-1.44751,0,0,0,0,-1.44751,-1.44751,0.0176644,-1.44751,104.095
-1.44821,0,0,0,0,-1.44821,-1.44821,-0.348574,-1.44821,104.1
-1.44842,0,0,0,0,-1.44842,-1.44842,-0.104415,-1.44842,104.1
-1.4474,0,0,0,0,-1.4474,-1.4474,0.505982,-1.4474,104.1
-1.447,0,0,0,0,-1.447,-1.447,0.200783,-1.447,104.1
-1.44721,0,0,0,0,-1.44721,-1.44721,-0.104415,-1.44721,104.1
-1.44619,0,0,0,0,-1.44619,-1.44619,0.505982,-1.44619,104.095
-1.44665,0,0,0,0,-1.44665,-1.44665,-0.226494,-1.44665,104.1
-1.44759,0,0,0,0,-1.44759,-1.44759,-0.470653,-1.44759,104.1
-1.44731,0,0,0,0,-1.44731,-1.44731,0.139744,-1.44731,104.1
-1.44654,0,0,0,0,-1.44654,-1.44654,0.383902,-1.44654,104.1
-1.44638,0,0,0,0,-1.44638,-1.44638,0.078704,-1.44638,104.1
-1.44561,0,0,0,0,-1.44561,-1.44561,0.383902,-1.44561,104.1
-1.44594,0,0,0,0,-1.44594,-1.44594,-0.165455,-1.44594,104.1
-1.44628,0,0,0,0,-1.44628,-1.44628,-0.165455,-1.44628,104.1
-1.44685,0,0,0,0,-1.44685,-1.44685,-0.287534,-1.44685,104.1
-1.44596,0,0,0,0,-1.44596,-1.44596,0.444942,-1.44596,104.1
-1.44543,0,0,0,0,-1.44543,-1.44543,0.261823,-1.44543,104.1
-1.44577,0,0,0,0,-1.44577,-1.44577,-0.165455,-1.44577,104.1
-1.44524,0,0,0,0,-1.44524,-1.44524,0.261823,-1.44524,104.1
-1.44422,0,0,0,0,-1.44422,-1.44422,0.505982,-1.44422,104.1
-1.44443,0,0,0,0,-1.44443,-1.44443,-0.104415,-1.44443,104.1
-1.44489,0,0,0,0,-1.44489,-1.44489,-0.226494,-1.44489,104.1
-1.44571,0,0,0,0,-1.44571,-1.44571,-0.409613,-1.44571,104.106
-1.44555,0,0,0,0,-1.44555,-1.44555,0.078704,-1.44555,104.1
-1.44551,0,0,0,0,-1.44551,-1.44552,0.0176644,-1.44552,104.095
-1.44499,0,0,0,0,-1.44499,-1.44499,0.261823,-1.44499,104.1
-1.4441,0,0,0,0,-1.4441,-1.4441,0.444942,-1.4441,104.095
-1.44406,0,0,0,0,-1.44406,-1.44406,0.0176644,-1.44406,104.106
-1.4439,0,0,0,0,-1.4439,-1.4439,0.078704,-1.4439,104.106
-1.44423,0,0,0,0,-1.44423,-1.44423,-0.165455,-1.44423,104.1
-1.44506,0,0,0,0,-1.44506,-1.44506,-0.409613,-1.44506,104.1
-1.44514,0,0,0,0,-1.44514,-1.44514,-0.0433753,-1.44514,104.1
-1.4445,0,0,0,0,-1.4445,-1.4445,0.322863,-1.4445,104.1
-1.44495,0,0,0,0,-1.44495,-1.44495,-0.226494,-1.44495,104.1
-1.44565,0,0,0,0,-1.44565,-1.44565,-0.348574,-1.44565,104.1
-1.44512,0,0,0,0,-1.44512,-1.44512,0.261823,-1.44512,104.106
-1.44521,0,0,0,0,-1.44521,-1.44521,-0.0433753,-1.44521,104.106
-1.44505,0,0,0,0,-1.44505,-1.44505,0.078704,-1.44505,104.1
-1.44489,0,0,0,0,-1.44489,-1.44489,0.078704,-1.44489,104.1
-1.44547,0,0,0,0,-1.44547,-1.44547,-0.287534,-1.44547,104.1
-1.44605,0,0,0,0,-1.44605,-1.44605,-0.287534,-1.44605,104.1
-1.4465,0,0,0,0,-1.4465,-1.4465,-0.226494,-1.4465,104.106
-1.44659,0,0,0,0,-1.44659,-1.44659,-0.0433753,-1.44659,104.1
-1.44668,0,0,0,0,-1.44668,-1.44668,-0.0433753,-1.44668,104.1
-1.4459,0,0,0,0,-1.4459,-1.4459,0.383902,-1.4459,104.089
-1.44575,0,0,0,0,-1.44575,-1.44575,0.078704,-1.44575,104.095
-1.44608,0,0,0,0,-1.44608,-1.44608,-0.165455,-1.44608,104.1
-1.44666,0,0,0,0,-1.44666,-1.44666,-0.287534,-1.44666,104.106
-1.44662,0,0,0,0,-1.44662,-1.44662,0.0176644,-1.44662,104.106
-1.44671,0,0,0,0,-1.44671,-1.44671,-0.0433753,-1.44671,104.1
-1.44691,0,0,0,0,-1.44691,-1.44691,-0.104415,-1.44691,104.095
-1.44712,0,0,0,0,-1.44712,-1.44712,-0.104415,-1.44712,104.1
-1.44684,0,0,0,0,-1.44684,-1.44684,0.139744,-1.44684,104.1
-1.44742,0,0,0,0,-1.44742,-1.44742,-0.287534,-1.44742,104.1
-1.448,0,0,0,0,-1.448,-1.448,-0.287534,-1.448,104.106
-1.44772,0,0,0,0,-1.44772,-1.44772,0.139744,-1.44772,104.1
-1.44719,0,0,0,0,-1.44719,-1.44719,0.261823,-1.44719,104.106
-1.44789,0,0,0,0,-1.44789,-1.44789,-0.348574,-1.44789,104.1
-1.44883,0,0,0,0,-1.44883,-1.44884,-0.470653,-1.44884,104.1
-1.44892,0,0,0,0,-1.44892,-1.44892,-0.0433753,-1.44892,104.1
-1.4495,0,0,0,0,-1.4495,-1.4495,-0.287534,-1.4495,104.1
-1.44946,0,0,0,0,-1.44946,-1.44946,0.0176644,-1.44946,104.1
-1.44992,0,0,0,0,-1.44992,-1.44992,-0.226494,-1.44992,104.106
-1.45062,0,0,0,0,-1.45062,-1.45062,-0.348574,-1.45062,104.1
-1.45058,0,0,0,0,-1.45058,-1.45058,0.0176644,-1.45058,104.089
-1.45005,0,0,0,0,-1.45005,-1.45005,0.261823,-1.45005,104.1
-1.45051,0,0,0,0,-1.45051,-1.45051,-0.226494,-1.45051,104.1
-1.45023,0,0,0,0,-1.45023,-1.45023,0.139744,-1.45023,104.1
-1.44995,0,0,0,0,-1.44995,-1.44995,0.139744,-1.44995,104.095
-1.45003,0,0,0,0,-1.45003,-1.45003,-0.0433753,-1.45003,104.111
-1.44975,0,0,0,0,-1.44975,-1.44975,0.139744,-1.44975,104.1
-1.45009,0,0,0,0,-1.45009,-1.45009,-0.165455,-1.45009,104.1
-1.45005,0,0,0,0,-1.45005,-1.45005,0.0176644,-1.45005,104.1
-1.45014,0,0,0,0,-1.45014,-1.45014,-0.0433753,-1.45014,104.1
-1.45071,0,0,0,0,-1.45071,-1.45071,-0.287534,-1.45071,104.1
-1.4497,0,0,0,0,-1.4497,-1.4497,0.505982,-1.4497,104.1
-1.44868,0,0,0,0,-1.44868,-1.44868,0.505982,-1.44868,104.095
-1.44889,0,0,0,0,-1.44889,-1.44889,-0.104415,-1.44889,104.1
-1.44934,0,0,0,0,-1.44934,-1.44934,-0.226494,-1.44934,104.1
-1.45004,0,0,0,0,-1.45004,-1.45004,-0.348574,-1.45004,104.095
-1.45025,0,0,0,0,-1.45025,-1.45025,-0.104415,-1.45025,104.1
-1.45046,0,0,0,0,-1.45046,-1.45046,-0.104415,-1.45046,104.1
-1.44969,0,0,0,0,-1.44969,-1.44969,0.383902,-1.44969,104.1
-1.44965,0,0,0,0,-1.44965,-1.44965,0.0176644,-1.44965,104.1
-1.44986,0,0,0,0,-1.44986,-1.44986,-0.104415,-1.44986,104.106
-1.44921,0,0,0,0,-1.44921,-1.44921,0.322863,-1.44921,104.106
-1.44881,0,0,0,0,-1.44881,-1.44881,0.200783,-1.44881,104.1
-1.44951,0,0,0,0,-1.44951,-1.44951,-0.348574,-1.44951,104.095
-1.45095,0,0,0,0,-1.45095,-1.45095,-0.714811,-1.45095,104.106
-1.45165,0,0,0,0,-1.45165,-1.45165,-0.348574,-1.45165,104.106
-1.45149,0,0,0,0,-1.45149,-1.45149,0.078704,-1.45149,104.1
-1.45109,0,0,0,0,-1.45109,-1.45109,0.200783,-1.45109,104.1
-1.45068,0,0,0,0,-1.45068,-1.45068,0.200783,-1.45068,104.106
-1.45175,0,0,0,0,-1.45175,-1.45175,-0.531693,-1.45175,104.1
-1.45184,0,0,0,0,-1.45184,-1.45184,-0.0433753,-1.45184,104.095
-1.45168,0,0,0,0,-1.45168,-1.45168,0.078704,-1.45168,104.1
-1.45066,0,0,0,0,-1.45066,-1.45066,0.505982,-1.45066,104.106
-1.45038,0,0,0,0,-1.45038,-1.45038,0.139744,-1.45038,104.1
-1.4501,0,0,0,0,-1.4501,-1.4501,0.139744,-1.4501,104.095
-1.45019,0,0,0,0,-1.45019,-1.45019,-0.0433753,-1.45019,104.1
-1.45077,0,0,0,0,-1.45077,-1.45077,-0.287534,-1.45077,104.1
-1.45061,0,0,0,0,-1.45061,-1.45061,0.078704,-1.45061,104.1
-1.45033,0,0,0,0,-1.45033,-1.45033,0.139744,-1.45033,104.1
-1.4498,0,0,0,0,-1.4498,-1.4498,0.261823,-1.4498,104.1
-1.44952,0,0,0,0,-1.44952,-1.44952,0.139744,-1.44952,104.1
-1.44961,0,0,0,0,-1.44961,-1.44961,-0.0433753,-1.44961,104.1
-1.45006,0,0,0,0,-1.45006,-1.45006,-0.226494,-1.45006,104.1
-1.45064,0,0,0,0,-1.45064,-1.45064,-0.287534,-1.45064,104.1
-1.45011,0,0,0,0,-1.45011,-1.45011,0.261823,-1.45011,104.1
-1.4491,0,0,0,0,-1.4491,-1.4491,0.505982,-1.4491,104.1
-1.44967,0,0,0,0,-1.44967,-1.44967,-0.287534,-1.44967,104.111
-1.45037,0,0,0,0,-1.45037,-1.45037,-0.348574,-1.45037,104.1
-1.45034,0,0,0,0,-1.45034,-1.45034,0.0176644,-1.45034,104.1
-1.45018,0,0,0,0,-1.45018,-1.45018,0.078704,-1.45018,104.1
-1.45002,0,0,0,0,-1.45002,-1.45002,0.078704,-1.45002,104.1
-1.44998,0,0,0,0,-1.44998,-1.44999,0.0176644,-1.44999,104.1
-1.44995,0,0,0,0,-1.44995,-1.44995,0.0176644,-1.44995,104.095
-1.44991,0,0,0,0,-1.44991,-1.44991,0.0176644,-1.44991,104.095
-1.44963,0,0,0,0,-1.44963,-1.44963,0.139744,-1.44963,104.1
-1.4496,0,0,0,0,-1.4496,-1.4496,0.0176644,-1.4496,104.095
-1.45018,0,0,0,0,-1.45018,-1.45018,-0.287534,-1.45018,104.1
-1.45014,0,0,0,0,-1.45014,-1.45014,0.0176644,-1.45014,104.1
-1.45023,0,0,0,0,-1.45023,-1.45023,-0.0433753,-1.45023,104.1
-1.45081,0,0,0,0,-1.45081,-1.45081,-0.287534,-1.45081,104.1
-1.4504,0,0,0,0,-1.4504,-1.4504,0.200783,-1.4504,104.106
-1.44926,0,0,0,0,-1.44926,-1.44926,0.567021,-1.44926,104.106
-1.44898,0,0,0,0,-1.44898,-1.44898,0.139744,-1.44898,104.1
-1.45005,0,0,0,0,-1.45005,-1.45005,-0.531693,-1.45005,104.1
-1.44977,0,0,0,0,-1.44977,-1.44977,0.139744,-1.44977,104.095
-1.44887,0,0,0,0,-1.44887,-1.44887,0.444942,-1.44887,104.095
-1.44884,0,0,0,0,-1.44884,-1.44884,0.0176644,-1.44884,104.1
-1.44893,0,0,0,0,-1.44893,-1.44893,-0.0433753,-1.44893,104.1
-1.44816,0,0,0,0,-1.44816,-1.44816,0.383902,-1.44816,104.1
-1.44763,0,0,0,0,-1.44763,-1.44763,0.261823,-1.44763,104.1
-1.44808,0,0,0,0,-1.44808,-1.44808,-0.226494,-1.44808,104.095
-1.44854,0,0,0,0,-1.44854,-1.44854,-0.226494,-1.44854,104.1
-1.44863,0,0,0,0,-1.44863,-1.44863,-0.0433753,-1.44863,104.1
-1.44859,0,0,0,0,-1.44859,-1.44859,0.0176644,-1.44859,104.1
-1.44819,0,0,0,0,-1.44819,-1.44819,0.200783,-1.44819,104.1
-1.4484,0,0,0,0,-1.4484,-1.4484,-0.104415,-1.4484,104.1
-1.44787,0,0,0,0,-1.44787,-1.44787,0.261823,-1.44787,104.1
-1.44808,0,0,0,0,-1.44808,-1.44808,-0.104415,-1.44808,104.1
-1.4489,0,0,0,0,-1.4489,-1.4489,-0.409613,-1.4489,104.1
-1.44874,0,0,0,0,-1.44874,-1.44874,0.078704,-1.44874,104.1
-1.44908,0,0,0,0,-1.44908,-1.44908,-0.165455,-1.44908,104.1
-1.44953,0,0,0,0,-1.44953,-1.44953,-0.226494,-1.44953,104.1
-1.44888,0,0,0,0,-1.44888,-1.44888,0.322863,-1.44888,104.1
-1.44897,0,0,0,0,-1.44897,-1.44897,-0.0433753,-1.44897,104.1
-1.44881,0,0,0,0,-1.44881,-1.44881,0.078704,-1.44881,104.095
-1.44877,0,0,0,0,-1.44877,-1.44878,0.0176644,-1.44878,104.1
-1.44874,0,0,0,0,-1.44874,-1.44874,0.0176644,-1.44874,104.1
-1.44785,0,0,0,0,-1.44785,-1.44785,0.444942,-1.44785,104.095
-1.4483,0,0,0,0,-1.4483,-1.4483,-0.226494,-1.4483,104.106
-1.44949,0,0,0,0,-1.44949,-1.44949,-0.592732,-1.44949,104.1
-1.4486,0,0,0,0,-1.4486,-1.4486,0.444942,-1.4486,104.1
-1.44856,0,0,0,0,-1.44856,-1.44856,0.0176644,-1.44856,104.095
-1.44975,0,0,0,0,-1.44975,-1.44975,-0.592732,-1.44975,104.095
-1.45008,0,0,0,0,-1.45008,-1.45008,-0.165455,-1.45008,104.1
-1.44931,0,0,0,0,-1.44931,-1.44931,0.383902,-1.44931,104.106
-1.44854,0,0,0,0,-1.44854,-1.44854,0.383902,-1.44854,104.1
-1.44789,0,0,0,0,-1.44789,-1.44789,0.322863,-1.44789,104.095
-1.44884,0,0,0,0,-1.44884,-1.44884,-0.470653,-1.44884,104.1
-1.44905,0,0,0,0,-1.44905,-1.44905,-0.104415,-1.44905,104.1
-1.44803,0,0,0,0,-1.44803,-1.44803,0.505982,-1.44803,104.1
-1.44873,0,0,0,0,-1.44873,-1.44873,-0.348574,-1.44873,104.1
-1.44906,0,0,0,0,-1.44906,-1.44906,-0.165455,-1.44906,104.1
-1.44743,0,0,0,0,-1.44743,-1.44743,0.81118,-1.44743,104.1
-1.44678,0,0,0,0,-1.44678,-1.44678,0.322863,-1.44678,104.106
-1.4481,0,0,0,0,-1.4481,-1.4481,-0.653772,-1.4481,104.106
-1.44953,0,0,0,0,-1.44953,-1.44953,-0.714811,-1.44953,104.1
-1.44888,0,0,0,0,-1.44888,-1.44888,0.322863,-1.44888,104.1
-1.44787,0,0,0,0,-1.44787,-1.44787,0.505982,-1.44787,104.1
-1.44869,0,0,0,0,-1.44869,-1.44869,-0.409613,-1.44869,104.106
-1.44865,0,0,0,0,-1.44865,-1.44865,0.0176644,-1.44865,104.095
-1.4485,0,0,0,0,-1.4485,-1.4485,0.078704,-1.4485,104.106
-1.44956,0,0,0,0,-1.44956,-1.44956,-0.531693,-1.44956,104.1
-1.44977,0,0,0,0,-1.44977,-1.44977,-0.104415,-1.44977,104.095
-1.44949,0,0,0,0,-1.44949,-1.44949,0.139744,-1.44949,104.095
-1.45031,0,0,0,0,-1.45031,-1.45032,-0.409613,-1.45032,104.1
-1.45077,0,0,0,0,-1.45077,-1.45077,-0.226494,-1.45077,104.111
-1.45073,0,0,0,0,-1.45073,-1.45073,0.0176644,-1.45073,104.1
-1.45045,0,0,0,0,-1.45045,-1.45045,0.139744,-1.45045,104.1
-1.45079,0,0,0,0,-1.45079,-1.45079,-0.165455,-1.45079,104.106
-1.45087,0,0,0,0,-1.45087,-1.45087,-0.0433753,-1.45087,104.1
-1.45047,0,0,0,0,-1.45047,-1.45047,0.200783,-1.45047,104.106
-1.4508,0,0,0,0,-1.4508,-1.4508,-0.165455,-1.4508,104.095
-1.45138,0,0,0,0,-1.45138,-1.45138,-0.287534,-1.45138,104.1
-1.44999,0,0,0,0,-1.44999,-1.45,0.689101,-1.45,104.1
-1.44947,0,0,0,0,-1.44947,-1.44947,0.261823,-1.44947,104.1
-1.44968,0,0,0,0,-1.44968,-1.44968,-0.104415,-1.44968,104.1
-1.44977,0,0,0,0,-1.44977,-1.44977,-0.0433753,-1.44977,104.1
-1.45022,0,0,0,0,-1.45022,-1.45022,-0.226494,-1.45022,104.095
-1.45055,0,0,0,0,-1.45055,-1.45055,-0.165455,-1.45055,104.106
-1.45076,0,0,0,0,-1.45076,-1.45076,-0.104415,-1.45076,104.1
-1.45097,0,0,0,0,-1.45097,-1.45097,-0.104415,-1.45097,104.1
-1.45044,0,0,0,0,-1.45044,-1.45044,0.261823,-1.45044,104.106
-1.44992,0,0,0,0,-1.44992,-1.44992,0.261823,-1.44992,104.1
-1.44964,0,0,0,0,-1.44964,-1.44964,0.139744,-1.44964,104.1
-1.44923,0,0,0,0,-1.44923,-1.44923,0.200783,-1.44923,104.1
-1.44957,0,0,0,0,-1.44957,-1.44957,-0.165455,-1.44957,104.1
-1.45039,0,0,0,0,-1.45039,-1.45039,-0.409613,-1.45039,104.1
-1.45035,0,0,0,0,-1.45035,-1.45035,0.0176644,-1.45035,104.089
-1.44909,0,0,0,0,-1.44909,-1.44909,0.628061,-1.44909,104.1
-1.44906,0,0,0,0,-1.44906,-1.44906,0.0176644,-1.44906,104.095
-1.44926,0,0,0,0,-1.44926,-1.44926,-0.104415,-1.44926,104.1
-1.44886,0,0,0,0,-1.44886,-1.44886,0.200783,-1.44886,104.1
-1.44981,0,0,0,0,-1.44981,-1.44981,-0.470653,-1.44981,104.1
-1.44989,0,0,0,0,-1.44989,-1.44989,-0.0433753,-1.44989,104.095
-1.44937,0,0,0,0,-1.44937,-1.44937,0.261823,-1.44937,104.095
-1.44958,0,0,0,0,-1.44958,-1.44958,-0.104415,-1.44958,104.106
-1.44979,0,0,0,0,-1.44979,-1.44979,-0.104415,-1.44979,104.1
-1.44963,0,0,0,0,-1.44963,-1.44963,0.078704,-1.44963,104.1
-1.45008,0,0,0,0,-1.45008,-1.45008,-0.226494,-1.45008,104.1
-1.45005,0,0,0,0,-1.45005,-1.45005,0.0176644,-1.45005,104.1
-1.45001,0,0,0,0,-1.45001,-1.45001,0.0176644,-1.45001,104.1
-1.44985,0,0,0,0,-1.44985,-1.44985,0.078704,-1.44985,104.1
-1.44982,0,0,0,0,-1.44982,-1.44982,0.0176644,-1.44982,104.089
-1.44978,0,0,0,0,-1.44978,-1.44978,0.0176644,-1.44978,104.1
-1.44962,0,0,0,0,-1.44962,-1.44962,0.078704,-1.44962,104.106
-1.45069,0,0,0,0,-1.45069,-1.45069,-0.531693,-1.45069,104.1
-1.45176,0,0,0,0,-1.45176,-1.45176,-0.531693,-1.45176,104.095
-1.45234,0,0,0,0,-1.45234,-1.45234,-0.287534,-1.45234,104.1
-1.45242,0,0,0,0,-1.45242,-1.45242,-0.0433753,-1.45242,104.1
-1.453,0,0,0,0,-1.453,-1.453,-0.287534,-1.453,104.1
-1.45346,0,0,0,0,-1.45346,-1.45346,-0.226494,-1.45346,104.1
-1.45317,0,0,0,0,-1.45317,-1.45317,0.139744,-1.45317,104.095
-1.45289,0,0,0,0,-1.45289,-1.45289,0.139744,-1.45289,104.106
-1.45249,0,0,0,0,-1.45249,-1.45249,0.200783,-1.45249,104.106
-1.4527,0,0,0,0,-1.4527,-1.4527,-0.104415,-1.4527,104.1
-1.45279,0,0,0,0,-1.45279,-1.45279,-0.0433753,-1.45279,104.095
-1.45275,0,0,0,0,-1.45275,-1.45275,0.0176644,-1.45275,104.106
-1.45247,0,0,0,0,-1.45247,-1.45247,0.139744,-1.45247,104.1
-1.45219,0,0,0,0,-1.45219,-1.45219,0.139744,-1.45219,104.106
-1.45203,0,0,0,0,-1.45203,-1.45203,0.078704,-1.45203,104.095
-1.45261,0,0,0,0,-1.45261,-1.45261,-0.287534,-1.45261,104.1
-1.45257,0,0,0,0,-1.45257,-1.45257,0.0176644,-1.45257,104.1
-1.45217,0,0,0,0,-1.45217,-1.45217,0.200783,-1.45217,104.1
-1.45164,0,0,0,0,-1.45164,-1.45164,0.261823,-1.45164,104.1
-1.45161,0,0,0,0,-1.45161,-1.45161,0.0176644,-1.45161,104.095
-1.45169,0,0,0,0,-1.45169,-1.4517,-0.0433753,-1.4517,104.1
-1.45166,0,0,0,0,-1.45166,-1.45166,0.0176644,-1.45166,104.1
-1.45138,0,0,0,0,-1.45138,-1.45138,0.139744,-1.45138,104.1
-1.4511,0,0,0,0,-1.4511,-1.4511,0.139744,-1.4511,104.1
-1.45106,0,0,0,0,-1.45106,-1.45106,0.0176644,-1.45106,104.1
-1.45127,0,0,0,0,-1.45127,-1.45127,-0.104415,-1.45127,104.1
-1.45111,0,0,0,0,-1.45111,-1.45111,0.078704,-1.45111,104.1
-1.45145,0,0,0,0,-1.45145,-1.45145,-0.165455,-1.45145,104.1
-1.4519,0,0,0,0,-1.4519,-1.4519,-0.226494,-1.4519,104.1
-1.45162,0,0,0,0,-1.45162,-1.45162,0.139744,-1.45162,104.106
-1.45134,0,0,0,0,-1.45134,-1.45134,0.139744,-1.45134,104.095
-1.45143,0,0,0,0,-1.45143,-1.45143,-0.0433753,-1.45143,104.095
-1.452,0,0,0,0,-1.452,-1.452,-0.287534,-1.452,104.095
-1.45307,0,0,0,0,-1.45307,-1.45307,-0.531693,-1.45307,104.106
-1.45402,0,0,0,0,-1.45402,-1.45402,-0.470653,-1.45402,104.1
-1.45459,0,0,0,0,-1.45459,-1.45459,-0.287534,-1.45459,104.1
-1.45541,0,0,0,0,-1.45541,-1.45541,-0.409613,-1.45541,104.1
-1.45489,0,0,0,0,-1.45489,-1.45489,0.261823,-1.45489,104.1
-1.45461,0,0,0,0,-1.45461,-1.45461,0.139744,-1.45461,104.1
-1.45408,0,0,0,0,-1.45408,-1.45408,0.261823,-1.45408,104.1
-1.45356,0,0,0,0,-1.45356,-1.45356,0.261823,-1.45356,104.095
-1.45352,0,0,0,0,-1.45352,-1.45352,0.0176644,-1.45352,104.1
-1.45385,0,0,0,0,-1.45385,-1.45385,-0.165455,-1.45385,104.1
-1.45382,0,0,0,0,-1.45382,-1.45382,0.0176644,-1.45382,104.1
-1.45341,0,0,0,0,-1.45341,-1.45341,0.200783,-1.45341,104.1
-1.45325,0,0,0,0,-1.45325,-1.45325,0.078704,-1.45325,104.095
-1.45297,0,0,0,0,-1.45297,-1.45297,0.139744,-1.45297,104.089
-1.45367,0,0,0,0,-1.45367,-1.45367,-0.348574,-1.45367,104.1
-1.45499,0,0,0,0,-1.45499,-1.45499,-0.653772,-1.45499,104.095
-1.45495,0,0,0,0,-1.45495,-1.45495,0.0176644,-1.45495,104.095
-1.45479,0,0,0,0,-1.45479,-1.45479,0.078704,-1.45479,104.1
-1.45476,0,0,0,0,-1.45476,-1.45476,0.0176644,-1.45476,104.095
-1.45521,0,0,0,0,-1.45521,-1.45521,-0.226494,-1.45521,104.1
-1.45444,0,0,0,0,-1.45444,-1.45444,0.383902,-1.45444,104.1
-1.45416,0,0,0,0,-1.45416,-1.45416,0.139744,-1.45416,104.1
-1.45449,0,0,0,0,-1.45449,-1.45449,-0.165455,-1.45449,104.1
-1.45544,0,0,0,0,-1.45544,-1.45544,-0.470653,-1.45544,104.1
-1.4565,0,0,0,0,-1.4565,-1.4565,-0.531693,-1.4565,104.1
-1.45573,0,0,0,0,-1.45573,-1.45573,0.383902,-1.45573,104.1
-1.45545,0,0,0,0,-1.45545,-1.45545,0.139744,-1.45545,104.106
-1.45627,0,0,0,0,-1.45627,-1.45627,-0.409613,-1.45627,104.106
-1.45599,0,0,0,0,-1.45599,-1.45599,0.139744,-1.45599,104.1
-1.45596,0,0,0,0,-1.45596,-1.45596,0.0176644,-1.45596,104.095
-1.4558,0,0,0,0,-1.4558,-1.4558,0.078704,-1.4558,104.106
-1.45626,0,0,0,0,-1.45626,-1.45626,-0.226494,-1.45626,104.1
-1.45671,0,0,0,0,-1.45671,-1.45671,-0.226494,-1.45671,104.1
-1.45631,0,0,0,0,-1.45631,-1.45631,0.200783,-1.45631,104.095
-1.45578,0,0,0,0,-1.45578,-1.45578,0.261823,-1.45578,104.106
-1.45587,0,0,0,0,-1.45587,-1.45587,-0.0433753,-1.45587,104.1
-1.4562,0,0,0,0,-1.4562,-1.4562,-0.165455,-1.4562,104.1
-1.45653,0,0,0,0,-1.45653,-1.45653,-0.165455,-1.45653,104.1
-1.45637,0,0,0,0,-1.45637,-1.45637,0.078704,-1.45637,104.1
-1.45573,0,0,0,0,-1.45573,-1.45573,0.322863,-1.45573,104.106
-1.45643,0,0,0,0,-1.45643,-1.45643,-0.348574,-1.45643,104.1
-1.457,0,0,0,0,-1.457,-1.457,-0.287534,-1.457,104.095
-1.45611,0,0,0,0,-1.45611,-1.45611,0.444942,-1.45611,104.1
-1.45509,0,0,0,0,-1.45509,-1.45509,0.505982,-1.45509,104.1
-1.45494,0,0,0,0,-1.45494,-1.45494,0.078704,-1.45494,104.095
-1.45465,0,0,0,0,-1.45465,-1.45465,0.139744,-1.45465,104.1
-1.45511,0,0,0,0,-1.45511,-1.45511,-0.226494,-1.45511,104.106
-1.45593,0,0,0,0,-1.45593,-1.45593,-0.409613,-1.45593,104.1
-1.45602,0,0,0,0,-1.45602,-1.45602,-0.0433753,-1.45602,104.1
-1.45647,0,0,0,0,-1.45647,-1.45647,-0.226494,-1.45647,104.1
-1.45631,0,0,0,0,-1.45631,-1.45631,0.078704,-1.45631,104.1
-1.45665,0,0,0,0,-1.45665,-1.45665,-0.165455,-1.45665,104.1
-1.456,0,0,0,0,-1.456,-1.456,0.322863,-1.456,104.106
-1.4551,0,0,0,0,-1.4551,-1.4551,0.444942,-1.4551,104.1
-1.45482,0,0,0,0,-1.45482,-1.45482,0.139744,-1.45482,104.1
-1.4543,0,0,0,0,-1.4543,-1.4543,0.261823,-1.4543,104.1
-1.45487,0,0,0,0,-1.45487,-1.45487,-0.287534,-1.45487,104.1
-1.4541,0,0,0,0,-1.4541,-1.4541,0.383902,-1.4541,104.089
-1.4537,0,0,0,0,-1.4537,-1.4537,0.200783,-1.4537,104.1
-1.45501,0,0,0,0,-1.45501,-1.45501,-0.653772,-1.45501,104.1
-1.45583,0,0,0,0,-1.45583,-1.45583,-0.409613,-1.45583,104.106
-1.45604,0,0,0,0,-1.45604,-1.45604,-0.104415,-1.45604,104.1
-1.45564,0,0,0,0,-1.45564,-1.45564,0.200783,-1.45564,104.1
-1.45536,0,0,0,0,-1.45536,-1.45536,0.139744,-1.45536,104.1
-1.45508,0,0,0,0,-1.45508,-1.45508,0.139744,-1.45508,104.1
-1.45455,0,0,0,0,-1.45455,-1.45455,0.261823,-1.45455,104.089
-1.45513,0,0,0,0,-1.45513,-1.45513,-0.287534,-1.45513,104.095
-1.45497,0,0,0,0,-1.45497,-1.45497,0.078704,-1.45497,104.1
-1.45469,0,0,0,0,-1.45469,-1.45469,0.139744,-1.45469,104.1
-1.45392,0,0,0,0,-1.45392,-1.45392,0.383902,-1.45392,104.1
-1.45437,0,0,0,0,-1.45437,-1.45437,-0.226494,-1.45437,104.1
-1.45458,0,0,0,0,-1.45458,-1.45458,-0.104415,-1.45458,104.106
-1.4532,0,0,0,0,-1.4532,-1.4532,0.689101,-1.4532,104.106
-1.45329,0,0,0,0,-1.45329,-1.45329,-0.0433753,-1.45329,104.106
-1.4535,0,0,0,0,-1.4535,-1.4535,-0.104415,-1.4535,104.1
-1.45358,0,0,0,0,-1.45358,-1.45358,-0.0433753,-1.45358,104.1
-1.45404,0,0,0,0,-1.45404,-1.45404,-0.226494,-1.45404,104.1
-1.45302,0,0,0,0,-1.45302,-1.45302,0.505982,-1.45302,104.1
-1.45213,0,0,0,0,-1.45213,-1.45213,0.444942,-1.45213,104.1
-1.45246,0,0,0,0,-1.45246,-1.45246,-0.165455,-1.45246,104.1
-1.45279,0,0,0,0,-1.45279,-1.45279,-0.165455,-1.45279,104.111
-1.453,0,0,0,0,-1.453,-1.453,-0.104415,-1.453,104.1
-1.45334,0,0,0,0,-1.45334,-1.45334,-0.165455,-1.45334,104.1
-1.45244,0,0,0,0,-1.45244,-1.45244,0.444942,-1.45244,104.1
-1.45216,0,0,0,0,-1.45216,-1.45216,0.139744,-1.45216,104.1
-1.45225,0,0,0,0,-1.45225,-1.45225,-0.0433753,-1.45225,104.1
-1.45123,0,0,0,0,-1.45123,-1.45123,0.505982,-1.45123,104.106
-1.45022,0,0,0,0,-1.45022,-1.45022,0.505982,-1.45022,104.095
-1.45116,0,0,0,0,-1.45116,-1.45116,-0.470653,-1.45116,104.1
-1.45076,0,0,0,0,-1.45076,-1.45076,0.200783,-1.45076,104.106
-1.44999,0,0,0,0,-1.44999,-1.44999,0.383902,-1.44999,104.106
-1.4502,0,0,0,0,-1.4502,-1.4502,-0.104415,-1.4502,104.1
-1.44967,0,0,0,0,-1.44967,-1.44967,0.261823,-1.44967,104.1
-1.44976,0,0,0,0,-1.44976,-1.44976,-0.0433753,-1.44976,104.1
-1.44997,0,0,0,0,-1.44997,-1.44997,-0.104415,-1.44997,104.089
-1.44969,0,0,0,0,-1.44969,-1.44969,0.139744,-1.44969,104.1
-1.44941,0,0,0,0,-1.44941,-1.44941,0.139744,-1.44941,104.095
-1.44937,0,0,0,0,-1.44937,-1.44937,0.0176644,-1.44937,104.1
-1.44946,0,0,0,0,-1.44946,-1.44946,-0.0433753,-1.44946,104.1
-1.44942,0,0,0,0,-1.44942,-1.44942,0.0176644,-1.44942,104.1
-1.44975,0,0,0,0,-1.44975,-1.44975,-0.165455,-1.44975,104.1
-1.45008,0,0,0,0,-1.45008,-1.45008,-0.165455,-1.45008,104.095
-1.4514,0,0,0,0,-1.4514,-1.4514,-0.653772,-1.4514,104.1
-1.4516,0,0,0,0,-1.4516,-1.4516,-0.104415,-1.4516,104.106
-1.4512,0,0,0,0,-1.4512,-1.4512,0.200783,-1.4512,104.1
-1.45092,0,0,0,0,-1.45092,-1.45092,0.139744,-1.45092,104.095
-1.45088,0,0,0,0,-1.45088,-1.45089,0.0176644,-1.45089,104.106
-1.45183,0,0,0,0,-1.45183,-1.45183,-0.470653,-1.45183,104.1
-1.45118,0,0,0,0,-1.45118,-1.45118,0.322863,-1.45118,104.095
-1.45066,0,0,0,0,-1.45066,-1.45066,0.261823,-1.45066,104.1
-1.4516,0,0,0,0,-1.4516,-1.4516,-0.470653,-1.4516,104.1
-1.45169,0,0,0,0,-1.45169,-1.45169,-0.0433753,-1.45169,104.1
-1.45239,0,0,0,0,-1.45239,-1.45239,-0.348574,-1.45239,104.095
-1.45186,0,0,0,0,-1.45186,-1.45186,0.261823,-1.45186,104.1
-1.45158,0,0,0,0,-1.45158,-1.45158,0.139744,-1.45158,104.1
-1.45228,0,0,0,0,-1.45228,-1.45228,-0.348574,-1.45228,104.106
-1.45237,0,0,0,0,-1.45237,-1.45237,-0.0433753,-1.45237,104.1
-1.45196,0,0,0,0,-1.45196,-1.45196,0.200783,-1.45196,104.1
-1.45144,0,0,0,0,-1.45144,-1.45144,0.261823,-1.45144,104.1
-1.45238,0,0,0,0,-1.45238,-1.45238,-0.470653,-1.45238,104.095
-1.45394,0,0,0,0,-1.45394,-1.45394,-0.775851,-1.45394,104.1
-1.45452,0,0,0,0,-1.45452,-1.45452,-0.287534,-1.45452,104.1
-1.45362,0,0,0,0,-1.45362,-1.45362,0.444942,-1.45362,104.1
-1.4542,0,0,0,0,-1.4542,-1.4542,-0.287534,-1.4542,104.1
-1.45453,0,0,0,0,-1.45453,-1.45453,-0.165455,-1.45453,104.1
-1.45352,0,0,0,0,-1.45352,-1.45352,0.505982,-1.45352,104.106
-1.45336,0,0,0,0,-1.45336,-1.45336,0.078704,-1.45336,104.1
-1.45394,0,0,0,0,-1.45394,-1.45394,-0.287534,-1.45394,104.1
-1.45415,0,0,0,0,-1.45415,-1.45415,-0.104415,-1.45415,104.095
-1.45362,0,0,0,0,-1.45362,-1.45362,0.261823,-1.45362,104.1
-1.45322,0,0,0,0,-1.45322,-1.45322,0.200783,-1.45322,104.1
-1.45355,0,0,0,0,-1.45355,-1.45355,-0.165455,-1.45355,104.1
-1.45302,0,0,0,0,-1.45302,-1.45302,0.261823,-1.45302,104.095
-1.45188,0,0,0,0,-1.45188,-1.45188,0.567021,-1.45188,104.106
-1.45185,0,0,0,0,-1.45185,-1.45185,0.0176644,-1.45185,104.095
-1.45193,0,0,0,0,-1.45193,-1.45194,-0.0433753,-1.45194,104.089
-1.45276,0,0,0,0,-1.45276,-1.45276,-0.409613,-1.45276,104.111
-1.45235,0,0,0,0,-1.45235,-1.45235,0.200783,-1.45235,104.1
-1.45244,0,0,0,0,-1.45244,-1.45244,-0.0433753,-1.45244,104.095
-1.45339,0,0,0,0,-1.45339,-1.45339,-0.470653,-1.45339,104.1
-1.45347,0,0,0,0,-1.45347,-1.45347,-0.0433753,-1.45347,104.1
-1.45331,0,0,0,0,-1.45331,-1.45331,0.078704,-1.45331,104.106
-1.45267,0,0,0,0,-1.45267,-1.45267,0.322863,-1.45267,104.1
-1.45214,0,0,0,0,-1.45214,-1.45214,0.261823,-1.45214,104.1
-1.45296,0,0,0,0,-1.45296,-1.45296,-0.409613,-1.45296,104.1
-1.45305,0,0,0,0,-1.45305,-1.45305,-0.0433753,-1.45305,104.095
-1.45203,0,0,0,0,-1.45203,-1.45203,0.505982,-1.45203,104.1
-1.45151,0,0,0,0,-1.45151,-1.45151,0.261823,-1.45151,104.1
-1.45074,0,0,0,0,-1.45074,-1.45074,0.383902,-1.45074,104.1
-1.45132,0,0,0,0,-1.45132,-1.45132,-0.287534,-1.45132,104.106
-1.45177,0,0,0,0,-1.45177,-1.45177,-0.226494,-1.45177,104.1
-1.45149,0,0,0,0,-1.45149,-1.45149,0.139744,-1.45149,104.1
-1.45158,0,0,0,0,-1.45158,-1.45158,-0.0433753,-1.45158,104.106
-1.45178,0,0,0,0,-1.45178,-1.45178,-0.104415,-1.45178,104.1
-1.45248,0,0,0,0,-1.45248,-1.45248,-0.348574,-1.45248,104.1
-1.45318,0,0,0,0,-1.45318,-1.45318,-0.348574,-1.45318,104.095
-1.45278,0,0,0,0,-1.45278,-1.45278,0.200783,-1.45278,104.095
-1.45176,0,0,0,0,-1.45176,-1.45176,0.505982,-1.45176,104.1
-1.45197,0,0,0,0,-1.45197,-1.45197,-0.104415,-1.45197,104.1
-1.45316,0,0,0,0,-1.45316,-1.45316,-0.592732,-1.45316,104.1
-1.45472,0,0,0,0,-1.45472,-1.45472,-0.775851,-1.45472,104.095
-1.4553,0,0,0,0,-1.4553,-1.4553,-0.287534,-1.4553,104.1
-1.45575,0,0,0,0,-1.45575,-1.45575,-0.226494,-1.45575,104.1
-1.45486,0,0,0,0,-1.45486,-1.45486,0.444942,-1.45486,104.095
-1.45507,0,0,0,0,-1.45507,-1.45507,-0.104415,-1.45507,104.1
-1.45552,0,0,0,0,-1.45552,-1.45552,-0.226494,-1.45552,104.1
-1.45573,0,0,0,0,-1.45573,-1.45573,-0.104415,-1.45573,104.095
-1.45619,0,0,0,0,-1.45619,-1.45619,-0.226494,-1.45619,104.1
-1.45664,0,0,0,0,-1.45664,-1.45664,-0.226494,-1.45664,104.1
-1.45624,0,0,0,0,-1.45624,-1.45624,0.200783,-1.45624,104.1
-1.4562,0,0,0,0,-1.4562,-1.4562,0.0176644,-1.4562,104.1
-1.45641,0,0,0,0,-1.45641,-1.45641,-0.104415,-1.45641,104.1
-1.4565,0,0,0,0,-1.4565,-1.4565,-0.0433753,-1.4565,104.106
-1.45622,0,0,0,0,-1.45622,-1.45622,0.139744,-1.45622,104.1
-1.45593,0,0,0,0,-1.45593,-1.45593,0.139744,-1.45593,104.1
-1.45639,0,0,0,0,-1.45639,-1.45639,-0.226494,-1.45639,104.095
-1.45733,0,0,0,0,-1.45733,-1.45733,-0.470653,-1.45733,104.1
-1.45779,0,0,0,0,-1.45779,-1.45779,-0.226494,-1.45779,104.1
-1.45775,0,0,0,0,-1.45775,-1.45775,0.0176644,-1.45775,104.1
-1.45661,0,0,0,0,-1.45661,-1.45661,0.567021,-1.45661,104.1
-1.4567,0,0,0,0,-1.4567,-1.4567,-0.0433753,-1.4567,104.1
-1.45679,0,0,0,0,-1.45679,-1.45679,-0.0433753,-1.45679,104.1
-1.457,0,0,0,0,-1.457,-1.457,-0.104415,-1.457,104.1
-1.45696,0,0,0,0,-1.45696,-1.45696,0.0176644,-1.45696,104.106
-1.45705,0,0,0,0,-1.45705,-1.45705,-0.0433753,-1.45705,104.1
-1.45714,0,0,0,0,-1.45714,-1.45714,-0.0433753,-1.45714,104.089
-1.45833,0,0,0,0,-1.45833,-1.45833,-0.592732,-1.45833,104.1
-1.45756,0,0,0,0,-1.45756,-1.45756,0.383902,-1.45756,104.1
-1.45715,0,0,0,0,-1.45715,-1.45715,0.200783,-1.45715,104.1
-1.45601,0,0,0,0,-1.45601,-1.45601,0.567021,-1.45601,104.1
-1.45598,0,0,0,0,-1.45598,-1.45598,0.0176644,-1.45598,104.1
-1.45656,0,0,0,0,-1.45656,-1.45656,-0.287534,-1.45656,104.1
-1.4564,0,0,0,0,-1.4564,-1.4564,0.078704,-1.4564,104.1
-1.45661,0,0,0,0,-1.45661,-1.45661,-0.104415,-1.45661,104.1
-1.45571,0,0,0,0,-1.45571,-1.45571,0.444942,-1.45571,104.1
-1.45605,0,0,0,0,-1.45605,-1.45605,-0.165455,-1.45605,104.1
-1.45576,0,0,0,0,-1.45576,-1.45576,0.139744,-1.45576,104.1
-1.45548,0,0,0,0,-1.45548,-1.45548,0.139744,-1.45548,104.1
-1.4552,0,0,0,0,-1.4552,-1.4552,0.139744,-1.4552,104.1
-1.45578,0,0,0,0,-1.45578,-1.45578,-0.287534,-1.45578,104.1
-1.45685,0,0,0,0,-1.45685,-1.45685,-0.531693,-1.45685,104.1
-1.45718,0,0,0,0,-1.45718,-1.45718,-0.165455,-1.45718,104.1
-1.45727,0,0,0,0,-1.45727,-1.45727,-0.0433753,-1.45727,104.106
-1.45698,0,0,0,0,-1.45698,-1.45698,0.139744,-1.45698,104.1
-1.45621,0,0,0,0,-1.45621,-1.45621,0.383902,-1.45621,104.1
-1.4552,0,0,0,0,-1.4552,-1.4552,0.505982,-1.4552,104.1
-1.45516,0,0,0,0,-1.45516,-1.45516,0.0176644,-1.45516,104.106
-1.45537,0,0,0,0,-1.45537,-1.45537,-0.104415,-1.45537,104.1
-1.45533,0,0,0,0,-1.45533,-1.45534,0.0176644,-1.45534,104.1
-1.4553,0,0,0,0,-1.4553,-1.4553,0.0176644,-1.4553,104.1
-1.4549,0,0,0,0,-1.4549,-1.4549,0.200783,-1.4549,104.106
-1.45609,0,0,0,0,-1.45609,-1.45609,-0.592732,-1.45609,104.1
-1.45678,0,0,0,0,-1.45678,-1.45679,-0.348574,-1.45679,104.1
-1.45614,0,0,0,0,-1.45614,-1.45614,0.322863,-1.45614,104.1
-1.45573,0,0,0,0,-1.45573,-1.45573,0.200783,-1.45573,104.106
-1.45606,0,0,0,0,-1.45606,-1.45606,-0.165455,-1.45606,104.095
-1.45652,0,0,0,0,-1.45652,-1.45652,-0.226494,-1.45652,104.1
-1.45697,0,0,0,0,-1.45697,-1.45697,-0.226494,-1.45697,104.1
-1.45669,0,0,0,0,-1.45669,-1.45669,0.139744,-1.45669,104.1
-1.45776,0,0,0,0,-1.45776,-1.45776,-0.531693,-1.45776,104.1
-1.45821,0,0,0,0,-1.45821,-1.45822,-0.226494,-1.45822,104.106
-1.45867,0,0,0,0,-1.45867,-1.45867,-0.226494,-1.45867,104.1
-1.45925,0,0,0,0,-1.45925,-1.45925,-0.287534,-1.45925,104.111
-1.45933,0,0,0,0,-1.45933,-1.45933,-0.0433753,-1.45933,104.1
-1.45881,0,0,0,0,-1.45881,-1.45881,0.261823,-1.45881,104.095
-1.45865,0,0,0,0,-1.45865,-1.45865,0.078704,-1.45865,104.1
-1.45849,0,0,0,0,-1.45849,-1.45849,0.078704,-1.45849,104.095
-1.45907,0,0,0,0,-1.45907,-1.45907,-0.287534,-1.45907,104.1
-1.45916,0,0,0,0,-1.45916,-1.45916,-0.0433753,-1.45916,104.1
-1.45924,0,0,0,0,-1.45924,-1.45924,-0.0433753,-1.45924,104.106
-1.45909,0,0,0,0,-1.45909,-1.45909,0.078704,-1.45909,104.1
-1.45868,0,0,0,0,-1.45868,-1.45868,0.200783,-1.45868,104.1
-1.45816,0,0,0,0,-1.45816,-1.45816,0.261823,-1.45816,104.095
-1.458,0,0,0,0,-1.458,-1.458,0.078704,-1.458,104.1
-1.45845,0,0,0,0,-1.45845,-1.45845,-0.226494,-1.45845,104.1
-1.45903,0,0,0,0,-1.45903,-1.45903,-0.287534,-1.45903,104.1
-1.45961,0,0,0,0,-1.45961,-1.45961,-0.287534,-1.45961,104.095
-1.46031,0,0,0,0,-1.46031,-1.46031,-0.348574,-1.46031,104.106
-1.46064,0,0,0,0,-1.46064,-1.46064,-0.165455,-1.46064,104.106
-1.46073,0,0,0,0,-1.46073,-1.46073,-0.0433753,-1.46073,104.1
-1.46081,0,0,0,0,-1.46081,-1.46081,-0.0433753,-1.46081,104.1
-1.45992,0,0,0,0,-1.45992,-1.45992,0.444942,-1.45992,104.1
-1.46013,0,0,0,0,-1.46013,-1.46013,-0.104415,-1.46013,104.095
-1.46034,0,0,0,0,-1.46034,-1.46034,-0.104415,-1.46034,104.1
-1.46042,0,0,0,0,-1.46042,-1.46042,-0.0433753,-1.46042,104.1
-1.46051,0,0,0,0,-1.46051,-1.46051,-0.0433753,-1.46051,104.095
-1.45999,0,0,0,0,-1.45999,-1.45999,0.261823,-1.45999,104.106
-1.45958,0,0,0,0,-1.45958,-1.45958,0.200783,-1.45958,104.1
-1.45967,0,0,0,0,-1.45967,-1.45967,-0.0433753,-1.45967,104.106
-1.46025,0,0,0,0,-1.46025,-1.46025,-0.287534,-1.46025,104.1
-1.46144,0,0,0,0,-1.46144,-1.46144,-0.592732,-1.46144,104.1
-1.46128,0,0,0,0,-1.46128,-1.46128,0.078704,-1.46128,104.1
-1.46088,0,0,0,0,-1.46088,-1.46088,0.200783,-1.46088,104.1
-1.45974,0,0,0,0,-1.45974,-1.45974,0.567021,-1.45974,104.095
-1.45921,0,0,0,0,-1.45921,-1.45921,0.261823,-1.45921,104.095
-1.45979,0,0,0,0,-1.45979,-1.45979,-0.287534,-1.45979,104.1
-1.46037,0,0,0,0,-1.46037,-1.46037,-0.287534,-1.46037,104.106
-1.45996,0,0,0,0,-1.45996,-1.45996,0.200783,-1.45996,104.106
-1.45981,0,0,0,0,-1.45981,-1.45981,0.078704,-1.45981,104.1
-1.46014,0,0,0,0,-1.46014,-1.46014,-0.165455,-1.46014,104.1
-1.46047,0,0,0,0,-1.46047,-1.46047,-0.165455,-1.46047,104.106
-1.46154,0,0,0,0,-1.46154,-1.46154,-0.531693,-1.46154,104.1
-1.4615,0,0,0,0,-1.4615,-1.4615,0.0176644,-1.4615,104.1
-1.46122,0,0,0,0,-1.46122,-1.46122,0.139744,-1.46122,104.1
-1.46106,0,0,0,0,-1.46106,-1.46106,0.078704,-1.46106,104.1
-1.46091,0,0,0,0,-1.46091,-1.46091,0.078704,-1.46091,104.1
-1.46124,0,0,0,0,-1.46124,-1.46124,-0.165455,-1.46124,104.1
-1.4612,0,0,0,0,-1.4612,-1.4612,0.0176644,-1.4612,104.1
-1.46068,0,0,0,0,-1.46068,-1.46068,0.261823,-1.46068,104.1
-1.46138,0,0,0,0,-1.46138,-1.46138,-0.348574,-1.46138,104.1
-1.46232,0,0,0,0,-1.46232,-1.46232,-0.470653,-1.46232,104.1
-1.46229,0,0,0,0,-1.46229,-1.46229,0.0176644,-1.46229,104.089
-1.46201,0,0,0,0,-1.46201,-1.46201,0.139744,-1.46201,104.095
-1.46185,0,0,0,0,-1.46185,-1.46185,0.078704,-1.46185,104.1
-1.46157,0,0,0,0,-1.46157,-1.46157,0.139744,-1.46157,104.1
-1.46141,0,0,0,0,-1.46141,-1.46141,0.078704,-1.46141,104.095
-1.46113,0,0,0,0,-1.46113,-1.46113,0.139744,-1.46113,104.1
-1.46146,0,0,0,0,-1.46146,-1.46146,-0.165455,-1.46146,104.1
-1.46179,0,0,0,0,-1.46179,-1.46179,-0.165455,-1.46179,104.106
-1.46114,0,0,0,0,-1.46114,-1.46114,0.322863,-1.46114,104.095
-1.46098,0,0,0,0,-1.46098,-1.46098,0.078704,-1.46098,104.1
-1.46083,0,0,0,0,-1.46083,-1.46083,0.078704,-1.46083,104.1
-1.45981,0,0,0,0,-1.45981,-1.45981,0.505982,-1.45981,104.095
-1.45928,0,0,0,0,-1.45928,-1.45928,0.261823,-1.45928,104.106
-1.45986,0,0,0,0,-1.45986,-1.45986,-0.287534,-1.45986,104.1
-1.45897,0,0,0,0,-1.45897,-1.45897,0.444942,-1.45897,104.1
-1.45795,0,0,0,0,-1.45795,-1.45795,0.505982,-1.45795,104.1
-1.45779,0,0,0,0,-1.45779,-1.45779,0.078704,-1.45779,104.1
-1.45788,0,0,0,0,-1.45788,-1.45788,-0.0433753,-1.45788,104.106
-1.45809,0,0,0,0,-1.45809,-1.45809,-0.104415,-1.45809,104.1
-1.45817,0,0,0,0,-1.45817,-1.45817,-0.0433753,-1.45817,104.1
-1.45777,0,0,0,0,-1.45777,-1.45777,0.200783,-1.45777,104.1
-1.45798,0,0,0,0,-1.45798,-1.45798,-0.104415,-1.45798,104.1
-1.45856,0,0,0,0,-1.45856,-1.45856,-0.287534,-1.45856,104.106
-1.45901,0,0,0,0,-1.45901,-1.45901,-0.226494,-1.45901,104.1
-1.45873,0,0,0,0,-1.45873,-1.45873,0.139744,-1.45873,104.1
-1.45845,0,0,0,0,-1.45845,-1.45845,0.139744,-1.45845,104.095
-1.45817,0,0,0,0,-1.45817,-1.45817,0.139744,-1.45817,104.1
-1.45838,0,0,0,0,-1.45838,-1.45838,-0.104415,-1.45838,104.1
-1.45822,0,0,0,0,-1.45822,-1.45822,0.078704,-1.45822,104.1
-1.45843,0,0,0,0,-1.45843,-1.45843,-0.104415,-1.45843,104.106
-1.45876,0,0,0,0,-1.45876,-1.45876,-0.165455,-1.45876,104.1
-1.45897,0,0,0,0,-1.45897,-1.45897,-0.104415,-1.45897,104.1
-1.45844,0,0,0,0,-1.45844,-1.45844,0.261823,-1.45844,104.106
-1.45865,0,0,0,0,-1.45865,-1.45865,-0.104415,-1.45865,104.095
-1.45874,0,0,0,0,-1.45874,-1.45874,-0.0433753,-1.45874,104.106
-1.45895,0,0,0,0,-1.45895,-1.45895,-0.104415,-1.45895,104.1
-1.45953,0,0,0,0,-1.45953,-1.45953,-0.287534,-1.45953,104.1
-1.45924,0,0,0,0,-1.45924,-1.45925,0.139744,-1.45925,104.095
-1.45872,0,0,0,0,-1.45872,-1.45872,0.261823,-1.45872,104.1
-1.45905,0,0,0,0,-1.45905,-1.45905,-0.165455,-1.45905,104.095
-1.45999,0,0,0,0,-1.45999,-1.45999,-0.470653,-1.45999,104.1
-1.45996,0,0,0,0,-1.45996,-1.45996,0.0176644,-1.45996,104.1
-1.46005,0,0,0,0,-1.46005,-1.46005,-0.0433753,-1.46005,104.106
-1.46075,0,0,0,0,-1.46075,-1.46075,-0.348574,-1.46075,104.1
-1.46022,0,0,0,0,-1.46022,-1.46022,0.261823,-1.46022,104.1
-1.45982,0,0,0,0,-1.45982,-1.45982,0.200783,-1.45982,104.1
-1.4599,0,0,0,0,-1.4599,-1.4599,-0.0433753,-1.4599,104.106
-1.46085,0,0,0,0,-1.46085,-1.46085,-0.470653,-1.46085,104.106
-1.46094,0,0,0,0,-1.46094,-1.46094,-0.0433753,-1.46094,104.095
-1.46004,0,0,0,0,-1.46004,-1.46004,0.444942,-1.46004,104.1
-1.45915,0,0,0,0,-1.45915,-1.45915,0.444942,-1.45915,104.106
-1.45936,0,0,0,0,-1.45936,-1.45936,-0.104415,-1.45936,104.1
-1.45969,0,0,0,0,-1.45969,-1.45969,-0.165455,-1.45969,104.1
-1.46014,0,0,0,0,-1.46014,-1.46015,-0.226494,-1.46015,104.106
-1.46011,0,0,0,0,-1.46011,-1.46011,0.0176644,-1.46011,104.1
-1.45958,0,0,0,0,-1.45958,-1.45958,0.261823,-1.45958,104.1
-1.45979,0,0,0,0,-1.45979,-1.45979,-0.104415,-1.45979,104.1
-1.46,0,0,0,0,-1.46,-1.46,-0.104415,-1.46,104.095
-1.45935,0,0,0,0,-1.45935,-1.45935,0.322863,-1.45935,104.095
-1.4592,0,0,0,0,-1.4592,-1.4592,0.078704,-1.4592,104.1
-1.45989,0,0,0,0,-1.45989,-1.45989,-0.348574,-1.45989,104.1
-1.46035,0,0,0,0,-1.46035,-1.46035,-0.226494,-1.46035,104.111
-1.46019,0,0,0,0,-1.46019,-1.46019,0.078704,-1.46019,104.1
-1.46003,0,0,0,0,-1.46003,-1.46003,0.078704,-1.46003,104.1
-1.45926,0,0,0,0,-1.45926,-1.45926,0.383902,-1.45926,104.1
-1.45972,0,0,0,0,-1.45972,-1.45972,-0.226494,-1.45972,104.1
-1.4598,0,0,0,0,-1.4598,-1.4598,-0.0433753,-1.4598,104.1
-1.45928,0,0,0,0,-1.45928,-1.45928,0.261823,-1.45928,104.1
-1.45949,0,0,0,0,-1.45949,-1.45949,-0.104415,-1.45949,104.1
-1.45994,0,0,0,0,-1.45994,-1.45994,-0.226494,-1.45994,104.1
-1.46003,0,0,0,0,-1.46003,-1.46003,-0.0433753,-1.46003,104.1
-1.4606,0,0,0,0,-1.4606,-1.4606,-0.287534,-1.4606,104.1
-1.46045,0,0,0,0,-1.46045,-1.46045,0.078704,-1.46045,104.1
-1.46163,0,0,0,0,-1.46163,-1.46164,-0.592732,-1.46164,104.095
-1.46135,0,0,0,0,-1.46135,-1.46135,0.139744,-1.46135,104.106
-1.46034,0,0,0,0,-1.46034,-1.46034,0.505982,-1.46034,104.095
-1.46043,0,0,0,0,-1.46043,-1.46043,-0.0433753,-1.46043,104.106
-1.46137,0,0,0,0,-1.46137,-1.46137,-0.470653,-1.46137,104.1
-1.46195,0,0,0,0,-1.46195,-1.46195,-0.287534,-1.46195,104.1
-1.46228,0,0,0,0,-1.46228,-1.46228,-0.165455,-1.46228,104.095
-1.46237,0,0,0,0,-1.46237,-1.46237,-0.0433753,-1.46237,104.1
-1.46258,0,0,0,0,-1.46258,-1.46258,-0.104415,-1.46258,104.1
-1.46303,0,0,0,0,-1.46303,-1.46303,-0.226494,-1.46303,104.1
-1.4625,0,0,0,0,-1.4625,-1.4625,0.261823,-1.4625,104.1
-1.46296,0,0,0,0,-1.46296,-1.46296,-0.226494,-1.46296,104.1
-1.46341,0,0,0,0,-1.46341,-1.46341,-0.226494,-1.46341,104.1
-1.46424,0,0,0,0,-1.46424,-1.46424,-0.409613,-1.46424,104.1
-1.46432,0,0,0,0,-1.46432,-1.46432,-0.0433753,-1.46432,104.095
-1.46466,0,0,0,0,-1.46466,-1.46466,-0.165455,-1.46466,104.1
-1.46486,0,0,0,0,-1.46486,-1.46486,-0.104415,-1.46486,104.1
-1.46373,0,0,0,0,-1.46373,-1.46373,0.567021,-1.46373,104.1
-1.46394,0,0,0,0,-1.46394,-1.46394,-0.104415,-1.46394,104.1
-1.46402,0,0,0,0,-1.46402,-1.46402,-0.0433753,-1.46402,104.095
-1.46325,0,0,0,0,-1.46325,-1.46325,0.383902,-1.46325,104.1
-1.4626,0,0,0,0,-1.4626,-1.4626,0.322863,-1.4626,104.1
-1.46355,0,0,0,0,-1.46355,-1.46355,-0.470653,-1.46355,104.1
-1.46339,0,0,0,0,-1.46339,-1.46339,0.078704,-1.46339,104.1
-1.46335,0,0,0,0,-1.46335,-1.46336,0.0176644,-1.46336,104.1
-1.46381,0,0,0,0,-1.46381,-1.46381,-0.226494,-1.46381,104.106
-1.46439,0,0,0,0,-1.46439,-1.46439,-0.287534,-1.46439,104.095
-1.46276,0,0,0,0,-1.46276,-1.46276,0.81118,-1.46276,104.095
-1.46272,0,0,0,0,-1.46272,-1.46272,0.0176644,-1.46272,104.1
-1.4633,0,0,0,0,-1.4633,-1.4633,-0.287534,-1.4633,104.1
-1.46241,0,0,0,0,-1.46241,-1.46241,0.444942,-1.46241,104.089
-1.46225,0,0,0,0,-1.46225,-1.46225,0.078704,-1.46225,104.1
-1.46331,0,0,0,0,-1.46331,-1.46331,-0.531693,-1.46331,104.1
-1.46303,0,0,0,0,-1.46303,-1.46303,0.139744,-1.46303,104.1
-1.46275,0,0,0,0,-1.46275,-1.46275,0.139744,-1.46275,104.1
-1.46358,0,0,0,0,-1.46358,-1.46358,-0.409613,-1.46358,104.111
-1.4644,0,0,0,0,-1.4644,-1.4644,-0.409613,-1.4644,104.106
-1.46449,0,0,0,0,-1.46449,-1.46449,-0.0433753,-1.46449,104.1
-1.46445,0,0,0,0,-1.46445,-1.46445,0.0176644,-1.46445,104.1
-1.46429,0,0,0,0,-1.46429,-1.46429,0.078704,-1.46429,104.1
-1.46475,0,0,0,0,-1.46475,-1.46475,-0.226494,-1.46475,104.1
-1.46496,0,0,0,0,-1.46496,-1.46496,-0.104415,-1.46496,104.095
-1.4648,0,0,0,0,-1.4648,-1.4648,0.078704,-1.4648,104.1
-1.46599,0,0,0,0,-1.46599,-1.46599,-0.592732,-1.46599,104.1
-1.46595,0,0,0,0,-1.46595,-1.46595,0.0176644,-1.46595,104.095
-1.46579,0,0,0,0,-1.46579,-1.46579,0.078704,-1.46579,104.095
-1.46613,0,0,0,0,-1.46613,-1.46613,-0.165455,-1.46613,104.1
-1.46609,0,0,0,0,-1.46609,-1.46609,0.0176644,-1.46609,104.1
-1.46679,0,0,0,0,-1.46679,-1.46679,-0.348574,-1.46679,104.095
-1.46602,0,0,0,0,-1.46602,-1.46602,0.383902,-1.46602,104.095
-1.46647,0,0,0,0,-1.46647,-1.46647,-0.226494,-1.46647,104.1
-1.46742,0,0,0,0,-1.46742,-1.46742,-0.470653,-1.46742,104.095
-1.46677,0,0,0,0,-1.46677,-1.46677,0.322863,-1.46677,104.095
-1.46649,0,0,0,0,-1.46649,-1.46649,0.139744,-1.46649,104.1
-1.46658,0,0,0,0,-1.46658,-1.46658,-0.0433753,-1.46658,104.106
-1.46581,0,0,0,0,-1.46581,-1.46581,0.383902,-1.46581,104.1
-1.46503,0,0,0,0,-1.46503,-1.46503,0.383902,-1.46503,104.089
-1.46537,0,0,0,0,-1.46537,-1.46537,-0.165455,-1.46537,104.1
-1.46508,0,0,0,0,-1.46508,-1.46508,0.139744,-1.46508,104.1
-1.46456,0,0,0,0,-1.46456,-1.46456,0.261823,-1.46456,104.1
-1.46501,0,0,0,0,-1.46501,-1.46501,-0.226494,-1.46501,104.106
-1.46584,0,0,0,0,-1.46584,-1.46584,-0.409613,-1.46584,104.095
-1.46568,0,0,0,0,-1.46568,-1.46568,0.078704,-1.46568,104.1
-1.46564,0,0,0,0,-1.46564,-1.46564,0.0176644,-1.46564,104.1
-1.46597,0,0,0,0,-1.46597,-1.46597,-0.165455,-1.46597,104.1
-1.46667,0,0,0,0,-1.46667,-1.46667,-0.348574,-1.46667,104.1
-1.46737,0,0,0,0,-1.46737,-1.46737,-0.348574,-1.46737,104.106
-1.46771,0,0,0,0,-1.46771,-1.46771,-0.165455,-1.46771,104.1
-1.46755,0,0,0,0,-1.46755,-1.46755,0.078704,-1.46755,104.111
-1.46714,0,0,0,0,-1.46714,-1.46715,0.200783,-1.46715,104.1
-1.46686,0,0,0,0,-1.46686,-1.46686,0.139744,-1.46686,104.1
-1.46695,0,0,0,0,-1.46695,-1.46695,-0.0433753,-1.46695,104.1
-1.46716,0,0,0,0,-1.46716,-1.46716,-0.104415,-1.46716,104.1
-1.46774,0,0,0,0,-1.46774,-1.46774,-0.287534,-1.46774,104.1
-1.46782,0,0,0,0,-1.46782,-1.46783,-0.0433753,-1.46783,104.1
-1.46669,0,0,0,0,-1.46669,-1.46669,0.567021,-1.46669,104.1
-1.46714,0,0,0,0,-1.46714,-1.46714,-0.226494,-1.46714,104.1
-1.46784,0,0,0,0,-1.46784,-1.46784,-0.348574,-1.46784,104.1
-1.46829,0,0,0,0,-1.46829,-1.46829,-0.226494,-1.46829,104.1
-1.46728,0,0,0,0,-1.46728,-1.46728,0.505982,-1.46728,104.106
-1.46761,0,0,0,0,-1.46761,-1.46761,-0.165455,-1.46761,104.095
-1.46868,0,0,0,0,-1.46868,-1.46868,-0.531693,-1.46868,104.1
-1.46803,0,0,0,0,-1.46803,-1.46803,0.322863,-1.46803,104.1
-1.46726,0,0,0,0,-1.46726,-1.46726,0.383902,-1.46726,104.106
-1.46698,0,0,0,0,-1.46698,-1.46698,0.139744,-1.46698,104.1
-1.46682,0,0,0,0,-1.46682,-1.46682,0.078704,-1.46682,104.1
-1.46617,0,0,0,0,-1.46617,-1.46617,0.322863,-1.46617,104.095
-1.46564,0,0,0,0,-1.46564,-1.46564,0.261823,-1.46564,104.106
-1.46536,0,0,0,0,-1.46536,-1.46536,0.139744,-1.46536,104.1
-1.46619,0,0,0,0,-1.46619,-1.46619,-0.409613,-1.46619,104.1
-1.46627,0,0,0,0,-1.46627,-1.46627,-0.0433753,-1.46627,104.106
-1.46636,0,0,0,0,-1.46636,-1.46636,-0.0433753,-1.46636,104.095
-1.46645,0,0,0,0,-1.46645,-1.46645,-0.0433753,-1.46645,104.095
-1.46739,0,0,0,0,-1.46739,-1.46739,-0.470653,-1.46739,104.1
-1.46736,0,0,0,0,-1.46736,-1.46736,0.0176644,-1.46736,104.1
-1.46781,0,0,0,0,-1.46781,-1.46781,-0.226494,-1.46781,104.1
-1.46778,0,0,0,0,-1.46778,-1.46778,0.0176644,-1.46778,104.095
-1.46676,0,0,0,0,-1.46676,-1.46676,0.505982,-1.46676,104.1
-1.46648,0,0,0,0,-1.46648,-1.46648,0.139744,-1.46648,104.1
-1.46706,0,0,0,0,-1.46706,-1.46706,-0.287534,-1.46706,104.095
-1.46739,0,0,0,0,-1.46739,-1.46739,-0.165455,-1.46739,104.1
-1.46772,0,0,0,0,-1.46772,-1.46772,-0.165455,-1.46772,104.106
-1.46744,0,0,0,0,-1.46744,-1.46744,0.139744,-1.46744,104.1
-1.46654,0,0,0,0,-1.46654,-1.46655,0.444942,-1.46655,104.111
-1.46614,0,0,0,0,-1.46614,-1.46614,0.200783,-1.46614,104.1
-1.46586,0,0,0,0,-1.46586,-1.46586,0.139744,-1.46586,104.1
-1.46644,0,0,0,0,-1.46644,-1.46644,-0.287534,-1.46644,104.1
-1.46751,0,0,0,0,-1.46751,-1.46751,-0.531693,-1.46751,104.1
-1.46735,0,0,0,0,-1.46735,-1.46735,0.078704,-1.46735,104.1
-1.46719,0,0,0,0,-1.46719,-1.46719,0.078704,-1.46719,104.111
-1.46703,0,0,0,0,-1.46703,-1.46703,0.078704,-1.46703,104.095
-1.46651,0,0,0,0,-1.46651,-1.46651,0.261823,-1.46651,104.095
-1.46598,0,0,0,0,-1.46598,-1.46598,0.261823,-1.46598,104.1
-1.4668,0,0,0,0,-1.4668,-1.4668,-0.409613,-1.4668,104.1
-1.46652,0,0,0,0,-1.46652,-1.46652,0.139744,-1.46652,104.1
-1.46685,0,0,0,0,-1.46685,-1.46685,-0.165455,-1.46685,104.1
-1.4678,0,0,0,0,-1.4678,-1.4678,-0.470653,-1.4678,104.1
-1.46752,0,0,0,0,-1.46752,-1.46752,0.139744,-1.46752,104.106
-1.46748,0,0,0,0,-1.46748,-1.46748,0.0176644,-1.46748,104.095
-1.4672,0,0,0,0,-1.4672,-1.4672,0.139744,-1.4672,104.1
-1.46692,0,0,0,0,-1.46692,-1.46692,0.139744,-1.46692,104.095
-1.46688,0,0,0,0,-1.46688,-1.46688,0.0176644,-1.46688,104.1
-1.46673,0,0,0,0,-1.46673,-1.46673,0.078704,-1.46673,104.1
-1.4662,0,0,0,0,-1.4662,-1.4662,0.261823,-1.4662,104.1
-1.4658,0,0,0,0,-1.4658,-1.4658,0.200783,-1.4658,104.1
-1.46625,0,0,0,0,-1.46625,-1.46625,-0.226494,-1.46625,104.1
-1.46585,0,0,0,0,-1.46585,-1.46585,0.200783,-1.46585,104.1
-1.4652,0,0,0,0,-1.4652,-1.4652,0.322863,-1.4652,104.1
-1.46541,0,0,0,0,-1.46541,-1.46541,-0.104415,-1.46541,104.089
-1.46684,0,0,0,0,-1.46684,-1.46684,-0.714811,-1.46684,104.095
-1.46717,0,0,0,0,-1.46717,-1.46718,-0.165455,-1.46718,104.111
-1.46677,0,0,0,0,-1.46677,-1.46677,0.200783,-1.46677,104.1
-1.46612,0,0,0,0,-1.46612,-1.46612,0.322863,-1.46612,104.095
-1.46609,0,0,0,0,-1.46609,-1.46609,0.0176644,-1.46609,104.106
-1.46654,0,0,0,0,-1.46654,-1.46654,-0.226494,-1.46654,104.106
-1.46638,0,0,0,0,-1.46638,-1.46638,0.078704,-1.46638,104.1
-1.4661,0,0,0,0,-1.4661,-1.4661,0.139744,-1.4661,104.1
-1.4657,0,0,0,0,-1.4657,-1.4657,0.200783,-1.4657,104.1
-1.46579,0,0,0,0,-1.46579,-1.46579,-0.0433753,-1.46579,104.106
-1.46575,0,0,0,0,-1.46575,-1.46575,0.0176644,-1.46575,104.1
-1.46522,0,0,0,0,-1.46522,-1.46522,0.261823,-1.46522,104.1
-1.46531,0,0,0,0,-1.46531,-1.46531,-0.0433753,-1.46531,104.1
-1.46626,0,0,0,0,-1.46626,-1.46626,-0.470653,-1.46626,104.1
-1.46622,0,0,0,0,-1.46622,-1.46622,0.0176644,-1.46622,104.095
-1.46545,0,0,0,0,-1.46545,-1.46545,0.383902,-1.46545,104.095
-1.46578,0,0,0,0,-1.46578,-1.46578,-0.165455,-1.46578,104.1
-1.46562,0,0,0,0,-1.46562,-1.46562,0.078704,-1.46562,104.1
-1.46485,0,0,0,0,-1.46485,-1.46485,0.383902,-1.46485,104.1
-1.46457,0,0,0,0,-1.46457,-1.46457,0.139744,-1.46457,104.1
-1.4649,0,0,0,0,-1.4649,-1.4649,-0.165455,-1.4649,104.1
-1.46548,0,0,0,0,-1.46548,-1.46548,-0.287534,-1.46548,104.1
-1.46532,0,0,0,0,-1.46532,-1.46532,0.078704,-1.46532,104.1
-1.46504,0,0,0,0,-1.46504,-1.46504,0.139744,-1.46504,104.1
-1.46537,0,0,0,0,-1.46537,-1.46537,-0.165455,-1.46537,104.1
-1.46521,0,0,0,0,-1.46521,-1.46521,0.078704,-1.46521,104.1
-1.46481,0,0,0,0,-1.46481,-1.46481,0.200783,-1.46481,104.089
-1.46539,0,0,0,0,-1.46539,-1.46539,-0.287534,-1.46539,104.1
-1.46621,0,0,0,0,-1.46621,-1.46621,-0.409613,-1.46621,104.1
-1.46654,0,0,0,0,-1.46654,-1.46654,-0.165455,-1.46654,104.1
-1.46712,0,0,0,0,-1.46712,-1.46712,-0.287534,-1.46712,104.095
-1.46647,0,0,0,0,-1.46647,-1.46647,0.322863,-1.46647,104.1
-1.46558,0,0,0,0,-1.46558,-1.46558,0.444942,-1.46558,104.1
-1.46591,0,0,0,0,-1.46591,-1.46591,-0.165455,-1.46591,104.106
-1.46685,0,0,0,0,-1.46685,-1.46685,-0.470653,-1.46685,104.1
-1.46682,0,0,0,0,-1.46682,-1.46682,0.0176644,-1.46682,104.1
-1.46592,0,0,0,0,-1.46592,-1.46592,0.444942,-1.46592,104.095
-1.46601,0,0,0,0,-1.46601,-1.46601,-0.0433753,-1.46601,104.1
-1.46561,0,0,0,0,-1.46561,-1.46561,0.200783,-1.46561,104.1
-1.46484,0,0,0,0,-1.46484,-1.46484,0.383902,-1.46484,104.1
-1.46492,0,0,0,0,-1.46492,-1.46492,-0.0433753,-1.46492,104.095
-1.46525,0,0,0,0,-1.46525,-1.46525,-0.165455,-1.46525,104.1
-1.46583,0,0,0,0,-1.46583,-1.46583,-0.287534,-1.46583,104.1
-1.46653,0,0,0,0,-1.46653,-1.46653,-0.348574,-1.46653,104.1
-1.4665,0,0,0,0,-1.4665,-1.4665,0.0176644,-1.4665,104.111
-1.4667,0,0,0,0,-1.4667,-1.4667,-0.104415,-1.4667,104.095
-1.4674,0,0,0,0,-1.4674,-1.4674,-0.348574,-1.4674,104.1
-1.46761,0,0,0,0,-1.46761,-1.46761,-0.104415,-1.46761,104.095
-1.46733,0,0,0,0,-1.46733,-1.46733,0.139744,-1.46733,104.095
-1.46717,0,0,0,0,-1.46717,-1.46718,0.078704,-1.46718,104.089
-1.46677,0,0,0,0,-1.46677,-1.46677,0.200783,-1.46677,104.1
-1.46735,0,0,0,0,-1.46735,-1.46735,-0.287534,-1.46735,104.1
-1.46719,0,0,0,0,-1.46719,-1.46719,0.078704,-1.46719,104.1
-1.46728,0,0,0,0,-1.46728,-1.46728,-0.0433753,-1.46728,104.095
-1.46736,0,0,0,0,-1.46736,-1.46736,-0.0433753,-1.46736,104.1
-1.46708,0,0,0,0,-1.46708,-1.46708,0.139744,-1.46708,104.1
-1.46766,0,0,0,0,-1.46766,-1.46766,-0.287534,-1.46766,104.106
-1.46701,0,0,0,0,-1.46701,-1.46701,0.322863,-1.46701,104.1
-1.46587,0,0,0,0,-1.46587,-1.46587,0.567021,-1.46587,104.095
-1.46571,0,0,0,0,-1.46571,-1.46571,0.078704,-1.46571,104.1
-1.46641,0,0,0,0,-1.46641,-1.46641,-0.348574,-1.46641,104.1
-1.46711,0,0,0,0,-1.46711,-1.46711,-0.348574,-1.46711,104.095
-1.46573,0,0,0,0,-1.46573,-1.46573,0.689101,-1.46573,104.1
-1.46581,0,0,0,0,-1.46581,-1.46581,-0.0433753,-1.46581,104.1
-1.46578,0,0,0,0,-1.46578,-1.46578,0.0176644,-1.46578,104.095
-1.46525,0,0,0,0,-1.46525,-1.46525,0.261823,-1.46525,104.1
-1.46485,0,0,0,0,-1.46485,-1.46485,0.200783,-1.46485,104.1
-1.46494,0,0,0,0,-1.46494,-1.46494,-0.0433753,-1.46494,104.1
-1.4649,0,0,0,0,-1.4649,-1.4649,0.0176644,-1.4649,104.095
-1.46548,0,0,0,0,-1.46548,-1.46548,-0.287534,-1.46548,104.1
-1.46483,0,0,0,0,-1.46483,-1.46483,0.322863,-1.46483,104.1
-1.46479,0,0,0,0,-1.46479,-1.46479,0.0176644,-1.46479,104.1
-1.46635,0,0,0,0,-1.46635,-1.46635,-0.775851,-1.46635,104.1
-1.46656,0,0,0,0,-1.46656,-1.46656,-0.104415,-1.46656,104.1
-1.46616,0,0,0,0,-1.46616,-1.46616,0.200783,-1.46616,104.095
-1.46624,0,0,0,0,-1.46624,-1.46624,-0.0433753,-1.46624,104.1
-1.46645,0,0,0,0,-1.46645,-1.46645,-0.104415,-1.46645,104.095
-1.46703,0,0,0,0,-1.46703,-1.46703,-0.287534,-1.46703,104.106
-1.46626,0,0,0,0,-1.46626,-1.46626,0.383902,-1.46626,104.1
-1.46598,0,0,0,0,-1.46598,-1.46598,0.139744,-1.46598,104.1
-1.46582,0,0,0,0,-1.46582,-1.46582,0.078704,-1.46582,104.1
-1.46664,0,0,0,0,-1.46664,-1.46664,-0.409613,-1.46664,104.1
-1.46648,0,0,0,0,-1.46648,-1.46648,0.078704,-1.46648,104.1
-1.4662,0,0,0,0,-1.4662,-1.4662,0.139744,-1.4662,104.095
-1.46654,0,0,0,0,-1.46654,-1.46654,-0.165455,-1.46654,104.095
-1.4665,0,0,0,0,-1.4665,-1.4665,0.0176644,-1.4665,104.1
-1.46671,0,0,0,0,-1.46671,-1.46671,-0.104415,-1.46671,104.106
-1.46667,0,0,0,0,-1.46667,-1.46667,0.0176644,-1.46667,104.1
-1.46664,0,0,0,0,-1.46664,-1.46664,0.0176644,-1.46664,104.1
-1.46709,0,0,0,0,-1.46709,-1.46709,-0.226494,-1.46709,104.1
-1.46718,0,0,0,0,-1.46718,-1.46718,-0.0433753,-1.46718,104.1
-1.46665,0,0,0,0,-1.46665,-1.46665,0.261823,-1.46665,104.095
-1.4665,0,0,0,0,-1.4665,-1.4665,0.078704,-1.4665,104.1
-1.46622,0,0,0,0,-1.46622,-1.46622,0.139744,-1.46622,104.1
-1.46545,0,0,0,0,-1.46545,-1.46545,0.383902,-1.46545,104.1
-1.46541,0,0,0,0,-1.46541,-1.46541,0.0176644,-1.46541,104.1
-1.46635,0,0,0,0,-1.46635,-1.46635,-0.470653,-1.46635,104.1
-1.46767,0,0,0,0,-1.46767,-1.46767,-0.653772,-1.46767,104.106
-1.46726,0,0,0,0,-1.46726,-1.46726,0.200783,-1.46726,104.1
-1.466,0,0,0,0,-1.466,-1.466,0.628061,-1.466,104.106
-1.46523,0,0,0,0,-1.46523,-1.46523,0.383902,-1.46523,104.1
-1.46544,0,0,0,0,-1.46544,-1.46544,-0.104415,-1.46544,104.106
-1.46491,0,0,0,0,-1.46491,-1.46491,0.261823,-1.46491,104.1
-1.46426,0,0,0,0,-1.46426,-1.46426,0.322863,-1.46426,104.1
-1.46447,0,0,0,0,-1.46447,-1.46447,-0.104415,-1.46447,104.1
-1.46444,0,0,0,0,-1.46444,-1.46444,0.0176644,-1.46444,104.1
-1.46379,0,0,0,0,-1.46379,-1.46379,0.322863,-1.46379,104.1
-1.46363,0,0,0,0,-1.46363,-1.46363,0.078704,-1.46363,104.095
-1.46384,0,0,0,0,-1.46384,-1.46384,-0.104415,-1.46384,104.1
-1.46442,0,0,0,0,-1.46442,-1.46442,-0.287534,-1.46442,104.095
-1.46475,0,0,0,0,-1.46475,-1.46475,-0.165455,-1.46475,104.1
-1.46459,0,0,0,0,-1.46459,-1.46459,0.078704,-1.46459,104.095
-1.46505,0,0,0,0,-1.46505,-1.46505,-0.226494,-1.46505,104.095
-1.46513,0,0,0,0,-1.46513,-1.46514,-0.0433753,-1.46514,104.1
-1.46449,0,0,0,0,-1.46449,-1.46449,0.322863,-1.46449,104.1
-1.46396,0,0,0,0,-1.46396,-1.46396,0.261823,-1.46396,104.1
-1.4638,0,0,0,0,-1.4638,-1.4638,0.078704,-1.4638,104.1
-1.46328,0,0,0,0,-1.46328,-1.46328,0.261823,-1.46328,104.106
-1.46287,0,0,0,0,-1.46287,-1.46287,0.200783,-1.46287,104.1
-1.46406,0,0,0,0,-1.46406,-1.46406,-0.592732,-1.46406,104.1
-1.46476,0,0,0,0,-1.46476,-1.46476,-0.348574,-1.46476,104.1
-1.46497,0,0,0,0,-1.46497,-1.46497,-0.104415,-1.46497,104.1
-1.46457,0,0,0,0,-1.46457,-1.46457,0.200783,-1.46457,104.095
-1.46453,0,0,0,0,-1.46453,-1.46453,0.0176644,-1.46453,104.1
-1.46437,0,0,0,0,-1.46437,-1.46438,0.078704,-1.46438,104.1
-1.46471,0,0,0,0,-1.46471,-1.46471,-0.165455,-1.46471,104.106
-1.46418,0,0,0,0,-1.46418,-1.46418,0.261823,-1.46418,104.095
-1.4639,0,0,0,0,-1.4639,-1.4639,0.139744,-1.4639,104.1
-1.4646,0,0,0,0,-1.4646,-1.4646,-0.348574,-1.4646,104.106
-1.46469,0,0,0,0,-1.46469,-1.46469,-0.0433753,-1.46469,104.1
-1.46514,0,0,0,0,-1.46514,-1.46514,-0.226494,-1.46514,104.1
-1.46535,0,0,0,0,-1.46535,-1.46535,-0.104415,-1.46535,104.1
-1.46507,0,0,0,0,-1.46507,-1.46507,0.139744,-1.46507,104.1
-1.46418,0,0,0,0,-1.46418,-1.46418,0.444942,-1.46418,104.095
-1.46328,0,0,0,0,-1.46328,-1.46328,0.444942,-1.46328,104.1
-1.46227,0,0,0,0,-1.46227,-1.46227,0.505982,-1.46227,104.1
-1.46272,0,0,0,0,-1.46272,-1.46272,-0.226494,-1.46272,104.089
-1.46379,0,0,0,0,-1.46379,-1.46379,-0.531693,-1.46379,104.1
-1.46388,0,0,0,0,-1.46388,-1.46388,-0.0433753,-1.46388,104.1
-1.4631,0,0,0,0,-1.4631,-1.4631,0.383902,-1.4631,104.1
-1.46319,0,0,0,0,-1.46319,-1.46319,-0.0433753,-1.46319,104.1
-1.46377,0,0,0,0,-1.46377,-1.46377,-0.287534,-1.46377,104.1
-1.46361,0,0,0,0,-1.46361,-1.46361,0.078704,-1.46361,104.1
-1.46308,0,0,0,0,-1.46308,-1.46308,0.261823,-1.46308,104.1
-1.46329,0,0,0,0,-1.46329,-1.46329,-0.104415,-1.46329,104.1
-1.46412,0,0,0,0,-1.46412,-1.46412,-0.409613,-1.46412,104.106
-1.46347,0,0,0,0,-1.46347,-1.46347,0.322863,-1.46347,104.1
-1.46282,0,0,0,0,-1.46282,-1.46282,0.322863,-1.46282,104.1
-1.46291,0,0,0,0,-1.46291,-1.46291,-0.0433753,-1.46291,104.1
-1.46299,0,0,0,0,-1.46299,-1.46299,-0.0433753,-1.46299,104.1
-1.46247,0,0,0,0,-1.46247,-1.46247,0.261823,-1.46247,104.095
-1.46219,0,0,0,0,-1.46219,-1.46219,0.139744,-1.46219,104.1
-1.4619,0,0,0,0,-1.4619,-1.4619,0.139744,-1.4619,104.106
-1.46138,0,0,0,0,-1.46138,-1.46138,0.261823,-1.46138,104.1
-1.46171,0,0,0,0,-1.46171,-1.46171,-0.165455,-1.46171,104.1
-1.46216,0,0,0,0,-1.46216,-1.46216,-0.226494,-1.46216,104.1
-1.46225,0,0,0,0,-1.46225,-1.46225,-0.0433753,-1.46225,104.1
-1.4616,0,0,0,0,-1.4616,-1.4616,0.322863,-1.4616,104.1
-1.46157,0,0,0,0,-1.46157,-1.46157,0.0176644,-1.46157,104.1
-1.46202,0,0,0,0,-1.46202,-1.46202,-0.226494,-1.46202,104.095
-1.46223,0,0,0,0,-1.46223,-1.46223,-0.104415,-1.46223,104.1
-1.46244,0,0,0,0,-1.46244,-1.46244,-0.104415,-1.46244,104.1
-1.46216,0,0,0,0,-1.46216,-1.46216,0.139744,-1.46216,104.1
-1.46237,0,0,0,0,-1.46237,-1.46237,-0.104415,-1.46237,104.1
-1.46282,0,0,0,0,-1.46282,-1.46282,-0.226494,-1.46282,104.1
-1.46291,0,0,0,0,-1.46291,-1.46291,-0.0433753,-1.46291,104.1
-1.46361,0,0,0,0,-1.46361,-1.46361,-0.348574,-1.46361,104.095
-1.46455,0,0,0,0,-1.46455,-1.46455,-0.470653,-1.46455,104.106
-1.4644,0,0,0,0,-1.4644,-1.4644,0.078704,-1.4644,104.1
-1.46424,0,0,0,0,-1.46424,-1.46424,0.078704,-1.46424,104.095
-1.46457,0,0,0,0,-1.46457,-1.46457,-0.165455,-1.46457,104.1
-1.46527,0,0,0,0,-1.46527,-1.46527,-0.348574,-1.46527,104.1
-1.46646,0,0,0,0,-1.46646,-1.46646,-0.592732,-1.46646,104.1
-1.46593,0,0,0,0,-1.46593,-1.46593,0.261823,-1.46593,104.1
-1.46528,0,0,0,0,-1.46528,-1.46528,0.322863,-1.46528,104.095
-1.465,0,0,0,0,-1.465,-1.465,0.139744,-1.465,104.095
-1.46509,0,0,0,0,-1.46509,-1.46509,-0.0433753,-1.46509,104.1
-1.46493,0,0,0,0,-1.46493,-1.46493,0.078704,-1.46493,104.1
-1.46575,0,0,0,0,-1.46575,-1.46575,-0.409613,-1.46575,104.1
-1.46547,0,0,0,0,-1.46547,-1.46547,0.139744,-1.46547,104.1
-1.4647,0,0,0,0,-1.4647,-1.4647,0.383902,-1.4647,104.106
-1.46467,0,0,0,0,-1.46467,-1.46467,0.0176644,-1.46467,104.106
-1.46573,0,0,0,0,-1.46573,-1.46574,-0.531693,-1.46574,104.1
-1.46631,0,0,0,0,-1.46631,-1.46631,-0.287534,-1.46631,104.1
-1.46554,0,0,0,0,-1.46554,-1.46554,0.383902,-1.46554,104.1
-1.46551,0,0,0,0,-1.46551,-1.46551,0.0176644,-1.46551,104.1
-1.46535,0,0,0,0,-1.46535,-1.46535,0.078704,-1.46535,104.1
-1.46544,0,0,0,0,-1.46544,-1.46544,-0.0433753,-1.46544,104.1
-1.4654,0,0,0,0,-1.4654,-1.4654,0.0176644,-1.4654,104.106
-1.46487,0,0,0,0,-1.46487,-1.46487,0.261823,-1.46487,104.1
-1.46472,0,0,0,0,-1.46472,-1.46472,0.078704,-1.46472,104.1
-1.4648,0,0,0,0,-1.4648,-1.4648,-0.0433753,-1.4648,104.1
-1.46428,0,0,0,0,-1.46428,-1.46428,0.261823,-1.46428,104.106
-1.46498,0,0,0,0,-1.46498,-1.46498,-0.348574,-1.46498,104.1
-1.46531,0,0,0,0,-1.46531,-1.46531,-0.165455,-1.46531,104.1
-1.4649,0,0,0,0,-1.4649,-1.46491,0.200783,-1.46491,104.106
-1.4656,0,0,0,0,-1.4656,-1.46561,-0.348574,-1.46561,104.095
-1.46581,0,0,0,0,-1.46581,-1.46581,-0.104415,-1.46581,104.1
-1.46541,0,0,0,0,-1.46541,-1.46541,0.200783,-1.46541,104.1
-1.46513,0,0,0,0,-1.46513,-1.46513,0.139744,-1.46513,104.1
-1.46485,0,0,0,0,-1.46485,-1.46485,0.139744,-1.46485,104.095
-1.46506,0,0,0,0,-1.46506,-1.46506,-0.104415,-1.46506,104.1
-1.46539,0,0,0,0,-1.46539,-1.46539,-0.165455,-1.46539,104.095
-1.4656,0,0,0,0,-1.4656,-1.4656,-0.104415,-1.4656,104.095
-1.46581,0,0,0,0,-1.46581,-1.46581,-0.104415,-1.46581,104.1
-1.46492,0,0,0,0,-1.46492,-1.46492,0.444942,-1.46492,104.1
-1.46537,0,0,0,0,-1.46537,-1.46537,-0.226494,-1.46537,104.1
-1.46583,0,0,0,0,-1.46583,-1.46583,-0.226494,-1.46583,104.1
-1.46628,0,0,0,0,-1.46628,-1.46628,-0.226494,-1.46628,104.1
-1.46649,0,0,0,0,-1.46649,-1.46649,-0.104415,-1.46649,104.1
-1.46633,0,0,0,0,-1.46633,-1.46633,0.078704,-1.46633,104.1
-1.4663,0,0,0,0,-1.4663,-1.4663,0.0176644,-1.4663,104.106
-1.46675,0,0,0,0,-1.46675,-1.46675,-0.226494,-1.46675,104.1
-1.46696,0,0,0,0,-1.46696,-1.46696,-0.104415,-1.46696,104.106
-1.46729,0,0,0,0,-1.46729,-1.46729,-0.165455,-1.46729,104.095
-1.46701,0,0,0,0,-1.46701,-1.46701,0.139744,-1.46701,104.1
-1.46649,0,0,0,0,-1.46649,-1.46649,0.261823,-1.46649,104.1
-1.4667,0,0,0,0,-1.4667,-1.4667,-0.104415,-1.4667,104.1
-1.46641,0,0,0,0,-1.46641,-1.46641,0.139744,-1.46641,104.1
-1.46638,0,0,0,0,-1.46638,-1.46638,0.0176644,-1.46638,104.1
-1.46671,0,0,0,0,-1.46671,-1.46671,-0.165455,-1.46671,104.1
-1.46631,0,0,0,0,-1.46631,-1.46631,0.200783,-1.46631,104.095
-1.46639,0,0,0,0,-1.46639,-1.46639,-0.0433753,-1.46639,104.095
-1.46648,0,0,0,0,-1.46648,-1.46648,-0.0433753,-1.46648,104.1
-1.46608,0,0,0,0,-1.46608,-1.46608,0.200783,-1.46608,104.095
-1.46617,0,0,0,0,-1.46617,-1.46617,-0.0433753,-1.46617,104.095
-1.46601,0,0,0,0,-1.46601,-1.46601,0.078704,-1.46601,104.095
-1.46524,0,0,0,0,-1.46524,-1.46524,0.383902,-1.46524,104.1
-1.4652,0,0,0,0,-1.4652,-1.4652,0.0176644,-1.4652,104.089
-1.4659,0,0,0,0,-1.4659,-1.4659,-0.348574,-1.4659,104.1
-1.46587,0,0,0,0,-1.46587,-1.46587,0.0176644,-1.46587,104.1
-1.46436,0,0,0,0,-1.46436,-1.46436,0.75014,-1.46436,104.095
-1.46445,0,0,0,0,-1.46445,-1.46445,-0.0433753,-1.46445,104.1
-1.46551,0,0,0,0,-1.46551,-1.46551,-0.531693,-1.46551,104.1
-1.46536,0,0,0,0,-1.46536,-1.46536,0.078704,-1.46536,104.1
-1.46483,0,0,0,0,-1.46483,-1.46483,0.261823,-1.46483,104.1
-1.46504,0,0,0,0,-1.46504,-1.46504,-0.104415,-1.46504,104.1
-1.465,0,0,0,0,-1.465,-1.465,0.0176644,-1.465,104.095
-1.46521,0,0,0,0,-1.46521,-1.46521,-0.104415,-1.46521,104.095
-1.46555,0,0,0,0,-1.46555,-1.46555,-0.165455,-1.46555,104.1
-1.46588,0,0,0,0,-1.46588,-1.46588,-0.165455,-1.46588,104.1
-1.46621,0,0,0,0,-1.46621,-1.46621,-0.165455,-1.46621,104.1
-1.46654,0,0,0,0,-1.46654,-1.46654,-0.165455,-1.46654,104.1
-1.46651,0,0,0,0,-1.46651,-1.46651,0.0176644,-1.46651,104.111
-1.46696,0,0,0,0,-1.46696,-1.46696,-0.226494,-1.46696,104.1
-1.46668,0,0,0,0,-1.46668,-1.46668,0.139744,-1.46668,104.095
-1.46714,0,0,0,0,-1.46714,-1.46714,-0.226494,-1.46714,104.106
-1.46722,0,0,0,0,-1.46722,-1.46722,-0.0433753,-1.46722,104.1
-1.46719,0,0,0,0,-1.46719,-1.46719,0.0176644,-1.46719,104.1
-1.46715,0,0,0,0,-1.46715,-1.46715,0.0176644,-1.46715,104.1
-1.46687,0,0,0,0,-1.46687,-1.46687,0.139744,-1.46687,104.1
-1.46671,0,0,0,0,-1.46671,-1.46671,0.078704,-1.46671,104.106
-1.46656,0,0,0,0,-1.46656,-1.46656,0.078704,-1.46656,104.1
-1.46615,0,0,0,0,-1.46615,-1.46615,0.200783,-1.46615,104.1
-1.46722,0,0,0,0,-1.46722,-1.46722,-0.531693,-1.46722,104.1
-1.46743,0,0,0,0,-1.46743,-1.46743,-0.104415,-1.46743,104.095
-1.46776,0,0,0,0,-1.46776,-1.46776,-0.165455,-1.46776,104.106
-1.46785,0,0,0,0,-1.46785,-1.46785,-0.0433753,-1.46785,104.106
-1.46659,0,0,0,0,-1.46659,-1.46659,0.628061,-1.46659,104.106
-1.46618,0,0,0,0,-1.46618,-1.46618,0.200783,-1.46618,104.089
-1.46676,0,0,0,0,-1.46676,-1.46676,-0.287534,-1.46676,104.095
-1.46697,0,0,0,0,-1.46697,-1.46697,-0.104415,-1.46697,104.106
-1.46657,0,0,0,0,-1.46657,-1.46657,0.200783,-1.46657,104.095
-1.46641,0,0,0,0,-1.46641,-1.46641,0.078704,-1.46641,104.106
-1.46662,0,0,0,0,-1.46662,-1.46662,-0.104415,-1.46662,104.089
-1.46768,0,0,0,0,-1.46768,-1.46768,-0.531693,-1.46768,104.095
-1.46777,0,0,0,0,-1.46777,-1.46777,-0.0433753,-1.46777,104.111
-1.46749,0,0,0,0,-1.46749,-1.46749,0.139744,-1.46749,104.095
-1.46696,0,0,0,0,-1.46696,-1.46696,0.261823,-1.46696,104.1
-1.46632,0,0,0,0,-1.46632,-1.46632,0.322863,-1.46632,104.1
-1.4664,0,0,0,0,-1.4664,-1.4664,-0.0433753,-1.4664,104.095
-1.46674,0,0,0,0,-1.46674,-1.46674,-0.165455,-1.46674,104.1
-1.46707,0,0,0,0,-1.46707,-1.46707,-0.165455,-1.46707,104.089
-1.46715,0,0,0,0,-1.46715,-1.46715,-0.0433753,-1.46715,104.1
-1.46736,0,0,0,0,-1.46736,-1.46736,-0.104415,-1.46736,104.1
-1.4677,0,0,0,0,-1.4677,-1.4677,-0.165455,-1.4677,104.095
-1.46778,0,0,0,0,-1.46778,-1.46778,-0.0433753,-1.46778,104.1
-1.46775,0,0,0,0,-1.46775,-1.46775,0.0176644,-1.46775,104.1
-1.46759,0,0,0,0,-1.46759,-1.46759,0.078704,-1.46759,104.106
-1.46804,0,0,0,0,-1.46804,-1.46804,-0.226494,-1.46804,104.089
-1.46936,0,0,0,0,-1.46936,-1.46936,-0.653772,-1.46936,104.106
-1.4692,0,0,0,0,-1.4692,-1.4692,0.078704,-1.4692,104.095
-1.46867,0,0,0,0,-1.46867,-1.46867,0.261823,-1.46867,104.1
-1.46839,0,0,0,0,-1.46839,-1.46839,0.139744,-1.46839,104.1
-1.46921,0,0,0,0,-1.46921,-1.46921,-0.409613,-1.46921,104.095
-1.46832,0,0,0,0,-1.46832,-1.46832,0.444942,-1.46832,104.1
-1.46841,0,0,0,0,-1.46841,-1.46841,-0.0433753,-1.46841,104.1
-1.46837,0,0,0,0,-1.46837,-1.46837,0.0176644,-1.46837,104.1
-1.46809,0,0,0,0,-1.46809,-1.46809,0.139744,-1.46809,104.1
-1.46842,0,0,0,0,-1.46842,-1.46842,-0.165455,-1.46842,104.1
-1.469,0,0,0,0,-1.469,-1.469,-0.287534,-1.469,104.095
-1.46872,0,0,0,0,-1.46872,-1.46872,0.139744,-1.46872,104.1
-1.4688,0,0,0,0,-1.4688,-1.4688,-0.0433753,-1.4688,104.1
-1.46963,0,0,0,0,-1.46963,-1.46963,-0.409613,-1.46963,104.1
-1.46947,0,0,0,0,-1.46947,-1.46947,0.078704,-1.46947,104.1
-1.47029,0,0,0,0,-1.47029,-1.47029,-0.409613,-1.47029,104.1
-1.47124,0,0,0,0,-1.47124,-1.47124,-0.470653,-1.47124,104.095
-1.47144,0,0,0,0,-1.47144,-1.47145,-0.104415,-1.47145,104.1
-1.47129,0,0,0,0,-1.47129,-1.47129,0.078704,-1.47129,104.1
-1.47064,0,0,0,0,-1.47064,-1.47064,0.322863,-1.47064,104.1
-1.47072,0,0,0,0,-1.47072,-1.47073,-0.0433753,-1.47073,104.095
-1.47057,0,0,0,0,-1.47057,-1.47057,0.078704,-1.47057,104.1
-1.47102,0,0,0,0,-1.47102,-1.47102,-0.226494,-1.47102,104.1
-1.47086,0,0,0,0,-1.47086,-1.47086,0.078704,-1.47086,104.1
-1.47083,0,0,0,0,-1.47083,-1.47083,0.0176644,-1.47083,104.1
-1.47055,0,0,0,0,-1.47055,-1.47055,0.139744,-1.47055,104.1
-1.47039,0,0,0,0,-1.47039,-1.47039,0.078704,-1.47039,104.095
-1.46986,0,0,0,0,-1.46986,-1.46986,0.261823,-1.46986,104.1
-1.47007,0,0,0,0,-1.47007,-1.47007,-0.104415,-1.47007,104.1
-1.47065,0,0,0,0,-1.47065,-1.47065,-0.287534,-1.47065,104.1
-1.47073,0,0,0,0,-1.47073,-1.47074,-0.0433753,-1.47074,104.1
-1.47131,0,0,0,0,-1.47131,-1.47131,-0.287534,-1.47131,104.1
-1.47103,0,0,0,0,-1.47103,-1.47103,0.139744,-1.47103,104.1
-1.47087,0,0,0,0,-1.47087,-1.47087,0.078704,-1.47087,104.1
-1.47084,0,0,0,0,-1.47084,-1.47084,0.0176644,-1.47084,104.1
-1.46994,0,0,0,0,-1.46994,-1.46995,0.444942,-1.46995,104.106
-1.47015,0,0,0,0,-1.47015,-1.47016,-0.104415,-1.47016,104.1
-1.47098,0,0,0,0,-1.47098,-1.47098,-0.409613,-1.47098,104.1
-1.47119,0,0,0,0,-1.47119,-1.47119,-0.104415,-1.47119,104.1
-1.4714,0,0,0,0,-1.4714,-1.4714,-0.104415,-1.4714,104.106
-1.47148,0,0,0,0,-1.47148,-1.47148,-0.0433753,-1.47148,104.1
-1.47194,0,0,0,0,-1.47194,-1.47194,-0.226494,-1.47194,104.1
-1.47264,0,0,0,0,-1.47264,-1.47264,-0.348574,-1.47264,104.1
-1.47223,0,0,0,0,-1.47223,-1.47223,0.200783,-1.47223,104.1
-1.47073,0,0,0,0,-1.47073,-1.47073,0.75014,-1.47073,104.095
-1.47094,0,0,0,0,-1.47094,-1.47094,-0.104415,-1.47094,104.095
-1.47151,0,0,0,0,-1.47151,-1.47151,-0.287534,-1.47151,104.095
-1.4716,0,0,0,0,-1.4716,-1.4716,-0.0433753,-1.4716,104.1
-1.47058,0,0,0,0,-1.47058,-1.47058,0.505982,-1.47058,104.095
-1.47043,0,0,0,0,-1.47043,-1.47043,0.078704,-1.47043,104.1
-1.47088,0,0,0,0,-1.47088,-1.47088,-0.226494,-1.47088,104.095
-1.47183,0,0,0,0,-1.47183,-1.47183,-0.470653,-1.47183,104.1
-1.47179,0,0,0,0,-1.47179,-1.47179,0.0176644,-1.47179,104.106
-1.47175,0,0,0,0,-1.47175,-1.47175,0.0176644,-1.47175,104.1
-1.47233,0,0,0,0,-1.47233,-1.47233,-0.287534,-1.47233,104.1
-1.47205,0,0,0,0,-1.47205,-1.47205,0.139744,-1.47205,104.1
-1.47226,0,0,0,0,-1.47226,-1.47226,-0.104415,-1.47226,104.1
-1.47284,0,0,0,0,-1.47284,-1.47284,-0.287534,-1.47284,104.1
-1.47255,0,0,0,0,-1.47255,-1.47255,0.139744,-1.47255,104.1
-1.47154,0,0,0,0,-1.47154,-1.47154,0.505982,-1.47154,104.106
-1.47163,0,0,0,0,-1.47163,-1.47163,-0.0433753,-1.47163,104.095
-1.47245,0,0,0,0,-1.47245,-1.47245,-0.409613,-1.47245,104.106
-1.47254,0,0,0,0,-1.47254,-1.47254,-0.0433753,-1.47254,104.1
-1.4725,0,0,0,0,-1.4725,-1.4725,0.0176644,-1.4725,104.1
-1.47259,0,0,0,0,-1.47259,-1.47259,-0.0433753,-1.47259,104.1
-1.47169,0,0,0,0,-1.47169,-1.47169,0.444942,-1.47169,104.095
-1.47166,0,0,0,0,-1.47166,-1.47166,0.0176644,-1.47166,104.1
-1.47211,0,0,0,0,-1.47211,-1.47211,-0.226494,-1.47211,104.1
-1.47171,0,0,0,0,-1.47171,-1.47171,0.200783,-1.47171,104.106
-1.47155,0,0,0,0,-1.47155,-1.47155,0.078704,-1.47155,104.1
-1.47102,0,0,0,0,-1.47102,-1.47103,0.261823,-1.47103,104.095
-1.47111,0,0,0,0,-1.47111,-1.47111,-0.0433753,-1.47111,104.1
-1.47169,0,0,0,0,-1.47169,-1.47169,-0.287534,-1.47169,104.106
-1.47202,0,0,0,0,-1.47202,-1.47202,-0.165455,-1.47202,104.106
-1.47186,0,0,0,0,-1.47186,-1.47186,0.078704,-1.47186,104.1
-1.47085,0,0,0,0,-1.47085,-1.47085,0.505982,-1.47085,104.1
-1.47032,0,0,0,0,-1.47032,-1.47032,0.261823,-1.47032,104.111
-1.4709,0,0,0,0,-1.4709,-1.4709,-0.287534,-1.4709,104.1
-1.47074,0,0,0,0,-1.47074,-1.47074,0.078704,-1.47074,104.1
-1.46997,0,0,0,0,-1.46997,-1.46997,0.383902,-1.46997,104.1
-1.46956,0,0,0,0,-1.46956,-1.46956,0.200783,-1.46956,104.1
-1.46904,0,0,0,0,-1.46904,-1.46904,0.261823,-1.46904,104.1
-1.46949,0,0,0,0,-1.46949,-1.46949,-0.226494,-1.46949,104.1
-1.46872,0,0,0,0,-1.46872,-1.46872,0.383902,-1.46872,104.1
-1.46783,0,0,0,0,-1.46783,-1.46783,0.444942,-1.46783,104.106
-1.46718,0,0,0,0,-1.46718,-1.46718,0.322863,-1.46718,104.1
-1.46776,0,0,0,0,-1.46776,-1.46776,-0.287534,-1.46776,104.1
-1.4676,0,0,0,0,-1.4676,-1.4676,0.078704,-1.4676,104.095
-1.46756,0,0,0,0,-1.46756,-1.46756,0.0176644,-1.46756,104.095
-1.46789,0,0,0,0,-1.46789,-1.4679,-0.165455,-1.4679,104.1
-1.46847,0,0,0,0,-1.46847,-1.46847,-0.287534,-1.46847,104.106
-1.46905,0,0,0,0,-1.46905,-1.46905,-0.287534,-1.46905,104.1
-1.46926,0,0,0,0,-1.46926,-1.46926,-0.104415,-1.46926,104.106
-1.46959,0,0,0,0,-1.46959,-1.46959,-0.165455,-1.46959,104.095
-1.46931,0,0,0,0,-1.46931,-1.46931,0.139744,-1.46931,104.1
-1.46842,0,0,0,0,-1.46842,-1.46842,0.444942,-1.46842,104.1
-1.46789,0,0,0,0,-1.46789,-1.46789,0.261823,-1.46789,104.1
-1.46773,0,0,0,0,-1.46773,-1.46773,0.078704,-1.46773,104.1
-1.46806,0,0,0,0,-1.46806,-1.46806,-0.165455,-1.46806,104.095
-1.46889,0,0,0,0,-1.46889,-1.46889,-0.409613,-1.46889,104.1
-1.46934,0,0,0,0,-1.46934,-1.46934,-0.226494,-1.46934,104.1
-1.46943,0,0,0,0,-1.46943,-1.46943,-0.0433753,-1.46943,104.1
-1.46841,0,0,0,0,-1.46841,-1.46841,0.505982,-1.46841,104.1
-1.46813,0,0,0,0,-1.46813,-1.46813,0.139744,-1.46813,104.1
-1.4692,0,0,0,0,-1.4692,-1.4692,-0.531693,-1.4692,104.1
-1.46892,0,0,0,0,-1.46892,-1.46892,0.139744,-1.46892,104.1
-1.46912,0,0,0,0,-1.46912,-1.46912,-0.104415,-1.46912,104.095
-1.46848,0,0,0,0,-1.46848,-1.46848,0.322863,-1.46848,104.106
-1.46807,0,0,0,0,-1.46807,-1.46807,0.200783,-1.46807,104.1
-1.46853,0,0,0,0,-1.46853,-1.46853,-0.226494,-1.46853,104.095
-1.4691,0,0,0,0,-1.4691,-1.4691,-0.287534,-1.4691,104.095
-1.4698,0,0,0,0,-1.4698,-1.4698,-0.348574,-1.4698,104.1
-1.46977,0,0,0,0,-1.46977,-1.46977,0.0176644,-1.46977,104.1
-1.46961,0,0,0,0,-1.46961,-1.46961,0.078704,-1.46961,104.1
-1.47019,0,0,0,0,-1.47019,-1.47019,-0.287534,-1.47019,104.1
-1.46941,0,0,0,0,-1.46941,-1.46941,0.383902,-1.46941,104.1
-1.46987,0,0,0,0,-1.46987,-1.46987,-0.226494,-1.46987,104.1
-1.46959,0,0,0,0,-1.46959,-1.46959,0.139744,-1.46959,104.1
-1.46919,0,0,0,0,-1.46919,-1.46919,0.200783,-1.46919,104.1
-1.46878,0,0,0,0,-1.46878,-1.46878,0.200783,-1.46878,104.1
-1.46875,0,0,0,0,-1.46875,-1.46875,0.0176644,-1.46875,104.1
-1.46932,0,0,0,0,-1.46932,-1.46932,-0.287534,-1.46932,104.1
-1.46892,0,0,0,0,-1.46892,-1.46892,0.200783,-1.46892,104.1
-1.46864,0,0,0,0,-1.46864,-1.46864,0.139744,-1.46864,104.1
-1.46873,0,0,0,0,-1.46873,-1.46873,-0.0433753,-1.46873,104.095
-1.46918,0,0,0,0,-1.46918,-1.46918,-0.226494,-1.46918,104.111
-1.46829,0,0,0,0,-1.46829,-1.46829,0.444942,-1.46829,104.095
-1.468,0,0,0,0,-1.468,-1.46801,0.139744,-1.46801,104.1
-1.4687,0,0,0,0,-1.4687,-1.4687,-0.348574,-1.4687,104.1
-1.46891,0,0,0,0,-1.46891,-1.46891,-0.104415,-1.46891,104.1
-1.46888,0,0,0,0,-1.46888,-1.46888,0.0176644,-1.46888,104.095
-1.46786,0,0,0,0,-1.46786,-1.46786,0.505982,-1.46786,104.095
-1.46709,0,0,0,0,-1.46709,-1.46709,0.383902,-1.46709,104.1
-1.46742,0,0,0,0,-1.46742,-1.46742,-0.165455,-1.46742,104.1
-1.46824,0,0,0,0,-1.46824,-1.46824,-0.409613,-1.46824,104.095
-1.46772,0,0,0,0,-1.46772,-1.46772,0.261823,-1.46772,104.1
-1.46707,0,0,0,0,-1.46707,-1.46707,0.322863,-1.46707,104.1
-1.46752,0,0,0,0,-1.46752,-1.46752,-0.226494,-1.46752,104.1
-1.46834,0,0,0,0,-1.46834,-1.46834,-0.409613,-1.46834,104.1
-1.46843,0,0,0,0,-1.46843,-1.46843,-0.0433753,-1.46843,104.1
-1.46778,0,0,0,0,-1.46778,-1.46778,0.322863,-1.46778,104.095
-1.46836,0,0,0,0,-1.46836,-1.46836,-0.287534,-1.46836,104.1
-1.46881,0,0,0,0,-1.46881,-1.46881,-0.226494,-1.46881,104.1
-1.46841,0,0,0,0,-1.46841,-1.46841,0.200783,-1.46841,104.095
-1.46739,0,0,0,0,-1.46739,-1.46739,0.505982,-1.46739,104.106
-1.46797,0,0,0,0,-1.46797,-1.46797,-0.287534,-1.46797,104.106
-1.46916,0,0,0,0,-1.46916,-1.46916,-0.592732,-1.46916,104.1
-1.46863,0,0,0,0,-1.46863,-1.46863,0.261823,-1.46863,104.1
-1.46762,0,0,0,0,-1.46762,-1.46762,0.505982,-1.46762,104.106
-1.4677,0,0,0,0,-1.4677,-1.46771,-0.0433753,-1.46771,104.095
-1.46828,0,0,0,0,-1.46828,-1.46828,-0.287534,-1.46828,104.1
-1.46923,0,0,0,0,-1.46923,-1.46923,-0.470653,-1.46923,104.1
-1.46931,0,0,0,0,-1.46931,-1.46931,-0.0433753,-1.46931,104.095
-1.46854,0,0,0,0,-1.46854,-1.46854,0.383902,-1.46854,104.095
-1.46838,0,0,0,0,-1.46838,-1.46838,0.078704,-1.46838,104.1
-1.46847,0,0,0,0,-1.46847,-1.46847,-0.0433753,-1.46847,104.095
-1.4688,0,0,0,0,-1.4688,-1.4688,-0.165455,-1.4688,104.1
-1.46815,0,0,0,0,-1.46815,-1.46815,0.322863,-1.46815,104.1
-1.4675,0,0,0,0,-1.4675,-1.4675,0.322863,-1.4675,104.111
-1.46808,0,0,0,0,-1.46808,-1.46808,-0.287534,-1.46808,104.1
-1.4689,0,0,0,0,-1.4689,-1.4689,-0.409613,-1.4689,104.1
-1.46899,0,0,0,0,-1.46899,-1.46899,-0.0433753,-1.46899,104.1
-1.46847,0,0,0,0,-1.46847,-1.46847,0.261823,-1.46847,104.1
-1.46904,0,0,0,0,-1.46904,-1.46904,-0.287534,-1.46904,104.106
-1.46815,0,0,0,0,-1.46815,-1.46815,0.444942,-1.46815,104.095
-1.46811,0,0,0,0,-1.46811,-1.46811,0.0176644,-1.46811,104.1
-1.46918,0,0,0,0,-1.46918,-1.46918,-0.531693,-1.46918,104.1
-1.46964,0,0,0,0,-1.46964,-1.46964,-0.226494,-1.46964,104.1
-1.46972,0,0,0,0,-1.46972,-1.46972,-0.0433753,-1.46972,104.106
-1.47018,0,0,0,0,-1.47018,-1.47018,-0.226494,-1.47018,104.1
-1.47002,0,0,0,0,-1.47002,-1.47002,0.078704,-1.47002,104.1
-1.46949,0,0,0,0,-1.46949,-1.46949,0.261823,-1.46949,104.1
-1.46982,0,0,0,0,-1.46982,-1.46982,-0.165455,-1.46982,104.1
-1.46966,0,0,0,0,-1.46966,-1.46967,0.078704,-1.46967,104.106
-1.46914,0,0,0,0,-1.46914,-1.46914,0.261823,-1.46914,104.1
-1.46947,0,0,0,0,-1.46947,-1.46947,-0.165455,-1.46947,104.1
-1.46968,0,0,0,0,-1.46968,-1.46968,-0.104415,-1.46968,104.106
-1.47001,0,0,0,0,-1.47001,-1.47001,-0.165455,-1.47001,104.106
-1.46998,0,0,0,0,-1.46998,-1.46998,0.0176644,-1.46998,104.1
-1.47006,0,0,0,0,-1.47006,-1.47006,-0.0433753,-1.47006,104.1
-1.47113,0,0,0,0,-1.47113,-1.47113,-0.531693,-1.47113,104.106
-1.47061,0,0,0,0,-1.47061,-1.47061,0.261823,-1.47061,104.106
-1.47032,0,0,0,0,-1.47032,-1.47032,0.139744,-1.47032,104.095
-1.4709,0,0,0,0,-1.4709,-1.4709,-0.287534,-1.4709,104.106
-1.47136,0,0,0,0,-1.47136,-1.47136,-0.226494,-1.47136,104.1
-1.47083,0,0,0,0,-1.47083,-1.47083,0.261823,-1.47083,104.1
-1.4703,0,0,0,0,-1.4703,-1.4703,0.261823,-1.4703,104.095
-1.4699,0,0,0,0,-1.4699,-1.4699,0.200783,-1.4699,104.1
-1.46999,0,0,0,0,-1.46999,-1.46999,-0.0433753,-1.46999,104.1
-1.47081,0,0,0,0,-1.47081,-1.47081,-0.409613,-1.47081,104.1
-1.47102,0,0,0,0,-1.47102,-1.47102,-0.104415,-1.47102,104.1
-1.47,0,0,0,0,-1.47,-1.47,0.505982,-1.47,104.1
-1.46984,0,0,0,0,-1.46984,-1.46984,0.078704,-1.46984,104.095
-1.46981,0,0,0,0,-1.46981,-1.46981,0.0176644,-1.46981,104.1
-1.4699,0,0,0,0,-1.4699,-1.4699,-0.0433753,-1.4699,104.1
-1.46937,0,0,0,0,-1.46937,-1.46937,0.261823,-1.46937,104.1
-1.46909,0,0,0,0,-1.46909,-1.46909,0.139744,-1.46909,104.095
-1.4693,0,0,0,0,-1.4693,-1.4693,-0.104415,-1.4693,104.1
-1.46926,0,0,0,0,-1.46926,-1.46926,0.0176644,-1.46926,104.1
-1.46886,0,0,0,0,-1.46886,-1.46886,0.200783,-1.46886,104.1
-1.46833,0,0,0,0,-1.46833,-1.46833,0.261823,-1.46833,104.106
-1.46805,0,0,0,0,-1.46805,-1.46805,0.139744,-1.46805,104.1
-1.46802,0,0,0,0,-1.46802,-1.46802,0.0176644,-1.46802,104.106
-1.46872,0,0,0,0,-1.46872,-1.46872,-0.348574,-1.46872,104.1
-1.46905,0,0,0,0,-1.46905,-1.46905,-0.165455,-1.46905,104.095
-1.46877,0,0,0,0,-1.46877,-1.46877,0.139744,-1.46877,104.1
-1.468,0,0,0,0,-1.468,-1.468,0.383902,-1.468,104.1
-1.46723,0,0,0,0,-1.46723,-1.46723,0.383902,-1.46723,104.1
-1.46805,0,0,0,0,-1.46805,-1.46805,-0.409613,-1.46805,104.106
-1.46838,0,0,0,0,-1.46838,-1.46838,-0.165455,-1.46838,104.095
-1.46761,0,0,0,0,-1.46761,-1.46761,0.383902,-1.46761,104.106
-1.46757,0,0,0,0,-1.46757,-1.46757,0.0176644,-1.46757,104.095
-1.46729,0,0,0,0,-1.46729,-1.46729,0.139744,-1.46729,104.1
-1.46738,0,0,0,0,-1.46738,-1.46738,-0.0433753,-1.46738,104.1
-1.46893,0,0,0,0,-1.46893,-1.46894,-0.775851,-1.46894,104.1
-1.46927,0,0,0,0,-1.46927,-1.46927,-0.165455,-1.46927,104.1
-1.46837,0,0,0,0,-1.46837,-1.46837,0.444942,-1.46837,104.095
-1.46846,0,0,0,0,-1.46846,-1.46846,-0.0433753,-1.46846,104.1
-1.46842,0,0,0,0,-1.46842,-1.46842,0.0176644,-1.46842,104.106
-1.46888,0,0,0,0,-1.46888,-1.46888,-0.226494,-1.46888,104.106
-1.46884,0,0,0,0,-1.46884,-1.46884,0.0176644,-1.46884,104.106
-1.46905,0,0,0,0,-1.46905,-1.46905,-0.104415,-1.46905,104.1
-1.46865,0,0,0,0,-1.46865,-1.46865,0.200783,-1.46865,104.1
-1.46763,0,0,0,0,-1.46763,-1.46763,0.505982,-1.46763,104.106
-1.46723,0,0,0,0,-1.46723,-1.46723,0.200783,-1.46723,104.1
-1.4667,0,0,0,0,-1.4667,-1.4667,0.261823,-1.4667,104.1
-1.46679,0,0,0,0,-1.46679,-1.46679,-0.0433753,-1.46679,104.1
-1.46786,0,0,0,0,-1.46786,-1.46786,-0.531693,-1.46786,104.106
-1.46758,0,0,0,0,-1.46758,-1.46758,0.139744,-1.46758,104.1
-1.46693,0,0,0,0,-1.46693,-1.46693,0.322863,-1.46693,104.1
-1.46665,0,0,0,0,-1.46665,-1.46665,0.139744,-1.46665,104.1
-1.46722,0,0,0,0,-1.46722,-1.46722,-0.287534,-1.46722,104.1
-1.46645,0,0,0,0,-1.46645,-1.46645,0.383902,-1.46645,104.106
-1.46617,0,0,0,0,-1.46617,-1.46617,0.139744,-1.46617,104.1
-1.46675,0,0,0,0,-1.46675,-1.46675,-0.287534,-1.46675,104.1
-1.46733,0,0,0,0,-1.46733,-1.46733,-0.287534,-1.46733,104.1
-1.4668,0,0,0,0,-1.4668,-1.4668,0.261823,-1.4668,104.1
-1.46652,0,0,0,0,-1.46652,-1.46652,0.139744,-1.46652,104.106
-1.4671,0,0,0,0,-1.4671,-1.4671,-0.287534,-1.4671,104.1
-1.46706,0,0,0,0,-1.46706,-1.46706,0.0176644,-1.46706,104.1
-1.46825,0,0,0,0,-1.46825,-1.46825,-0.592732,-1.46825,104.095
-1.46883,0,0,0,0,-1.46883,-1.46883,-0.287534,-1.46883,104.095
-1.4683,0,0,0,0,-1.4683,-1.4683,0.261823,-1.4683,104.095
-1.46753,0,0,0,0,-1.46753,-1.46753,0.383902,-1.46753,104.095
-1.46811,0,0,0,0,-1.46811,-1.46811,-0.287534,-1.46811,104.1
-1.46856,0,0,0,0,-1.46856,-1.46856,-0.226494,-1.46856,104.106
-1.46828,0,0,0,0,-1.46828,-1.46828,0.139744,-1.46828,104.1
-1.46812,0,0,0,0,-1.46812,-1.46812,0.078704,-1.46812,104.1
-1.4676,0,0,0,0,-1.4676,-1.4676,0.261823,-1.4676,104.1
-1.4683,0,0,0,0,-1.4683,-1.4683,-0.348574,-1.4683,104.095
-1.46949,0,0,0,0,-1.46949,-1.46949,-0.592732,-1.46949,104.106
-1.46908,0,0,0,0,-1.46908,-1.46908,0.200783,-1.46908,104.089
-1.46917,0,0,0,0,-1.46917,-1.46917,-0.0433753,-1.46917,104.106
-1.46828,0,0,0,0,-1.46828,-1.46828,0.444942,-1.46828,104.1
-1.46812,0,0,0,0,-1.46812,-1.46812,0.078704,-1.46812,104.1
-1.46918,0,0,0,0,-1.46918,-1.46919,-0.531693,-1.46919,104.106
-1.46939,0,0,0,0,-1.46939,-1.46939,-0.104415,-1.46939,104.095
-1.46997,0,0,0,0,-1.46997,-1.46997,-0.287534,-1.46997,104.095
-1.46957,0,0,0,0,-1.46957,-1.46957,0.200783,-1.46957,104.095
-1.46904,0,0,0,0,-1.46904,-1.46904,0.261823,-1.46904,104.095
-1.46888,0,0,0,0,-1.46888,-1.46888,0.078704,-1.46888,104.095
-1.46897,0,0,0,0,-1.46897,-1.46897,-0.0433753,-1.46897,104.095
-1.46942,0,0,0,0,-1.46942,-1.46942,-0.226494,-1.46942,104.1
-1.47012,0,0,0,0,-1.47012,-1.47012,-0.348574,-1.47012,104.1
-1.47033,0,0,0,0,-1.47033,-1.47033,-0.104415,-1.47033,104.1
-1.4703,0,0,0,0,-1.4703,-1.4703,0.0176644,-1.4703,104.1
-1.46952,0,0,0,0,-1.46952,-1.46953,0.383902,-1.46953,104.106
-1.46986,0,0,0,0,-1.46986,-1.46986,-0.165455,-1.46986,104.1
-1.46982,0,0,0,0,-1.46982,-1.46982,0.0176644,-1.46982,104.095
-1.46954,0,0,0,0,-1.46954,-1.46954,0.139744,-1.46954,104.106
-1.47073,0,0,0,0,-1.47073,-1.47073,-0.592732,-1.47073,104.095
-1.47167,0,0,0,0,-1.47167,-1.47168,-0.470653,-1.47168,104.106
-1.47164,0,0,0,0,-1.47164,-1.47164,0.0176644,-1.47164,104.1
-1.47075,0,0,0,0,-1.47075,-1.47075,0.444942,-1.47075,104.095
-1.46985,0,0,0,0,-1.46985,-1.46985,0.444942,-1.46985,104.1
-1.47092,0,0,0,0,-1.47092,-1.47092,-0.531693,-1.47092,104.1
-1.47137,0,0,0,0,-1.47137,-1.47137,-0.226494,-1.47137,104.1
-1.4717,0,0,0,0,-1.4717,-1.47171,-0.165455,-1.47171,104.1
-1.47106,0,0,0,0,-1.47106,-1.47106,0.322863,-1.47106,104.1
-1.47029,0,0,0,0,-1.47029,-1.47029,0.383902,-1.47029,104.1
-1.46988,0,0,0,0,-1.46988,-1.46988,0.200783,-1.46988,104.095
-1.47009,0,0,0,0,-1.47009,-1.47009,-0.104415,-1.47009,104.111
-1.47042,0,0,0,0,-1.47042,-1.47042,-0.165455,-1.47042,104.1
-1.47039,0,0,0,0,-1.47039,-1.47039,0.0176644,-1.47039,104.1
-1.46937,0,0,0,0,-1.46937,-1.46937,0.505982,-1.46937,104.1
-1.46946,0,0,0,0,-1.46946,-1.46946,-0.0433753,-1.46946,104.106
-1.46942,0,0,0,0,-1.46942,-1.46942,0.0176644,-1.46942,104.106
-1.46951,0,0,0,0,-1.46951,-1.46951,-0.0433753,-1.46951,104.106
-1.46984,0,0,0,0,-1.46984,-1.46984,-0.165455,-1.46984,104.1
-1.47066,0,0,0,0,-1.47066,-1.47066,-0.409613,-1.47066,104.1
-1.4694,0,0,0,0,-1.4694,-1.4694,0.628061,-1.4694,104.1
-1.46949,0,0,0,0,-1.46949,-1.46949,-0.0433753,-1.46949,104.1
-1.47019,0,0,0,0,-1.47019,-1.47019,-0.348574,-1.47019,104.1
-1.47052,0,0,0,0,-1.47052,-1.47052,-0.165455,-1.47052,104.1
-1.4711,0,0,0,0,-1.4711,-1.4711,-0.287534,-1.4711,104.1
-1.47131,0,0,0,0,-1.47131,-1.47131,-0.104415,-1.47131,104.1
-1.47103,0,0,0,0,-1.47103,-1.47103,0.139744,-1.47103,104.095
-1.47087,0,0,0,0,-1.47087,-1.47087,0.078704,-1.47087,104.106
-1.47096,0,0,0,0,-1.47096,-1.47096,-0.0433753,-1.47096,104.1
-1.47153,0,0,0,0,-1.47153,-1.47153,-0.287534,-1.47153,104.1
-1.47162,0,0,0,0,-1.47162,-1.47162,-0.0433753,-1.47162,104.1
-1.47207,0,0,0,0,-1.47207,-1.47207,-0.226494,-1.47207,104.1
-1.47216,0,0,0,0,-1.47216,-1.47216,-0.0433753,-1.47216,104.1
-1.4731,0,0,0,0,-1.4731,-1.4731,-0.470653,-1.4731,104.1
-1.47344,0,0,0,0,-1.47344,-1.47344,-0.165455,-1.47344,104.1
-1.4734,0,0,0,0,-1.4734,-1.4734,0.0176644,-1.4734,104.1
-1.4741,0,0,0,0,-1.4741,-1.4741,-0.348574,-1.4741,104.095
-1.47382,0,0,0,0,-1.47382,-1.47382,0.139744,-1.47382,104.1
-1.47305,0,0,0,0,-1.47305,-1.47305,0.383902,-1.47305,104.095
-1.47314,0,0,0,0,-1.47314,-1.47314,-0.0433753,-1.47314,104.106
-1.47335,0,0,0,0,-1.47335,-1.47335,-0.104415,-1.47335,104.1
-1.47331,0,0,0,0,-1.47331,-1.47331,0.0176644,-1.47331,104.1
-1.47426,0,0,0,0,-1.47426,-1.47426,-0.470653,-1.47426,104.1
-1.47434,0,0,0,0,-1.47434,-1.47434,-0.0433753,-1.47434,104.1
-1.47406,0,0,0,0,-1.47406,-1.47406,0.139744,-1.47406,104.1
-1.47329,0,0,0,0,-1.47329,-1.47329,0.383902,-1.47329,104.1
-1.47374,0,0,0,0,-1.47374,-1.47374,-0.226494,-1.47374,104.1
-1.47506,0,0,0,0,-1.47506,-1.47506,-0.653772,-1.47506,104.1
-1.47563,0,0,0,0,-1.47563,-1.47563,-0.287534,-1.47563,104.1
-1.47535,0,0,0,0,-1.47535,-1.47535,0.139744,-1.47535,104.106
-1.47458,0,0,0,0,-1.47458,-1.47458,0.383902,-1.47458,104.095
-1.47504,0,0,0,0,-1.47504,-1.47504,-0.226494,-1.47504,104.095
-1.47524,0,0,0,0,-1.47524,-1.47525,-0.104415,-1.47525,104.1
-1.47582,0,0,0,0,-1.47582,-1.47582,-0.287534,-1.47582,104.1
-1.47677,0,0,0,0,-1.47677,-1.47677,-0.470653,-1.47677,104.1
-1.4771,0,0,0,0,-1.4771,-1.4771,-0.165455,-1.4771,104.1
-1.47682,0,0,0,0,-1.47682,-1.47682,0.139744,-1.47682,104.1
-1.47801,0,0,0,0,-1.47801,-1.47801,-0.592732,-1.47801,104.1
-1.47858,0,0,0,0,-1.47858,-1.47858,-0.287534,-1.47858,104.1
-1.47855,0,0,0,0,-1.47855,-1.47855,0.0176644,-1.47855,104.089
-1.47864,0,0,0,0,-1.47864,-1.47864,-0.0433753,-1.47864,104.1
-1.47897,0,0,0,0,-1.47897,-1.47897,-0.165455,-1.47897,104.106
-1.47844,0,0,0,0,-1.47844,-1.47844,0.261823,-1.47844,104.1
-1.47926,0,0,0,0,-1.47926,-1.47926,-0.409613,-1.47926,104.1
-1.47898,0,0,0,0,-1.47898,-1.47898,0.139744,-1.47898,104.1
-1.47907,0,0,0,0,-1.47907,-1.47907,-0.0433753,-1.47907,104.106
-1.47854,0,0,0,0,-1.47854,-1.47854,0.261823,-1.47854,104.095
-1.47875,0,0,0,0,-1.47875,-1.47875,-0.104415,-1.47875,104.1
-1.47909,0,0,0,0,-1.47909,-1.47909,-0.165455,-1.47909,104.095
-1.47893,0,0,0,0,-1.47893,-1.47893,0.078704,-1.47893,104.1
-1.47938,0,0,0,0,-1.47938,-1.47938,-0.226494,-1.47938,104.1
-1.48033,0,0,0,0,-1.48033,-1.48033,-0.470653,-1.48033,104.1
-1.48054,0,0,0,0,-1.48054,-1.48054,-0.104415,-1.48054,104.1
-1.48074,0,0,0,0,-1.48074,-1.48074,-0.104415,-1.48074,104.106
-1.48034,0,0,0,0,-1.48034,-1.48034,0.200783,-1.48034,104.089
-1.48067,0,0,0,0,-1.48067,-1.48067,-0.165455,-1.48067,104.1
-1.48198,0,0,0,0,-1.48198,-1.48198,-0.653772,-1.48198,104.1
-1.48268,0,0,0,0,-1.48268,-1.48268,-0.348574,-1.48268,104.095
-1.48228,0,0,0,0,-1.48228,-1.48228,0.200783,-1.48228,104.1
-1.48261,0,0,0,0,-1.48261,-1.48261,-0.165455,-1.48261,104.1
-1.48294,0,0,0,0,-1.48294,-1.48294,-0.165455,-1.48294,104.1
-1.48303,0,0,0,0,-1.48303,-1.48303,-0.0433753,-1.48303,104.106
-1.483,0,0,0,0,-1.483,-1.483,0.0176644,-1.483,104.095
-1.48259,0,0,0,0,-1.48259,-1.48259,0.200783,-1.48259,104.1
-1.48293,0,0,0,0,-1.48293,-1.48293,-0.165455,-1.48293,104.1
-1.48363,0,0,0,0,-1.48363,-1.48363,-0.348574,-1.48363,104.1
-1.4831,0,0,0,0,-1.4831,-1.4831,0.261823,-1.4831,104.1
-1.48221,0,0,0,0,-1.48221,-1.48221,0.444942,-1.48221,104.1
-1.48193,0,0,0,0,-1.48193,-1.48193,0.139744,-1.48193,104.1
-1.48152,0,0,0,0,-1.48152,-1.48152,0.200783,-1.48152,104.106
-1.48075,0,0,0,0,-1.48075,-1.48075,0.383902,-1.48075,104.1
-1.48047,0,0,0,0,-1.48047,-1.48047,0.139744,-1.48047,104.1
-1.4808,0,0,0,0,-1.4808,-1.4808,-0.165455,-1.4808,104.1
-1.48089,0,0,0,0,-1.48089,-1.48089,-0.0433753,-1.48089,104.1
-1.48073,0,0,0,0,-1.48073,-1.48073,0.078704,-1.48073,104.1
-1.48118,0,0,0,0,-1.48118,-1.48118,-0.226494,-1.48118,104.095
-1.48127,0,0,0,0,-1.48127,-1.48127,-0.0433753,-1.48127,104.1
-1.48074,0,0,0,0,-1.48074,-1.48074,0.261823,-1.48074,104.1
-1.48034,0,0,0,0,-1.48034,-1.48034,0.200783,-1.48034,104.095
-1.48006,0,0,0,0,-1.48006,-1.48006,0.139744,-1.48006,104.1
-1.48015,0,0,0,0,-1.48015,-1.48015,-0.0433753,-1.48015,104.1
-1.47987,0,0,0,0,-1.47987,-1.47987,0.139744,-1.47987,104.1
-1.48093,0,0,0,0,-1.48093,-1.48093,-0.531693,-1.48093,104.1
-1.48151,0,0,0,0,-1.48151,-1.48151,-0.287534,-1.48151,104.1
-1.48099,0,0,0,0,-1.48099,-1.48099,0.261823,-1.48099,104.1
-1.48144,0,0,0,0,-1.48144,-1.48144,-0.226494,-1.48144,104.111
-1.4819,0,0,0,0,-1.4819,-1.4819,-0.226494,-1.4819,104.1
-1.48088,0,0,0,0,-1.48088,-1.48088,0.505982,-1.48088,104.1
-1.48072,0,0,0,0,-1.48072,-1.48072,0.078704,-1.48072,104.095
-1.48105,0,0,0,0,-1.48105,-1.48105,-0.165455,-1.48105,104.1
-1.48089,0,0,0,0,-1.48089,-1.48089,0.078704,-1.48089,104.095
-1.48074,0,0,0,0,-1.48074,-1.48074,0.078704,-1.48074,104.1
-1.48192,0,0,0,0,-1.48192,-1.48192,-0.592732,-1.48192,104.1
-1.48189,0,0,0,0,-1.48189,-1.48189,0.0176644,-1.48189,104.1
-1.48173,0,0,0,0,-1.48173,-1.48173,0.078704,-1.48173,104.1
-1.48096,0,0,0,0,-1.48096,-1.48096,0.383902,-1.48096,104.1
-1.48092,0,0,0,0,-1.48092,-1.48092,0.0176644,-1.48092,104.095
-1.47991,0,0,0,0,-1.47991,-1.47991,0.505982,-1.47991,104.1
-1.47877,0,0,0,0,-1.47877,-1.47877,0.567021,-1.47877,104.106
-1.47837,0,0,0,0,-1.47837,-1.47837,0.200783,-1.47837,104.1
-1.47882,0,0,0,0,-1.47882,-1.47882,-0.226494,-1.47882,104.1
-1.47817,0,0,0,0,-1.47817,-1.47817,0.322863,-1.47817,104.1
-1.47838,0,0,0,0,-1.47838,-1.47838,-0.104415,-1.47838,104.1
-1.47859,0,0,0,0,-1.47859,-1.47859,-0.104415,-1.47859,104.1
-1.47844,0,0,0,0,-1.47844,-1.47844,0.078704,-1.47844,104.1
-1.4784,0,0,0,0,-1.4784,-1.4784,0.0176644,-1.4784,104.095
-1.47837,0,0,0,0,-1.47837,-1.47837,0.0176644,-1.47837,104.095
-1.4787,0,0,0,0,-1.4787,-1.4787,-0.165455,-1.4787,104.1
-1.47891,0,0,0,0,-1.47891,-1.47891,-0.104415,-1.47891,104.1
-1.47912,0,0,0,0,-1.47912,-1.47912,-0.104415,-1.47912,104.1
-1.47908,0,0,0,0,-1.47908,-1.47908,0.0176644,-1.47908,104.1
-1.47868,0,0,0,0,-1.47868,-1.47868,0.200783,-1.47868,104.1
-1.47925,0,0,0,0,-1.47925,-1.47925,-0.287534,-1.47925,104.1
-1.47971,0,0,0,0,-1.47971,-1.47971,-0.226494,-1.47971,104.1
-1.47918,0,0,0,0,-1.47918,-1.47918,0.261823,-1.47918,104.106
-1.47866,0,0,0,0,-1.47866,-1.47866,0.261823,-1.47866,104.1
-1.47886,0,0,0,0,-1.47886,-1.47887,-0.104415,-1.47887,104.1
-1.47895,0,0,0,0,-1.47895,-1.47895,-0.0433753,-1.47895,104.1
-1.47916,0,0,0,0,-1.47916,-1.47916,-0.104415,-1.47916,104.095
-1.47925,0,0,0,0,-1.47925,-1.47925,-0.0433753,-1.47925,104.106
-1.47823,0,0,0,0,-1.47823,-1.47823,0.505982,-1.47823,104.1
-1.4777,0,0,0,0,-1.4777,-1.4777,0.261823,-1.4777,104.095
-1.4784,0,0,0,0,-1.4784,-1.4784,-0.348574,-1.4784,104.1
-1.47959,0,0,0,0,-1.47959,-1.47959,-0.592732,-1.47959,104.095
-1.47993,0,0,0,0,-1.47993,-1.47993,-0.165455,-1.47993,104.1
-1.48001,0,0,0,0,-1.48001,-1.48001,-0.0433753,-1.48001,104.1
-1.48047,0,0,0,0,-1.48047,-1.48047,-0.226494,-1.48047,104.1
-1.47982,0,0,0,0,-1.47982,-1.47982,0.322863,-1.47982,104.1
-1.47978,0,0,0,0,-1.47978,-1.47978,0.0176644,-1.47978,104.095
-1.4806,0,0,0,0,-1.4806,-1.4806,-0.409613,-1.4806,104.1
-1.48192,0,0,0,0,-1.48192,-1.48192,-0.653772,-1.48192,104.089
-1.48237,0,0,0,0,-1.48237,-1.48237,-0.226494,-1.48237,104.095
-1.48184,0,0,0,0,-1.48184,-1.48184,0.261823,-1.48184,104.1
-1.48107,0,0,0,0,-1.48107,-1.48107,0.383902,-1.48107,104.095
-1.48104,0,0,0,0,-1.48104,-1.48104,0.0176644,-1.48104,104.1
-1.48112,0,0,0,0,-1.48112,-1.48112,-0.0433753,-1.48112,104.089
-1.48195,0,0,0,0,-1.48195,-1.48195,-0.409613,-1.48195,104.1
-1.48265,0,0,0,0,-1.48265,-1.48265,-0.348574,-1.48265,104.095
-1.48261,0,0,0,0,-1.48261,-1.48261,0.0176644,-1.48261,104.106
-1.48257,0,0,0,0,-1.48257,-1.48257,0.0176644,-1.48257,104.089
-1.4834,0,0,0,0,-1.4834,-1.4834,-0.409613,-1.4834,104.106
-1.4825,0,0,0,0,-1.4825,-1.4825,0.444942,-1.4825,104.095
-1.48173,0,0,0,0,-1.48173,-1.48173,0.383902,-1.48173,104.1
-1.48182,0,0,0,0,-1.48182,-1.48182,-0.0433753,-1.48182,104.1
-1.48215,0,0,0,0,-1.48215,-1.48215,-0.165455,-1.48215,104.106
-1.48187,0,0,0,0,-1.48187,-1.48187,0.139744,-1.48187,104.106
-1.48171,0,0,0,0,-1.48171,-1.48171,0.078704,-1.48171,104.1
-1.48155,0,0,0,0,-1.48155,-1.48155,0.078704,-1.48155,104.1
-1.48103,0,0,0,0,-1.48103,-1.48103,0.261823,-1.48103,104.1
-1.48075,0,0,0,0,-1.48075,-1.48075,0.139744,-1.48075,104.1
-1.48083,0,0,0,0,-1.48083,-1.48083,-0.0433753,-1.48083,104.1
-1.48141,0,0,0,0,-1.48141,-1.48141,-0.287534,-1.48141,104.106
-1.48113,0,0,0,0,-1.48113,-1.48113,0.139744,-1.48113,104.1
-1.48109,0,0,0,0,-1.48109,-1.48109,0.0176644,-1.48109,104.106
-1.48167,0,0,0,0,-1.48167,-1.48167,-0.287534,-1.48167,104.106
-1.48176,0,0,0,0,-1.48176,-1.48176,-0.0433753,-1.48176,104.095
-1.48074,0,0,0,0,-1.48074,-1.48074,0.505982,-1.48074,104.1
-1.48009,0,0,0,0,-1.48009,-1.48009,0.322863,-1.48009,104.1
-1.48054,0,0,0,0,-1.48054,-1.48054,-0.226494,-1.48054,104.1
-1.47965,0,0,0,0,-1.47965,-1.47965,0.444942,-1.47965,104.1
-1.47888,0,0,0,0,-1.47888,-1.47888,0.383902,-1.47888,104.1
-1.47921,0,0,0,0,-1.47921,-1.47921,-0.165455,-1.47921,104.1
-1.47893,0,0,0,0,-1.47893,-1.47893,0.139744,-1.47893,104.1
-1.47792,0,0,0,0,-1.47792,-1.47792,0.505982,-1.47792,104.1
-1.47812,0,0,0,0,-1.47812,-1.47812,-0.104415,-1.47812,104.1
-1.47895,0,0,0,0,-1.47895,-1.47895,-0.409613,-1.47895,104.1
-1.47879,0,0,0,0,-1.47879,-1.47879,0.078704,-1.47879,104.1
-1.47912,0,0,0,0,-1.47912,-1.47912,-0.165455,-1.47912,104.1
-1.47896,0,0,0,0,-1.47896,-1.47896,0.078704,-1.47896,104.1
-1.47917,0,0,0,0,-1.47917,-1.47917,-0.104415,-1.47917,104.1
-1.47963,0,0,0,0,-1.47963,-1.47963,-0.226494,-1.47963,104.1
-1.4791,0,0,0,0,-1.4791,-1.4791,0.261823,-1.4791,104.1
-1.47955,0,0,0,0,-1.47955,-1.47955,-0.226494,-1.47955,104.095
-1.47891,0,0,0,0,-1.47891,-1.47891,0.322863,-1.47891,104.1
-1.47813,0,0,0,0,-1.47813,-1.47814,0.383902,-1.47814,104.106
-1.47834,0,0,0,0,-1.47834,-1.47834,-0.104415,-1.47834,104.1
-1.47904,0,0,0,0,-1.47904,-1.47904,-0.348574,-1.47904,104.1
-1.47913,0,0,0,0,-1.47913,-1.47913,-0.0433753,-1.47913,104.095
-1.47824,0,0,0,0,-1.47824,-1.47824,0.444942,-1.47824,104.106
-1.47722,0,0,0,0,-1.47722,-1.47722,0.505982,-1.47722,104.1
-1.47804,0,0,0,0,-1.47804,-1.47804,-0.409613,-1.47804,104.1
-1.47825,0,0,0,0,-1.47825,-1.47825,-0.104415,-1.47825,104.095
-1.47834,0,0,0,0,-1.47834,-1.47834,-0.0433753,-1.47834,104.1
-1.47843,0,0,0,0,-1.47843,-1.47843,-0.0433753,-1.47843,104.1
-1.47851,0,0,0,0,-1.47851,-1.47851,-0.0433753,-1.47851,104.106
-1.47823,0,0,0,0,-1.47823,-1.47823,0.139744,-1.47823,104.095
-1.47795,0,0,0,0,-1.47795,-1.47795,0.139744,-1.47795,104.1
-1.47779,0,0,0,0,-1.47779,-1.47779,0.078704,-1.47779,104.106
-1.47776,0,0,0,0,-1.47776,-1.47776,0.0176644,-1.47776,104.095
-1.47834,0,0,0,0,-1.47834,-1.47834,-0.287534,-1.47834,104.1
-1.47781,0,0,0,0,-1.47781,-1.47781,0.261823,-1.47781,104.095
-1.47728,0,0,0,0,-1.47728,-1.47728,0.261823,-1.47728,104.095
-1.47725,0,0,0,0,-1.47725,-1.47725,0.0176644,-1.47725,104.1
-1.47697,0,0,0,0,-1.47697,-1.47697,0.139744,-1.47697,104.1
-1.47742,0,0,0,0,-1.47742,-1.47742,-0.226494,-1.47742,104.1
-1.47739,0,0,0,0,-1.47739,-1.47739,0.0176644,-1.47739,104.095
-1.47723,0,0,0,0,-1.47723,-1.47723,0.078704,-1.47723,104.1
-1.47658,0,0,0,0,-1.47658,-1.47658,0.322863,-1.47658,104.1
-1.47581,0,0,0,0,-1.47581,-1.47581,0.383902,-1.47581,104.1
-1.47565,0,0,0,0,-1.47565,-1.47565,0.078704,-1.47565,104.089
-1.47598,0,0,0,0,-1.47598,-1.47598,-0.165455,-1.47598,104.095
-1.47546,0,0,0,0,-1.47546,-1.47546,0.261823,-1.47546,104.1
-1.47505,0,0,0,0,-1.47505,-1.47505,0.200783,-1.47505,104.1
-1.47551,0,0,0,0,-1.47551,-1.47551,-0.226494,-1.47551,104.1
-1.47559,0,0,0,0,-1.47559,-1.47559,-0.0433753,-1.47559,104.095
-1.47543,0,0,0,0,-1.47543,-1.47543,0.078704,-1.47543,104.1
-1.47368,0,0,0,0,-1.47368,-1.47368,0.87222,-1.47368,104.1
-1.47316,0,0,0,0,-1.47316,-1.47316,0.261823,-1.47316,104.1
-1.47472,0,0,0,0,-1.47472,-1.47472,-0.775851,-1.47472,104.1
-1.47468,0,0,0,0,-1.47468,-1.47468,0.0176644,-1.47468,104.1
-1.47415,0,0,0,0,-1.47415,-1.47415,0.261823,-1.47415,104.1
-1.474,0,0,0,0,-1.474,-1.474,0.078704,-1.474,104.106
-1.47396,0,0,0,0,-1.47396,-1.47396,0.0176644,-1.47396,104.1
-1.47343,0,0,0,0,-1.47343,-1.47343,0.261823,-1.47343,104.1
-1.47364,0,0,0,0,-1.47364,-1.47364,-0.104415,-1.47364,104.1
-1.47324,0,0,0,0,-1.47324,-1.47324,0.200783,-1.47324,104.1
-1.47259,0,0,0,0,-1.47259,-1.47259,0.322863,-1.47259,104.1
-1.47255,0,0,0,0,-1.47255,-1.47256,0.0176644,-1.47256,104.1
-1.47338,0,0,0,0,-1.47338,-1.47338,-0.409613,-1.47338,104.106
-1.47273,0,0,0,0,-1.47273,-1.47273,0.322863,-1.47273,104.1
-1.47196,0,0,0,0,-1.47196,-1.47196,0.383902,-1.47196,104.1
-1.4729,0,0,0,0,-1.4729,-1.4729,-0.470653,-1.4729,104.1
-1.4736,0,0,0,0,-1.4736,-1.4736,-0.348574,-1.4736,104.095
-1.47406,0,0,0,0,-1.47406,-1.47406,-0.226494,-1.47406,104.111
-1.47439,0,0,0,0,-1.47439,-1.47439,-0.165455,-1.47439,104.1
-1.47484,0,0,0,0,-1.47484,-1.47484,-0.226494,-1.47484,104.106
-1.47518,0,0,0,0,-1.47518,-1.47518,-0.165455,-1.47518,104.1
-1.47563,0,0,0,0,-1.47563,-1.47563,-0.226494,-1.47563,104.1
-1.4751,0,0,0,0,-1.4751,-1.4751,0.261823,-1.4751,104.1
-1.4747,0,0,0,0,-1.4747,-1.4747,0.200783,-1.4747,104.089
-1.47479,0,0,0,0,-1.47479,-1.47479,-0.0433753,-1.47479,104.106
-1.47426,0,0,0,0,-1.47426,-1.47426,0.261823,-1.47426,104.1
-1.47447,0,0,0,0,-1.47447,-1.47447,-0.104415,-1.47447,104.1
-1.47468,0,0,0,0,-1.47468,-1.47468,-0.104415,-1.47468,104.1
-1.47477,0,0,0,0,-1.47477,-1.47477,-0.0433753,-1.47477,104.1
-1.47498,0,0,0,0,-1.47498,-1.47498,-0.104415,-1.47498,104.1
-1.47482,0,0,0,0,-1.47482,-1.47482,0.078704,-1.47482,104.106
-1.47466,0,0,0,0,-1.47466,-1.47466,0.078704,-1.47466,104.095
-1.47475,0,0,0,0,-1.47475,-1.47475,-0.0433753,-1.47475,104.1
-1.47533,0,0,0,0,-1.47533,-1.47533,-0.287534,-1.47533,104.1
-1.47603,0,0,0,0,-1.47603,-1.47603,-0.348574,-1.47603,104.106
-1.47587,0,0,0,0,-1.47587,-1.47587,0.078704,-1.47587,104.1
-1.47436,0,0,0,0,-1.47436,-1.47436,0.75014,-1.47436,104.095
-1.47494,0,0,0,0,-1.47494,-1.47494,-0.287534,-1.47494,104.106
-1.47601,0,0,0,0,-1.47601,-1.47601,-0.531693,-1.47601,104.1
-1.47548,0,0,0,0,-1.47548,-1.47548,0.261823,-1.47548,104.1
-1.47496,0,0,0,0,-1.47496,-1.47496,0.261823,-1.47496,104.1
-1.47553,0,0,0,0,-1.47553,-1.47553,-0.287534,-1.47553,104.1
-1.47562,0,0,0,0,-1.47562,-1.47562,-0.0433753,-1.47562,104.1
-1.47558,0,0,0,0,-1.47558,-1.47558,0.0176644,-1.47558,104.095
-1.4753,0,0,0,0,-1.4753,-1.4753,0.139744,-1.4753,104.095
-1.47527,0,0,0,0,-1.47527,-1.47527,0.0176644,-1.47527,104.1
-1.47486,0,0,0,0,-1.47486,-1.47486,0.200783,-1.47486,104.095
-1.47458,0,0,0,0,-1.47458,-1.47458,0.139744,-1.47458,104.095
-1.47479,0,0,0,0,-1.47479,-1.47479,-0.104415,-1.47479,104.1
-1.47488,0,0,0,0,-1.47488,-1.47488,-0.0433753,-1.47488,104.106
-1.47533,0,0,0,0,-1.47533,-1.47533,-0.226494,-1.47533,104.1
-1.47518,0,0,0,0,-1.47518,-1.47518,0.078704,-1.47518,104.1
-1.47514,0,0,0,0,-1.47514,-1.47514,0.0176644,-1.47514,104.1
-1.47535,0,0,0,0,-1.47535,-1.47535,-0.104415,-1.47535,104.1
-1.47519,0,0,0,0,-1.47519,-1.47519,0.078704,-1.47519,104.106
-1.4754,0,0,0,0,-1.4754,-1.4754,-0.104415,-1.4754,104.1
-1.47561,0,0,0,0,-1.47561,-1.47561,-0.104415,-1.47561,104.1
-1.47545,0,0,0,0,-1.47545,-1.47545,0.078704,-1.47545,104.1
-1.47468,0,0,0,0,-1.47468,-1.47468,0.383902,-1.47468,104.1
-1.47317,0,0,0,0,-1.47317,-1.47317,0.75014,-1.47317,104.1
-1.47375,0,0,0,0,-1.47375,-1.47375,-0.287534,-1.47375,104.1
-1.4742,0,0,0,0,-1.4742,-1.4742,-0.226494,-1.4742,104.1
-1.47368,0,0,0,0,-1.47368,-1.47368,0.261823,-1.47368,104.1
-1.47315,0,0,0,0,-1.47315,-1.47315,0.261823,-1.47315,104.1
-1.47361,0,0,0,0,-1.47361,-1.47361,-0.226494,-1.47361,104.106
-1.47357,0,0,0,0,-1.47357,-1.47357,0.0176644,-1.47357,104.095
-1.47317,0,0,0,0,-1.47317,-1.47317,0.200783,-1.47317,104.1
-1.47277,0,0,0,0,-1.47277,-1.47277,0.200783,-1.47277,104.089
-1.47297,0,0,0,0,-1.47297,-1.47298,-0.104415,-1.47298,104.1
-1.4738,0,0,0,0,-1.4738,-1.4738,-0.409613,-1.4738,104.095
-1.47388,0,0,0,0,-1.47388,-1.47388,-0.0433753,-1.47388,104.1
-1.47336,0,0,0,0,-1.47336,-1.47336,0.261823,-1.47336,104.1
-1.47283,0,0,0,0,-1.47283,-1.47283,0.261823,-1.47283,104.1
-1.4728,0,0,0,0,-1.4728,-1.4728,0.0176644,-1.4728,104.1
-1.47301,0,0,0,0,-1.47301,-1.47301,-0.104415,-1.47301,104.1
-1.47371,0,0,0,0,-1.47371,-1.47371,-0.348574,-1.47371,104.1
-1.47428,0,0,0,0,-1.47428,-1.47428,-0.287534,-1.47428,104.1
-1.4751,0,0,0,0,-1.4751,-1.47511,-0.409613,-1.47511,104.1
-1.47433,0,0,0,0,-1.47433,-1.47434,0.383902,-1.47434,104.1
-1.47356,0,0,0,0,-1.47356,-1.47356,0.383902,-1.47356,104.1
-1.4739,0,0,0,0,-1.4739,-1.4739,-0.165455,-1.4739,104.1
-1.47447,0,0,0,0,-1.47447,-1.47447,-0.287534,-1.47447,104.1
-1.47444,0,0,0,0,-1.47444,-1.47444,0.0176644,-1.47444,104.1
-1.47367,0,0,0,0,-1.47367,-1.47367,0.383902,-1.47367,104.095
-1.47241,0,0,0,0,-1.47241,-1.47241,0.628061,-1.47241,104.1
-1.47176,0,0,0,0,-1.47176,-1.47176,0.322863,-1.47176,104.095
-1.47233,0,0,0,0,-1.47233,-1.47233,-0.287534,-1.47233,104.1
-1.47267,0,0,0,0,-1.47267,-1.47267,-0.165455,-1.47267,104.1
-1.47251,0,0,0,0,-1.47251,-1.47251,0.078704,-1.47251,104.1
-1.4726,0,0,0,0,-1.4726,-1.4726,-0.0433753,-1.4726,104.095
-1.47256,0,0,0,0,-1.47256,-1.47256,0.0176644,-1.47256,104.095
-1.47301,0,0,0,0,-1.47301,-1.47301,-0.226494,-1.47301,104.1
-1.47371,0,0,0,0,-1.47371,-1.47371,-0.348574,-1.47371,104.1
-1.47294,0,0,0,0,-1.47294,-1.47294,0.383902,-1.47294,104.1
-1.47266,0,0,0,0,-1.47266,-1.47266,0.139744,-1.47266,104.1
-1.47312,0,0,0,0,-1.47312,-1.47312,-0.226494,-1.47312,104.106
-1.47308,0,0,0,0,-1.47308,-1.47308,0.0176644,-1.47308,104.095
-1.47292,0,0,0,0,-1.47292,-1.47292,0.078704,-1.47292,104.1
-1.47301,0,0,0,0,-1.47301,-1.47301,-0.0433753,-1.47301,104.089
-1.47297,0,0,0,0,-1.47297,-1.47297,0.0176644,-1.47297,104.1
-1.4738,0,0,0,0,-1.4738,-1.4738,-0.409613,-1.4738,104.1
-1.47425,0,0,0,0,-1.47425,-1.47425,-0.226494,-1.47425,104.1
-1.47299,0,0,0,0,-1.47299,-1.47299,0.628061,-1.47299,104.1
-1.47209,0,0,0,0,-1.47209,-1.47209,0.444942,-1.47209,104.1
-1.47194,0,0,0,0,-1.47194,-1.47194,0.078704,-1.47194,104.095
-1.47313,0,0,0,0,-1.47313,-1.47313,-0.592732,-1.47313,104.106
-1.47358,0,0,0,0,-1.47358,-1.47358,-0.226494,-1.47358,104.1
-1.47342,0,0,0,0,-1.47342,-1.47342,0.078704,-1.47342,104.1
-1.47265,0,0,0,0,-1.47265,-1.47265,0.383902,-1.47265,104.1
-1.47286,0,0,0,0,-1.47286,-1.47286,-0.104415,-1.47286,104.1
-1.47246,0,0,0,0,-1.47246,-1.47246,0.200783,-1.47246,104.106
-1.47193,0,0,0,0,-1.47193,-1.47193,0.261823,-1.47193,104.106
-1.47214,0,0,0,0,-1.47214,-1.47214,-0.104415,-1.47214,104.1
-1.4721,0,0,0,0,-1.4721,-1.47211,0.0176644,-1.47211,104.1
-1.47097,0,0,0,0,-1.47097,-1.47097,0.567021,-1.47097,104.1
-1.46946,0,0,0,0,-1.46946,-1.46946,0.75014,-1.46946,104.095
-1.47004,0,0,0,0,-1.47004,-1.47004,-0.287534,-1.47004,104.106
-1.47025,0,0,0,0,-1.47025,-1.47025,-0.104415,-1.47025,104.1
-1.46911,0,0,0,0,-1.46911,-1.46911,0.567021,-1.46911,104.106
-1.46932,0,0,0,0,-1.46932,-1.46932,-0.104415,-1.46932,104.095
-1.4699,0,0,0,0,-1.4699,-1.4699,-0.287534,-1.4699,104.095
-1.46937,0,0,0,0,-1.46937,-1.46937,0.261823,-1.46937,104.1
-1.46872,0,0,0,0,-1.46872,-1.46872,0.322863,-1.46872,104.1
-1.46905,0,0,0,0,-1.46905,-1.46905,-0.165455,-1.46905,104.111
-1.46914,0,0,0,0,-1.46914,-1.46914,-0.0433753,-1.46914,104.1
-1.46947,0,0,0,0,-1.46947,-1.46947,-0.165455,-1.46947,104.1
-1.46993,0,0,0,0,-1.46993,-1.46993,-0.226494,-1.46993,104.1
-1.46965,0,0,0,0,-1.46965,-1.46965,0.139744,-1.46965,104.1
-1.47084,0,0,0,0,-1.47084,-1.47084,-0.592732,-1.47084,104.089
-1.47117,0,0,0,0,-1.47117,-1.47117,-0.165455,-1.47117,104.095
-1.47125,0,0,0,0,-1.47125,-1.47125,-0.0433753,-1.47125,104.089
-1.47183,0,0,0,0,-1.47183,-1.47183,-0.287534,-1.47183,104.1
-1.4718,0,0,0,0,-1.4718,-1.4718,0.0176644,-1.4718,104.095
-1.47201,0,0,0,0,-1.47201,-1.47201,-0.104415,-1.47201,104.1
-1.47148,0,0,0,0,-1.47148,-1.47148,0.261823,-1.47148,104.089
-1.47144,0,0,0,0,-1.47144,-1.47144,0.0176644,-1.47144,104.1
-1.4719,0,0,0,0,-1.4719,-1.4719,-0.226494,-1.4719,104.1
-1.4726,0,0,0,0,-1.4726,-1.4726,-0.348574,-1.4726,104.1
-1.47183,0,0,0,0,-1.47183,-1.47183,0.383902,-1.47183,104.1
-1.47167,0,0,0,0,-1.47167,-1.47167,0.078704,-1.47167,104.106
-1.47188,0,0,0,0,-1.47188,-1.47188,-0.104415,-1.47188,104.095
-1.4716,0,0,0,0,-1.4716,-1.4716,0.139744,-1.4716,104.1
-1.47205,0,0,0,0,-1.47205,-1.47205,-0.226494,-1.47205,104.1
-1.47312,0,0,0,0,-1.47312,-1.47312,-0.531693,-1.47312,104.095
-1.47284,0,0,0,0,-1.47284,-1.47284,0.139744,-1.47284,104.1
-1.47231,0,0,0,0,-1.47231,-1.47231,0.261823,-1.47231,104.095
-1.47228,0,0,0,0,-1.47228,-1.47228,0.0176644,-1.47228,104.1
-1.47199,0,0,0,0,-1.47199,-1.47199,0.139744,-1.47199,104.1
-1.47184,0,0,0,0,-1.47184,-1.47184,0.078704,-1.47184,104.1
-1.47217,0,0,0,0,-1.47217,-1.47217,-0.165455,-1.47217,104.106
-1.47164,0,0,0,0,-1.47164,-1.47164,0.261823,-1.47164,104.1
-1.47063,0,0,0,0,-1.47063,-1.47063,0.505982,-1.47063,104.1
-1.47071,0,0,0,0,-1.47071,-1.47071,-0.0433753,-1.47071,104.1
-1.47068,0,0,0,0,-1.47068,-1.47068,0.0176644,-1.47068,104.1
-1.47064,0,0,0,0,-1.47064,-1.47064,0.0176644,-1.47064,104.1
-1.47195,0,0,0,0,-1.47195,-1.47195,-0.653772,-1.47195,104.1
-1.47216,0,0,0,0,-1.47216,-1.47216,-0.104415,-1.47216,104.1
-1.47164,0,0,0,0,-1.47164,-1.47164,0.261823,-1.47164,104.1
-1.47197,0,0,0,0,-1.47197,-1.47197,-0.165455,-1.47197,104.106
-1.47108,0,0,0,0,-1.47108,-1.47108,0.444942,-1.47108,104.1
-1.47141,0,0,0,0,-1.47141,-1.47141,-0.165455,-1.47141,104.106
-1.47174,0,0,0,0,-1.47174,-1.47174,-0.165455,-1.47174,104.1
-1.47232,0,0,0,0,-1.47232,-1.47232,-0.287534,-1.47232,104.1
-1.47228,0,0,0,0,-1.47228,-1.47228,0.0176644,-1.47228,104.111
-1.47151,0,0,0,0,-1.47151,-1.47151,0.383902,-1.47151,104.089
-1.47184,0,0,0,0,-1.47184,-1.47184,-0.165455,-1.47184,104.1
-1.47279,0,0,0,0,-1.47279,-1.47279,-0.470653,-1.47279,104.106
-1.47287,0,0,0,0,-1.47287,-1.47287,-0.0433753,-1.47287,104.1
-1.47271,0,0,0,0,-1.47271,-1.47271,0.078704,-1.47271,104.1
-1.47268,0,0,0,0,-1.47268,-1.47268,0.0176644,-1.47268,104.106
-1.47301,0,0,0,0,-1.47301,-1.47301,-0.165455,-1.47301,104.1
-1.4731,0,0,0,0,-1.4731,-1.4731,-0.0433753,-1.4731,104.1
-1.47281,0,0,0,0,-1.47281,-1.47282,0.139744,-1.47282,104.089
-1.47315,0,0,0,0,-1.47315,-1.47315,-0.165455,-1.47315,104.1
-1.47372,0,0,0,0,-1.47372,-1.47372,-0.287534,-1.47372,104.1
-1.47405,0,0,0,0,-1.47405,-1.47405,-0.165455,-1.47405,104.1
-1.47353,0,0,0,0,-1.47353,-1.47353,0.261823,-1.47353,104.1
-1.47337,0,0,0,0,-1.47337,-1.47337,0.078704,-1.47337,104.1
-1.4737,0,0,0,0,-1.4737,-1.4737,-0.165455,-1.4737,104.106
-1.47391,0,0,0,0,-1.47391,-1.47391,-0.104415,-1.47391,104.095
-1.47363,0,0,0,0,-1.47363,-1.47363,0.139744,-1.47363,104.1
-1.47384,0,0,0,0,-1.47384,-1.47384,-0.104415,-1.47384,104.106
-1.47479,0,0,0,0,-1.47479,-1.47479,-0.470653,-1.47479,104.1
-1.47573,0,0,0,0,-1.47573,-1.47573,-0.470653,-1.47573,104.106
-1.4757,0,0,0,0,-1.4757,-1.4757,0.0176644,-1.4757,104.106
-1.47541,0,0,0,0,-1.47541,-1.47541,0.139744,-1.47541,104.106
-1.47489,0,0,0,0,-1.47489,-1.47489,0.261823,-1.47489,104.095
-1.47449,0,0,0,0,-1.47449,-1.47449,0.200783,-1.47449,104.1
-1.47457,0,0,0,0,-1.47457,-1.47457,-0.0433753,-1.47457,104.1
-1.4749,0,0,0,0,-1.4749,-1.4749,-0.165455,-1.4749,104.106
-1.47487,0,0,0,0,-1.47487,-1.47487,0.0176644,-1.47487,104.1
-1.47496,0,0,0,0,-1.47496,-1.47496,-0.0433753,-1.47496,104.1
-1.47467,0,0,0,0,-1.47467,-1.47468,0.139744,-1.47468,104.1
-1.47439,0,0,0,0,-1.47439,-1.47439,0.139744,-1.47439,104.1
-1.47411,0,0,0,0,-1.47411,-1.47411,0.139744,-1.47411,104.106
-1.47408,0,0,0,0,-1.47408,-1.47408,0.0176644,-1.47408,104.1
-1.47355,0,0,0,0,-1.47355,-1.47355,0.261823,-1.47355,104.1
-1.47364,0,0,0,0,-1.47364,-1.47364,-0.0433753,-1.47364,104.095
-1.47323,0,0,0,0,-1.47323,-1.47324,0.200783,-1.47324,104.1
-1.47308,0,0,0,0,-1.47308,-1.47308,0.078704,-1.47308,104.1
-1.47378,0,0,0,0,-1.47378,-1.47378,-0.348574,-1.47378,104.095
-1.47325,0,0,0,0,-1.47325,-1.47325,0.261823,-1.47325,104.1
-1.47321,0,0,0,0,-1.47321,-1.47322,0.0176644,-1.47322,104.1
-1.47306,0,0,0,0,-1.47306,-1.47306,0.078704,-1.47306,104.1
-1.47241,0,0,0,0,-1.47241,-1.47241,0.322863,-1.47241,104.095
-1.47237,0,0,0,0,-1.47237,-1.47237,0.0176644,-1.47237,104.1
-1.47283,0,0,0,0,-1.47283,-1.47283,-0.226494,-1.47283,104.095
-1.47304,0,0,0,0,-1.47304,-1.47304,-0.104415,-1.47304,104.1
-1.47239,0,0,0,0,-1.47239,-1.47239,0.322863,-1.47239,104.1
-1.4726,0,0,0,0,-1.4726,-1.4726,-0.104415,-1.4726,104.1
-1.47195,0,0,0,0,-1.47195,-1.47195,0.322863,-1.47195,104.1
-1.47093,0,0,0,0,-1.47093,-1.47093,0.505982,-1.47093,104.1
-1.47176,0,0,0,0,-1.47176,-1.47176,-0.409613,-1.47176,104.1
-1.47258,0,0,0,0,-1.47258,-1.47258,-0.409613,-1.47258,104.1
-1.47217,0,0,0,0,-1.47217,-1.47217,0.200783,-1.47217,104.1
-1.47189,0,0,0,0,-1.47189,-1.47189,0.139744,-1.47189,104.1
-1.47137,0,0,0,0,-1.47137,-1.47137,0.261823,-1.47137,104.095
-1.47096,0,0,0,0,-1.47096,-1.47097,0.200783,-1.47097,104.1
-1.47117,0,0,0,0,-1.47117,-1.47118,-0.104415,-1.47118,104.1
-1.47261,0,0,0,0,-1.47261,-1.47261,-0.714811,-1.47261,104.1
-1.4738,0,0,0,0,-1.4738,-1.4738,-0.592732,-1.4738,104.1
-1.47376,0,0,0,0,-1.47376,-1.47376,0.0176644,-1.47376,104.095
-1.47312,0,0,0,0,-1.47312,-1.47312,0.322863,-1.47312,104.1
-1.47357,0,0,0,0,-1.47357,-1.47357,-0.226494,-1.47357,104.106
-1.47353,0,0,0,0,-1.47353,-1.47353,0.0176644,-1.47353,104.1
-1.47387,0,0,0,0,-1.47387,-1.47387,-0.165455,-1.47387,104.106
-1.47359,0,0,0,0,-1.47359,-1.47359,0.139744,-1.47359,104.1
-1.47294,0,0,0,0,-1.47294,-1.47294,0.322863,-1.47294,104.106
-1.47278,0,0,0,0,-1.47278,-1.47278,0.078704,-1.47278,104.1
-1.47287,0,0,0,0,-1.47287,-1.47287,-0.0433753,-1.47287,104.1
-1.47295,0,0,0,0,-1.47295,-1.47295,-0.0433753,-1.47295,104.1
-1.47316,0,0,0,0,-1.47316,-1.47316,-0.104415,-1.47316,104.1
-1.47435,0,0,0,0,-1.47435,-1.47435,-0.592732,-1.47435,104.1
-1.47395,0,0,0,0,-1.47395,-1.47395,0.200783,-1.47395,104.1
-1.47367,0,0,0,0,-1.47367,-1.47367,0.139744,-1.47367,104.095
-1.47376,0,0,0,0,-1.47376,-1.47376,-0.0433753,-1.47376,104.1
-1.47335,0,0,0,0,-1.47335,-1.47335,0.200783,-1.47335,104.106
-1.47221,0,0,0,0,-1.47221,-1.47221,0.567021,-1.47221,104.1
-1.47144,0,0,0,0,-1.47144,-1.47144,0.383902,-1.47144,104.1
-1.47202,0,0,0,0,-1.47202,-1.47202,-0.287534,-1.47202,104.1
-1.47284,0,0,0,0,-1.47284,-1.47284,-0.409613,-1.47284,104.1
-1.47305,0,0,0,0,-1.47305,-1.47305,-0.104415,-1.47305,104.1
-1.47277,0,0,0,0,-1.47277,-1.47277,0.139744,-1.47277,104.106
-1.47298,0,0,0,0,-1.47298,-1.47298,-0.104415,-1.47298,104.1
-1.47282,0,0,0,0,-1.47282,-1.47282,0.078704,-1.47282,104.1
-1.47291,0,0,0,0,-1.47291,-1.47291,-0.0433753,-1.47291,104.1
-1.47226,0,0,0,0,-1.47226,-1.47226,0.322863,-1.47226,104.111
-1.47137,0,0,0,0,-1.47137,-1.47137,0.444942,-1.47137,104.1
-1.47084,0,0,0,0,-1.47084,-1.47084,0.261823,-1.47084,104.1
-1.47056,0,0,0,0,-1.47056,-1.47056,0.139744,-1.47056,104.1
-1.47016,0,0,0,0,-1.47016,-1.47016,0.200783,-1.47016,104.106
-1.47037,0,0,0,0,-1.47037,-1.47037,-0.104415,-1.47037,104.1
-1.47095,0,0,0,0,-1.47095,-1.47095,-0.287534,-1.47095,104.1
-1.47128,0,0,0,0,-1.47128,-1.47128,-0.165455,-1.47128,104.1
-1.47038,0,0,0,0,-1.47038,-1.47038,0.444942,-1.47038,104.1
-1.47047,0,0,0,0,-1.47047,-1.47047,-0.0433753,-1.47047,104.1
-1.47019,0,0,0,0,-1.47019,-1.47019,0.139744,-1.47019,104.1
-1.46966,0,0,0,0,-1.46966,-1.46966,0.261823,-1.46966,104.1
-1.47,0,0,0,0,-1.47,-1.47,-0.165455,-1.47,104.1
-1.46971,0,0,0,0,-1.46971,-1.46971,0.139744,-1.46971,104.1
-1.46858,0,0,0,0,-1.46858,-1.46858,0.567021,-1.46858,104.1
-1.46866,0,0,0,0,-1.46866,-1.46866,-0.0433753,-1.46866,104.095
-1.46997,0,0,0,0,-1.46997,-1.46997,-0.653772,-1.46997,104.1
-1.4708,0,0,0,0,-1.4708,-1.4708,-0.409613,-1.4708,104.1
-1.47051,0,0,0,0,-1.47051,-1.47052,0.139744,-1.47052,104.1
-1.47011,0,0,0,0,-1.47011,-1.47011,0.200783,-1.47011,104.095
-1.47032,0,0,0,0,-1.47032,-1.47032,-0.104415,-1.47032,104.1
-1.47028,0,0,0,0,-1.47028,-1.47029,0.0176644,-1.47029,104.1
-1.47013,0,0,0,0,-1.47013,-1.47013,0.078704,-1.47013,104.095
-1.47034,0,0,0,0,-1.47034,-1.47034,-0.104415,-1.47034,104.1
-1.4703,0,0,0,0,-1.4703,-1.4703,0.0176644,-1.4703,104.095
-1.47002,0,0,0,0,-1.47002,-1.47002,0.139744,-1.47002,104.1
-1.46986,0,0,0,0,-1.46986,-1.46986,0.078704,-1.46986,104.1
-1.46971,0,0,0,0,-1.46971,-1.46971,0.078704,-1.46971,104.1
-1.46942,0,0,0,0,-1.46942,-1.46942,0.139744,-1.46942,104.1
-1.46939,0,0,0,0,-1.46939,-1.46939,0.0176644,-1.46939,104.1
-1.47009,0,0,0,0,-1.47009,-1.47009,-0.348574,-1.47009,104.1
-1.47018,0,0,0,0,-1.47018,-1.47018,-0.0433753,-1.47018,104.1
-1.47014,0,0,0,0,-1.47014,-1.47014,0.0176644,-1.47014,104.095
-1.47084,0,0,0,0,-1.47084,-1.47084,-0.348574,-1.47084,104.1
-1.47105,0,0,0,0,-1.47105,-1.47105,-0.104415,-1.47105,104.1
-1.4715,0,0,0,0,-1.4715,-1.4715,-0.226494,-1.4715,104.1
-1.47098,0,0,0,0,-1.47098,-1.47098,0.261823,-1.47098,104.1
-1.47021,0,0,0,0,-1.47021,-1.47021,0.383902,-1.47021,104.1
-1.46968,0,0,0,0,-1.46968,-1.46968,0.261823,-1.46968,104.1
-1.46964,0,0,0,0,-1.46964,-1.46964,0.0176644,-1.46964,104.1
-1.469,0,0,0,0,-1.469,-1.469,0.322863,-1.469,104.095
-1.46884,0,0,0,0,-1.46884,-1.46884,0.078704,-1.46884,104.1
-1.46917,0,0,0,0,-1.46917,-1.46917,-0.165455,-1.46917,104.1
-1.46926,0,0,0,0,-1.46926,-1.46926,-0.0433753,-1.46926,104.095
-1.4691,0,0,0,0,-1.4691,-1.4691,0.078704,-1.4691,104.1
-1.46919,0,0,0,0,-1.46919,-1.46919,-0.0433753,-1.46919,104.1
-1.4694,0,0,0,0,-1.4694,-1.4694,-0.104415,-1.4694,104.1
-1.47009,0,0,0,0,-1.47009,-1.4701,-0.348574,-1.4701,104.1
-1.47006,0,0,0,0,-1.47006,-1.47006,0.0176644,-1.47006,104.1
-1.46904,0,0,0,0,-1.46904,-1.46904,0.505982,-1.46904,104.095
-1.46839,0,0,0,0,-1.46839,-1.46839,0.322863,-1.46839,104.1
-1.46946,0,0,0,0,-1.46946,-1.46946,-0.531693,-1.46946,104.089
-1.47053,0,0,0,0,-1.47053,-1.47053,-0.531693,-1.47053,104.095
-1.47037,0,0,0,0,-1.47037,-1.47037,0.078704,-1.47037,104.1
-1.46948,0,0,0,0,-1.46948,-1.46948,0.444942,-1.46948,104.1
-1.46895,0,0,0,0,-1.46895,-1.46895,0.261823,-1.46895,104.095
-1.46818,0,0,0,0,-1.46818,-1.46818,0.383902,-1.46818,104.1
-1.46876,0,0,0,0,-1.46876,-1.46876,-0.287534,-1.46876,104.1
-1.4697,0,0,0,0,-1.4697,-1.4697,-0.470653,-1.4697,104.095
-1.46942,0,0,0,0,-1.46942,-1.46942,0.139744,-1.46942,104.1
-1.46902,0,0,0,0,-1.46902,-1.46902,0.200783,-1.46902,104.1
-1.46959,0,0,0,0,-1.46959,-1.46959,-0.287534,-1.46959,104.1
-1.47091,0,0,0,0,-1.47091,-1.47091,-0.653772,-1.47091,104.1
-1.4705,0,0,0,0,-1.4705,-1.4705,0.200783,-1.4705,104.106
-1.46949,0,0,0,0,-1.46949,-1.46949,0.505982,-1.46949,104.106
-1.46945,0,0,0,0,-1.46945,-1.46945,0.0176644,-1.46945,104.1
-1.46905,0,0,0,0,-1.46905,-1.46905,0.200783,-1.46905,104.1
-1.46889,0,0,0,0,-1.46889,-1.46889,0.078704,-1.46889,104.1
-1.46934,0,0,0,0,-1.46934,-1.46934,-0.226494,-1.46934,104.1
-1.4698,0,0,0,0,-1.4698,-1.4698,-0.226494,-1.4698,104.1
-1.47037,0,0,0,0,-1.47037,-1.47037,-0.287534,-1.47037,104.111
-1.46924,0,0,0,0,-1.46924,-1.46924,0.567021,-1.46924,104.095
-1.46945,0,0,0,0,-1.46945,-1.46945,-0.104415,-1.46945,104.095
-1.46978,0,0,0,0,-1.46978,-1.46978,-0.165455,-1.46978,104.1
-1.46937,0,0,0,0,-1.46937,-1.46937,0.200783,-1.46937,104.1
-1.47032,0,0,0,0,-1.47032,-1.47032,-0.470653,-1.47032,104.1
-1.47041,0,0,0,0,-1.47041,-1.47041,-0.0433753,-1.47041,104.089
-1.47012,0,0,0,0,-1.47012,-1.47013,0.139744,-1.47013,104.1
-1.46984,0,0,0,0,-1.46984,-1.46984,0.139744,-1.46984,104.095
-1.46993,0,0,0,0,-1.46993,-1.46993,-0.0433753,-1.46993,104.106
-1.47026,0,0,0,0,-1.47026,-1.47026,-0.165455,-1.47026,104.106
-1.47035,0,0,0,0,-1.47035,-1.47035,-0.0433753,-1.47035,104.1
-1.4697,0,0,0,0,-1.4697,-1.4697,0.322863,-1.4697,104.106
-1.46893,0,0,0,0,-1.46893,-1.46893,0.383902,-1.46893,104.1
-1.46877,0,0,0,0,-1.46877,-1.46877,0.078704,-1.46877,104.1
-1.46947,0,0,0,0,-1.46947,-1.46947,-0.348574,-1.46947,104.1
-1.46944,0,0,0,0,-1.46944,-1.46944,0.0176644,-1.46944,104.1
-1.46867,0,0,0,0,-1.46867,-1.46867,0.383902,-1.46867,104.095
-1.46826,0,0,0,0,-1.46826,-1.46826,0.200783,-1.46826,104.1
-1.46884,0,0,0,0,-1.46884,-1.46884,-0.287534,-1.46884,104.1
-1.46929,0,0,0,0,-1.46929,-1.46929,-0.226494,-1.46929,104.1
-1.46963,0,0,0,0,-1.46963,-1.46963,-0.165455,-1.46963,104.1
-1.46959,0,0,0,0,-1.46959,-1.46959,0.0176644,-1.46959,104.1
-1.46894,0,0,0,0,-1.46894,-1.46894,0.322863,-1.46894,104.106
-1.4689,0,0,0,0,-1.4689,-1.46891,0.0176644,-1.46891,104.111
-1.46924,0,0,0,0,-1.46924,-1.46924,-0.165455,-1.46924,104.1
-1.47043,0,0,0,0,-1.47043,-1.47043,-0.592732,-1.47043,104.1
-1.47076,0,0,0,0,-1.47076,-1.47076,-0.165455,-1.47076,104.1
-1.4706,0,0,0,0,-1.4706,-1.4706,0.078704,-1.4706,104.1
-1.47044,0,0,0,0,-1.47044,-1.47044,0.078704,-1.47044,104.1
-1.46967,0,0,0,0,-1.46967,-1.46967,0.383902,-1.46967,104.1
-1.46915,0,0,0,0,-1.46915,-1.46915,0.261823,-1.46915,104.106
-1.46948,0,0,0,0,-1.46948,-1.46948,-0.165455,-1.46948,104.1
-1.47005,0,0,0,0,-1.47005,-1.47005,-0.287534,-1.47005,104.095
-1.47051,0,0,0,0,-1.47051,-1.47051,-0.226494,-1.47051,104.106
-1.47121,0,0,0,0,-1.47121,-1.47121,-0.348574,-1.47121,104.1
-1.47068,0,0,0,0,-1.47068,-1.47068,0.261823,-1.47068,104.1
-1.47101,0,0,0,0,-1.47101,-1.47101,-0.165455,-1.47101,104.106
-1.47073,0,0,0,0,-1.47073,-1.47073,0.139744,-1.47073,104.095
-1.46996,0,0,0,0,-1.46996,-1.46996,0.383902,-1.46996,104.1
-1.47091,0,0,0,0,-1.47091,-1.47091,-0.470653,-1.47091,104.1
-1.47222,0,0,0,0,-1.47222,-1.47222,-0.653772,-1.47222,104.1
-1.47317,0,0,0,0,-1.47317,-1.47317,-0.470653,-1.47317,104.1
-1.47313,0,0,0,0,-1.47313,-1.47313,0.0176644,-1.47313,104.1
-1.47322,0,0,0,0,-1.47322,-1.47322,-0.0433753,-1.47322,104.095
-1.47281,0,0,0,0,-1.47281,-1.47281,0.200783,-1.47281,104.1
-1.47302,0,0,0,0,-1.47302,-1.47302,-0.104415,-1.47302,104.111
-1.47286,0,0,0,0,-1.47286,-1.47286,0.078704,-1.47286,104.106
-1.47295,0,0,0,0,-1.47295,-1.47295,-0.0433753,-1.47295,104.1
-1.47243,0,0,0,0,-1.47243,-1.47243,0.261823,-1.47243,104.1
-1.4719,0,0,0,0,-1.4719,-1.4719,0.261823,-1.4719,104.1
-1.47199,0,0,0,0,-1.47199,-1.47199,-0.0433753,-1.47199,104.1
-1.4717,0,0,0,0,-1.4717,-1.4717,0.139744,-1.4717,104.1
-1.4713,0,0,0,0,-1.4713,-1.4713,0.200783,-1.4713,104.1
-1.47188,0,0,0,0,-1.47188,-1.47188,-0.287534,-1.47188,104.1
-1.47258,0,0,0,0,-1.47258,-1.47258,-0.348574,-1.47258,104.095
-1.47291,0,0,0,0,-1.47291,-1.47291,-0.165455,-1.47291,104.1
-1.47251,0,0,0,0,-1.47251,-1.47251,0.200783,-1.47251,104.1
-1.47235,0,0,0,0,-1.47235,-1.47235,0.078704,-1.47235,104.1
-1.47268,0,0,0,0,-1.47268,-1.47268,-0.165455,-1.47268,104.1
-1.47216,0,0,0,0,-1.47216,-1.47216,0.261823,-1.47216,104.1
-1.47126,0,0,0,0,-1.47126,-1.47126,0.444942,-1.47126,104.1
-1.47123,0,0,0,0,-1.47123,-1.47123,0.0176644,-1.47123,104.095
-1.47131,0,0,0,0,-1.47131,-1.47131,-0.0433753,-1.47131,104.1
-1.47091,0,0,0,0,-1.47091,-1.47091,0.200783,-1.47091,104.111
-1.47075,0,0,0,0,-1.47075,-1.47075,0.078704,-1.47075,104.1
-1.47072,0,0,0,0,-1.47072,-1.47072,0.0176644,-1.47072,104.1
-1.47056,0,0,0,0,-1.47056,-1.47056,0.078704,-1.47056,104.095
-1.47065,0,0,0,0,-1.47065,-1.47065,-0.0433753,-1.47065,104.1
-1.4711,0,0,0,0,-1.4711,-1.4711,-0.226494,-1.4711,104.106
-1.4718,0,0,0,0,-1.4718,-1.4718,-0.348574,-1.4718,104.106
-1.47176,0,0,0,0,-1.47176,-1.47176,0.0176644,-1.47176,104.1
-1.47075,0,0,0,0,-1.47075,-1.47075,0.505982,-1.47075,104.1
-1.47047,0,0,0,0,-1.47047,-1.47047,0.139744,-1.47047,104.106
-1.47129,0,0,0,0,-1.47129,-1.47129,-0.409613,-1.47129,104.1
-1.47101,0,0,0,0,-1.47101,-1.47101,0.139744,-1.47101,104.1
-1.47012,0,0,0,0,-1.47012,-1.47012,0.444942,-1.47012,104.1
-1.47032,0,0,0,0,-1.47032,-1.47033,-0.104415,-1.47033,104.1
-1.47029,0,0,0,0,-1.47029,-1.47029,0.0176644,-1.47029,104.1
-1.4705,0,0,0,0,-1.4705,-1.4705,-0.104415,-1.4705,104.1
-1.46997,0,0,0,0,-1.46997,-1.46997,0.261823,-1.46997,104.1
-1.46969,0,0,0,0,-1.46969,-1.46969,0.139744,-1.46969,104.1
-1.46892,0,0,0,0,-1.46892,-1.46892,0.383902,-1.46892,104.1
-1.46938,0,0,0,0,-1.46938,-1.46938,-0.226494,-1.46938,104.1
-1.46971,0,0,0,0,-1.46971,-1.46971,-0.165455,-1.46971,104.095
-1.46967,0,0,0,0,-1.46967,-1.46967,0.0176644,-1.46967,104.106
-1.46976,0,0,0,0,-1.46976,-1.46976,-0.0433753,-1.46976,104.106
-1.47095,0,0,0,0,-1.47095,-1.47095,-0.592732,-1.47095,104.095
-1.47104,0,0,0,0,-1.47104,-1.47104,-0.0433753,-1.47104,104.095
-1.47088,0,0,0,0,-1.47088,-1.47088,0.078704,-1.47088,104.1
-1.47072,0,0,0,0,-1.47072,-1.47072,0.078704,-1.47072,104.1
-1.47007,0,0,0,0,-1.47007,-1.47007,0.322863,-1.47007,104.1
-1.46967,0,0,0,0,-1.46967,-1.46967,0.200783,-1.46967,104.1
-1.47037,0,0,0,0,-1.47037,-1.47037,-0.348574,-1.47037,104.095
-1.47131,0,0,0,0,-1.47131,-1.47131,-0.470653,-1.47131,104.1
-1.47017,0,0,0,0,-1.47017,-1.47017,0.567021,-1.47017,104.1
-1.47014,0,0,0,0,-1.47014,-1.47014,0.0176644,-1.47014,104.095
-1.4712,0,0,0,0,-1.4712,-1.4712,-0.531693,-1.4712,104.1
-1.47129,0,0,0,0,-1.47129,-1.47129,-0.0433753,-1.47129,104.106
-1.47089,0,0,0,0,-1.47089,-1.47089,0.200783,-1.47089,104.089
-1.47085,0,0,0,0,-1.47085,-1.47085,0.0176644,-1.47085,104.1
-1.47082,0,0,0,0,-1.47082,-1.47082,0.0176644,-1.47082,104.1
-1.47041,0,0,0,0,-1.47041,-1.47041,0.200783,-1.47041,104.106
-1.4705,0,0,0,0,-1.4705,-1.4705,-0.0433753,-1.4705,104.1
-1.47022,0,0,0,0,-1.47022,-1.47022,0.139744,-1.47022,104.1
-1.46982,0,0,0,0,-1.46982,-1.46982,0.200783,-1.46982,104.1
-1.47076,0,0,0,0,-1.47076,-1.47076,-0.470653,-1.47076,104.106
-1.47109,0,0,0,0,-1.47109,-1.47109,-0.165455,-1.47109,104.1
-1.47118,0,0,0,0,-1.47118,-1.47118,-0.0433753,-1.47118,104.095
-1.47164,0,0,0,0,-1.47164,-1.47164,-0.226494,-1.47164,104.1
-1.47197,0,0,0,0,-1.47197,-1.47197,-0.165455,-1.47197,104.1
-1.47169,0,0,0,0,-1.47169,-1.47169,0.139744,-1.47169,104.1
-1.47092,0,0,0,0,-1.47092,-1.47092,0.383902,-1.47092,104.1
-1.47113,0,0,0,0,-1.47113,-1.47113,-0.104415,-1.47113,104.1
-1.47109,0,0,0,0,-1.47109,-1.47109,0.0176644,-1.47109,104.1
-1.47032,0,0,0,0,-1.47032,-1.47032,0.383902,-1.47032,104.1
-1.47004,0,0,0,0,-1.47004,-1.47004,0.139744,-1.47004,104.095
-1.47074,0,0,0,0,-1.47074,-1.47074,-0.348574,-1.47074,104.1
-1.47119,0,0,0,0,-1.47119,-1.47119,-0.226494,-1.47119,104.1
-1.4714,0,0,0,0,-1.4714,-1.4714,-0.104415,-1.4714,104.106
-1.47088,0,0,0,0,-1.47088,-1.47088,0.261823,-1.47088,104.106
-1.47047,0,0,0,0,-1.47047,-1.47047,0.200783,-1.47047,104.1
-1.47044,0,0,0,0,-1.47044,-1.47044,0.0176644,-1.47044,104.1
-1.47028,0,0,0,0,-1.47028,-1.47028,0.078704,-1.47028,104.1
-1.47036,0,0,0,0,-1.47036,-1.47037,-0.0433753,-1.47037,104.1
-1.47045,0,0,0,0,-1.47045,-1.47045,-0.0433753,-1.47045,104.095
-1.46931,0,0,0,0,-1.46931,-1.46931,0.567021,-1.46931,104.1
-1.46916,0,0,0,0,-1.46916,-1.46916,0.078704,-1.46916,104.1
-1.46998,0,0,0,0,-1.46998,-1.46998,-0.409613,-1.46998,104.1
-1.47031,0,0,0,0,-1.47031,-1.47031,-0.165455,-1.47031,104.1
-1.47003,0,0,0,0,-1.47003,-1.47003,0.139744,-1.47003,104.1
-1.46999,0,0,0,0,-1.46999,-1.46999,0.0176644,-1.46999,104.1
-1.46996,0,0,0,0,-1.46996,-1.46996,0.0176644,-1.46996,104.1
-1.4698,0,0,0,0,-1.4698,-1.4698,0.078704,-1.4698,104.106
-1.47038,0,0,0,0,-1.47038,-1.47038,-0.287534,-1.47038,104.1
-1.47071,0,0,0,0,-1.47071,-1.47071,-0.165455,-1.47071,104.1
-1.47116,0,0,0,0,-1.47116,-1.47116,-0.226494,-1.47116,104.1
-1.47076,0,0,0,0,-1.47076,-1.47076,0.200783,-1.47076,104.1
-1.47036,0,0,0,0,-1.47036,-1.47036,0.200783,-1.47036,104.095
-1.47081,0,0,0,0,-1.47081,-1.47081,-0.226494,-1.47081,104.111
-1.47114,0,0,0,0,-1.47114,-1.47114,-0.165455,-1.47114,104.095
-1.47099,0,0,0,0,-1.47099,-1.47099,0.078704,-1.47099,104.1
-1.47107,0,0,0,0,-1.47107,-1.47107,-0.0433753,-1.47107,104.1
-1.4714,0,0,0,0,-1.4714,-1.4714,-0.165455,-1.4714,104.1
-1.47223,0,0,0,0,-1.47223,-1.47223,-0.409613,-1.47223,104.1
-1.47207,0,0,0,0,-1.47207,-1.47207,0.078704,-1.47207,104.1
-1.47154,0,0,0,0,-1.47154,-1.47154,0.261823,-1.47154,104.089
-1.47138,0,0,0,0,-1.47138,-1.47138,0.078704,-1.47138,104.1
-1.47196,0,0,0,0,-1.47196,-1.47196,-0.287534,-1.47196,104.1
-1.47192,0,0,0,0,-1.47192,-1.47193,0.0176644,-1.47193,104.1
-1.4725,0,0,0,0,-1.4725,-1.4725,-0.287534,-1.4725,104.1
-1.47222,0,0,0,0,-1.47222,-1.47222,0.139744,-1.47222,104.1
-1.47206,0,0,0,0,-1.47206,-1.47206,0.078704,-1.47206,104.1
-1.47215,0,0,0,0,-1.47215,-1.47215,-0.0433753,-1.47215,104.095
-1.47261,0,0,0,0,-1.47261,-1.47261,-0.226494,-1.47261,104.106
-1.47367,0,0,0,0,-1.47367,-1.47367,-0.531693,-1.47367,104.1
-1.47327,0,0,0,0,-1.47327,-1.47327,0.200783,-1.47327,104.095
-1.47274,0,0,0,0,-1.47274,-1.47274,0.261823,-1.47274,104.1
-1.47344,0,0,0,0,-1.47344,-1.47344,-0.348574,-1.47344,104.095
-1.47402,0,0,0,0,-1.47402,-1.47402,-0.287534,-1.47402,104.095
-1.4746,0,0,0,0,-1.4746,-1.4746,-0.287534,-1.4746,104.106
-1.47481,0,0,0,0,-1.47481,-1.47481,-0.104415,-1.47481,104.1
-1.47514,0,0,0,0,-1.47514,-1.47514,-0.165455,-1.47514,104.1
-1.47437,0,0,0,0,-1.47437,-1.47437,0.383902,-1.47437,104.1
-1.47372,0,0,0,0,-1.47372,-1.47372,0.322863,-1.47372,104.1
-1.47381,0,0,0,0,-1.47381,-1.47381,-0.0433753,-1.47381,104.1
-1.47439,0,0,0,0,-1.47439,-1.47439,-0.287534,-1.47439,104.089
-1.47435,0,0,0,0,-1.47435,-1.47435,0.0176644,-1.47435,104.1
-1.4737,0,0,0,0,-1.4737,-1.4737,0.322863,-1.4737,104.106
-1.47367,0,0,0,0,-1.47367,-1.47367,0.0176644,-1.47367,104.1
-1.47363,0,0,0,0,-1.47363,-1.47363,0.0176644,-1.47363,104.089
-1.47384,0,0,0,0,-1.47384,-1.47384,-0.104415,-1.47384,104.106
-1.47405,0,0,0,0,-1.47405,-1.47405,-0.104415,-1.47405,104.106
-1.47401,0,0,0,0,-1.47401,-1.47401,0.0176644,-1.47401,104.1
-1.47385,0,0,0,0,-1.47385,-1.47385,0.078704,-1.47385,104.095
-1.47333,0,0,0,0,-1.47333,-1.47333,0.261823,-1.47333,104.111
-1.47366,0,0,0,0,-1.47366,-1.47366,-0.165455,-1.47366,104.1
-1.47399,0,0,0,0,-1.47399,-1.47399,-0.165455,-1.47399,104.1
-1.47408,0,0,0,0,-1.47408,-1.47408,-0.0433753,-1.47408,104.1
-1.47527,0,0,0,0,-1.47527,-1.47527,-0.592732,-1.47527,104.095
-1.47523,0,0,0,0,-1.47523,-1.47523,0.0176644,-1.47523,104.106
-1.47495,0,0,0,0,-1.47495,-1.47495,0.139744,-1.47495,104.1
-1.47528,0,0,0,0,-1.47528,-1.47528,-0.165455,-1.47528,104.1
-1.47586,0,0,0,0,-1.47586,-1.47586,-0.287534,-1.47586,104.1
-1.47509,0,0,0,0,-1.47509,-1.47509,0.383902,-1.47509,104.111
-1.47432,0,0,0,0,-1.47432,-1.47432,0.383902,-1.47432,104.106
-1.47465,0,0,0,0,-1.47465,-1.47465,-0.165455,-1.47465,104.095
-1.47535,0,0,0,0,-1.47535,-1.47535,-0.348574,-1.47535,104.1
-1.47568,0,0,0,0,-1.47568,-1.47568,-0.165455,-1.47568,104.1
-1.47516,0,0,0,0,-1.47516,-1.47516,0.261823,-1.47516,104.1
-1.47365,0,0,0,0,-1.47365,-1.47365,0.75014,-1.47365,104.095
-1.47435,0,0,0,0,-1.47435,-1.47435,-0.348574,-1.47435,104.1
-1.47493,0,0,0,0,-1.47493,-1.47493,-0.287534,-1.47493,104.095
-1.47501,0,0,0,0,-1.47501,-1.47501,-0.0433753,-1.47501,104.1
-1.47498,0,0,0,0,-1.47498,-1.47498,0.0176644,-1.47498,104.1
-1.47494,0,0,0,0,-1.47494,-1.47494,0.0176644,-1.47494,104.1
-1.47515,0,0,0,0,-1.47515,-1.47515,-0.104415,-1.47515,104.095
-1.47536,0,0,0,0,-1.47536,-1.47536,-0.104415,-1.47536,104.1
-1.47557,0,0,0,0,-1.47557,-1.47557,-0.104415,-1.47557,104.106
-1.47639,0,0,0,0,-1.47639,-1.47639,-0.409613,-1.47639,104.106
-1.47758,0,0,0,0,-1.47758,-1.47758,-0.592732,-1.47758,104.1
-1.47706,0,0,0,0,-1.47706,-1.47706,0.261823,-1.47706,104.095
-1.47702,0,0,0,0,-1.47702,-1.47702,0.0176644,-1.47702,104.1
-1.47686,0,0,0,0,-1.47686,-1.47686,0.078704,-1.47686,104.106
-1.47646,0,0,0,0,-1.47646,-1.47646,0.200783,-1.47646,104.106
-1.47679,0,0,0,0,-1.47679,-1.47679,-0.165455,-1.47679,104.1
-1.47737,0,0,0,0,-1.47737,-1.47737,-0.287534,-1.47737,104.095
-1.47709,0,0,0,0,-1.47709,-1.47709,0.139744,-1.47709,104.095
-1.47742,0,0,0,0,-1.47742,-1.47742,-0.165455,-1.47742,104.1
-1.47763,0,0,0,0,-1.47763,-1.47763,-0.104415,-1.47763,104.106
-1.47796,0,0,0,0,-1.47796,-1.47796,-0.165455,-1.47796,104.1
-1.47731,0,0,0,0,-1.47731,-1.47731,0.322863,-1.47731,104.089
-1.47642,0,0,0,0,-1.47642,-1.47642,0.444942,-1.47642,104.1
-1.47687,0,0,0,0,-1.47687,-1.47687,-0.226494,-1.47687,104.1
-1.47671,0,0,0,0,-1.47671,-1.47671,0.078704,-1.47671,104.1
-1.4768,0,0,0,0,-1.4768,-1.4768,-0.0433753,-1.4768,104.111
-1.47628,0,0,0,0,-1.47628,-1.47628,0.261823,-1.47628,104.1
-1.47563,0,0,0,0,-1.47563,-1.47563,0.322863,-1.47563,104.095
-1.4762,0,0,0,0,-1.4762,-1.4762,-0.287534,-1.4762,104.106
-1.47556,0,0,0,0,-1.47556,-1.47556,0.322863,-1.47556,104.1
-1.47466,0,0,0,0,-1.47466,-1.47466,0.444942,-1.47466,104.1
-1.4745,0,0,0,0,-1.4745,-1.4745,0.078704,-1.4745,104.106
-1.47484,0,0,0,0,-1.47484,-1.47484,-0.165455,-1.47484,104.1
-1.47468,0,0,0,0,-1.47468,-1.47468,0.078704,-1.47468,104.106
-1.47513,0,0,0,0,-1.47513,-1.47513,-0.226494,-1.47513,104.1
-1.47473,0,0,0,0,-1.47473,-1.47473,0.200783,-1.47473,104.1
-1.47469,0,0,0,0,-1.47469,-1.47469,0.0176644,-1.47469,104.1
-1.47551,0,0,0,0,-1.47551,-1.47551,-0.409613,-1.47551,104.1
-1.47621,0,0,0,0,-1.47621,-1.47621,-0.348574,-1.47621,104.1
-1.47642,0,0,0,0,-1.47642,-1.47642,-0.104415,-1.47642,104.1
-1.47663,0,0,0,0,-1.47663,-1.47663,-0.104415,-1.47663,104.1
-1.47709,0,0,0,0,-1.47709,-1.47709,-0.226494,-1.47709,104.095
-1.47717,0,0,0,0,-1.47717,-1.47717,-0.0433753,-1.47717,104.1
-1.47775,0,0,0,0,-1.47775,-1.47775,-0.287534,-1.47775,104.1
-1.47771,0,0,0,0,-1.47771,-1.47772,0.0176644,-1.47772,104.1
-1.47719,0,0,0,0,-1.47719,-1.47719,0.261823,-1.47719,104.1
-1.47679,0,0,0,0,-1.47679,-1.47679,0.200783,-1.47679,104.1
-1.47687,0,0,0,0,-1.47687,-1.47687,-0.0433753,-1.47687,104.1
-1.47659,0,0,0,0,-1.47659,-1.47659,0.139744,-1.47659,104.1
-1.47643,0,0,0,0,-1.47643,-1.47643,0.078704,-1.47643,104.1
-1.47628,0,0,0,0,-1.47628,-1.47628,0.078704,-1.47628,104.1
-1.47563,0,0,0,0,-1.47563,-1.47563,0.322863,-1.47563,104.1
-1.47571,0,0,0,0,-1.47571,-1.47571,-0.0433753,-1.47571,104.1
-1.47629,0,0,0,0,-1.47629,-1.47629,-0.287534,-1.47629,104.106
-1.47711,0,0,0,0,-1.47711,-1.47711,-0.409613,-1.47711,104.1
-1.47695,0,0,0,0,-1.47695,-1.47695,0.078704,-1.47695,104.1
-1.47655,0,0,0,0,-1.47655,-1.47655,0.200783,-1.47655,104.1
-1.47602,0,0,0,0,-1.47602,-1.47602,0.261823,-1.47602,104.1
-1.47721,0,0,0,0,-1.47721,-1.47721,-0.592732,-1.47721,104.1
-1.47681,0,0,0,0,-1.47681,-1.47681,0.200783,-1.47681,104.1
-1.47628,0,0,0,0,-1.47628,-1.47628,0.261823,-1.47628,104.1
-1.47735,0,0,0,0,-1.47735,-1.47735,-0.531693,-1.47735,104.1
-1.47854,0,0,0,0,-1.47854,-1.47854,-0.592732,-1.47854,104.1
-1.47826,0,0,0,0,-1.47826,-1.47826,0.139744,-1.47826,104.1
-1.47847,0,0,0,0,-1.47847,-1.47847,-0.104415,-1.47847,104.1
-1.47757,0,0,0,0,-1.47757,-1.47757,0.444942,-1.47757,104.106
-1.47668,0,0,0,0,-1.47668,-1.47668,0.444942,-1.47668,104.1
-1.47726,0,0,0,0,-1.47726,-1.47726,-0.287534,-1.47726,104.106
-1.47783,0,0,0,0,-1.47783,-1.47784,-0.287534,-1.47784,104.1
-1.4778,0,0,0,0,-1.4778,-1.4778,0.0176644,-1.4778,104.095
-1.47789,0,0,0,0,-1.47789,-1.47789,-0.0433753,-1.47789,104.1
-1.47822,0,0,0,0,-1.47822,-1.47822,-0.165455,-1.47822,104.1
-1.47818,0,0,0,0,-1.47818,-1.47818,0.0176644,-1.47818,104.1
-1.4779,0,0,0,0,-1.4779,-1.4779,0.139744,-1.4779,104.1
-1.47848,0,0,0,0,-1.47848,-1.47848,-0.287534,-1.47848,104.1
-1.47808,0,0,0,0,-1.47808,-1.47808,0.200783,-1.47808,104.1
-1.47767,0,0,0,0,-1.47767,-1.47767,0.200783,-1.47767,104.1
-1.47862,0,0,0,0,-1.47862,-1.47862,-0.470653,-1.47862,104.1
-1.47895,0,0,0,0,-1.47895,-1.47895,-0.165455,-1.47895,104.1
-1.47769,0,0,0,0,-1.47769,-1.47769,0.628061,-1.47769,104.1
-1.47729,0,0,0,0,-1.47729,-1.47729,0.200783,-1.47729,104.1
-1.47811,0,0,0,0,-1.47811,-1.47811,-0.409613,-1.47811,104.106
-1.47832,0,0,0,0,-1.47832,-1.47832,-0.104415,-1.47832,104.1
-1.47779,0,0,0,0,-1.47779,-1.47779,0.261823,-1.47779,104.1
-1.47714,0,0,0,0,-1.47714,-1.47714,0.322863,-1.47714,104.1
-1.47674,0,0,0,0,-1.47674,-1.47674,0.200783,-1.47674,104.1
-1.47658,0,0,0,0,-1.47658,-1.47658,0.078704,-1.47658,104.1
-1.47655,0,0,0,0,-1.47655,-1.47655,0.0176644,-1.47655,104.1
-1.47651,0,0,0,0,-1.47651,-1.47651,0.0176644,-1.47651,104.1
-1.47598,0,0,0,0,-1.47598,-1.47598,0.261823,-1.47598,104.1
-1.47607,0,0,0,0,-1.47607,-1.47607,-0.0433753,-1.47607,104.1
-1.47714,0,0,0,0,-1.47714,-1.47714,-0.531693,-1.47714,104.1
-1.47723,0,0,0,0,-1.47723,-1.47723,-0.0433753,-1.47723,104.106
-1.47609,0,0,0,0,-1.47609,-1.47609,0.567021,-1.47609,104.106
-1.47666,0,0,0,0,-1.47666,-1.47666,-0.287534,-1.47666,104.1
-1.47626,0,0,0,0,-1.47626,-1.47626,0.200783,-1.47626,104.1
-1.4761,0,0,0,0,-1.4761,-1.4761,0.078704,-1.4761,104.106
-1.4768,0,0,0,0,-1.4768,-1.4768,-0.348574,-1.4768,104.095
-1.47738,0,0,0,0,-1.47738,-1.47738,-0.287534,-1.47738,104.089
-1.47698,0,0,0,0,-1.47698,-1.47698,0.200783,-1.47698,104.106
-1.47755,0,0,0,0,-1.47755,-1.47755,-0.287534,-1.47755,104.106
-1.47801,0,0,0,0,-1.47801,-1.47801,-0.226494,-1.47801,104.095
-1.4781,0,0,0,0,-1.4781,-1.4781,-0.0433753,-1.4781,104.1
-1.47708,0,0,0,0,-1.47708,-1.47708,0.505982,-1.47708,104.106
-1.4779,0,0,0,0,-1.4779,-1.4779,-0.409613,-1.4779,104.1
-1.47799,0,0,0,0,-1.47799,-1.47799,-0.0433753,-1.47799,104.1
-1.47832,0,0,0,0,-1.47832,-1.47832,-0.165455,-1.47832,104.1
-1.47841,0,0,0,0,-1.47841,-1.47841,-0.0433753,-1.47841,104.1
-1.47849,0,0,0,0,-1.47849,-1.47849,-0.0433753,-1.47849,104.095
-1.4787,0,0,0,0,-1.4787,-1.4787,-0.104415,-1.4787,104.1
-1.47781,0,0,0,0,-1.47781,-1.47781,0.444942,-1.47781,104.1
-1.47839,0,0,0,0,-1.47839,-1.47839,-0.287534,-1.47839,104.1
-1.47945,0,0,0,0,-1.47945,-1.47945,-0.531693,-1.47945,104.1
-1.47966,0,0,0,0,-1.47966,-1.47966,-0.104415,-1.47966,104.095
-1.47914,0,0,0,0,-1.47914,-1.47914,0.261823,-1.47914,104.1
-1.47898,0,0,0,0,-1.47898,-1.47898,0.078704,-1.47898,104.095
-1.47968,0,0,0,0,-1.47968,-1.47968,-0.348574,-1.47968,104.106
-1.4794,0,0,0,0,-1.4794,-1.4794,0.139744,-1.4794,104.1
-1.47961,0,0,0,0,-1.47961,-1.47961,-0.104415,-1.47961,104.1
-1.47969,0,0,0,0,-1.47969,-1.4797,-0.0433753,-1.4797,104.095
-1.47954,0,0,0,0,-1.47954,-1.47954,0.078704,-1.47954,104.1
-1.47926,0,0,0,0,-1.47926,-1.47926,0.139744,-1.47926,104.1
-1.47885,0,0,0,0,-1.47885,-1.47885,0.200783,-1.47885,104.095
-1.47918,0,0,0,0,-1.47918,-1.47919,-0.165455,-1.47919,104.1
-1.48013,0,0,0,0,-1.48013,-1.48013,-0.470653,-1.48013,104.095
-1.48071,0,0,0,0,-1.48071,-1.48071,-0.287534,-1.48071,104.1
-1.47994,0,0,0,0,-1.47994,-1.47994,0.383902,-1.47994,104.1
-1.47917,0,0,0,0,-1.47917,-1.47917,0.383902,-1.47917,104.1
-1.47901,0,0,0,0,-1.47901,-1.47901,0.078704,-1.47901,104.1
-1.47922,0,0,0,0,-1.47922,-1.47922,-0.104415,-1.47922,104.089
-1.47918,0,0,0,0,-1.47918,-1.47918,0.0176644,-1.47918,104.1
-1.47964,0,0,0,0,-1.47964,-1.47964,-0.226494,-1.47964,104.1
-1.4796,0,0,0,0,-1.4796,-1.4796,0.0176644,-1.4796,104.1
-1.47871,0,0,0,0,-1.47871,-1.47871,0.444942,-1.47871,104.1
-1.47843,0,0,0,0,-1.47843,-1.47843,0.139744,-1.47843,104.089
-1.47925,0,0,0,0,-1.47925,-1.47925,-0.409613,-1.47925,104.106
-1.47897,0,0,0,0,-1.47897,-1.47897,0.139744,-1.47897,104.106
-1.47893,0,0,0,0,-1.47893,-1.47893,0.0176644,-1.47893,104.1
-1.47841,0,0,0,0,-1.47841,-1.47841,0.261823,-1.47841,104.095
-1.47764,0,0,0,0,-1.47764,-1.47764,0.383902,-1.47764,104.1
-1.4776,0,0,0,0,-1.4776,-1.4776,0.0176644,-1.4776,104.1
-1.47756,0,0,0,0,-1.47756,-1.47756,0.0176644,-1.47756,104.1
-1.47777,0,0,0,0,-1.47777,-1.47777,-0.104415,-1.47777,104.1
-1.47823,0,0,0,0,-1.47823,-1.47823,-0.226494,-1.47823,104.1
-1.47832,0,0,0,0,-1.47832,-1.47832,-0.0433753,-1.47832,104.106
-1.47791,0,0,0,0,-1.47791,-1.47791,0.200783,-1.47791,104.095
-1.47812,0,0,0,0,-1.47812,-1.47812,-0.104415,-1.47812,104.1
-1.4776,0,0,0,0,-1.4776,-1.4776,0.261823,-1.4776,104.095
-1.47793,0,0,0,0,-1.47793,-1.47793,-0.165455,-1.47793,104.1
-1.47801,0,0,0,0,-1.47801,-1.47801,-0.0433753,-1.47801,104.095
-1.47786,0,0,0,0,-1.47786,-1.47786,0.078704,-1.47786,104.095
-1.47758,0,0,0,0,-1.47758,-1.47758,0.139744,-1.47758,104.1
-1.47803,0,0,0,0,-1.47803,-1.47803,-0.226494,-1.47803,104.1
-1.47812,0,0,0,0,-1.47812,-1.47812,-0.0433753,-1.47812,104.111
-1.47808,0,0,0,0,-1.47808,-1.47808,0.0176644,-1.47808,104.1
-1.4778,0,0,0,0,-1.4778,-1.4778,0.139744,-1.4778,104.106
-1.47654,0,0,0,0,-1.47654,-1.47654,0.628061,-1.47654,104.111
-1.47675,0,0,0,0,-1.47675,-1.47675,-0.104415,-1.47675,104.1
-1.47806,0,0,0,0,-1.47806,-1.47806,-0.653772,-1.47806,104.095
-1.47815,0,0,0,0,-1.47815,-1.47815,-0.0433753,-1.47815,104.1
-1.47713,0,0,0,0,-1.47713,-1.47713,0.505982,-1.47713,104.1
-1.47734,0,0,0,0,-1.47734,-1.47734,-0.104415,-1.47734,104.106
-1.4773,0,0,0,0,-1.4773,-1.4773,0.0176644,-1.4773,104.1
-1.47641,0,0,0,0,-1.47641,-1.47641,0.444942,-1.47641,104.095
-1.47748,0,0,0,0,-1.47748,-1.47748,-0.531693,-1.47748,104.111
-1.47916,0,0,0,0,-1.47916,-1.47916,-0.836891,-1.47916,104.1
-1.47924,0,0,0,0,-1.47924,-1.47924,-0.0433753,-1.47924,104.095
-1.47823,0,0,0,0,-1.47823,-1.47823,0.505982,-1.47823,104.1
-1.47819,0,0,0,0,-1.47819,-1.47819,0.0176644,-1.47819,104.1
-1.47852,0,0,0,0,-1.47852,-1.47852,-0.165455,-1.47852,104.1
-1.47775,0,0,0,0,-1.47775,-1.47775,0.383902,-1.47775,104.1
-1.47833,0,0,0,0,-1.47833,-1.47833,-0.287534,-1.47833,104.095
-1.47829,0,0,0,0,-1.47829,-1.47829,0.0176644,-1.47829,104.106
-1.47801,0,0,0,0,-1.47801,-1.47801,0.139744,-1.47801,104.095
-1.47749,0,0,0,0,-1.47749,-1.47749,0.261823,-1.47749,104.1
-1.47696,0,0,0,0,-1.47696,-1.47696,0.261823,-1.47696,104.1
-1.47594,0,0,0,0,-1.47594,-1.47594,0.505982,-1.47594,104.095
-1.47554,0,0,0,0,-1.47554,-1.47554,0.200783,-1.47554,104.1
-1.47612,0,0,0,0,-1.47612,-1.47612,-0.287534,-1.47612,104.095
-1.47682,0,0,0,0,-1.47682,-1.47682,-0.348574,-1.47682,104.1
-1.47641,0,0,0,0,-1.47641,-1.47641,0.200783,-1.47641,104.1
-1.47613,0,0,0,0,-1.47613,-1.47613,0.139744,-1.47613,104.089
-1.4761,0,0,0,0,-1.4761,-1.4761,0.0176644,-1.4761,104.1
-1.47594,0,0,0,0,-1.47594,-1.47594,0.078704,-1.47594,104.106
-1.47615,0,0,0,0,-1.47615,-1.47615,-0.104415,-1.47615,104.106
-1.47611,0,0,0,0,-1.47611,-1.47611,0.0176644,-1.47611,104.1
-1.47632,0,0,0,0,-1.47632,-1.47632,-0.104415,-1.47632,104.1
-1.4769,0,0,0,0,-1.4769,-1.4769,-0.287534,-1.4769,104.1
-1.47735,0,0,0,0,-1.47735,-1.47735,-0.226494,-1.47735,104.095
-1.47683,0,0,0,0,-1.47683,-1.47683,0.261823,-1.47683,104.1
-1.47679,0,0,0,0,-1.47679,-1.47679,0.0176644,-1.47679,104.106
-1.47602,0,0,0,0,-1.47602,-1.47602,0.383902,-1.47602,104.1
-1.47611,0,0,0,0,-1.47611,-1.47611,-0.0433753,-1.47611,104.095
-1.47632,0,0,0,0,-1.47632,-1.47632,-0.104415,-1.47632,104.1
-1.4764,0,0,0,0,-1.4764,-1.4764,-0.0433753,-1.4764,104.1
-1.47624,0,0,0,0,-1.47624,-1.47625,0.078704,-1.47625,104.1
-1.47584,0,0,0,0,-1.47584,-1.47584,0.200783,-1.47584,104.106
-1.47617,0,0,0,0,-1.47617,-1.47617,-0.165455,-1.47617,104.1
-1.47638,0,0,0,0,-1.47638,-1.47638,-0.104415,-1.47638,104.1
-1.47647,0,0,0,0,-1.47647,-1.47647,-0.0433753,-1.47647,104.1
-1.4768,0,0,0,0,-1.4768,-1.4768,-0.165455,-1.4768,104.1
-1.47664,0,0,0,0,-1.47664,-1.47664,0.078704,-1.47664,104.095
-1.47734,0,0,0,0,-1.47734,-1.47734,-0.348574,-1.47734,104.1
-1.47694,0,0,0,0,-1.47694,-1.47694,0.200783,-1.47694,104.106
-1.47617,0,0,0,0,-1.47617,-1.47617,0.383902,-1.47617,104.095
-1.47589,0,0,0,0,-1.47589,-1.47589,0.139744,-1.47589,104.095
-1.4761,0,0,0,0,-1.4761,-1.4761,-0.104415,-1.4761,104.095
-1.47631,0,0,0,0,-1.47631,-1.47631,-0.104415,-1.47631,104.1
-1.47603,0,0,0,0,-1.47603,-1.47603,0.139744,-1.47603,104.106
-1.47587,0,0,0,0,-1.47587,-1.47587,0.078704,-1.47587,104.1
-1.47595,0,0,0,0,-1.47595,-1.47595,-0.0433753,-1.47595,104.1
-1.47641,0,0,0,0,-1.47641,-1.47641,-0.226494,-1.47641,104.1
-1.47625,0,0,0,0,-1.47625,-1.47625,0.078704,-1.47625,104.1
-1.47585,0,0,0,0,-1.47585,-1.47585,0.200783,-1.47585,104.106
-1.47606,0,0,0,0,-1.47606,-1.47606,-0.104415,-1.47606,104.106
-1.47553,0,0,0,0,-1.47553,-1.47553,0.261823,-1.47553,104.1
-1.47537,0,0,0,0,-1.47537,-1.47537,0.078704,-1.47537,104.106
-1.47497,0,0,0,0,-1.47497,-1.47497,0.200783,-1.47497,104.1
-1.47457,0,0,0,0,-1.47457,-1.47457,0.200783,-1.47457,104.1
-1.47453,0,0,0,0,-1.47453,-1.47453,0.0176644,-1.47453,104.1
-1.47388,0,0,0,0,-1.47388,-1.47388,0.322863,-1.47388,104.1
-1.47323,0,0,0,0,-1.47323,-1.47323,0.322863,-1.47323,104.1
-1.47283,0,0,0,0,-1.47283,-1.47283,0.200783,-1.47283,104.106
-1.47316,0,0,0,0,-1.47316,-1.47316,-0.165455,-1.47316,104.1
-1.47399,0,0,0,0,-1.47399,-1.47399,-0.409613,-1.47399,104.095
-1.47334,0,0,0,0,-1.47334,-1.47334,0.322863,-1.47334,104.1
-1.47293,0,0,0,0,-1.47293,-1.47293,0.200783,-1.47293,104.1
-1.47388,0,0,0,0,-1.47388,-1.47388,-0.470653,-1.47388,104.1
-1.4747,0,0,0,0,-1.4747,-1.4747,-0.409613,-1.4747,104.1
-1.47528,0,0,0,0,-1.47528,-1.47528,-0.287534,-1.47528,104.1
-1.475,0,0,0,0,-1.475,-1.475,0.139744,-1.475,104.106
-1.47496,0,0,0,0,-1.47496,-1.47496,0.0176644,-1.47496,104.1
-1.47529,0,0,0,0,-1.47529,-1.47529,-0.165455,-1.47529,104.1
-1.47599,0,0,0,0,-1.47599,-1.47599,-0.348574,-1.47599,104.1
-1.47547,0,0,0,0,-1.47547,-1.47547,0.261823,-1.47547,104.1
-1.47506,0,0,0,0,-1.47506,-1.47506,0.200783,-1.47506,104.1
-1.47539,0,0,0,0,-1.47539,-1.47539,-0.165455,-1.47539,104.106
-1.47548,0,0,0,0,-1.47548,-1.47548,-0.0433753,-1.47548,104.089
-1.47532,0,0,0,0,-1.47532,-1.47532,0.078704,-1.47532,104.1
-1.47627,0,0,0,0,-1.47627,-1.47627,-0.470653,-1.47627,104.1
-1.47697,0,0,0,0,-1.47697,-1.47697,-0.348574,-1.47697,104.1
-1.47693,0,0,0,0,-1.47693,-1.47693,0.0176644,-1.47693,104.1
-1.47714,0,0,0,0,-1.47714,-1.47714,-0.104415,-1.47714,104.1
-1.47661,0,0,0,0,-1.47661,-1.47662,0.261823,-1.47662,104.1
-1.4767,0,0,0,0,-1.4767,-1.4767,-0.0433753,-1.4767,104.1
-1.47728,0,0,0,0,-1.47728,-1.47728,-0.287534,-1.47728,104.1
-1.47749,0,0,0,0,-1.47749,-1.47749,-0.104415,-1.47749,104.1
-1.47758,0,0,0,0,-1.47758,-1.47758,-0.0433753,-1.47758,104.1
-1.47754,0,0,0,0,-1.47754,-1.47754,0.0176644,-1.47754,104.1
-1.47775,0,0,0,0,-1.47775,-1.47775,-0.104415,-1.47775,104.1
-1.47857,0,0,0,0,-1.47857,-1.47857,-0.409613,-1.47857,104.106
-1.47841,0,0,0,0,-1.47841,-1.47841,0.078704,-1.47841,104.1
-1.47862,0,0,0,0,-1.47862,-1.47862,-0.104415,-1.47862,104.1
-1.47773,0,0,0,0,-1.47773,-1.47773,0.444942,-1.47773,104.1
-1.47806,0,0,0,0,-1.47806,-1.47806,-0.165455,-1.47806,104.095
-1.47913,0,0,0,0,-1.47913,-1.47913,-0.531693,-1.47913,104.111
-1.47885,0,0,0,0,-1.47885,-1.47885,0.139744,-1.47885,104.1
-1.47746,0,0,0,0,-1.47746,-1.47746,0.689101,-1.47746,104.1
-1.47706,0,0,0,0,-1.47706,-1.47706,0.200783,-1.47706,104.1
-1.47715,0,0,0,0,-1.47715,-1.47715,-0.0433753,-1.47715,104.1
-1.47736,0,0,0,0,-1.47736,-1.47736,-0.104415,-1.47736,104.1
-1.47659,0,0,0,0,-1.47659,-1.47659,0.383902,-1.47659,104.1
-1.47569,0,0,0,0,-1.47569,-1.47569,0.444942,-1.47569,104.1
-1.47566,0,0,0,0,-1.47566,-1.47566,0.0176644,-1.47566,104.106
-1.47648,0,0,0,0,-1.47648,-1.47648,-0.409613,-1.47648,104.1
-1.47644,0,0,0,0,-1.47644,-1.47644,0.0176644,-1.47644,104.095
-1.47579,0,0,0,0,-1.47579,-1.4758,0.322863,-1.4758,104.1
-1.47564,0,0,0,0,-1.47564,-1.47564,0.078704,-1.47564,104.1
-1.47597,0,0,0,0,-1.47597,-1.47597,-0.165455,-1.47597,104.1
-1.47606,0,0,0,0,-1.47606,-1.47606,-0.0433753,-1.47606,104.089
-1.47602,0,0,0,0,-1.47602,-1.47602,0.0176644,-1.47602,104.1
-1.47635,0,0,0,0,-1.47635,-1.47635,-0.165455,-1.47635,104.106
-1.47644,0,0,0,0,-1.47644,-1.47644,-0.0433753,-1.47644,104.106
-1.47604,0,0,0,0,-1.47604,-1.47604,0.200783,-1.47604,104.1
-1.47612,0,0,0,0,-1.47612,-1.47612,-0.0433753,-1.47612,104.1
-1.47498,0,0,0,0,-1.47498,-1.47498,0.567021,-1.47498,104.1
-1.47372,0,0,0,0,-1.47372,-1.47372,0.628061,-1.47372,104.1
-1.47467,0,0,0,0,-1.47467,-1.47467,-0.470653,-1.47467,104.1
-1.4761,0,0,0,0,-1.4761,-1.4761,-0.714811,-1.4761,104.1
-1.47594,0,0,0,0,-1.47594,-1.47594,0.078704,-1.47594,104.1
-1.47627,0,0,0,0,-1.47627,-1.47628,-0.165455,-1.47628,104.1
-1.47587,0,0,0,0,-1.47587,-1.47587,0.200783,-1.47587,104.1
-1.47608,0,0,0,0,-1.47608,-1.47608,-0.104415,-1.47608,104.1
-1.47592,0,0,0,0,-1.47592,-1.47592,0.078704,-1.47592,104.095
-1.47625,0,0,0,0,-1.47625,-1.47625,-0.165455,-1.47625,104.1
-1.47646,0,0,0,0,-1.47646,-1.47646,-0.104415,-1.47646,104.1
-1.4763,0,0,0,0,-1.4763,-1.47631,0.078704,-1.47631,104.106
-1.47664,0,0,0,0,-1.47664,-1.47664,-0.165455,-1.47664,104.1
-1.47685,0,0,0,0,-1.47685,-1.47685,-0.104415,-1.47685,104.1
-1.47534,0,0,0,0,-1.47534,-1.47534,0.75014,-1.47534,104.106
-1.47395,0,0,0,0,-1.47395,-1.47396,0.689101,-1.47396,104.1
-1.47404,0,0,0,0,-1.47404,-1.47404,-0.0433753,-1.47404,104.1
-1.47425,0,0,0,0,-1.47425,-1.47425,-0.104415,-1.47425,104.1
-1.47458,0,0,0,0,-1.47458,-1.47458,-0.165455,-1.47458,104.1
-1.47443,0,0,0,0,-1.47443,-1.47443,0.078704,-1.47443,104.111
-1.47378,0,0,0,0,-1.47378,-1.47378,0.322863,-1.47378,104.095
-1.47399,0,0,0,0,-1.47399,-1.47399,-0.104415,-1.47399,104.106
-1.47395,0,0,0,0,-1.47395,-1.47395,0.0176644,-1.47395,104.1
-1.47391,0,0,0,0,-1.47391,-1.47391,0.0176644,-1.47391,104.1
-1.47425,0,0,0,0,-1.47425,-1.47425,-0.165455,-1.47425,104.106
-1.47531,0,0,0,0,-1.47531,-1.47531,-0.531693,-1.47531,104.106
-1.47466,0,0,0,0,-1.47466,-1.47466,0.322863,-1.47466,104.1
-1.47585,0,0,0,0,-1.47585,-1.47585,-0.592732,-1.47585,104.1
-1.47729,0,0,0,0,-1.47729,-1.47729,-0.714811,-1.47729,104.1
-1.47689,0,0,0,0,-1.47689,-1.47689,0.200783,-1.47689,104.1
-1.47624,0,0,0,0,-1.47624,-1.47624,0.322863,-1.47624,104.106
-1.4762,0,0,0,0,-1.4762,-1.4762,0.0176644,-1.4762,104.106
-1.47702,0,0,0,0,-1.47702,-1.47702,-0.409613,-1.47702,104.1
-1.47699,0,0,0,0,-1.47699,-1.47699,0.0176644,-1.47699,104.1
-1.47671,0,0,0,0,-1.47671,-1.47671,0.139744,-1.47671,104.1
-1.47716,0,0,0,0,-1.47716,-1.47716,-0.226494,-1.47716,104.111
-1.47737,0,0,0,0,-1.47737,-1.47737,-0.104415,-1.47737,104.1
-1.47758,0,0,0,0,-1.47758,-1.47758,-0.104415,-1.47758,104.1
-1.47693,0,0,0,0,-1.47693,-1.47693,0.322863,-1.47693,104.1
-1.47653,0,0,0,0,-1.47653,-1.47653,0.200783,-1.47653,104.1
-1.47747,0,0,0,0,-1.47747,-1.47747,-0.470653,-1.47747,104.095
-1.47707,0,0,0,0,-1.47707,-1.47707,0.200783,-1.47707,104.089
-1.47605,0,0,0,0,-1.47605,-1.47605,0.505982,-1.47605,104.106
-1.47577,0,0,0,0,-1.47577,-1.47577,0.139744,-1.47577,104.1
-1.47598,0,0,0,0,-1.47598,-1.47598,-0.104415,-1.47598,104.1
-1.47693,0,0,0,0,-1.47693,-1.47693,-0.470653,-1.47693,104.1
-1.47665,0,0,0,0,-1.47665,-1.47665,0.139744,-1.47665,104.095
-1.47722,0,0,0,0,-1.47722,-1.47722,-0.287534,-1.47722,104.106
-1.4778,0,0,0,0,-1.4778,-1.4778,-0.287534,-1.4778,104.1
-1.4774,0,0,0,0,-1.4774,-1.4774,0.200783,-1.4774,104.1
-1.47675,0,0,0,0,-1.47675,-1.47675,0.322863,-1.47675,104.1
-1.47733,0,0,0,0,-1.47733,-1.47733,-0.287534,-1.47733,104.1
-1.47717,0,0,0,0,-1.47717,-1.47717,0.078704,-1.47717,104.111
-1.47627,0,0,0,0,-1.47627,-1.47627,0.444942,-1.47627,104.1
-1.47624,0,0,0,0,-1.47624,-1.47624,0.0176644,-1.47624,104.1
-1.47645,0,0,0,0,-1.47645,-1.47645,-0.104415,-1.47645,104.1
-1.47604,0,0,0,0,-1.47604,-1.47604,0.200783,-1.47604,104.111
-1.47638,0,0,0,0,-1.47638,-1.47638,-0.165455,-1.47638,104.106
-1.47634,0,0,0,0,-1.47634,-1.47634,0.0176644,-1.47634,104.106
-1.47606,0,0,0,0,-1.47606,-1.47606,0.139744,-1.47606,104.089
-1.47566,0,0,0,0,-1.47566,-1.47566,0.200783,-1.47566,104.1
-1.4755,0,0,0,0,-1.4755,-1.4755,0.078704,-1.4755,104.095
-1.47632,0,0,0,0,-1.47632,-1.47632,-0.409613,-1.47632,104.1
-1.47653,0,0,0,0,-1.47653,-1.47653,-0.104415,-1.47653,104.1
-1.47637,0,0,0,0,-1.47637,-1.47637,0.078704,-1.47637,104.1
-1.47658,0,0,0,0,-1.47658,-1.47658,-0.104415,-1.47658,104.1
-1.47655,0,0,0,0,-1.47655,-1.47655,0.0176644,-1.47655,104.1
-1.47663,0,0,0,0,-1.47663,-1.47663,-0.0433753,-1.47663,104.1
-1.47611,0,0,0,0,-1.47611,-1.47611,0.261823,-1.47611,104.1
-1.47521,0,0,0,0,-1.47521,-1.47521,0.444942,-1.47521,104.1
-1.47604,0,0,0,0,-1.47604,-1.47604,-0.409613,-1.47604,104.1
-1.47625,0,0,0,0,-1.47625,-1.47625,-0.104415,-1.47625,104.106
-1.47633,0,0,0,0,-1.47633,-1.47633,-0.0433753,-1.47633,104.1
-1.47642,0,0,0,0,-1.47642,-1.47642,-0.0433753,-1.47642,104.095
-1.47614,0,0,0,0,-1.47614,-1.47614,0.139744,-1.47614,104.1
-1.47586,0,0,0,0,-1.47586,-1.47586,0.139744,-1.47586,104.1
-1.47631,0,0,0,0,-1.47631,-1.47631,-0.226494,-1.47631,104.106
-1.47738,0,0,0,0,-1.47738,-1.47738,-0.531693,-1.47738,104.1
-1.47722,0,0,0,0,-1.47722,-1.47722,0.078704,-1.47722,104.1
-1.47657,0,0,0,0,-1.47657,-1.47657,0.322863,-1.47657,104.1
-1.4769,0,0,0,0,-1.4769,-1.4769,-0.165455,-1.4769,104.1
-1.47748,0,0,0,0,-1.47748,-1.47748,-0.287534,-1.47748,104.1
-1.47757,0,0,0,0,-1.47757,-1.47757,-0.0433753,-1.47757,104.095
-1.47717,0,0,0,0,-1.47717,-1.47717,0.200783,-1.47717,104.1
-1.47774,0,0,0,0,-1.47774,-1.47774,-0.287534,-1.47774,104.1
-1.47734,0,0,0,0,-1.47734,-1.47734,0.200783,-1.47734,104.095
-1.47657,0,0,0,0,-1.47657,-1.47657,0.383902,-1.47657,104.1
-1.4769,0,0,0,0,-1.4769,-1.4769,-0.165455,-1.4769,104.1
-1.47686,0,0,0,0,-1.47686,-1.47686,0.0176644,-1.47686,104.111
-1.47634,0,0,0,0,-1.47634,-1.47634,0.261823,-1.47634,104.095
-1.47691,0,0,0,0,-1.47691,-1.47691,-0.287534,-1.47691,104.106
-1.47712,0,0,0,0,-1.47712,-1.47712,-0.104415,-1.47712,104.1
-1.47721,0,0,0,0,-1.47721,-1.47721,-0.0433753,-1.47721,104.1
-1.47754,0,0,0,0,-1.47754,-1.47754,-0.165455,-1.47754,104.106
-1.47788,0,0,0,0,-1.47788,-1.47788,-0.165455,-1.47788,104.106
-1.47796,0,0,0,0,-1.47796,-1.47796,-0.0433753,-1.47796,104.117
-1.47793,0,0,0,0,-1.47793,-1.47793,0.0176644,-1.47793,104.1
-1.47789,0,0,0,0,-1.47789,-1.47789,0.0176644,-1.47789,104.095
-1.4781,0,0,0,0,-1.4781,-1.4781,-0.104415,-1.4781,104.095
-1.47733,0,0,0,0,-1.47733,-1.47733,0.383902,-1.47733,104.095
-1.47778,0,0,0,0,-1.47778,-1.47778,-0.226494,-1.47778,104.106
-1.4791,0,0,0,0,-1.4791,-1.4791,-0.653772,-1.4791,104.095
-1.47943,0,0,0,0,-1.47943,-1.47943,-0.165455,-1.47943,104.095
-1.47927,0,0,0,0,-1.47927,-1.47927,0.078704,-1.47927,104.1
-1.4785,0,0,0,0,-1.4785,-1.4785,0.383902,-1.4785,104.095
-1.47822,0,0,0,0,-1.47822,-1.47822,0.139744,-1.47822,104.106
-1.47892,0,0,0,0,-1.47892,-1.47892,-0.348574,-1.47892,104.1
-1.47839,0,0,0,0,-1.47839,-1.47839,0.261823,-1.47839,104.095
-1.47823,0,0,0,0,-1.47823,-1.47823,0.078704,-1.47823,104.1
-1.47844,0,0,0,0,-1.47844,-1.47844,-0.104415,-1.47844,104.1
-1.47878,0,0,0,0,-1.47878,-1.47878,-0.165455,-1.47878,104.1
-1.47874,0,0,0,0,-1.47874,-1.47874,0.0176644,-1.47874,104.106
-1.47834,0,0,0,0,-1.47834,-1.47834,0.200783,-1.47834,104.106
-1.47818,0,0,0,0,-1.47818,-1.47818,0.078704,-1.47818,104.089
-1.47888,0,0,0,0,-1.47888,-1.47888,-0.348574,-1.47888,104.1
-1.47909,0,0,0,0,-1.47909,-1.47909,-0.104415,-1.47909,104.1
-1.48015,0,0,0,0,-1.48015,-1.48015,-0.531693,-1.48015,104.1
-1.48024,0,0,0,0,-1.48024,-1.48024,-0.0433753,-1.48024,104.1
-1.48008,0,0,0,0,-1.48008,-1.48008,0.078704,-1.48008,104.1
-1.48066,0,0,0,0,-1.48066,-1.48066,-0.287534,-1.48066,104.1
-1.48087,0,0,0,0,-1.48087,-1.48087,-0.104415,-1.48087,104.1
-1.48071,0,0,0,0,-1.48071,-1.48071,0.078704,-1.48071,104.106
-1.47994,0,0,0,0,-1.47994,-1.47994,0.383902,-1.47994,104.1
-1.47929,0,0,0,0,-1.47929,-1.47929,0.322863,-1.47929,104.095
-1.47938,0,0,0,0,-1.47938,-1.47938,-0.0433753,-1.47938,104.1
-1.47971,0,0,0,0,-1.47971,-1.47971,-0.165455,-1.47971,104.106
-1.4798,0,0,0,0,-1.4798,-1.4798,-0.0433753,-1.4798,104.106
-1.47976,0,0,0,0,-1.47976,-1.47976,0.0176644,-1.47976,104.1
-1.48083,0,0,0,0,-1.48083,-1.48083,-0.531693,-1.48083,104.1
-1.48055,0,0,0,0,-1.48055,-1.48055,0.139744,-1.48055,104.1
-1.48051,0,0,0,0,-1.48051,-1.48051,0.0176644,-1.48051,104.1
-1.48011,0,0,0,0,-1.48011,-1.48011,0.200783,-1.48011,104.1
-1.47909,0,0,0,0,-1.47909,-1.47909,0.505982,-1.47909,104.1
-1.47893,0,0,0,0,-1.47893,-1.47893,0.078704,-1.47893,104.1
-1.47878,0,0,0,0,-1.47878,-1.47878,0.078704,-1.47878,104.095
-1.47886,0,0,0,0,-1.47886,-1.47886,-0.0433753,-1.47886,104.1
-1.47907,0,0,0,0,-1.47907,-1.47907,-0.104415,-1.47907,104.1
-1.48039,0,0,0,0,-1.48039,-1.48039,-0.653772,-1.48039,104.1
-1.48084,0,0,0,0,-1.48084,-1.48084,-0.226494,-1.48084,104.1
-1.48031,0,0,0,0,-1.48031,-1.48031,0.261823,-1.48031,104.1
-1.47967,0,0,0,0,-1.47967,-1.47967,0.322863,-1.47967,104.1
-1.48012,0,0,0,0,-1.48012,-1.48012,-0.226494,-1.48012,104.111
-1.48045,0,0,0,0,-1.48045,-1.48045,-0.165455,-1.48045,104.095
-1.48042,0,0,0,0,-1.48042,-1.48042,0.0176644,-1.48042,104.106
-1.48014,0,0,0,0,-1.48014,-1.48014,0.139744,-1.48014,104.1
-1.47949,0,0,0,0,-1.47949,-1.47949,0.322863,-1.47949,104.1
-1.47908,0,0,0,0,-1.47908,-1.47909,0.200783,-1.47909,104.1
-1.47893,0,0,0,0,-1.47893,-1.47893,0.078704,-1.47893,104.1
-1.47828,0,0,0,0,-1.47828,-1.47828,0.322863,-1.47828,104.1
-1.47861,0,0,0,0,-1.47861,-1.47861,-0.165455,-1.47861,104.1
-1.47882,0,0,0,0,-1.47882,-1.47882,-0.104415,-1.47882,104.1
-1.47915,0,0,0,0,-1.47915,-1.47915,-0.165455,-1.47915,104.1
-1.47973,0,0,0,0,-1.47973,-1.47973,-0.287534,-1.47973,104.095
-1.48006,0,0,0,0,-1.48006,-1.48006,-0.165455,-1.48006,104.1
-1.47966,0,0,0,0,-1.47966,-1.47966,0.200783,-1.47966,104.1
-1.4795,0,0,0,0,-1.4795,-1.4795,0.078704,-1.4795,104.1
-1.47934,0,0,0,0,-1.47934,-1.47934,0.078704,-1.47934,104.1
-1.47943,0,0,0,0,-1.47943,-1.47943,-0.0433753,-1.47943,104.1
-1.47927,0,0,0,0,-1.47927,-1.47927,0.078704,-1.47927,104.1
-1.47862,0,0,0,0,-1.47862,-1.47862,0.322863,-1.47862,104.1
-1.47834,0,0,0,0,-1.47834,-1.47834,0.139744,-1.47834,104.1
-1.47843,0,0,0,0,-1.47843,-1.47843,-0.0433753,-1.47843,104.106
-1.47851,0,0,0,0,-1.47851,-1.47851,-0.0433753,-1.47851,104.1
-1.47909,0,0,0,0,-1.47909,-1.47909,-0.287534,-1.47909,104.1
-1.47955,0,0,0,0,-1.47955,-1.47955,-0.226494,-1.47955,104.089
-1.47963,0,0,0,0,-1.47963,-1.47963,-0.0433753,-1.47963,104.095
-1.47984,0,0,0,0,-1.47984,-1.47984,-0.104415,-1.47984,104.106
-1.47969,0,0,0,0,-1.47969,-1.47969,0.078704,-1.47969,104.1
-1.47953,0,0,0,0,-1.47953,-1.47953,0.078704,-1.47953,104.1
-1.479,0,0,0,0,-1.479,-1.479,0.261823,-1.479,104.1
-1.47921,0,0,0,0,-1.47921,-1.47921,-0.104415,-1.47921,104.1
-1.47881,0,0,0,0,-1.47881,-1.47881,0.200783,-1.47881,104.1
-1.47877,0,0,0,0,-1.47877,-1.47877,0.0176644,-1.47877,104.095
-1.48021,0,0,0,0,-1.48021,-1.48021,-0.714811,-1.48021,104.1
-1.48042,0,0,0,0,-1.48042,-1.48042,-0.104415,-1.48042,104.1
-1.48051,0,0,0,0,-1.48051,-1.48051,-0.0433753,-1.48051,104.111
-1.47961,0,0,0,0,-1.47961,-1.47961,0.444942,-1.47961,104.1
-1.47995,0,0,0,0,-1.47995,-1.47995,-0.165455,-1.47995,104.1
-1.48126,0,0,0,0,-1.48126,-1.48126,-0.653772,-1.48126,104.1
-1.4811,0,0,0,0,-1.4811,-1.4811,0.078704,-1.4811,104.1
-1.48082,0,0,0,0,-1.48082,-1.48082,0.139744,-1.48082,104.1
-1.48091,0,0,0,0,-1.48091,-1.48091,-0.0433753,-1.48091,104.095
-1.48136,0,0,0,0,-1.48136,-1.48136,-0.226494,-1.48136,104.1
-1.48194,0,0,0,0,-1.48194,-1.48194,-0.287534,-1.48194,104.1
-1.48178,0,0,0,0,-1.48178,-1.48178,0.078704,-1.48178,104.1
-1.48125,0,0,0,0,-1.48125,-1.48125,0.261823,-1.48125,104.089
-1.48146,0,0,0,0,-1.48146,-1.48146,-0.104415,-1.48146,104.095
-1.48118,0,0,0,0,-1.48118,-1.48118,0.139744,-1.48118,104.1
-1.48151,0,0,0,0,-1.48151,-1.48151,-0.165455,-1.48151,104.1
-1.48197,0,0,0,0,-1.48197,-1.48197,-0.226494,-1.48197,104.1
-1.48193,0,0,0,0,-1.48193,-1.48193,0.0176644,-1.48193,104.095
-1.4819,0,0,0,0,-1.4819,-1.4819,0.0176644,-1.4819,104.106
-1.48248,0,0,0,0,-1.48248,-1.48248,-0.287534,-1.48248,104.1
-1.48293,0,0,0,0,-1.48293,-1.48293,-0.226494,-1.48293,104.1
-1.48277,0,0,0,0,-1.48277,-1.48277,0.078704,-1.48277,104.106
-1.48261,0,0,0,0,-1.48261,-1.48261,0.078704,-1.48261,104.1
-1.48184,0,0,0,0,-1.48184,-1.48184,0.383902,-1.48184,104.1
-1.48181,0,0,0,0,-1.48181,-1.48181,0.0176644,-1.48181,104.1
-1.48275,0,0,0,0,-1.48275,-1.48275,-0.470653,-1.48275,104.095
-1.48333,0,0,0,0,-1.48333,-1.48333,-0.287534,-1.48333,104.1
-1.48366,0,0,0,0,-1.48366,-1.48366,-0.165455,-1.48366,104.106
-1.48424,0,0,0,0,-1.48424,-1.48424,-0.287534,-1.48424,104.1
-1.48359,0,0,0,0,-1.48359,-1.48359,0.322863,-1.48359,104.1
-1.4838,0,0,0,0,-1.4838,-1.4838,-0.104415,-1.4838,104.095
-1.48352,0,0,0,0,-1.48352,-1.48352,0.139744,-1.48352,104.095
-1.48336,0,0,0,0,-1.48336,-1.48336,0.078704,-1.48336,104.1
-1.48308,0,0,0,0,-1.48308,-1.48308,0.139744,-1.48308,104.106
-1.48341,0,0,0,0,-1.48341,-1.48341,-0.165455,-1.48341,104.095
-1.48326,0,0,0,0,-1.48326,-1.48326,0.078704,-1.48326,104.1
-1.4842,0,0,0,0,-1.4842,-1.4842,-0.470653,-1.4842,104.1
-1.48465,0,0,0,0,-1.48465,-1.48466,-0.226494,-1.48466,104.1
-1.48437,0,0,0,0,-1.48437,-1.48437,0.139744,-1.48437,104.1
-1.48409,0,0,0,0,-1.48409,-1.48409,0.139744,-1.48409,104.106
-1.4832,0,0,0,0,-1.4832,-1.4832,0.444942,-1.4832,104.095
-1.48402,0,0,0,0,-1.48402,-1.48402,-0.409613,-1.48402,104.095
-1.48472,0,0,0,0,-1.48472,-1.48472,-0.348574,-1.48472,104.1
-1.48432,0,0,0,0,-1.48432,-1.48432,0.200783,-1.48432,104.1
-1.48318,0,0,0,0,-1.48318,-1.48318,0.567021,-1.48318,104.1
-1.48265,0,0,0,0,-1.48265,-1.48265,0.261823,-1.48265,104.1
-1.48372,0,0,0,0,-1.48372,-1.48372,-0.531693,-1.48372,104.095
-1.48405,0,0,0,0,-1.48405,-1.48405,-0.165455,-1.48405,104.1
-1.4834,0,0,0,0,-1.4834,-1.4834,0.322863,-1.4834,104.106
-1.48374,0,0,0,0,-1.48374,-1.48374,-0.165455,-1.48374,104.1
-1.4837,0,0,0,0,-1.4837,-1.4837,0.0176644,-1.4837,104.1
-1.48244,0,0,0,0,-1.48244,-1.48244,0.628061,-1.48244,104.1
-1.48191,0,0,0,0,-1.48191,-1.48191,0.261823,-1.48191,104.1
-1.48212,0,0,0,0,-1.48212,-1.48212,-0.104415,-1.48212,104.1
-1.48319,0,0,0,0,-1.48319,-1.48319,-0.531693,-1.48319,104.1
-1.48291,0,0,0,0,-1.48291,-1.48291,0.139744,-1.48291,104.1
-1.48214,0,0,0,0,-1.48214,-1.48214,0.383902,-1.48214,104.1
-1.48198,0,0,0,0,-1.48198,-1.48198,0.078704,-1.48198,104.1
-1.48243,0,0,0,0,-1.48243,-1.48243,-0.226494,-1.48243,104.106
-1.4824,0,0,0,0,-1.4824,-1.4824,0.0176644,-1.4824,104.1
-1.48224,0,0,0,0,-1.48224,-1.48224,0.078704,-1.48224,104.095
-1.4811,0,0,0,0,-1.4811,-1.4811,0.567021,-1.4811,104.089
-1.48082,0,0,0,0,-1.48082,-1.48082,0.139744,-1.48082,104.089
-1.48127,0,0,0,0,-1.48127,-1.48127,-0.226494,-1.48127,104.1
-1.48185,0,0,0,0,-1.48185,-1.48185,-0.287534,-1.48185,104.095
-1.48084,0,0,0,0,-1.48084,-1.48084,0.505982,-1.48084,104.1
-1.4797,0,0,0,0,-1.4797,-1.4797,0.567021,-1.4797,104.1
-1.47991,0,0,0,0,-1.47991,-1.47991,-0.104415,-1.47991,104.095
-1.47926,0,0,0,0,-1.47926,-1.47926,0.322863,-1.47926,104.1
-1.47983,0,0,0,0,-1.47983,-1.47983,-0.287534,-1.47983,104.111
-1.47992,0,0,0,0,-1.47992,-1.47992,-0.0433753,-1.47992,104.111
-1.48013,0,0,0,0,-1.48013,-1.48013,-0.104415,-1.48013,104.1
-1.48059,0,0,0,0,-1.48059,-1.48059,-0.226494,-1.48059,104.095
-1.48043,0,0,0,0,-1.48043,-1.48043,0.078704,-1.48043,104.1
