td_x1_d,adrc_u,eso_z3,eso_z2,esf_e1_d,eso_z1_d,yaw_actual,yaw_dps,yaw_imu_d,yawenc
140.546,-0.0811536,3.12424,0.172648,-0.00508166,140.551,140.551,-0.94,22.73,140.549
140.546,-0.0811536,3.12424,0.172648,-0.00508166,140.551,140.551,-0.94,22.73,140.549
140.546,-0.0796526,2.85333,0.0617593,-0.00539585,140.551,140.549,-0.94,22.73,140.549
140.546,-0.0796526,2.85333,0.0617593,-0.00539585,140.551,140.549,-0.94,22.73,140.549
140.546,-0.0720038,2.56473,-0.051894,-0.00524559,140.551,140.548,-0.15,22.72,140.543
140.546,-0.0720038,2.56473,-0.051894,-0.00524559,140.551,140.548,-0.15,22.72,140.543
140.546,-0.0638821,2.41363,-0.10871,-0.00484943,140.55,140.549,0.52,22.73,140.543
140.546,-0.0638821,2.41363,-0.10871,-0.00484943,140.55,140.549,0.52,22.73,140.543
140.546,-0.0596447,2.48714,-0.077353,-0.00446694,140.55,140.551,0.94,22.73,140.549
140.546,-0.0596447,2.48714,-0.077353,-0.00446694,140.55,140.551,0.94,22.73,140.554
140.546,-0.0617259,2.68589,0.000875579,-0.00438498,140.551,140.552,0.58,22.73,140.554
140.546,-0.0617259,2.68589,0.000875579,-0.00438498,140.551,140.552,0.58,22.73,140.554
140.546,-0.0673164,2.80705,0.0465233,-0.00458989,140.551,140.552,-0.27,22.73,140.549
140.546,-0.0673164,2.80705,0.0465233,-0.00458989,140.551,140.552,-0.27,22.73,140.554
140.546,-0.0707116,2.75804,0.0252917,-0.00480845,140.551,140.55,-0.76,22.73,140.554
140.546,-0.0707116,2.75804,0.0252917,-0.00480845,140.551,140.55,-0.76,22.73,140.554
140.546,-0.0693196,2.64369,-0.0202125,-0.00480845,140.551,140.55,-0.33,22.73,140.549
140.546,-0.0693196,2.64369,-0.0202125,-0.00480845,140.551,140.55,-0.33,22.73,140.549
140.546,-0.0660981,2.59604,-0.0384957,-0.00465819,140.551,140.55,0.27,22.73,140.549
140.546,-0.0660981,2.59604,-0.0384957,-0.00465819,140.551,140.55,0.27,22.73,140.549
140.546,-0.064759,2.67772,-0.00654826,-0.00453525,140.551,140.551,0.58,22.73,140.554
140.546,-0.064759,2.67772,-0.00654826,-0.00453525,140.551,140.551,0.58,22.73,140.543
140.546,-0.0670543,2.84925,0.0586639,-0.00460355,140.551,140.552,0.52,22.73,140.543
140.546,-0.0670543,2.84925,0.0586639,-0.00460355,140.551,140.552,0.52,22.73,140.543
140.546,-0.0718653,3.03031,0.125131,-0.00490408,140.551,140.553,0.21,22.73,140.549
140.546,-0.0718653,3.03031,0.125131,-0.00490408,140.551,140.553,0.21,22.73,140.549
140.546,-0.0769297,3.14602,0.164095,-0.00535487,140.552,140.553,-0.09,22.73,140.549
140.546,-0.0769297,3.14602,0.164095,-0.00535487,140.552,140.553,-0.09,22.73,140.549
140.546,-0.0801449,3.1433,0.156202,-0.00581932,140.552,140.552,-0.39,22.73,140.56
140.546,-0.0801449,3.1433,0.156202,-0.00581932,140.552,140.552,-0.39,22.73,140.554
140.546,-0.0800264,3.09156,0.129762,-0.00614717,140.552,140.552,-0.09,22.73,140.554
140.546,-0.0800264,3.09156,0.129762,-0.00614717,140.552,140.552,-0.09,22.73,140.554
140.546,-0.0785332,3.00172,0.0896331,-0.00636574,140.552,140.551,-0.09,22.73,140.554
140.546,-0.0785332,3.00172,0.0896331,-0.00636574,140.552,140.551,-0.09,22.73,140.549
140.546,-0.0759753,2.97585,0.0754491,-0.00646136,140.553,140.552,0.39,22.73,140.549
140.546,-0.0759753,2.97585,0.0754491,-0.00646136,140.553,140.552,0.39,22.73,140.549
140.546,-0.0752221,3.00716,0.0836609,-0.00659796,140.553,140.553,0.39,22.73,140.543
140.546,-0.0752221,3.00716,0.0836609,-0.00659796,140.553,140.553,0.39,22.73,140.549
140.546,-0.0760766,3.03303,0.0894575,-0.00680287,140.553,140.553,0.09,22.73,140.549
140.546,-0.0760766,3.03303,0.0894575,-0.00680287,140.553,140.553,0.09,22.73,140.549
140.546,-0.0767765,3.04256,0.0887508,-0.00702143,140.553,140.553,0.03,22.73,140.554
140.546,-0.0767765,3.04256,0.0887508,-0.00702143,140.553,140.553,0.03,22.73,140.543
140.546,-0.0770159,2.88737,0.0249244,-0.00721268,140.553,140.552,-0.7,22.73,140.543
140.546,-0.0770159,2.88737,0.0249244,-0.00721268,140.553,140.552,-0.7,22.73,140.543
140.546,-0.072631,2.65186,-0.0673612,-0.0071034,140.553,140.551,-0.45,22.73,140.549
140.546,-0.072631,2.65186,-0.0673612,-0.0071034,140.553,140.551,-0.45,22.73,140.549
140.546,-0.0660054,2.43405,-0.149484,-0.00673457,140.552,140.551,-0.09,22.73,140.549
140.546,-0.0660054,2.43405,-0.149484,-0.00673457,140.552,140.551,-0.09,22.73,140.549
140.546,-0.0598963,2.39048,-0.161799,-0.00620181,140.552,140.552,0.58,22.73,140.56
140.546,-0.0598963,2.39048,-0.161799,-0.00620181,140.552,140.552,0.58,22.73,140.549
140.546,-0.058697,2.49803,-0.11571,-0.00581932,140.552,140.553,0.58,22.73,140.549
140.546,-0.058697,2.49803,-0.11571,-0.00581932,140.552,140.553,0.58,22.73,140.549
140.546,-0.0617432,2.53614,-0.0978621,-0.00569638,140.552,140.552,-0.39,22.73,140.549
140.546,-0.0617432,2.53614,-0.0978621,-0.00569638,140.552,140.552,-0.39,22.73,140.549
140.546,-0.0628306,2.53614,-0.0952353,-0.00553245,140.551,140.552,-0.27,22.73,140.549
140.546,-0.0628306,2.53614,-0.0952353,-0.00553245,140.551,140.552,-0.27,22.73,140.549
140.546,-0.0628444,2.4885,-0.110928,-0.00534121,140.551,140.551,-0.33,22.73,140.549
140.546,-0.0628444,2.4885,-0.110928,-0.00534121,140.551,140.551,-0.33,22.73,140.538
140.546,-0.0615204,2.3687,-0.153657,-0.005068,140.551,140.55,-0.45,22.73,140.538
140.546,-0.0615204,2.3687,-0.153657,-0.005068,140.551,140.55,-0.45,22.73,140.538
140.546,-0.0581744,2.27069,-0.186431,-0.00463087,140.55,140.55,-0.15,22.73,140.56
140.546,-0.0581744,2.27069,-0.186431,-0.00463087,140.55,140.55,-0.15,22.73,140.56
140.546,-0.0554497,2.34148,-0.153269,-0.00415276,140.55,140.551,0.58,22.73,140.56
140.546,-0.0554497,2.34148,-0.153269,-0.00415276,140.55,140.551,0.58,22.73,140.56
140.546,-0.0574712,2.54976,-0.0685786,-0.00390687,140.55,140.552,0.58,22.73,140.549
140.546,-0.0574712,2.54976,-0.0685786,-0.00390687,140.55,140.552,0.58,22.73,140.549
140.546,-0.0633458,2.79071,0.0255702,-0.00397517,140.55,140.552,0.21,22.73,140.549
140.546,-0.0633458,2.79071,0.0255702,-0.00397517,140.55,140.552,0.21,22.73,140.549
140.546,-0.0701198,3.00172,0.104806,-0.0042757,140.551,140.552,-0.02,22.73,140.56
140.546,-0.0701198,3.00172,0.104806,-0.0042757,140.551,140.552,-0.02,22.73,140.549
140.546,-0.0760326,3.02758,0.11018,-0.00471283,140.551,140.551,-0.7,22.73,140.549
140.546,-0.0760326,3.02758,0.11018,-0.00471283,140.551,140.551,-0.7,22.73,140.549
140.546,-0.0767307,2.94863,0.0751547,-0.00497238,140.551,140.55,-0.39,22.73,140.549
140.546,-0.0767307,2.94863,0.0751547,-0.00497238,140.551,140.55,-0.39,22.73,140.549
140.546,-0.0744845,2.89009,0.0492013,-0.00505434,140.551,140.55,0.15,22.73,140.549
140.546,-0.0744845,2.89009,0.0492013,-0.00505434,140.551,140.55,0.15,22.73,140.549
140.546,-0.0728187,2.88737,0.0455614,-0.00509532,140.551,140.551,0.33,22.73,140.543
140.546,-0.0728187,2.88737,0.0455614,-0.00509532,140.551,140.551,0.33,22.73,140.549
140.546,-0.0727255,2.94863,0.0665525,-0.00519094,140.551,140.552,0.39,22.73,140.549
140.546,-0.0727255,2.94863,0.0665525,-0.00519094,140.551,140.552,0.39,22.73,140.549
140.546,-0.0744291,3.02894,0.0940571,-0.00539585,140.552,140.552,0.21,22.73,140.549
140.546,-0.0744291,3.02894,0.0940571,-0.00539585,140.552,140.552,0.21,22.73,140.549
140.546,-0.0766627,2.90642,0.0428083,-0.00566906,140.552,140.55,-0.88,22.73,140.549
140.546,-0.0766627,2.90642,0.0428083,-0.00566906,140.552,140.55,-0.88,22.73,140.549
140.546,-0.0731962,2.675,-0.0483196,-0.00564174,140.551,140.549,-0.57,22.73,140.554
140.546,-0.0731962,2.675,-0.0483196,-0.00564174,140.551,140.549,-0.57,22.73,140.549
140.546,-0.0666833,2.43405,-0.139765,-0.00531389,140.551,140.549,-0.21,22.73,140.549
140.546,-0.0666833,2.43405,-0.139765,-0.00531389,140.551,140.549,-0.21,22.73,140.549
140.546,-0.0599224,2.29519,-0.188712,-0.00478113,140.55,140.549,0.27,22.73,140.543
140.546,-0.0599224,2.29519,-0.188712,-0.00478113,140.55,140.549,0.27,22.73,140.554
140.546,-0.0560478,2.37279,-0.152875,-0.00424838,140.55,140.551,0.82,22.73,140.554
140.546,-0.0560478,2.37279,-0.152875,-0.00424838,140.55,140.551,0.82,22.73,140.554
140.546,-0.0582609,2.57426,-0.0708245,-0.00401615,140.55,140.552,0.52,22.73,140.549
140.546,-0.0582609,2.57426,-0.0708245,-0.00401615,140.55,140.552,0.52,22.73,140.554
140.546,-0.0639442,2.68181,-0.0277275,-0.00407079,140.55,140.551,-0.45,22.73,140.554
140.546,-0.0639442,2.68181,-0.0277275,-0.00407079,140.55,140.551,-0.45,22.73,140.554
140.546,-0.0669732,2.54159,-0.0811229,-0.00412543,140.55,140.549,-1.24,22.73,140.554
140.546,-0.0669732,2.54159,-0.0811229,-0.00412543,140.55,140.549,-1.24,22.73,140.554
140.546,-0.0630373,2.34692,-0.153409,-0.00381125,140.549,140.548,-0.45,22.72,140.554
140.546,-0.0630373,2.34692,-0.153409,-0.00381125,140.549,140.548,-0.45,22.72,140.554
140.546,-0.0575845,2.16586,-0.217793,-0.00329215,140.549,140.547,-0.15,22.72,140.538
140.546,-0.0575845,2.16586,-0.217793,-0.00329215,140.549,140.547,-0.15,22.72,140.554
140.546,-0.0525302,2.10597,-0.233335,-0.00266377,140.548,140.548,0.27,22.73,140.554
140.546,-0.0525302,2.10597,-0.233335,-0.00266377,140.548,140.548,0.27,22.73,140.554
140.546,-0.0508914,2.28566,-0.156426,-0.00211736,140.548,140.55,0.94,22.73,140.549
140.546,-0.0508914,2.28566,-0.156426,-0.00211736,140.548,140.55,0.94,22.73,140.549
140.546,-0.055983,2.48305,-0.075483,-0.00198075,140.548,140.55,0.03,22.73,140.549
140.546,-0.055983,2.48305,-0.075483,-0.00198075,140.548,140.55,0.03,22.73,140.549
140.546,-0.0615549,2.6573,-0.00632772,-0.00202174,140.548,140.55,-0.09,22.73,140.549
140.546,-0.0615549,2.6573,-0.00632772,-0.00202174,140.548,140.55,-0.09,22.73,140.554
140.546,-0.0664601,2.6927,0.00710771,-0.00218566,140.548,140.549,-0.63,22.73,140.554
140.546,-0.0664601,2.6927,0.00710771,-0.00218566,140.548,140.549,-0.63,22.73,140.554
140.546,-0.0674524,2.61374,-0.0237642,-0.0022403,140.548,140.547,-0.57,22.72,140.554
140.546,-0.0674524,2.61374,-0.0237642,-0.0022403,140.548,140.547,-0.57,22.72,140.549
140.546,-0.0652317,2.55384,-0.0462023,-0.00211736,140.548,140.548,0.03,22.72,140.549
140.546,-0.0652317,2.55384,-0.0462023,-0.00211736,140.548,140.548,0.03,22.72,140.549
140.546,-0.0635527,2.69678,0.00991084,-0.00196709,140.548,140.549,0.94,22.73,140.549
140.546,-0.0635527,2.69678,0.00991084,-0.00196709,140.548,140.549,0.94,22.73,140.549
140.546,-0.0675727,2.92548,0.0968384,-0.00213102,140.549,140.55,0.52,22.73,140.549
140.546,-0.0675727,2.92548,0.0968384,-0.00213102,140.549,140.55,0.52,22.73,140.549
140.546,-0.0739884,3.14738,0.177958,-0.00256815,140.549,140.551,0.21,22.73,140.543
140.546,-0.0739884,3.14738,0.177958,-0.00256815,140.549,140.551,0.21,22.73,140.549
140.546,-0.0801942,3.30257,0.230501,-0.00316921,140.55,140.551,-0.02,22.73,140.549
140.546,-0.0801942,3.30257,0.230501,-0.00316921,140.55,140.551,-0.02,22.73,140.549
140.546,-0.0845093,3.24131,0.198113,-0.00381125,140.55,140.549,-0.76,22.73,140.549
140.546,-0.0845093,3.24131,0.198113,-0.00381125,140.55,140.549,-0.76,22.73,140.549
140.546,-0.082736,3.10246,0.137102,-0.00416642,140.55,140.549,-0.21,22.73,140.549
140.546,-0.082736,3.10246,0.137102,-0.00416642,140.55,140.549,-0.21,22.73,140.549
140.546,-0.0787908,3.07931,0.1226,-0.00431668,140.551,140.55,0.64,22.73,140.554
140.546,-0.0787908,3.07931,0.1226,-0.00431668,140.551,140.55,0.64,22.73,140.549
140.546,-0.0781065,3.22906,0.174826,-0.00454891,140.551,140.552,1,22.73,140.549
140.546,-0.0781065,3.22906,0.174826,-0.00454891,140.551,140.552,1,22.73,140.549
140.546,-0.0822787,3.52174,0.279856,-0.005068,140.552,140.554,1,22.73,140.549
140.546,-0.0822787,3.52174,0.279856,-0.005068,140.552,140.554,1,22.73,140.549
140.546,-0.0904516,3.68238,0.330368,-0.00594226,140.553,140.554,-0.21,22.73,140.549
140.546,-0.0904516,3.68238,0.330368,-0.00594226,140.553,140.554,-0.21,22.73,140.549
140.546,-0.0948941,3.60342,0.287122,-0.00678921,140.553,140.552,-0.76,22.73,140.549
140.546,-0.0948941,3.60342,0.287122,-0.00678921,140.553,140.552,-0.76,22.73,140.554
140.546,-0.0925989,3.26445,0.145722,-0.0073083,140.553,140.55,-1.06,22.73,140.554
140.546,-0.0925989,3.26445,0.145722,-0.0073083,140.553,140.55,-1.06,22.73,140.554
140.546,-0.0830127,2.78935,-0.0427411,-0.00726732,140.553,140.549,-0.7,22.73,140.549
140.546,-0.0830127,2.78935,-0.0427411,-0.00726732,140.553,140.549,-0.7,22.73,140.543
140.546,-0.0696351,2.39593,-0.193033,-0.00670725,140.552,140.549,0.15,22.73,140.543
140.546,-0.0696351,2.39593,-0.193033,-0.00670725,140.552,140.549,0.15,22.73,140.543
140.546,-0.0585912,2.29111,-0.227205,-0.00591494,140.551,140.551,1.06,22.73,140.549
140.546,-0.0585912,2.29111,-0.227205,-0.00591494,140.551,140.551,1.06,22.73,140.549
140.546,-0.055682,2.30744,-0.213632,-0.00534121,140.551,140.552,0.33,22.73,140.549
140.546,-0.055682,2.30744,-0.213632,-0.00534121,140.551,140.552,0.33,22.73,140.549
140.546,-0.056182,2.29927,-0.209868,-0.00491774,140.55,140.551,-0.33,22.73,140.549
140.546,-0.056182,2.29927,-0.209868,-0.00491774,140.55,140.551,-0.33,22.73,140.538
140.546,-0.0559919,2.29519,-0.204603,-0.0044806,140.55,140.55,-0.15,22.73,140.538
140.546,-0.0559919,2.29519,-0.204603,-0.0044806,140.55,140.55,-0.15,22.73,140.538
140.546,-0.0559162,2.2067,-0.231799,-0.00405713,140.549,140.549,-0.63,22.73,140.549
140.546,-0.0559162,2.2067,-0.231799,-0.00405713,140.549,140.549,-0.63,22.73,140.549
140.546,-0.0534702,2.1577,-0.242796,-0.0034834,140.549,140.549,-0.09,22.73,140.549
140.546,-0.0534702,2.1577,-0.242796,-0.0034834,140.549,140.549,-0.09,22.73,140.549
140.546,-0.0521393,2.16859,-0.230358,-0.00293698,140.548,140.549,0.03,22.73,140.549
140.546,-0.0521393,2.16859,-0.230358,-0.00293698,140.548,140.549,0.03,22.73,140.549
140.546,-0.0524928,2.25707,-0.188562,-0.00247253,140.548,140.549,0.15,22.73,140.549
140.546,-0.0524928,2.25707,-0.188562,-0.00247253,140.548,140.549,0.15,22.73,140.549
140.546,-0.0550226,2.43541,-0.113795,-0.002172,140.548,140.55,0.27,22.73,140.56
140.546,-0.0550226,2.43541,-0.113795,-0.002172,140.548,140.55,0.27,22.73,140.543
140.546,-0.0600663,2.60966,-0.0432762,-0.00211736,140.548,140.55,-0.02,22.73,140.543
140.546,-0.0600663,2.60966,-0.0432762,-0.00211736,140.548,140.55,-0.02,22.73,140.543
140.546,-0.0649792,2.73354,0.00539145,-0.00219932,140.548,140.549,-0.21,22.73,140.549
140.546,-0.0649792,2.73354,0.00539145,-0.00219932,140.548,140.549,-0.21,22.73,140.56
140.546,-0.0684633,2.73762,0.00638378,-0.00233592,140.548,140.548,-0.57,22.73,140.56
140.546,-0.0684633,2.73762,0.00638378,-0.00233592,140.548,140.548,-0.57,22.73,140.56
140.546,-0.0685737,2.68725,-0.0135261,-0.00234959,140.548,140.548,-0.27,22.73,140.549
140.546,-0.0685737,2.68725,-0.0135261,-0.00234959,140.548,140.548,-0.27,22.73,140.549
140.546,-0.0671552,2.71039,-0.00453922,-0.00226762,140.548,140.549,0.33,22.73,140.549
140.546,-0.0671552,2.71039,-0.00453922,-0.00226762,140.548,140.549,0.33,22.73,140.549
140.546,-0.0678048,2.93773,0.0823626,-0.00228128,140.549,140.551,1,22.73,140.56
140.546,-0.0678048,2.93773,0.0823626,-0.00228128,140.549,140.551,1,22.73,140.543
140.546,-0.0741849,3.18413,0.173374,-0.00267743,140.549,140.551,0.33,22.73,140.543
140.546,-0.0741849,3.18413,0.173374,-0.00267743,140.549,140.551,0.33,22.73,140.543
140.546,-0.0810814,3.32571,0.220846,-0.00329215,140.55,140.551,-0.21,22.73,140.549
140.546,-0.0810814,3.32571,0.220846,-0.00329215,140.55,140.551,-0.21,22.73,140.549
140.546,-0.0850149,3.36383,0.22687,-0.00389321,140.55,140.55,-0.21,22.73,140.549
140.546,-0.0850149,3.36383,0.22687,-0.00389321,140.55,140.55,-0.21,22.73,140.549
140.546,-0.086033,3.24948,0.174175,-0.00439864,140.551,140.549,-0.51,22.73,140.549
140.546,-0.086033,3.24948,0.174175,-0.00439864,140.551,140.549,-0.51,22.73,140.549
140.546,-0.0827691,3.05753,0.0936064,-0.00464453,140.551,140.549,-0.27,22.73,140.549
140.546,-0.0827691,3.05753,0.0936064,-0.00464453,140.551,140.549,-0.27,22.73,140.549
140.546,-0.0773376,2.94318,0.0456694,-0.00464453,140.551,140.549,0.39,22.73,140.549
140.546,-0.0773376,2.94318,0.0456694,-0.00464453,140.551,140.549,0.39,22.73,140.549
140.546,-0.0741019,2.96768,0.052664,-0.00463087,140.551,140.551,0.7,22.73,140.549
140.546,-0.0741019,2.96768,0.052664,-0.00463087,140.551,140.551,0.7,22.73,140.549
140.546,-0.0747742,2.97857,0.0541686,-0.00476747,140.551,140.551,0.03,22.73,140.543
140.546,-0.0747742,2.97857,0.0541686,-0.00476747,140.551,140.551,0.03,22.73,140.543
140.546,-0.0750626,2.88328,0.0149139,-0.00489042,140.551,140.55,-0.45,22.73,140.543
140.546,-0.0750626,2.88328,0.0149139,-0.00489042,140.551,140.55,-0.45,22.73,140.543
140.546,-0.0723696,2.79616,-0.0197869,-0.00482211,140.551,140.55,0.03,22.73,140.543
140.546,-0.0723696,2.79616,-0.0197869,-0.00482211,140.551,140.55,0.03,22.73,140.549
140.546,-0.0699146,2.74987,-0.0375704,-0.00469917,140.551,140.55,0.15,22.73,140.549
140.546,-0.0699146,2.74987,-0.0375704,-0.00469917,140.551,140.55,0.15,22.73,140.549
140.546,-0.0686135,2.67228,-0.0666906,-0.00457623,140.55,140.55,-0.21,22.73,140.549
140.546,-0.0686135,2.67228,-0.0666906,-0.00457623,140.55,140.55,-0.21,22.73,140.543
140.546,-0.0664371,2.64233,-0.076471,-0.00435766,140.55,140.55,0.15,22.73,140.543
140.546,-0.0664371,2.64233,-0.076471,-0.00435766,140.55,140.55,0.15,22.73,140.543
140.546,-0.0656048,2.82747,-0.00345475,-0.00416642,140.55,140.552,1,22.73,140.549
140.546,-0.0656048,2.82747,-0.00345475,-0.00416642,140.55,140.552,1,22.73,140.549
140.546,-0.0708131,2.97313,0.0517776,-0.004344,140.551,140.552,-0.09,22.73,140.549
140.546,-0.0708131,2.97313,0.0517776,-0.004344,140.551,140.552,-0.09,22.73,140.549
140.546,-0.0748976,3.06161,0.0830721,-0.00460355,140.551,140.551,-0.15,22.73,140.549
140.546,-0.0748976,3.06161,0.0830721,-0.00460355,140.551,140.551,-0.15,22.73,140.549
140.546,-0.0773647,3.14057,0.109547,-0.00486309,140.551,140.552,0.09,22.73,140.549
140.546,-0.0773647,3.14057,0.109547,-0.00486309,140.551,140.552,0.09,22.73,140.549
140.546,-0.0795577,3.13377,0.102156,-0.00517728,140.551,140.551,-0.27,22.73,140.549
140.546,-0.0795577,3.13377,0.102156,-0.00517728,140.551,140.551,-0.27,22.73,140.549
140.546,-0.0793367,3.07523,0.0751778,-0.00538219,140.551,140.551,-0.15,22.73,140.549
140.546,-0.0793367,3.07523,0.0751778,-0.00538219,140.551,140.551,-0.15,22.73,140.549
140.546,-0.0776647,3.08203,0.074192,-0.00547781,140.552,140.552,0.39,22.73,140.549
140.546,-0.0776647,3.08203,0.074192,-0.00547781,140.552,140.552,0.39,22.73,140.549
140.546,-0.077833,3.15963,0.100339,-0.00564174,140.552,140.552,0.45,22.73,140.549
140.546,-0.077833,3.15963,0.100339,-0.00564174,140.552,140.552,0.45,22.73,140.549
140.546,-0.0799883,3.20047,0.111414,-0.0059286,140.552,140.552,-0.02,22.73,140.549
140.546,-0.0799883,3.20047,0.111414,-0.0059286,140.552,140.552,-0.02,22.73,140.538
140.546,-0.081106,3.17324,0.0959664,-0.00620181,140.552,140.552,-0.15,22.73,140.538
140.546,-0.081106,3.17324,0.0959664,-0.00620181,140.552,140.552,-0.15,22.73,140.538
140.546,-0.0803103,2.98674,0.0200183,-0.0063794,140.552,140.551,-0.7,22.73,140.549
140.546,-0.0803103,2.98674,0.0200183,-0.0063794,140.552,140.551,-0.7,22.73,140.549
140.546,-0.0750459,2.73626,-0.0776867,-0.00622913,140.552,140.55,-0.39,22.73,140.549
140.546,-0.0750459,2.73626,-0.0776867,-0.00622913,140.552,140.55,-0.39,22.73,140.549
140.546,-0.068002,2.52253,-0.157725,-0.00581932,140.551,140.55,-0.02,22.73,140.549
140.546,-0.068002,2.52253,-0.157725,-0.00581932,140.551,140.55,-0.02,22.73,140.543
140.546,-0.0620109,2.47216,-0.1722,-0.00527291,140.551,140.551,0.58,22.73,140.543
140.546,-0.0620109,2.47216,-0.1722,-0.00527291,140.551,140.551,0.58,22.73,140.543
140.546,-0.0606235,2.59196,-0.120888,-0.00486309,140.551,140.552,0.7,22.73,140.538
140.546,-0.0606235,2.59196,-0.120888,-0.00486309,140.551,140.552,0.7,22.73,140.549
140.546,-0.064017,2.7172,-0.0693159,-0.00474015,140.551,140.552,-0.02,22.73,140.549
140.546,-0.064017,2.7172,-0.0693159,-0.00474015,140.551,140.552,-0.02,22.73,140.549
140.546,-0.0675526,2.75259,-0.0540245,-0.00472649,140.551,140.551,-0.45,22.73,140.549
140.546,-0.0675526,2.75259,-0.0540245,-0.00472649,140.551,140.551,-0.45,22.73,140.549
140.546,-0.0685552,2.71584,-0.0669175,-0.00465819,140.55,140.55,-0.39,22.73,140.549
140.546,-0.0685552,2.71584,-0.0669175,-0.00465819,140.55,140.55,-0.39,22.73,140.549
140.546,-0.0675288,2.59468,-0.111657,-0.0044806,140.55,140.549,-0.51,22.73,140.549
140.546,-0.0675288,2.59468,-0.111657,-0.0044806,140.55,140.549,-0.51,22.73,140.549
140.546,-0.0641359,2.50347,-0.143253,-0.00412543,140.55,140.549,-0.02,22.73,140.549
140.546,-0.0641359,2.50347,-0.143253,-0.00412543,140.55,140.549,-0.02,22.73,140.549
140.546,-0.061594,2.58243,-0.10845,-0.00374294,140.55,140.551,0.7,22.73,140.538
140.546,-0.061594,2.58243,-0.10845,-0.00374294,140.55,140.551,0.7,22.73,140.549
140.546,-0.0638359,2.88464,0.0106689,-0.00359268,140.55,140.553,1.06,22.73,140.549
140.546,-0.0638359,2.88464,0.0106689,-0.00359268,140.55,140.553,1.06,22.73,140.549
140.546,-0.0723384,3.23586,0.144224,-0.00392053,140.551,140.553,0.45,22.73,140.543
140.546,-0.0723384,3.23586,0.144224,-0.00392053,140.551,140.553,0.45,22.73,140.549
140.546,-0.0821911,3.39242,0.198275,-0.00457623,140.551,140.552,-0.63,22.73,140.549
140.546,-0.0821911,3.39242,0.198275,-0.00457623,140.551,140.552,-0.63,22.73,140.549
140.546,-0.0865497,3.32299,0.163701,-0.00514996,140.551,140.55,-0.88,22.73,140.56
140.546,-0.0865497,3.32299,0.163701,-0.00514996,140.551,140.55,-0.88,22.73,140.549
140.546,-0.0845521,3.14874,0.0901636,-0.00542317,140.551,140.55,-0.39,22.73,140.549
140.546,-0.0845521,3.14874,0.0901636,-0.00542317,140.551,140.55,-0.39,22.73,140.549
140.546,-0.0796188,2.98947,0.0250092,-0.00543683,140.551,140.55,0.09,22.73,140.549
140.546,-0.0796188,2.98947,0.0250092,-0.00543683,140.551,140.55,0.09,22.73,140.549
140.546,-0.0751213,2.90506,-0.00909366,-0.00532755,140.551,140.55,0.33,22.73,140.549
140.546,-0.0751213,2.90506,-0.00909366,-0.00532755,140.551,140.55,0.33,22.73,140.549
140.546,-0.0727401,2.95952,0.0112503,-0.00523192,140.551,140.552,0.64,22.73,140.554
140.546,-0.0727401,2.95952,0.0112503,-0.00523192,140.551,140.552,0.64,22.73,140.549
140.546,-0.0742641,3.02078,0.0334567,-0.00531389,140.551,140.552,0.09,22.73,140.549
140.546,-0.0742641,3.02078,0.0334567,-0.00531389,140.551,140.552,0.09,22.73,140.549
140.546,-0.0759748,2.95271,0.00528907,-0.00545049,140.551,140.551,-0.57,22.73,140.549
140.546,-0.0759748,2.95271,0.00528907,-0.00545049,140.551,140.551,-0.57,22.73,140.549
140.546,-0.07405,2.73898,-0.0776674,-0.00539585,140.551,140.549,-0.76,22.73,140.549
140.546,-0.07405,2.73898,-0.0776674,-0.00539585,140.551,140.549,-0.76,22.73,140.549
140.546,-0.0680422,2.37551,-0.214954,-0.00502702,140.55,140.547,-0.94,22.73,140.549
140.546,-0.0680422,2.37551,-0.214954,-0.00502702,140.55,140.547,-0.94,22.73,140.543
140.546,-0.0578486,2.09644,-0.314829,-0.00422106,140.549,140.547,0.03,22.73,140.543
140.546,-0.0578486,2.09644,-0.314829,-0.00422106,140.549,140.547,0.03,22.73,140.543
140.546,-0.0500546,2.07193,-0.313417,-0.00329215,140.549,140.549,0.82,22.73,140.549
140.546,-0.0500546,2.07193,-0.313417,-0.00329215,140.549,140.549,0.82,22.73,140.543
140.546,-0.0494295,2.25027,-0.234229,-0.00262279,140.548,140.55,0.7,22.73,140.543
140.546,-0.0494295,2.25027,-0.234229,-0.00262279,140.548,140.55,0.7,22.73,140.543
140.546,-0.0544991,2.51436,-0.124981,-0.00232226,140.548,140.551,0.27,22.73,140.554
140.546,-0.0544991,2.51436,-0.124981,-0.00232226,140.548,140.551,0.27,22.73,140.554
140.546,-0.06196,2.73762,-0.0353173,-0.00233592,140.548,140.551,-0.21,22.73,140.554
140.546,-0.06196,2.73762,-0.0353173,-0.00233592,140.548,140.551,-0.21,22.73,140.554
140.546,-0.068251,2.77574,-0.0198437,-0.00248619,140.548,140.549,-0.88,22.73,140.554
140.546,-0.068251,2.77574,-0.0198437,-0.00248619,140.548,140.549,-0.88,22.73,140.549
140.546,-0.0693255,2.71176,-0.0440475,-0.00248619,140.548,140.548,-0.51,22.73,140.549
140.546,-0.0693255,2.71176,-0.0440475,-0.00248619,140.548,140.548,-0.51,22.73,140.549
140.546,-0.0675305,2.61102,-0.081439,-0.00233592,140.548,140.547,-0.27,22.73,140.549
140.546,-0.0675305,2.61102,-0.081439,-0.00233592,140.548,140.547,-0.27,22.73,140.549
140.546,-0.0647087,2.50892,-0.117962,-0.00206272,140.548,140.547,-0.15,22.73,140.549
140.546,-0.0647087,2.50892,-0.117962,-0.00206272,140.548,140.547,-0.15,22.73,140.549
140.546,-0.0618573,2.51436,-0.111907,-0.00172121,140.547,140.548,0.33,22.73,140.56
140.546,-0.0618573,2.51436,-0.111907,-0.00172121,140.547,140.548,0.33,22.73,140.549
140.546,-0.0620328,2.58651,-0.080475,-0.00148898,140.547,140.548,0.21,22.73,140.549
140.546,-0.0620328,2.58651,-0.080475,-0.00148898,140.547,140.548,0.21,22.73,140.549
140.546,-0.06408,2.60693,-0.0699795,-0.00139336,140.547,140.548,-0.33,22.73,140.554
140.546,-0.06408,2.60693,-0.0699795,-0.00139336,140.547,140.548,-0.33,22.73,140.554
140.546,-0.0646686,2.62599,-0.0603636,-0.00127042,140.547,140.547,-0.09,22.73,140.554
140.546,-0.0646686,2.62599,-0.0603636,-0.00127042,140.547,140.547,-0.09,22.73,140.554
140.546,-0.0652167,2.6151,-0.0625514,-0.00116113,140.547,140.547,-0.21,22.73,140.549
140.546,-0.0652167,2.6151,-0.0625514,-0.00116113,140.547,140.547,-0.21,22.73,140.549
140.546,-0.0649225,2.6151,-0.0604656,-0.00102453,140.547,140.547,-0.02,22.72,140.549
140.546,-0.0649225,2.6151,-0.0604656,-0.00102453,140.547,140.547,-0.02,22.72,140.549
140.546,-0.0649345,2.7417,-0.00992564,-0.000901585,140.547,140.548,0.58,22.73,140.549
140.546,-0.0649345,2.7417,-0.00992564,-0.000901585,140.547,140.548,0.58,22.73,140.549
140.546,-0.0685004,3.01941,0.0966753,-0.00101087,140.547,140.55,0.82,22.73,140.549
140.546,-0.0685004,3.01941,0.0966753,-0.00101087,140.547,140.55,0.82,22.73,140.549
140.546,-0.0762973,3.19911,0.161806,-0.00148898,140.548,140.549,-0.27,22.73,140.554
140.546,-0.0762973,3.19911,0.161806,-0.00148898,140.548,140.549,-0.27,22.73,140.554
140.546,-0.0813195,3.26581,0.181214,-0.00200808,140.548,140.549,-0.33,22.73,140.554
140.546,-0.0813195,3.26581,0.181214,-0.00200808,140.548,140.549,-0.33,22.73,140.554
140.546,-0.0831555,3.10245,0.111699,-0.00245887,140.549,140.547,-0.94,22.72,140.549
140.546,-0.0831555,3.10245,0.111699,-0.00245887,140.549,140.547,-0.94,22.72,140.549
140.546,-0.078528,2.85606,0.0128582,-0.00252717,140.548,140.546,-0.39,22.72,140.549
140.546,-0.078528,2.85606,0.0128582,-0.00252717,140.548,140.546,-0.39,22.72,140.549
140.546,-0.071584,2.83155,0.00263246,-0.0023086,140.548,140.548,1,22.73,140.549
140.546,-0.071584,2.83155,0.00263246,-0.0023086,140.548,140.548,1,22.73,140.549
140.546,-0.0708906,3.0058,0.0689313,-0.00229494,140.549,140.55,1,22.73,140.549
140.546,-0.0708906,3.0058,0.0689313,-0.00229494,140.549,140.55,1,22.73,140.549
140.546,-0.0757786,3.25084,0.159916,-0.00260913,140.549,140.551,0.52,22.73,140.549
140.546,-0.0757786,3.25084,0.159916,-0.00260913,140.549,140.551,0.52,22.73,140.549
140.546,-0.0826394,3.37064,0.199545,-0.00318287,140.55,140.55,-0.33,22.73,140.549
140.546,-0.0826394,3.37064,0.199545,-0.00318287,140.55,140.55,-0.33,22.73,140.549
140.546,-0.0859644,3.4319,0.215231,-0.00371562,140.55,140.55,-0.02,22.73,140.549
140.546,-0.0859644,3.4319,0.215231,-0.00371562,140.55,140.55,-0.02,22.73,140.554
140.546,-0.087637,3.38016,0.186978,-0.00422106,140.551,140.55,-0.33,22.73,140.554
140.546,-0.087637,3.38016,0.186978,-0.00422106,140.551,140.55,-0.33,22.73,140.554
140.546,-0.0861339,3.21272,0.11535,-0.00456257,140.551,140.549,-0.39,22.73,140.543
140.546,-0.0861339,3.21272,0.11535,-0.00456257,140.551,140.549,-0.39,22.73,140.549
140.546,-0.0813877,3.06842,0.0551575,-0.00463087,140.551,140.549,0.15,22.73,140.549
140.546,-0.0813877,3.06842,0.0551575,-0.00463087,140.551,140.549,0.15,22.73,140.549
140.546,-0.0773065,3.03847,0.0409508,-0.00460355,140.551,140.55,0.58,22.73,140.543
140.546,-0.0773065,3.03847,0.0409508,-0.00460355,140.551,140.55,0.58,22.73,140.549
140.546,-0.0764481,3.05481,0.0449812,-0.00465819,140.551,140.551,0.27,22.73,140.549
140.546,-0.0764481,3.05481,0.0449812,-0.00465819,140.551,140.551,0.27,22.73,140.549
140.546,-0.076892,3.02486,0.0311142,-0.00476747,140.551,140.55,-0.15,22.73,140.543
140.546,-0.076892,3.02486,0.0311142,-0.00476747,140.551,140.55,-0.15,22.73,140.549
140.546,-0.0760358,2.87648,-0.0276398,-0.00480845,140.551,140.549,-0.57,22.73,140.549
140.546,-0.0760358,2.87648,-0.0276398,-0.00480845,140.551,140.549,-0.57,22.73,140.549
140.546,-0.0718575,2.71448,-0.0894615,-0.00460355,140.55,140.549,-0.15,22.73,140.543
140.546,-0.0718575,2.71448,-0.0894615,-0.00460355,140.55,140.549,-0.15,22.73,140.543
140.546,-0.0673099,2.61238,-0.126052,-0.00426204,140.55,140.549,0.15,22.73,140.543
140.546,-0.0673099,2.61238,-0.126052,-0.00426204,140.55,140.549,0.15,22.73,140.543
140.546,-0.064457,2.54159,-0.149268,-0.00389321,140.549,140.549,-0.02,22.73,140.549
140.546,-0.064457,2.54159,-0.149268,-0.00389321,140.549,140.549,-0.02,22.73,140.549
140.546,-0.0624915,2.52798,-0.149679,-0.00351072,140.549,140.549,0.09,22.73,140.549
140.546,-0.0624915,2.52798,-0.149679,-0.00351072,140.549,140.549,0.09,22.73,140.549
140.546,-0.0621363,2.5484,-0.136982,-0.00318287,140.549,140.549,0.03,22.73,140.543
140.546,-0.0621363,2.5484,-0.136982,-0.00318287,140.549,140.549,0.03,22.73,140.554
140.546,-0.0627374,2.6151,-0.106966,-0.00292332,140.549,140.55,0.09,22.73,140.554
140.546,-0.0627374,2.6151,-0.106966,-0.00292332,140.549,140.55,0.09,22.73,140.554
140.546,-0.0646354,2.72265,-0.0623574,-0.00277306,140.549,140.55,0.15,22.73,140.543
140.546,-0.0646354,2.72265,-0.0623574,-0.00277306,140.549,140.55,0.15,22.73,140.543
140.546,-0.0676739,2.72537,-0.0595163,-0.0027594,140.549,140.549,-0.51,22.73,140.543
140.546,-0.0676739,2.72537,-0.0595163,-0.0027594,140.549,140.549,-0.51,22.73,140.543
140.546,-0.0677599,2.78935,-0.0332854,-0.00263645,140.549,140.549,0.27,22.73,140.543
140.546,-0.0677599,2.78935,-0.0332854,-0.00263645,140.549,140.549,0.27,22.73,140.549
140.546,-0.0695655,2.91732,0.0165166,-0.00263645,140.549,140.55,0.33,22.73,140.549
140.546,-0.0695655,2.91732,0.0165166,-0.00263645,140.549,140.55,0.33,22.73,140.549
140.546,-0.0731616,3.21408,0.129178,-0.00280038,140.549,140.552,0.94,22.73,140.549
140.546,-0.0731616,3.21408,0.129178,-0.00280038,140.549,140.552,0.94,22.73,140.549
140.546,-0.0814859,3.46865,0.221521,-0.00337411,140.55,140.552,0.09,22.73,140.549
140.546,-0.0814859,3.46865,0.221521,-0.00337411,140.55,140.552,0.09,22.73,140.549
140.546,-0.0886009,3.5653,0.249916,-0.00409811,140.551,140.551,-0.39,22.73,140.538
140.546,-0.0886009,3.5653,0.249916,-0.00409811,140.551,140.551,-0.39,22.73,140.549
140.546,-0.091262,3.55578,0.236505,-0.00471283,140.551,140.551,-0.21,22.73,140.549
140.546,-0.091262,3.55578,0.236505,-0.00471283,140.551,140.551,-0.21,22.73,140.549
140.546,-0.0909353,3.43598,0.181248,-0.00519094,140.551,140.55,-0.33,22.73,140.554
140.546,-0.0909353,3.43598,0.181248,-0.00519094,140.551,140.55,-0.33,22.73,140.549
140.546,-0.0875156,3.30801,0.12481,-0.00545049,140.552,140.55,0.09,22.73,140.549
140.546,-0.0875156,3.30801,0.12481,-0.00545049,140.552,140.55,0.09,22.73,140.549
140.546,-0.0838781,3.19502,0.0761183,-0.00558709,140.552,140.55,0.15,22.73,140.549
140.546,-0.0838781,3.19502,0.0761183,-0.00558709,140.552,140.55,0.15,22.73,140.549
140.546,-0.0806724,3.1923,0.071423,-0.00562808,140.552,140.552,0.58,22.73,140.549
140.546,-0.0806724,3.1923,0.071423,-0.00562808,140.552,140.552,0.58,22.73,140.549
140.546,-0.0805727,3.16371,0.056962,-0.00577834,140.552,140.551,-0.02,22.73,140.543
140.546,-0.0805727,3.16371,0.056962,-0.00577834,140.552,140.551,-0.02,22.73,140.549
140.546,-0.0797478,3.02214,-0.000287115,-0.00587396,140.552,140.55,-0.51,22.73,140.549
140.546,-0.0797478,3.02214,-0.000287115,-0.00587396,140.552,140.55,-0.51,22.73,140.549
140.546,-0.0757539,2.79207,-0.0893574,-0.00573736,140.551,140.549,-0.51,22.73,140.549
140.546,-0.0757539,2.79207,-0.0893574,-0.00573736,140.551,140.549,-0.51,22.73,140.549
140.546,-0.0692883,2.53751,-0.184544,-0.00532755,140.551,140.549,-0.33,22.73,140.549
140.546,-0.0692883,2.53751,-0.184544,-0.00532755,140.551,140.549,-0.33,22.73,140.549
140.546,-0.0621538,2.40001,-0.231341,-0.00468551,140.55,140.549,0.27,22.73,140.549
140.546,-0.0621538,2.40001,-0.231341,-0.00468551,140.55,140.549,0.27,22.73,140.543
140.546,-0.0583272,2.38504,-0.22941,-0.00407079,140.55,140.55,0.33,22.73,140.543
140.546,-0.0583272,2.38504,-0.22941,-0.00407079,140.55,140.55,0.33,22.73,140.543
140.546,-0.0579506,2.4953,-0.179481,-0.00357902,140.549,140.551,0.39,22.73,140.549
140.546,-0.0579506,2.4953,-0.179481,-0.00357902,140.549,140.551,0.39,22.73,140.554
140.546,-0.0610903,2.69814,-0.0958385,-0.00331947,140.549,140.551,0.33,22.73,140.554
140.546,-0.0610903,2.69814,-0.0958385,-0.00331947,140.549,140.551,0.33,22.73,140.554
140.546,-0.0668186,2.87511,-0.0251197,-0.00333313,140.549,140.551,-0.09,22.73,140.543
140.546,-0.0668186,2.87511,-0.0251197,-0.00333313,140.549,140.551,-0.09,22.73,140.549
140.546,-0.0718027,2.96088,0.00808589,-0.00345608,140.55,140.55,-0.39,22.73,140.549
140.546,-0.0718027,2.96088,0.00808589,-0.00345608,140.55,140.55,-0.39,22.73,140.549
140.546,-0.0742114,3.03983,0.0374703,-0.00356536,140.55,140.55,0.03,22.73,140.549
140.546,-0.0742114,3.03983,0.0374703,-0.00356536,140.55,140.55,0.03,22.73,140.549
140.546,-0.0764219,3.12015,0.0662919,-0.00372928,140.55,140.551,0.09,22.73,140.549
140.546,-0.0764219,3.12015,0.0662919,-0.00372928,140.55,140.551,0.09,22.73,140.549
140.546,-0.078664,3.27943,0.124294,-0.00394785,140.55,140.552,0.52,22.73,140.549
140.546,-0.078664,3.27943,0.124294,-0.00394785,140.55,140.552,0.52,22.73,140.549
140.546,-0.0831164,3.42373,0.174401,-0.00437132,140.551,140.552,0.15,22.73,140.549
140.546,-0.0831164,3.42373,0.174401,-0.00437132,140.551,140.552,0.15,22.73,140.549
140.546,-0.0871353,3.4986,0.196021,-0.00487676,140.551,140.552,-0.09,22.73,140.549
140.546,-0.0871353,3.4986,0.196021,-0.00487676,140.551,140.552,-0.09,22.73,140.543
140.546,-0.0891938,3.39514,0.148455,-0.00535487,140.552,140.55,-0.63,22.73,140.543
140.546,-0.0891938,3.39514,0.148455,-0.00535487,140.552,140.55,-0.63,22.73,140.543
140.546,-0.0862409,3.14466,0.0462343,-0.00555977,140.551,140.549,-0.63,22.73,140.549
140.546,-0.0862409,3.14466,0.0462343,-0.00555977,140.551,140.549,-0.63,22.73,140.549
140.546,-0.0791707,2.91595,-0.0439361,-0.00540951,140.551,140.549,0.03,22.73,140.549
140.546,-0.0791707,2.91595,-0.0439361,-0.00540951,140.551,140.549,0.03,22.73,140.549
140.546,-0.0727338,2.81249,-0.0828218,-0.00509532,140.551,140.55,0.52,22.73,140.538
140.546,-0.0727338,2.81249,-0.0828218,-0.00509532,140.551,140.55,0.52,22.73,140.549
140.546,-0.0698323,2.87511,-0.0566275,-0.00482211,140.551,140.551,0.7,22.73,140.549
140.546,-0.0698323,2.87511,-0.0566275,-0.00482211,140.551,140.551,0.7,22.73,140.549
140.546,-0.0716016,3.03439,0.00566649,-0.00476747,140.551,140.552,0.45,22.73,140.554
140.546,-0.0716016,3.03439,0.00566649,-0.00476747,140.551,140.552,0.45,22.73,140.543
140.546,-0.076079,3.17597,0.0589083,-0.00494506,140.551,140.552,0.03,22.73,140.543
140.546,-0.076079,3.17597,0.0589083,-0.00494506,140.551,140.552,0.03,22.73,140.543
140.546,-0.0800462,3.25628,0.0867169,-0.00521826,140.551,140.552,-0.15,22.73,140.549
140.546,-0.0800462,3.25628,0.0867169,-0.00521826,140.551,140.552,-0.15,22.73,140.549
140.546,-0.0822818,3.23178,0.0733188,-0.00547781,140.552,140.551,-0.39,22.73,140.549
140.546,-0.0822818,3.23178,0.0733188,-0.00547781,140.552,140.551,-0.39,22.73,140.549
140.546,-0.0815683,3.13513,0.032738,-0.00560076,140.552,140.551,-0.27,22.73,140.543
140.546,-0.0815683,3.13513,0.032738,-0.00560076,140.552,140.551,-0.27,22.73,140.549
140.546,-0.0788323,3.00988,-0.0173311,-0.00557343,140.551,140.55,-0.15,22.73,140.549
140.546,-0.0788323,3.00988,-0.0173311,-0.00557343,140.551,140.55,-0.15,22.73,140.549
140.546,-0.0753022,2.94182,-0.0436637,-0.00540951,140.551,140.551,0.21,22.73,140.549
140.546,-0.0753022,2.94182,-0.0436637,-0.00540951,140.551,140.551,0.21,22.73,140.543
140.546,-0.0733879,2.94999,-0.039812,-0.00524559,140.551,140.551,0.33,22.73,140.543
140.546,-0.0733879,2.94999,-0.039812,-0.00524559,140.551,140.551,0.33,22.73,140.543
140.546,-0.07362,2.94454,-0.0413039,-0.00517728,140.551,140.551,-0.09,22.73,140.549
140.546,-0.07362,2.94454,-0.0413039,-0.00517728,140.551,140.551,-0.09,22.73,140.56
140.546,-0.0734687,2.87784,-0.0661988,-0.00508166,140.551,140.55,-0.39,22.73,140.56
140.546,-0.0734687,2.87784,-0.0661988,-0.00508166,140.551,140.55,-0.39,22.73,140.56
140.546,-0.0715983,2.74443,-0.115723,-0.00487676,140.55,140.55,-0.39,22.73,140.538
140.546,-0.0715983,2.74443,-0.115723,-0.00487676,140.55,140.55,-0.39,22.73,140.549
140.546,-0.0678611,2.59468,-0.169664,-0.00450792,140.55,140.549,-0.27,22.73,140.549
140.546,-0.0678611,2.59468,-0.169664,-0.00450792,140.55,140.549,-0.27,22.73,140.549
140.546,-0.063676,2.66819,-0.136038,-0.00400249,140.55,140.551,0.88,22.73,140.549
140.546,-0.063676,2.66819,-0.136038,-0.00400249,140.55,140.551,0.88,22.73,140.538
140.546,-0.0657706,2.85469,-0.0602955,-0.00379759,140.55,140.552,0.52,22.73,140.538
140.546,-0.0657706,2.85469,-0.0602955,-0.00379759,140.55,140.552,0.52,22.73,140.538
140.546,-0.0710304,2.89962,-0.0415382,-0.00386589,140.55,140.55,-0.63,22.73,140.538
140.546,-0.0710304,2.89962,-0.0415382,-0.00386589,140.55,140.55,-0.63,22.73,140.549
140.546,-0.0722994,2.74987,-0.098039,-0.00382491,140.549,140.548,-1,22.73,140.549
140.546,-0.0722994,2.74987,-0.098039,-0.00382491,140.549,140.548,-1,22.73,140.549
140.546,-0.0680994,2.66547,-0.127411,-0.00346974,140.549,140.549,0.15,22.73,140.549
140.546,-0.0680994,2.66547,-0.127411,-0.00346974,140.549,140.549,0.15,22.73,140.554
140.546,-0.0657461,2.54295,-0.170273,-0.00311457,140.549,140.548,-0.39,22.73,140.554
140.546,-0.0657461,2.54295,-0.170273,-0.00311457,140.549,140.548,-0.39,22.73,140.554
140.546,-0.0623296,2.54567,-0.163527,-0.00263645,140.548,140.549,0.39,22.73,140.549
140.546,-0.0623296,2.54567,-0.163527,-0.00263645,140.548,140.549,0.39,22.73,140.549
140.546,-0.0624386,2.61374,-0.131932,-0.00229494,140.548,140.549,0.15,22.73,140.549
140.546,-0.0624386,2.61374,-0.131932,-0.00229494,140.548,140.549,0.15,22.73,140.549
140.546,-0.0643812,2.75804,-0.0722309,-0.00209004,140.548,140.55,0.33,22.73,140.538
140.546,-0.0643812,2.75804,-0.0722309,-0.00209004,140.548,140.55,0.33,22.73,140.549
140.546,-0.0684576,2.99083,0.0192252,-0.00209004,140.548,140.55,0.45,22.73,140.549
140.546,-0.0684576,2.99083,0.0192252,-0.00209004,140.548,140.55,0.45,22.73,140.549
140.546,-0.0750052,3.08476,0.054141,-0.00236325,140.549,140.549,-0.51,22.73,140.538
140.546,-0.0750052,3.08476,0.054141,-0.00236325,140.549,140.549,-0.51,22.73,140.549
140.546,-0.0776349,3.0058,0.0215228,-0.00256815,140.549,140.548,-0.76,22.73,140.549
140.546,-0.0776349,3.0058,0.0215228,-0.00256815,140.549,140.548,-0.76,22.73,140.549
140.546,-0.0754034,2.95952,0.00260403,-0.00252717,140.548,140.548,0.15,22.73,140.543
140.546,-0.0754034,2.95952,0.00260403,-0.00252717,140.548,140.548,0.15,22.73,140.543
140.546,-0.0740962,3.09973,0.0558328,-0.00248619,140.549,140.55,0.94,22.73,140.543
140.546,-0.0740962,3.09973,0.0558328,-0.00248619,140.549,140.55,0.94,22.73,140.543
140.546,-0.0780289,3.37064,0.157177,-0.00274574,140.549,140.551,0.82,22.73,140.543
140.546,-0.0780289,3.37064,0.157177,-0.00274574,140.549,140.551,0.82,22.73,140.549
140.546,-0.0856187,3.74092,0.292853,-0.00334679,140.55,140.553,0.82,22.73,140.549
140.546,-0.0856187,3.74092,0.292853,-0.00334679,140.55,140.553,0.82,22.73,140.549
140.546,-0.095976,4.04041,0.396362,-0.00433034,140.551,140.553,0.15,22.73,140.549
140.546,-0.095976,4.04041,0.396362,-0.00433034,140.551,140.553,0.15,22.73,140.549
140.546,-0.104316,4.08533,0.398423,-0.00545049,140.552,140.552,-0.7,22.73,140.549
140.546,-0.104316,4.08533,0.398423,-0.00545049,140.552,140.552,-0.7,22.73,140.549
140.546,-0.105486,3.92333,0.320984,-0.00632476,140.553,140.551,-0.57,22.73,140.543
140.546,-0.105486,3.92333,0.320984,-0.00632476,140.553,140.551,-0.57,22.73,140.538
140.546,-0.100846,3.73139,0.234776,-0.00683019,140.553,140.551,0.15,22.73,140.538
140.546,-0.100846,3.73139,0.234776,-0.00683019,140.553,140.551,0.15,22.73,140.538
140.546,-0.0953806,3.62656,0.185005,-0.00713072,140.553,140.552,0.64,22.73,140.538
140.546,-0.0953806,3.62656,0.185005,-0.00713072,140.553,140.552,0.64,22.73,140.543
140.546,-0.0923793,3.69735,0.204267,-0.00741759,140.554,140.554,1.06,22.73,140.543
140.546,-0.0923793,3.69735,0.204267,-0.00741759,140.554,140.554,1.06,22.73,140.543
140.546,-0.0943177,3.84982,0.254052,-0.00790936,140.555,140.555,0.7,22.74,140.543
140.546,-0.0943177,3.84982,0.254052,-0.00790936,140.555,140.555,0.7,22.74,140.543
140.546,-0.0985446,3.82532,0.234125,-0.00859238,140.555,140.554,-0.51,22.73,140.543
140.546,-0.0985446,3.82532,0.234125,-0.00859238,140.555,140.554,-0.51,22.73,140.543
140.546,-0.0977919,3.71641,0.182501,-0.00905683,140.555,140.554,-0.15,22.73,140.543
140.546,-0.0977919,3.71641,0.182501,-0.00905683,140.555,140.554,-0.15,22.73,140.543
140.546,-0.0946734,3.49452,0.0893979,-0.00933004,140.555,140.553,-0.39,22.73,140.543
140.546,-0.0946734,3.49452,0.0893979,-0.00933004,140.555,140.553,-0.39,22.73,140.543
140.546,-0.0883934,3.18958,-0.0321647,-0.00928906,140.555,140.552,-0.39,22.73,140.538
140.546,-0.0883934,3.18958,-0.0321647,-0.00928906,140.555,140.552,-0.39,22.73,140.543
140.546,-0.0798022,2.96632,-0.117995,-0.00892023,140.554,140.553,0.27,22.73,140.543
140.546,-0.0798022,2.96632,-0.117995,-0.00892023,140.554,140.553,0.27,22.73,140.543
140.546,-0.0735302,2.90234,-0.139632,-0.00845577,140.554,140.554,0.64,22.73,140.532
140.546,-0.0735302,2.90234,-0.139632,-0.00845577,140.554,140.554,0.64,22.73,140.543
140.546,-0.0717482,2.83564,-0.161477,-0.0081006,140.554,140.553,-0.15,22.73,140.543
140.546,-0.0717482,2.83564,-0.161477,-0.0081006,140.554,140.553,-0.15,22.73,140.543
140.546,-0.069895,2.72401,-0.199683,-0.00770445,140.553,140.553,-0.39,22.73,140.543
140.546,-0.069895,2.72401,-0.199683,-0.00770445,140.553,140.553,-0.39,22.73,140.543
140.546,-0.0667858,2.61646,-0.234865,-0.00718536,140.553,140.552,-0.21,22.73,140.543
140.546,-0.0667858,2.61646,-0.234865,-0.00718536,140.553,140.552,-0.21,22.73,140.543
140.546,-0.0638001,2.48305,-0.278596,-0.00659796,140.552,140.551,-0.39,22.73,140.543
140.546,-0.0638001,2.48305,-0.278596,-0.00659796,140.552,140.551,-0.39,22.73,140.549
140.546,-0.0600963,2.35373,-0.319073,-0.00588762,140.551,140.551,-0.33,22.73,140.549
140.546,-0.0600963,2.35373,-0.319073,-0.00588762,140.551,140.551,-0.33,22.73,140.549
140.546,-0.0565173,2.33195,-0.316758,-0.00509532,140.55,140.551,0.15,22.73,140.549
140.546,-0.0565173,2.33195,-0.316758,-0.00509532,140.55,140.551,0.15,22.73,140.549
140.546,-0.0559668,2.45447,-0.259125,-0.0044123,140.55,140.552,0.39,22.73,140.549
140.546,-0.0559668,2.45447,-0.259125,-0.0044123,140.55,140.552,0.39,22.73,140.549
140.546,-0.0594679,2.68045,-0.163858,-0.00400249,140.55,140.552,0.33,22.73,140.549
140.546,-0.0594679,2.68045,-0.163858,-0.00400249,140.55,140.552,0.33,22.73,140.543
140.546,-0.0658618,2.77165,-0.123642,-0.00389321,140.55,140.551,-0.7,22.73,140.543
140.546,-0.0658618,2.77165,-0.123642,-0.00389321,140.55,140.551,-0.7,22.73,140.543
140.546,-0.0684521,2.82338,-0.0999745,-0.00372928,140.55,140.55,-0.27,22.73,140.549
140.546,-0.0684521,2.82338,-0.0999745,-0.00372928,140.55,140.55,-0.27,22.73,140.543
140.546,-0.0699259,2.91459,-0.0620078,-0.00357902,140.55,140.551,0.15,22.73,140.543
140.546,-0.0699259,2.91459,-0.0620078,-0.00357902,140.55,140.551,0.15,22.73,140.543
140.546,-0.0725029,3.02758,-0.0170554,-0.00353804,140.55,140.551,0.09,22.73,140.549
140.546,-0.0725029,3.02758,-0.0170554,-0.00353804,140.55,140.551,0.09,22.73,140.549
140.546,-0.0756836,3.0412,-0.0118118,-0.00362,140.55,140.55,-0.45,22.73,140.549
140.546,-0.0756836,3.0412,-0.0118118,-0.00362,140.55,140.55,-0.45,22.73,140.549
140.546,-0.0760646,3.1079,0.0135878,-0.00360634,140.55,140.55,0.27,22.73,140.549
140.546,-0.0760646,3.1079,0.0135878,-0.00360634,140.55,140.55,0.27,22.73,140.554
140.546,-0.0779351,3.22089,0.0557921,-0.00370196,140.55,140.551,0.27,22.73,140.554
140.546,-0.0779351,3.22089,0.0557921,-0.00370196,140.55,140.551,0.27,22.73,140.554
140.546,-0.0810995,3.32707,0.0938314,-0.00393419,140.55,140.551,0.09,22.73,140.549
140.546,-0.0810995,3.32707,0.0938314,-0.00393419,140.55,140.551,0.09,22.73,140.549
140.546,-0.0840635,3.372,0.10698,-0.00423472,140.55,140.551,-0.15,22.73,140.549
140.546,-0.0840635,3.372,0.10698,-0.00423472,140.55,140.551,-0.15,22.73,140.549
140.546,-0.0852995,3.34477,0.0919667,-0.00450792,140.551,140.55,-0.21,22.73,140.549
140.546,-0.0852995,3.34477,0.0919667,-0.00450792,140.551,140.55,-0.21,22.73,140.538
140.546,-0.0845067,3.37064,0.0978095,-0.00467185,140.551,140.551,0.39,22.73,140.538
140.546,-0.0845067,3.37064,0.0978095,-0.00467185,140.551,140.551,0.39,22.73,140.538
140.546,-0.0852074,3.56939,0.169648,-0.00490408,140.551,140.553,1,22.73,140.549
140.546,-0.0852074,3.56939,0.169648,-0.00490408,140.551,140.553,1,22.73,140.543
140.546,-0.0907603,3.8893,0.285233,-0.00546415,140.552,140.555,0.94,22.74,140.543
140.546,-0.0907603,3.8893,0.285233,-0.00546415,140.552,140.555,0.94,22.74,140.543
140.546,-0.0996982,4.23235,0.405375,-0.0063794,140.554,140.556,0.64,22.74,140.538
140.546,-0.0996982,4.23235,0.405375,-0.0063794,140.554,140.556,0.64,22.74,140.543
140.546,-0.10926,4.42975,0.465189,-0.00756785,140.555,140.556,-0.09,22.74,140.543
140.546,-0.10926,4.42975,0.465189,-0.00756785,140.555,140.556,-0.09,22.74,140.543
140.546,-0.114706,4.47603,0.464762,-0.00872898,140.556,140.555,-0.15,22.74,140.549
140.546,-0.114706,4.47603,0.464762,-0.00872898,140.556,140.555,-0.15,22.74,140.543
140.546,-0.115895,4.36168,0.402638,-0.00973985,140.556,140.555,-0.27,22.74,140.543
140.546,-0.115895,4.36168,0.402638,-0.00973985,140.556,140.555,-0.27,22.74,140.543
140.546,-0.112574,4.12481,0.295689,-0.0104638,140.557,140.554,-0.21,22.74,140.543
140.546,-0.112574,4.12481,0.295689,-0.0104638,140.557,140.554,-0.21,22.74,140.543
140.546,-0.105826,3.96826,0.223302,-0.0108463,140.557,140.555,0.64,22.74,140.543
140.546,-0.105826,3.96826,0.223302,-0.0108463,140.557,140.555,0.64,22.74,140.543
140.546,-0.101355,3.98051,0.21815,-0.0111605,140.558,140.557,1.06,22.74,140.543
140.546,-0.101355,3.98051,0.21815,-0.0111605,140.558,140.557,1.06,22.74,140.549
140.546,-0.101637,4.10167,0.254836,-0.011625,140.558,140.559,0.82,22.74,140.549
140.546,-0.101637,4.10167,0.254836,-0.011625,140.558,140.559,0.82,22.74,140.549
140.546,-0.104977,4.08533,0.237413,-0.0122807,140.559,140.558,-0.33,22.74,140.549
140.546,-0.104977,4.08533,0.237413,-0.0122807,140.559,140.558,-0.33,22.74,140.538
140.546,-0.104449,3.80762,0.120392,-0.0127588,140.559,140.556,-1,22.74,140.538
140.546,-0.104449,3.80762,0.120392,-0.0127588,140.559,140.556,-1,22.74,140.538
140.546,-0.096586,3.32163,-0.0722174,-0.0127315,140.558,140.554,-1,22.74,140.538
140.546,-0.096586,3.32163,-0.0722174,-0.0127315,140.558,140.554,-1,22.74,140.543
140.546,-0.0829008,2.87375,-0.243184,-0.0120894,140.557,140.554,-0.09,22.74,140.543
140.546,-0.0829008,2.87375,-0.243184,-0.0120894,140.557,140.554,-0.09,22.74,140.543
140.546,-0.0703273,2.53206,-0.367156,-0.0111332,140.556,140.554,0.09,22.74,140.543
140.546,-0.0703273,2.53206,-0.367156,-0.0111332,140.556,140.554,0.09,22.74,140.538
140.546,-0.0607723,2.37823,-0.414504,-0.0100267,140.555,140.554,0.45,22.74,140.538
140.546,-0.0607723,2.37823,-0.414504,-0.0100267,140.555,140.554,0.45,22.74,140.538
140.546,-0.0565189,2.31561,-0.425036,-0.00901585,140.554,140.554,-0.02,22.74,140.549
140.546,-0.0565189,2.31561,-0.425036,-0.00901585,140.554,140.554,-0.02,22.74,140.549
140.546,-0.0548374,2.29111,-0.420431,-0.00807328,140.553,140.554,-0.27,22.74,140.549
140.546,-0.0548374,2.29111,-0.420431,-0.00807328,140.553,140.554,-0.27,22.74,140.549
140.546,-0.0542296,2.22576,-0.431497,-0.00718536,140.552,140.553,-0.63,22.74,140.549
140.546,-0.0542296,2.22576,-0.431497,-0.00718536,140.552,140.553,-0.63,22.74,140.549
140.546,-0.0524753,1.88407,-0.547895,-0.00622913,140.551,140.549,-1.86,22.73,140.549
140.546,-0.0524753,1.88407,-0.547895,-0.00622913,140.551,140.549,-1.86,22.73,140.549
140.546,-0.0429666,1.55191,-0.656212,-0.00475381,140.549,140.547,-0.7,22.73,140.549
140.546,-0.0429666,1.55191,-0.656212,-0.00475381,140.549,140.547,-0.7,22.73,140.554
140.546,-0.033752,1.37494,-0.700893,-0.00305992,140.547,140.547,-0.09,22.73,140.554
140.546,-0.033752,1.37494,-0.700893,-0.00305992,140.547,140.547,-0.09,22.73,140.554
140.546,-0.0289193,1.28373,-0.710841,-0.00143434,140.546,140.547,-0.39,22.73,140.549
140.546,-0.0289193,1.28373,-0.710841,-0.00143434,140.546,140.547,-0.39,22.73,140.554
140.546,-0.0265054,1.30142,-0.678448,0.000136604,140.544,140.546,-0.27,22.73,140.554
140.546,-0.0265054,1.30142,-0.678448,0.000136604,140.544,140.546,-0.27,22.73,140.554
140.546,-0.027153,1.42667,-0.605788,0.00152996,140.543,140.546,-0.21,22.73,140.56
140.546,-0.027153,1.42667,-0.605788,0.00152996,140.543,140.546,-0.21,22.73,140.56
140.546,-0.0308147,1.58594,-0.52252,0.00266377,140.542,140.545,-0.45,22.73,140.56
140.546,-0.0308147,1.58594,-0.52252,0.00266377,140.542,140.545,-0.45,22.73,140.56
140.546,-0.0354177,1.68259,-0.466094,0.00359268,140.542,140.543,-0.82,22.73,140.554
140.546,-0.0354177,1.68259,-0.466094,0.00359268,140.542,140.543,-0.82,22.73,140.565
140.546,-0.0382463,1.7071,-0.439202,0.00446694,140.541,140.542,-0.88,22.72,140.565
140.546,-0.0382463,1.7071,-0.439202,0.00446694,140.541,140.542,-0.88,22.72,140.565
140.546,-0.0390387,1.78061,-0.394356,0.00535487,140.54,140.541,-0.27,22.72,140.56
140.546,-0.0390387,1.78061,-0.394356,0.00535487,140.54,140.541,-0.27,22.72,140.56
140.546,-0.0412022,2.00659,-0.292584,0.00610619,140.539,140.542,0.33,22.72,140.56
140.546,-0.0412022,2.00659,-0.292584,0.00610619,140.539,140.542,0.33,22.72,140.56
140.546,-0.0476375,2.2421,-0.190762,0.00648868,140.539,140.542,-0.21,22.72,140.56
140.546,-0.0476375,2.2421,-0.190762,0.00648868,140.539,140.542,-0.21,22.72,140.56
140.546,-0.0543191,2.2244,-0.189598,0.0066526,140.539,140.539,-1.43,22.72,140.56
140.546,-0.0543191,2.2244,-0.189598,0.0066526,140.539,140.539,-1.43,22.72,140.56
140.546,-0.0538713,1.99842,-0.268215,0.00706242,140.538,140.537,-1.31,22.72,140.554
140.546,-0.0538713,1.99842,-0.268215,0.00706242,140.538,140.537,-1.31,22.72,140.554
140.546,-0.0475764,1.73977,-0.356391,0.00785472,140.537,140.536,-0.63,22.72,140.554
140.546,-0.0475764,1.73977,-0.356391,0.00785472,140.537,140.536,-0.63,22.72,140.554
140.546,-0.0403823,1.60228,-0.394809,0.00885192,140.536,140.536,0.03,22.72,140.56
140.546,-0.0403823,1.60228,-0.394809,0.00885192,140.536,140.536,0.03,22.72,140.565
140.546,-0.0366094,1.443,-0.440035,0.00980815,140.535,140.535,-0.7,22.72,140.565
140.546,-0.0366094,1.443,-0.440035,0.00980815,140.535,140.535,-0.7,22.72,140.565
140.546,-0.0322342,1.25922,-0.492847,0.0108873,140.534,140.533,-0.76,22.71,140.56
140.546,-0.0322342,1.25922,-0.492847,0.0108873,140.534,140.533,-0.76,22.71,140.554
140.546,-0.027182,1.14623,-0.516437,0.0121031,140.533,140.533,-0.33,22.71,140.554
140.546,-0.027182,1.14623,-0.516437,0.0121031,140.533,140.533,-0.33,22.71,140.554
140.546,-0.02413,1.22519,-0.465439,0.0132915,140.532,140.534,0.27,22.71,140.56
140.546,-0.02413,1.22519,-0.465439,0.0132915,140.532,140.534,0.27,22.71,140.56
140.546,-0.0264731,1.39399,-0.381707,0.0141795,140.531,140.534,-0.09,22.71,140.56
140.546,-0.0264731,1.39399,-0.381707,0.0141795,140.531,140.534,-0.09,22.71,140.56
140.546,-0.0313286,1.62678,-0.276372,0.0148079,140.531,140.534,-0.09,22.71,140.56
140.546,-0.0313286,1.62678,-0.276372,0.0148079,140.531,140.534,-0.09,22.71,140.56
140.546,-0.0379635,1.83642,-0.183641,0.0151494,140.531,140.533,-0.39,22.71,140.56
140.546,-0.0379635,1.83642,-0.183641,0.0151494,140.531,140.533,-0.39,22.71,140.56
140.546,-0.0439266,1.98072,-0.119257,0.0153269,140.531,140.532,-0.51,22.71,140.56
140.546,-0.0439266,1.98072,-0.119257,0.0153269,140.531,140.532,-0.51,22.71,140.56
140.546,-0.0480359,1.98345,-0.11142,0.0154362,140.53,140.531,-0.88,22.71,140.56
140.546,-0.0480359,1.98345,-0.11142,0.0154362,140.53,140.531,-0.88,22.71,140.56
140.546,-0.0481573,1.82009,-0.167463,0.0156685,140.53,140.529,-1.06,22.71,140.56
140.546,-0.0481573,1.82009,-0.167463,0.0156685,140.53,140.529,-1.06,22.71,140.56
140.546,-0.0436148,1.67851,-0.213059,0.0161875,140.529,140.528,-0.27,22.71,140.56
140.546,-0.0436148,1.67851,-0.213059,0.0161875,140.529,140.528,-0.27,22.71,140.56
140.546,-0.0396965,1.62814,-0.221971,0.0167749,140.529,140.529,0.09,22.71,140.549
140.546,-0.0396965,1.62814,-0.221971,0.0167749,140.529,140.529,0.09,22.71,140.549
140.546,-0.038349,1.66218,-0.198138,0.017294,140.528,140.529,0.09,22.71,140.549
140.546,-0.038349,1.66218,-0.198138,0.017294,140.528,140.529,0.09,22.71,140.549
140.546,-0.0393735,1.75475,-0.152672,0.0176765,140.528,140.529,-0.02,22.71,140.565
140.546,-0.0393735,1.75475,-0.152672,0.0176765,140.528,140.529,-0.02,22.71,140.56
140.546,-0.0420366,1.95758,-0.0665557,0.0179088,140.528,140.53,0.33,22.71,140.56
140.546,-0.0420366,1.95758,-0.0665557,0.0179088,140.528,140.53,0.33,22.71,140.56
140.546,-0.0477858,2.24482,0.0487912,0.0178541,140.529,140.531,0.39,22.71,140.549
140.546,-0.0477858,2.24482,0.0487912,0.0178541,140.529,140.531,0.39,22.71,140.56
140.546,-0.0558862,2.42588,0.119239,0.0174716,140.529,140.53,-0.45,22.71,140.56
140.546,-0.0558862,2.42588,0.119239,0.0174716,140.529,140.53,-0.45,22.71,140.56
140.546,-0.0609809,2.54023,0.161523,0.0170482,140.529,140.53,-0.21,22.71,140.554
140.546,-0.0609809,2.54023,0.161523,0.0170482,140.529,140.53,-0.21,22.71,140.554
140.546,-0.0641877,2.66819,0.207427,0.0165974,140.53,140.531,0.21,22.71,140.554
140.546,-0.0641877,2.66819,0.207427,0.0165974,140.53,140.531,0.21,22.71,140.554
140.546,-0.0677672,2.80569,0.25524,0.0160373,140.531,140.531,0.27,22.71,140.549
140.546,-0.0677672,2.80569,0.25524,0.0160373,140.531,140.531,0.27,22.71,140.549
140.546,-0.0716037,3.02894,0.334084,0.0153679,140.532,140.533,0.7,22.71,140.549
140.546,-0.0716037,3.02894,0.334084,0.0153679,140.532,140.533,0.7,22.71,140.549
140.546,-0.0778367,3.33796,0.442803,0.0144527,140.533,140.535,0.82,22.71,140.554
140.546,-0.0778367,3.33796,0.442803,0.0144527,140.533,140.535,0.82,22.71,140.543
140.546,-0.0864595,3.583,0.522893,0.0132232,140.534,140.535,0.27,22.71,140.543
140.546,-0.0864595,3.583,0.522893,0.0132232,140.534,140.535,0.27,22.71,140.543
140.546,-0.0932613,3.61704,0.519036,0.0118982,140.535,140.534,-0.45,22.71,140.549
140.546,-0.0932613,3.61704,0.519036,0.0118982,140.535,140.534,-0.45,22.71,140.549
140.546,-0.094121,3.62793,0.506272,0.0107917,140.536,140.535,0.39,22.71,140.549
140.546,-0.094121,3.62793,0.506272,0.0107917,140.536,140.535,0.39,22.71,140.549
140.546,-0.0943302,3.65788,0.501099,0.00973985,140.537,140.537,0.64,22.71,140.532
140.546,-0.0943302,3.65788,0.501099,0.00973985,140.537,140.537,0.64,22.71,140.549
140.546,-0.0950759,3.74228,0.516805,0.00867434,140.538,140.538,0.76,22.72,140.549
140.546,-0.0950759,3.74228,0.516805,0.00867434,140.538,140.538,0.76,22.72,140.549
140.546,-0.0973504,3.85391,0.542188,0.00751321,140.54,140.54,0.7,22.72,140.543
140.546,-0.0973504,3.85391,0.542188,0.00751321,140.54,140.54,0.7,22.72,140.538
140.546,-0.100384,4.12345,0.626965,0.00628377,140.541,140.542,1.43,22.72,140.538
140.546,-0.100384,4.12345,0.626965,0.00628377,140.541,140.542,1.43,22.72,140.538
140.546,-0.107844,4.45697,0.732951,0.00471283,140.543,140.545,1.13,22.72,140.538
140.546,-0.107844,4.45697,0.732951,0.00471283,140.543,140.545,1.13,22.72,140.538
140.546,-0.11708,4.64211,0.777966,0.00285502,140.545,140.545,0.21,22.72,140.538
140.546,-0.11708,4.64211,0.777966,0.00285502,140.545,140.545,0.21,22.72,140.538
140.546,-0.122126,4.64484,0.751173,0.00105185,140.546,140.545,0.03,22.72,140.532
140.546,-0.122126,4.64484,0.751173,0.00105185,140.546,140.545,0.03,22.72,140.543
140.546,-0.122038,4.41477,0.635897,-0.000505434,140.548,140.544,-0.39,22.72,140.543
140.546,-0.122038,4.41477,0.635897,-0.000505434,140.548,140.544,-0.39,22.72,140.543
140.546,-0.11542,4.1711,0.519379,-0.00159826,140.548,140.545,0.45,22.72,140.554
140.546,-0.11542,4.1711,0.519379,-0.00159826,140.548,140.545,0.45,22.72,140.543
140.546,-0.108443,3.88522,0.39075,-0.00243155,140.549,140.546,0.21,22.72,140.543
140.546,-0.108443,3.88522,0.39075,-0.00243155,140.549,140.546,0.21,22.72,140.543
140.546,-0.100304,3.57211,0.256236,-0.00295064,140.549,140.546,0.15,22.72,140.538
140.546,-0.100304,3.57211,0.256236,-0.00295064,140.549,140.546,0.15,22.72,140.538
140.546,-0.0914273,3.24948,0.122878,-0.00316921,140.549,140.546,0.09,22.72,140.538
140.546,-0.0914273,3.24948,0.122878,-0.00316921,140.549,140.546,0.09,22.72,140.538
140.546,-0.0823117,2.8547,-0.0333134,-0.00310091,140.549,140.545,-0.39,22.72,140.543
140.546,-0.0823117,2.8547,-0.0333134,-0.00310091,140.549,140.545,-0.39,22.72,140.543
140.546,-0.0711989,2.50075,-0.168158,-0.00263645,140.548,140.545,-0.02,22.72,140.543
140.546,-0.0711989,2.50075,-0.168158,-0.00263645,140.548,140.545,-0.02,22.72,140.543
140.546,-0.0612661,2.34148,-0.223444,-0.00192611,140.547,140.546,0.64,22.72,140.543
140.546,-0.0612661,2.34148,-0.223444,-0.00192611,140.547,140.546,0.64,22.72,140.543
140.546,-0.0568279,2.34556,-0.214046,-0.00129774,140.547,140.547,0.52,22.72,140.543
140.546,-0.0568279,2.34556,-0.214046,-0.00129774,140.547,140.547,0.52,22.72,140.543
140.546,-0.0569883,2.32514,-0.214304,-0.000860604,140.546,140.547,-0.33,22.72,140.543
140.546,-0.0569883,2.32514,-0.214304,-0.000860604,140.546,140.547,-0.33,22.72,140.549
140.546,-0.0564594,2.27477,-0.225952,-0.000396151,140.546,140.546,-0.39,22.72,140.549
140.546,-0.0564594,2.27477,-0.225952,-0.000396151,140.546,140.546,-0.39,22.72,140.549
140.546,-0.0550903,2.20398,-0.244922,0.000122943,140.545,140.545,-0.33,22.72,140.538
140.546,-0.0550903,2.20398,-0.244922,0.000122943,140.545,140.545,-0.33,22.72,140.549
140.546,-0.0531513,2.04199,-0.298062,0.000696679,140.545,140.544,-0.76,22.72,140.549
140.546,-0.0531513,2.04199,-0.298062,0.000696679,140.545,140.544,-0.76,22.72,140.549
140.546,-0.0486565,1.84868,-0.361161,0.00147532,140.544,140.543,-0.57,22.72,140.549
140.546,-0.0486565,1.84868,-0.361161,0.00147532,140.544,140.543,-0.57,22.72,140.543
140.546,-0.0432949,1.88816,-0.332641,0.00241789,140.543,140.544,0.7,22.72,140.543
140.546,-0.0432949,1.88816,-0.332641,0.00241789,140.543,140.544,0.7,22.72,140.543
140.546,-0.0444827,2.10052,-0.238798,0.00307359,140.543,140.545,0.52,22.72,140.549
140.546,-0.0444827,2.10052,-0.238798,0.00307359,140.543,140.545,0.52,22.72,140.56
140.546,-0.0505188,2.29791,-0.154024,0.00336045,140.542,140.545,-0.27,22.72,140.56
140.546,-0.0505188,2.29791,-0.154024,0.00336045,140.542,140.545,-0.27,22.72,140.56
140.546,-0.056115,2.60013,-0.0321185,0.0034834,140.543,140.546,0.45,22.72,140.549
140.546,-0.056115,2.60013,-0.0321185,0.0034834,140.543,140.546,0.45,22.72,140.538
140.546,-0.064636,2.95135,0.104139,0.00325117,140.543,140.546,0.39,22.72,140.538
140.546,-0.064636,2.95135,0.104139,0.00325117,140.543,140.546,0.39,22.72,140.538
140.546,-0.074507,3.22906,0.207231,0.00267743,140.544,140.546,-0.09,22.72,140.549
140.546,-0.074507,3.22906,0.207231,0.00267743,140.544,140.546,-0.09,22.72,140.554
140.546,-0.0822846,3.50677,0.306496,0.00196709,140.545,140.547,0.33,22.72,140.554
140.546,-0.0822846,3.50677,0.306496,0.00196709,140.545,140.547,0.33,22.72,140.554
140.546,-0.0900393,3.94239,0.462546,0.00105185,140.546,140.549,1.25,22.73,140.549
140.546,-0.0900393,3.94239,0.462546,0.00105185,140.546,140.549,1.25,22.73,140.549
140.546,-0.102205,4.51007,0.663349,-0.000341509,140.548,140.552,1.37,22.73,140.549
140.546,-0.102205,4.51007,0.663349,-0.000341509,140.548,140.552,1.37,22.73,140.549
140.546,-0.118043,5.06685,0.852433,-0.00229494,140.551,140.554,0.94,22.73,140.549
140.546,-0.118043,5.06685,0.852433,-0.00229494,140.551,140.554,0.94,22.73,140.549
140.546,-0.13353,5.51472,0.992603,-0.00463087,140.553,140.555,0.64,22.73,140.549
140.546,-0.13353,5.51472,0.992603,-0.00463087,140.553,140.555,0.64,22.73,140.549
140.546,-0.145916,5.79652,1.06368,-0.00714438,140.556,140.556,0.45,22.73,140.549
140.546,-0.145916,5.79652,1.06368,-0.00714438,140.556,140.556,0.45,22.73,140.549
140.546,-0.153608,5.87683,1.0546,-0.00964423,140.558,140.556,0.27,22.73,140.549
140.546,-0.153608,5.87683,1.0546,-0.00964423,140.558,140.556,0.27,22.73,140.549
140.546,-0.155625,5.83327,0.998017,-0.0119119,140.56,140.557,0.58,22.74,140.538
140.546,-0.155625,5.83327,0.998017,-0.0119119,140.56,140.557,0.58,22.74,140.538
140.546,-0.154163,5.64949,0.889412,-0.0139472,140.562,140.558,0.39,22.74,140.538
140.546,-0.154163,5.64949,0.889412,-0.0139472,140.562,140.558,0.39,22.74,140.538
140.546,-0.148775,5.38676,0.754194,-0.0156138,140.563,140.559,0.52,22.74,140.538
140.546,-0.148775,5.38676,0.754194,-0.0156138,140.563,140.559,0.52,22.74,140.538
140.546,-0.14119,4.92663,0.548001,-0.0169115,140.564,140.558,-0.27,22.74,140.538
140.546,-0.14119,4.92663,0.548001,-0.0169115,140.564,140.558,-0.27,22.74,140.538
140.546,-0.128092,4.40116,0.324083,-0.0175946,140.564,140.558,0.09,22.74,140.538
140.546,-0.128092,4.40116,0.324083,-0.0175946,140.564,140.558,0.09,22.74,140.543
140.546,-0.113201,3.91381,0.122807,-0.0177448,140.563,140.559,0.33,22.74,140.543
140.546,-0.113201,3.91381,0.122807,-0.0177448,140.563,140.559,0.33,22.74,140.543
140.546,-0.0994286,5.72981,0.81137,-0.0175126,140.567,140.582,11.56,22.76,140.549
140.546,-0.0994286,5.72981,0.81137,-0.0175126,140.567,140.582,11.56,22.76,140.587
140.546,-0.150361,9.71441,2.30549,-0.021037,140.576,140.607,12.72,22.79,140.587
140.546,-0.150361,9.71441,2.30549,-0.021037,140.576,140.607,12.72,22.79,140.587
140.546,-0.262023,15.387,4.39118,-0.0298616,140.591,140.633,12.91,22.81,140.626
140.546,-0.262023,15.387,4.39118,-0.0298616,140.591,140.633,12.91,22.81,140.664
140.546,-0.420745,22.3842,6.9069,-0.0447241,140.612,140.661,14.07,22.84,140.664
140.546,-0.420745,22.3842,6.9069,-0.0447241,140.612,140.661,14.07,22.84,140.664
140.546,-0.61619,29.6932,9.44803,-0.0661435,140.639,140.686,12.29,22.87,140.68
140.546,-0.61619,29.6932,9.44803,-0.0661435,140.639,140.686,12.29,22.87,140.669
140.546,-0.819827,35.6558,11.3774,-0.0931638,140.669,140.699,6.86,22.88,140.669
140.546,-0.819827,35.6558,11.3774,-0.0931638,140.669,140.699,6.86,22.88,140.669
140.546,-0.985094,39.5437,12.4377,-0.122834,140.699,140.708,4.67,22.89,140.642
140.546,-0.985094,39.5437,12.4377,-0.122834,140.699,140.708,4.67,22.89,140.587
140.546,-1.09167,40.8411,12.4623,-0.152614,140.726,140.712,2.35,22.89,140.587
140.546,-1.09167,40.8411,12.4623,-0.152614,140.726,140.712,2.35,22.89,140.587
140.546,-1.12526,40.0855,11.695,-0.179839,140.749,140.718,3.99,22.9,140.532
140.546,-1.12526,40.0855,11.695,-0.179839,140.749,140.718,3.99,22.9,140.483
140.546,-1.10118,38.5187,10.6407,-0.203403,140.77,140.734,8.63,22.92,140.483
140.546,-1.10118,38.5187,10.6407,-0.203403,140.77,140.734,8.63,22.92,140.483
140.546,-1.05445,36.1731,9.32259,-0.223962,140.787,140.746,7.53,22.93,140.428
140.546,-1.05445,36.1731,9.32259,-0.223962,140.787,140.746,7.53,22.93,140.417
140.546,-0.986065,32.9209,7.70182,-0.24101,140.8,140.754,5.21,22.94,140.417
140.546,-0.986065,32.9209,7.70182,-0.24101,140.8,140.754,5.21,22.94,140.417
140.546,-0.892482,28.4081,5.65432,-0.253783,140.807,140.755,1.37,22.95,140.395
140.546,-0.892482,28.4081,5.65432,-0.253783,140.807,140.755,1.37,22.95,140.4
140.546,-0.763837,22.2944,3.06595,-0.261036,140.807,140.746,-3.14,22.94,140.4
140.546,-0.763837,22.2944,3.06595,-0.261036,140.807,140.746,-3.14,22.94,140.4
140.546,-0.590675,14.8371,0.0558986,-0.261296,140.8,140.732,-5.46,22.93,140.417
140.546,-0.590675,14.8371,0.0558986,-0.261296,140.8,140.732,-5.46,22.93,140.417
140.546,-0.380341,6.64598,-3.12575,-0.25396,140.785,140.718,-6.25,22.92,140.417
140.546,-0.380341,6.64598,-3.12575,-0.25396,140.785,140.718,-6.25,22.92,140.417
140.546,-0.150057,-1.56688,-6.19883,-0.239275,140.764,140.703,-6.43,22.9,140.422
140.546,-0.150057,-1.56688,-6.19883,-0.239275,140.764,140.703,-6.43,22.9,140.439
140.546,0.0801463,-9.48026,-9.0431,-0.218184,140.737,140.685,-8.14,22.89,140.439
140.546,0.0801463,-9.48026,-9.0431,-0.218184,140.737,140.685,-8.14,22.89,140.439
140.546,0.301263,-16.7892,-11.5491,-0.191491,140.706,140.664,-9.55,22.87,140.455
140.546,0.301263,-16.7892,-11.5491,-0.191491,140.706,140.664,-9.55,22.87,140.472
140.546,0.504774,-23.1656,-13.6025,-0.160209,140.672,140.642,-10.34,22.85,140.472
140.546,0.504774,-23.1656,-13.6025,-0.160209,140.672,140.642,-10.34,22.85,140.472
140.546,0.681536,-28.5837,-15.2091,-0.125594,140.635,140.617,-12.05,22.82,140.494
140.546,0.681536,-28.5837,-15.2091,-0.125594,140.635,140.617,-12.05,22.82,140.527
140.546,0.830913,-32.8977,-16.3289,-0.0886012,140.596,140.591,-12.72,22.8,140.527
140.546,0.830913,-32.8977,-16.3289,-0.0886012,140.596,140.591,-12.72,22.8,140.527
140.546,0.948909,-35.9049,-16.9014,-0.0503931,140.558,140.566,-12.6,22.77,140.582
140.546,0.948909,-35.9049,-16.9014,-0.0503931,140.558,140.566,-12.6,22.77,140.669
140.546,1.02993,-37.6324,-16.9569,-0.012308,140.521,140.541,-13.09,22.75,140.669
140.546,1.02993,-37.6324,-16.9569,-0.012308,140.521,140.541,-13.09,22.75,140.669
140.546,1.07486,-38.1211,-16.5297,0.024616,140.487,140.516,-13.21,22.72,140.779
140.546,1.07486,-38.1211,-16.5297,0.024616,140.487,140.516,-13.21,22.72,140.944
140.546,1.08495,-37.386,-15.6434,0.059409,140.455,140.494,-12.9,22.69,140.944
140.546,1.08495,-37.386,-15.6434,0.059409,140.455,140.494,-12.9,22.69,140.944
140.546,1.06073,-35.6939,-14.4171,0.091142,140.427,140.472,-13.57,22.67,141.158
140.546,1.06073,-35.6939,-14.4171,0.091142,140.427,140.472,-13.57,22.67,141.383
140.546,1.0098,-33.3837,-12.9936,0.119378,140.402,140.45,-14.43,22.64,141.383
140.546,1.0098,-33.3837,-12.9936,0.119378,140.402,140.45,-14.43,22.64,141.383
140.546,0.941735,-30.7877,-11.5078,0.144035,140.381,140.428,-14.92,22.61,141.531
140.546,0.941735,-30.7877,-11.5078,0.144035,140.381,140.428,-14.92,22.61,141.636
140.546,0.865918,-27.6662,-9.87066,0.165332,140.363,140.412,-12.48,22.58,141.636
140.546,0.865918,-27.6662,-9.87066,0.165332,140.363,140.412,-12.48,22.58,141.636
140.546,0.775636,-23.6898,-7.96211,0.182708,140.351,140.403,-9.06,22.57,141.68
140.546,0.775636,-23.6898,-7.96211,0.182708,140.351,140.403,-9.06,22.57,141.691
140.546,0.661679,-18.951,-5.82813,0.195261,140.343,140.398,-7.17,22.55,141.691
140.546,0.661679,-18.951,-5.82813,0.195261,140.343,140.398,-7.17,22.55,141.691
140.546,0.52671,-13.6799,-3.56584,0.202624,140.341,140.396,-5.64,22.54,141.663
140.546,0.52671,-13.6799,-3.56584,0.202624,140.341,140.396,-5.64,22.54,141.608
140.546,0.377241,-8.20743,-1.30745,0.204755,140.344,140.396,-4.48,22.53,141.608
140.546,0.377241,-8.20743,-1.30745,0.204755,140.344,140.396,-4.48,22.53,141.608
140.546,0.222593,-2.8547,0.823293,0.201996,140.351,140.398,-3.38,22.52,141.537
140.546,0.222593,-2.8547,0.823293,0.201996,140.351,140.398,-3.38,22.52,141.46
140.546,0.0717914,2.34147,2.8162,0.194947,140.362,140.403,-1.12,22.52,141.46
140.546,0.0717914,2.34147,2.8162,0.194947,140.362,140.403,-1.12,22.52,141.46
140.546,-0.0741553,7.32664,4.65473,0.18391,140.377,140.412,0.88,22.52,141.394
140.546,-0.0741553,7.32664,4.65473,0.18391,140.377,140.412,0.88,22.52,141.339
140.546,-0.213741,11.8803,6.25935,0.169279,140.394,140.422,1.8,22.53,141.339
140.546,-0.213741,11.8803,6.25935,0.169279,140.394,140.422,1.8,22.53,141.339
140.546,-0.340805,15.8199,7.56812,0.151739,140.414,140.434,2.59,22.53,141.284
140.546,-0.340805,15.8199,7.56812,0.151739,140.414,140.434,2.59,22.53,141.251
140.546,-0.450269,19.0749,8.56422,0.13211,140.435,140.447,3.44,22.54,141.251
140.546,-0.450269,19.0749,8.56422,0.13211,140.435,140.447,3.44,22.54,141.251
140.546,-0.540208,21.268,9.11421,0.1111,140.456,140.457,2.41,22.54,141.213
140.546,-0.540208,21.268,9.11421,0.1111,140.456,140.457,2.41,22.54,141.153
140.546,-0.600101,22.1324,9.1319,0.0900082,140.476,140.465,1.37,22.55,141.153
140.546,-0.600101,22.1324,9.1319,0.0900082,140.476,140.465,1.37,22.55,141.153
140.546,-0.62255,21.6559,8.63197,0.0702143,140.493,140.471,0.94,22.55,141.081
140.546,-0.62255,21.6559,8.63197,0.0702143,140.493,140.471,0.94,22.55,140.971
140.546,-0.607327,19.9801,7.68768,0.052811,140.507,140.476,0.88,22.55,140.971
140.546,-0.607327,19.9801,7.68768,0.052811,140.507,140.476,0.88,22.55,140.971
140.546,-0.558519,17.4236,6.4376,0.0385769,140.518,140.482,1.37,22.55,140.845
140.546,-0.558519,17.4236,6.4376,0.0385769,140.518,140.482,1.37,22.55,140.691
140.546,-0.485167,14.0107,4.90269,0.0278125,140.525,140.484,0.33,22.55,140.691
140.546,-0.485167,14.0107,4.90269,0.0278125,140.525,140.484,0.33,22.55,140.691
140.546,-0.388028,10.1024,3.23208,0.0211053,140.528,140.486,0.76,22.56,140.516
140.546,-0.388028,10.1024,3.23208,0.0211053,140.528,140.486,0.76,22.56,140.34
140.546,-0.277295,5.83463,1.48347,0.0183595,140.526,140.485,0.09,22.56,140.34
140.546,-0.277295,5.83463,1.48347,0.0183595,140.526,140.485,0.09,22.56,140.34
140.546,-0.156824,1.51242,-0.222855,0.0196026,140.522,140.483,0.03,22.56,140.23
140.546,-0.156824,1.51242,-0.222855,0.0196026,140.522,140.483,0.03,22.56,140.175
140.546,-0.0351966,-2.72401,-1.83411,0.0244384,140.513,140.479,-0.88,22.55,140.175
140.546,-0.0351966,-2.72401,-1.83411,0.0244384,140.513,140.479,-0.88,22.55,140.175
140.546,0.0836554,-6.74809,-3.30467,0.032539,140.503,140.473,-1.98,22.55,140.197
140.546,0.0836554,-6.74809,-3.30467,0.032539,140.503,140.473,-1.98,22.55,140.274
140.546,0.196194,-10.4359,-4.59169,0.043481,140.489,140.466,-3.08,22.54,140.274
140.546,0.196194,-10.4359,-4.59169,0.043481,140.489,140.466,-3.08,22.54,140.274
140.546,0.298966,-13.5969,-5.62836,0.0567452,140.474,140.458,-3.63,22.54,140.362
140.546,0.298966,-13.5969,-5.62836,0.0567452,140.474,140.458,-3.63,22.54,140.439
140.546,0.386659,-15.9683,-6.32277,0.071635,140.459,140.451,-3.44,22.53,140.439
140.546,0.386659,-15.9683,-6.32277,0.071635,140.459,140.451,-3.44,22.53,140.439
140.546,0.451948,-17.5611,-6.6913,0.0871805,140.443,140.443,-4.11,22.52,140.51
140.546,0.451948,-17.5611,-6.6913,0.0871805,140.443,140.443,-4.11,22.52,140.593
140.546,0.49521,-18.3983,-6.75457,0.102699,140.428,140.435,-4.54,22.51,140.593
140.546,0.49521,-18.3983,-6.75457,0.102699,140.428,140.435,-4.54,22.51,140.593
140.546,0.517163,-18.5126,-6.53617,0.117589,140.415,140.427,-4.72,22.5,140.675
140.546,0.517163,-18.5126,-6.53617,0.117589,140.415,140.427,-4.72,22.5,140.779
140.546,0.518792,-17.9395,-6.06,0.131304,140.403,140.42,-4.72,22.49,140.779
140.546,0.518792,-17.9395,-6.06,0.131304,140.403,140.42,-4.72,22.49,140.779
140.546,0.501149,-16.619,-5.31266,0.143338,140.393,140.416,-4.05,22.48,140.906
140.546,0.501149,-16.619,-5.31266,0.143338,140.393,140.416,-4.05,22.48,141.043
140.546,0.462612,-14.5185,-4.29177,0.153078,140.386,140.414,-3.26,22.48,141.043
140.546,0.462612,-14.5185,-4.29177,0.153078,140.386,140.414,-3.26,22.48,141.043
140.546,0.402322,-11.5032,-2.95601,0.159908,140.383,140.416,-1.67,22.47,141.197
140.546,0.402322,-11.5032,-2.95601,0.159908,140.383,140.416,-1.67,22.47,141.339
140.546,0.316559,-7.46687,-1.27662,0.16305,140.384,140.423,0.21,22.48,141.339
140.546,0.316559,-7.46687,-1.27662,0.16305,140.384,140.423,0.21,22.48,141.339
140.546,0.202412,-2.6927,0.624798,0.161671,140.39,140.432,0.76,22.48,141.427
140.546,0.202412,-2.6927,0.624798,0.161671,140.39,140.432,0.76,22.48,141.449
140.546,0.06791,2.40954,2.58249,0.155605,140.401,140.442,1,22.48,141.449
140.546,0.06791,2.40954,2.58249,0.155605,140.401,140.442,1,22.48,141.449
140.546,-0.0753915,7.62068,4.50973,0.145142,140.415,140.453,2.22,22.48,141.427
140.546,-0.0753915,7.62068,4.50973,0.145142,140.415,140.453,2.22,22.48,141.361
140.546,-0.221322,12.6576,6.29847,0.130566,140.434,140.466,3.14,22.49,141.361
140.546,-0.221322,12.6576,6.29847,0.130566,140.434,140.466,3.14,22.49,141.361
140.546,-0.361933,17.5202,7.95312,0.112452,140.455,140.482,5.21,22.5,141.295
140.546,-0.361933,17.5202,7.95312,0.112452,140.455,140.482,5.21,22.5,141.208
140.546,-0.49725,22.0494,9.41694,0.0910737,140.479,140.5,6.44,22.51,141.208
140.546,-0.49725,22.0494,9.41694,0.0910737,140.479,140.5,6.44,22.51,141.208
140.546,-0.622827,26.1401,10.6562,0.0669905,140.505,140.52,7.53,22.53,141.153
140.546,-0.622827,26.1401,10.6562,0.0669905,140.505,140.52,7.53,22.53,141.087
140.546,-0.735756,29.7966,11.6802,0.0407626,140.533,140.542,8.94,22.55,141.087
140.546,-0.735756,29.7966,11.6802,0.0407626,140.533,140.542,8.94,22.55,141.087
140.546,-0.836198,32.8079,12.4156,0.0128408,140.562,140.563,9.18,22.56,140.988
140.546,-0.836198,32.8079,12.4156,0.0128408,140.562,140.563,9.18,22.56,140.867
140.546,-0.918273,34.9261,12.7777,-0.0159553,140.591,140.583,8.88,22.58,140.867
140.546,-0.918273,34.9261,12.7777,-0.0159553,140.591,140.583,8.88,22.58,140.867
140.546,-0.975085,36.0438,12.7387,-0.0446148,140.618,140.602,8.88,22.6,140.719
140.546,-0.975085,36.0438,12.7387,-0.0446148,140.618,140.602,8.88,22.6,140.538
140.546,-1.00369,36.1118,12.2945,-0.0721951,140.644,140.619,8.82,22.62,140.538
140.546,-1.00369,36.1118,12.2945,-0.0721951,140.644,140.619,8.82,22.62,140.538
140.546,-1.00281,35.0091,11.4135,-0.0977947,140.666,140.633,8.08,22.63,140.318
140.546,-1.00281,35.0091,11.4135,-0.0977947,140.666,140.633,8.08,22.63,140.148
140.546,-0.969125,32.8079,10.1397,-0.120389,140.685,140.644,7.6,22.65,140.148
140.546,-0.969125,32.8079,10.1397,-0.120389,140.685,140.644,7.6,22.65,140.148
140.546,-0.904755,29.8497,8.61867,-0.13924,140.7,140.656,7.78,22.67,140.066
140.546,-0.904755,29.8497,8.61867,-0.13924,140.7,140.656,7.78,22.67,140.016
140.546,-0.819383,26.2749,6.91369,-0.154171,140.711,140.664,6.74,22.68,140.016
140.546,-0.819383,26.2749,6.91369,-0.154171,140.711,140.664,6.74,22.68,140.016
140.546,-0.717002,22.1637,5.06283,-0.164949,140.717,140.67,5.09,22.69,140.016
140.546,-0.717002,22.1637,5.06283,-0.164949,140.717,140.67,5.09,22.69,140.066
140.546,-0.599912,17.5012,3.06631,-0.171356,140.719,140.671,2.65,22.69,140.066
140.546,-0.599912,17.5012,3.06631,-0.171356,140.719,140.671,2.65,22.69,140.066
140.546,-0.467728,12.4057,0.97552,-0.173063,140.716,140.668,0.7,22.7,140.115
140.546,-0.467728,12.4057,0.97552,-0.173063,140.716,140.668,0.7,22.7,140.164
140.546,-0.323813,7.07887,-1.12818,-0.16999,140.708,140.663,-0.88,22.69,140.164
140.546,-0.323813,7.07887,-1.12818,-0.16999,140.708,140.663,-0.88,22.69,140.164
140.546,-0.173848,1.79421,-3.13873,-0.162313,140.696,140.655,-2.04,22.69,140.219
140.546,-0.173848,1.79421,-3.13873,-0.162313,140.696,140.655,-2.04,22.69,140.274
140.546,-0.0255233,-3.23452,-4.97692,-0.15051,140.681,140.646,-3.26,22.68,140.274
140.546,-0.0255233,-3.23452,-4.97692,-0.15051,140.681,140.646,-3.26,22.68,140.274
140.546,0.115175,-7.927,-6.61762,-0.135156,140.663,140.634,-4.85,22.67,140.324
140.546,0.115175,-7.927,-6.61762,-0.135156,140.663,140.634,-4.85,22.67,140.357
140.546,0.246024,-11.9048,-7.92242,-0.116728,140.642,140.623,-4.66,22.66,140.357
140.546,0.246024,-11.9048,-7.92242,-0.116728,140.642,140.623,-4.66,22.66,140.357
140.546,0.356438,-14.8738,-8.79044,-0.0963057,140.621,140.613,-4.36,22.66,140.395
140.546,0.356438,-14.8738,-8.79044,-0.0963057,140.621,140.613,-4.36,22.66,140.411
140.546,0.438231,-16.7729,-9.21379,-0.0751048,140.6,140.602,-4.54,22.65,140.411
140.546,0.438231,-16.7729,-9.21379,-0.0751048,140.6,140.602,-4.54,22.65,140.411
140.546,0.489775,-17.6074,-9.2106,-0.0540951,140.58,140.592,-4.66,22.64,140.455
140.546,0.489775,-17.6074,-9.2106,-0.0540951,140.58,140.592,-4.66,22.64,140.505
140.546,0.511317,-17.4045,-8.80683,-0.0341646,140.562,140.582,-4.48,22.63,140.505
140.546,0.511317,-17.4045,-8.80683,-0.0341646,140.562,140.582,-4.48,22.63,140.505
140.546,0.503713,-16.1399,-8.00783,-0.0161056,140.547,140.575,-3.69,22.62,140.571
140.546,0.503713,-16.1399,-8.00783,-0.0161056,140.547,140.575,-3.69,22.62,140.675
140.546,0.466362,-13.9808,-6.89241,-0.000778642,140.535,140.568,-3.56,22.61,140.675
140.546,0.466362,-13.9808,-6.89241,-0.000778642,140.535,140.568,-3.56,22.61,140.675
140.546,0.404054,-11.2514,-5.59662,0.0113381,140.526,140.562,-3.99,22.61,140.779
140.546,0.404054,-11.2514,-5.59662,0.0113381,140.526,140.562,-3.99,22.61,140.911
140.546,0.325953,-8.11895,-4.19166,0.02019,140.52,140.557,-3.69,22.6,140.911
140.546,0.325953,-8.11895,-4.19166,0.02019,140.52,140.557,-3.69,22.6,140.911
140.546,0.236804,-4.5795,-2.68042,0.0257225,140.518,140.556,-2.59,22.59,141.065
140.546,0.236804,-4.5795,-2.68042,0.0257225,140.518,140.556,-2.59,22.59,141.208
140.546,0.136519,-0.616692,-1.06105,0.0277169,140.52,140.558,-1.24,22.59,141.208
140.546,0.136519,-0.616692,-1.06105,0.0277169,140.52,140.558,-1.24,22.59,141.208
140.546,0.0246666,3.49314,0.556074,0.0259137,140.525,140.561,-1.12,22.59,141.317
140.546,0.0246666,3.49314,0.556074,0.0259137,140.525,140.561,-1.12,22.59,141.361
140.546,-0.0909674,7.34705,2.01606,0.0206135,140.533,140.564,-1.55,22.59,141.361
140.546,-0.0909674,7.34705,2.01606,0.0206135,140.533,140.564,-1.55,22.59,141.361
140.546,-0.199067,10.7122,3.23492,0.0125402,140.544,140.567,-1.24,22.58,141.339
140.546,-0.199067,10.7122,3.23492,0.0125402,140.544,140.567,-1.24,22.58,141.279
140.546,-0.293127,13.6486,4.24396,0.00243155,140.555,140.573,0.33,22.58,141.279
140.546,-0.293127,13.6486,4.24396,0.00243155,140.555,140.573,0.33,22.58,141.279
140.546,-0.374878,16.1412,5.04472,-0.0093437,140.568,140.58,1.37,22.59,141.208
140.546,-0.374878,16.1412,5.04472,-0.0093437,140.568,140.58,1.37,22.59,141.142
140.546,-0.443941,18.2812,5.67945,-0.0223347,140.582,140.59,2.71,22.59,141.142
140.546,-0.443941,18.2812,5.67945,-0.0223347,140.582,140.59,2.71,22.59,141.142
140.546,-0.502919,20.0673,6.15346,-0.0362956,140.597,140.6,3.51,22.6,141.065
140.546,-0.502919,20.0673,6.15346,-0.0362956,140.597,140.6,3.51,22.6,140.977
140.546,-0.551809,21.3782,6.426,-0.0508849,140.612,140.61,3.57,22.61,140.977
140.546,-0.551809,21.3782,6.426,-0.0508849,140.612,140.61,3.57,22.61,140.977
140.546,-0.587242,22.0984,6.45997,-0.0655562,140.626,140.619,3.44,22.61,140.873
140.546,-0.587242,22.0984,6.45997,-0.0655562,140.626,140.619,3.44,22.61,140.746
140.546,-0.606012,22.2182,6.2604,-0.0797083,140.639,140.627,3.63,22.62,140.746
140.546,-0.606012,22.2182,6.2604,-0.0797083,140.639,140.627,3.63,22.62,140.746
140.546,-0.607904,21.6968,5.82021,-0.0928496,140.65,140.634,3.44,22.63,140.609
140.546,-0.607904,21.6968,5.82021,-0.0928496,140.65,140.634,3.44,22.63,140.428
140.546,-0.591822,20.4811,5.12797,-0.104434,140.66,140.638,3.08,22.63,140.428
140.546,-0.591822,20.4811,5.12797,-0.104434,140.66,140.638,3.08,22.63,140.428
140.546,-0.556327,18.676,4.23327,-0.113873,140.667,140.642,3.14,22.64,140.263
140.546,-0.556327,18.676,4.23327,-0.113873,140.667,140.642,3.14,22.64,140.142
140.546,-0.504419,16.2161,3.11875,-0.120867,140.671,140.642,2.04,22.64,140.142
140.546,-0.504419,16.2161,3.11875,-0.120867,140.671,140.642,2.04,22.64,140.142
140.546,-0.434311,13.0769,1.78342,-0.124897,140.671,140.639,0.58,22.64,140.098
140.546,-0.434311,13.0769,1.78342,-0.124897,140.671,140.639,0.58,22.64,140.126
140.546,-0.345363,9.29919,0.251438,-0.125471,140.668,140.634,-1.06,22.64,140.126
140.546,-0.345363,9.29919,0.251438,-0.125471,140.668,140.634,-1.06,22.64,140.126
140.546,-0.238774,4.93479,-1.44968,-0.122219,140.661,140.624,-2.95,22.64,140.181
140.546,-0.238774,4.93479,-1.44968,-0.122219,140.661,140.624,-2.95,22.64,140.241
140.546,-0.116043,0.323985,-3.18277,-0.114843,140.65,140.615,-3.56,22.63,140.241
140.546,-0.116043,0.323985,-3.18277,-0.114843,140.65,140.615,-3.56,22.63,140.241
140.546,0.0132358,-4.27729,-4.848,-0.103614,140.635,140.603,-4.48,22.62,140.307
140.546,0.0132358,-4.27729,-4.848,-0.103614,140.635,140.603,-4.48,22.62,140.373
140.546,0.141865,-8.61447,-6.34971,-0.0889427,140.617,140.591,-5.21,22.61,140.373
140.546,0.141865,-8.61447,-6.34971,-0.0889427,140.617,140.591,-5.21,22.61,140.373
140.546,0.262708,-12.4017,-7.5838,-0.0714165,140.598,140.579,-5.33,22.6,140.395
140.546,0.262708,-12.4017,-7.5838,-0.0714165,140.598,140.579,-5.33,22.6,140.411
140.546,0.367771,-15.6239,-8.55382,-0.0518821,140.577,140.566,-6.37,22.59,140.411
140.546,0.367771,-15.6239,-8.55382,-0.0518821,140.577,140.566,-6.37,22.59,140.411
140.546,0.456688,-18.2771,-9.2675,-0.0308998,140.555,140.55,-7.23,22.57,140.439
140.546,0.456688,-18.2771,-9.2675,-0.0308998,140.555,140.55,-7.23,22.57,140.45
140.546,0.529397,-20.2021,-9.67287,-0.00900219,140.533,140.536,-6.98,22.56,140.45
140.546,0.529397,-20.2021,-9.67287,-0.00900219,140.533,140.536,-6.98,22.56,140.45
140.546,0.581481,-21.2081,-9.70801,0.0130047,140.512,140.523,-6.25,22.55,140.483
140.546,0.581481,-21.2081,-9.70801,0.0130047,140.512,140.523,-6.25,22.55,140.56
140.546,0.607656,-21.1822,-9.34308,0.0341646,140.492,140.512,-5.58,22.53,140.56
140.546,0.607656,-21.1822,-9.34308,0.0341646,140.492,140.512,-5.58,22.53,140.56
140.546,0.604828,-20.1476,-8.60163,0.053535,140.476,140.503,-5.15,22.52,140.648
140.546,0.604828,-20.1476,-8.60163,0.053535,140.476,140.503,-5.15,22.52,140.757
140.546,0.573733,-18.2132,-7.53938,0.070351,140.462,140.495,-4.85,22.51,140.757
140.546,0.573733,-18.2132,-7.53938,0.070351,140.462,140.495,-4.85,22.51,140.757
140.546,0.517514,-15.6266,-6.26329,0.084066,140.452,140.488,-5.09,22.5,140.9
140.546,0.517514,-15.6266,-6.26329,0.084066,140.452,140.488,-5.09,22.5,141.065
140.546,0.443197,-12.6903,-4.89741,0.0944752,140.444,140.481,-5.58,22.49,141.065
140.546,0.443197,-12.6903,-4.89741,0.0944752,140.444,140.481,-5.58,22.49,141.065
140.546,0.359315,-9.54425,-3.4992,0.101702,140.44,140.476,-5.27,22.48,141.219
140.546,0.359315,-9.54425,-3.4992,0.101702,140.44,140.476,-5.27,22.48,141.317
140.546,0.269829,-6.31519,-2.11884,0.105813,140.439,140.473,-4.72,22.47,141.317
140.546,0.269829,-6.31519,-2.11884,0.105813,140.439,140.473,-4.72,22.47,141.317
140.546,0.178302,-3.07116,-0.782246,0.106974,140.441,140.472,-3.75,22.46,141.361
140.546,0.178302,-3.07116,-0.782246,0.106974,140.441,140.472,-3.75,22.46,141.339
140.546,0.086646,0.366185,0.580033,0.105349,140.445,140.475,-1.37,22.46,141.339
140.546,0.086646,0.366185,0.580033,0.105349,140.445,140.475,-1.37,22.46,141.339
140.546,-0.010151,3.97914,1.9598,0.100704,140.453,140.482,0.33,22.46,141.268
140.546,-0.010151,3.97914,1.9598,0.100704,140.453,140.482,0.33,22.46,141.197
140.546,-0.111583,7.56486,3.27823,0.0930135,140.463,140.489,1.13,22.47,141.197
140.546,-0.111583,7.56486,3.27823,0.0930135,140.463,140.489,1.13,22.47,141.197
140.546,-0.211949,10.8225,4.42179,0.082618,140.476,140.496,1.25,22.47,141.125
140.546,-0.211949,10.8225,4.42179,0.082618,140.476,140.496,1.25,22.47,141.076
140.546,-0.302811,13.5302,5.31145,0.0701734,140.49,140.503,1.37,22.47,141.076
140.546,-0.302811,13.5302,5.31145,0.0701734,140.49,140.503,1.37,22.47,141.076
140.546,-0.377976,15.6511,5.94204,0.0564447,140.504,140.511,2.1,22.47,141.01
140.546,-0.377976,15.6511,5.94204,0.0564447,140.504,140.511,2.1,22.47,140.96
140.546,-0.436463,17.267,6.35408,0.041992,140.519,140.52,3.08,22.48,140.96
140.546,-0.436463,17.267,6.35408,0.041992,140.519,140.52,3.08,22.48,140.96
140.546,-0.480619,18.3928,6.5611,0.0271842,140.534,140.53,3.57,22.49,140.906
140.546,-0.480619,18.3928,6.5611,0.0271842,140.534,140.53,3.57,22.49,140.834
140.546,-0.510912,19,6.55955,0.0124446,140.548,140.54,3.69,22.5,140.834
140.546,-0.510912,19,6.55955,0.0124446,140.548,140.54,3.69,22.5,140.834
140.546,-0.526581,18.8884,6.28035,-0.00177585,140.561,140.547,2.77,22.5,140.746
140.546,-0.526581,18.8884,6.28035,-0.00177585,140.561,140.547,2.77,22.5,140.637
140.546,-0.522054,17.9463,5.69092,-0.0146986,140.572,140.551,1.98,22.5,140.637
140.546,-0.522054,17.9463,5.69092,-0.0146986,140.572,140.551,1.98,22.5,140.637
140.546,-0.494258,16.2038,4.81426,-0.0255586,140.58,140.554,1.55,22.51,140.516
140.546,-0.494258,16.2038,4.81426,-0.0255586,140.58,140.554,1.55,22.51,140.351
140.546,-0.444101,13.7276,3.68667,-0.0337958,140.585,140.555,1.19,22.51,140.351
140.546,-0.444101,13.7276,3.68667,-0.0337958,140.585,140.555,1.19,22.51,140.351
140.546,-0.373521,10.7231,2.39646,-0.0389457,140.587,140.555,1.19,22.51,140.208
140.546,-0.373521,10.7231,2.39646,-0.0389457,140.587,140.555,1.19,22.51,140.131
140.546,-0.288346,7.51177,1.07309,-0.0408992,140.586,140.555,1.49,22.52,140.131
140.546,-0.288346,7.51177,1.07309,-0.0408992,140.586,140.555,1.49,22.52,140.131
140.546,-0.197632,4.23234,-0.228545,-0.0398883,140.582,140.553,0.82,22.52,140.098
140.546,-0.197632,4.23234,-0.228545,-0.0398883,140.582,140.553,0.82,22.52,140.131
140.546,-0.10529,0.671121,-1.59068,-0.0361044,140.575,140.546,-1.79,22.51,140.131
140.546,-0.10529,0.671121,-1.59068,-0.0361044,140.575,140.546,-1.79,22.51,140.131
140.546,-0.00531753,-3.18687,-3.01638,-0.0292195,140.565,140.537,-3.69,22.51,140.197
140.546,-0.00531753,-3.18687,-3.01638,-0.0292195,140.565,140.537,-3.69,22.51,140.263
140.546,0.102688,-7.07073,-4.39902,-0.0190699,140.552,140.526,-4.24,22.5,140.263
140.546,0.102688,-7.07073,-4.39902,-0.0190699,140.552,140.526,-4.24,22.5,140.263
140.546,0.211105,-10.7844,-5.66457,-0.00602423,140.536,140.515,-4.97,22.49,140.324
140.546,0.211105,-10.7844,-5.66457,-0.00602423,140.536,140.515,-4.97,22.49,140.362
140.546,0.314435,-14.1904,-6.76416,0.0094803,140.519,140.502,-5.7,22.48,140.362
140.546,0.314435,-14.1904,-6.76416,0.0094803,140.519,140.502,-5.7,22.48,140.362
140.546,0.40884,-16.8423,-7.53237,0.0269656,140.501,140.492,-4.66,22.47,140.411
140.546,0.40884,-16.8423,-7.53237,0.0269656,140.501,140.492,-4.66,22.47,140.45
140.546,0.481817,-18.5617,-7.91265,0.0452842,140.483,140.483,-4.36,22.46,140.45
140.546,0.481817,-18.5617,-7.91265,0.0452842,140.483,140.483,-4.36,22.46,140.45
140.546,0.52843,-19.3975,-7.93778,0.0634525,140.465,140.474,-4.72,22.45,140.494
140.546,0.52843,-19.3975,-7.93778,0.0634525,140.465,140.474,-4.72,22.45,140.56
140.546,0.550136,-19.4043,-7.64154,0.0807875,140.449,140.465,-4.85,22.44,140.56
140.546,0.550136,-19.4043,-7.64154,0.0807875,140.449,140.465,-4.85,22.44,140.56
140.546,0.548541,-18.5998,-7.04252,0.0966745,140.435,140.457,-4.6,22.43,140.658
140.546,0.548541,-18.5998,-7.04252,0.0966745,140.435,140.457,-4.6,22.43,140.779
140.546,0.524212,-16.8532,-6.10187,0.110499,140.425,140.453,-3.38,22.42,140.779
140.546,0.524212,-16.8532,-6.10187,0.110499,140.425,140.453,-3.38,22.42,140.779
140.546,0.473545,-14.2354,-4.85949,0.121427,140.417,140.451,-2.71,22.42,140.895
140.546,0.473545,-14.2354,-4.85949,0.121427,140.417,140.451,-2.71,22.42,141.032
140.546,0.398606,-11.1465,-3.48014,0.128899,140.413,140.448,-3.5,22.41,141.032
140.546,0.398606,-11.1465,-3.48014,0.128899,140.413,140.448,-3.5,22.41,141.032
140.546,0.310698,-7.5363,-1.95001,0.133038,140.413,140.449,-2.1,22.41,141.175
140.546,0.310698,-7.5363,-1.95001,0.133038,140.413,140.449,-2.1,22.41,141.262
140.546,0.20844,-3.74501,-0.405515,0.133476,140.415,140.451,-2.28,22.4,141.262
140.546,0.20844,-3.74501,-0.405515,0.133476,140.415,140.451,-2.28,22.4,141.262
140.546,0.101423,-0.0490189,1.04638,0.130525,140.421,140.453,-2.04,22.4,141.284
140.546,0.101423,-0.0490189,1.04638,0.130525,140.421,140.453,-2.04,22.4,141.251
140.546,-0.0025868,3.62247,2.43568,0.124665,140.43,140.458,-0.09,22.4,141.251
140.546,-0.0025868,3.62247,2.43568,0.124665,140.43,140.458,-0.09,22.4,141.251
140.546,-0.105594,7.4192,3.82153,0.115936,140.442,140.468,2.35,22.4,141.191
140.546,-0.105594,7.4192,3.82153,0.115936,140.442,140.468,2.35,22.4,141.12
140.546,-0.211811,11.2595,5.17228,0.104201,140.456,140.48,3.75,22.41,141.12
140.546,-0.211811,11.2595,5.17228,0.104201,140.456,140.48,3.75,22.41,141.12
140.546,-0.318943,14.769,6.3453,0.0896257,140.473,140.492,3.57,22.42,141.054
140.546,-0.318943,14.769,6.3453,0.0896257,140.473,140.492,3.57,22.42,140.982
140.546,-0.416482,17.7135,7.25692,0.0729464,140.491,140.503,3.75,22.42,140.982
140.546,-0.416482,17.7135,7.25692,0.0729464,140.491,140.503,3.75,22.42,140.982
140.546,-0.497892,19.991,7.87721,0.054942,140.51,140.514,4.12,22.43,140.933
140.546,-0.497892,19.991,7.87721,0.054942,140.51,140.514,4.12,22.43,140.873
140.546,-0.56036,21.7022,8.25517,0.0363093,140.529,140.527,5.21,22.44,140.873
140.546,-0.56036,21.7022,8.25517,0.0363093,140.529,140.527,5.21,22.44,140.873
140.546,-0.606774,22.8484,8.40001,0.017458,140.547,140.54,5.7,22.46,140.785
140.546,-0.606774,22.8484,8.40001,0.017458,140.547,140.54,5.7,22.46,140.675
140.546,-0.637224,23.4175,8.31545,-0.00112015,140.565,140.553,5.95,22.47,140.675
140.546,-0.637224,23.4175,8.31545,-0.00112015,140.565,140.553,5.95,22.47,140.675
140.546,-0.651416,23.2636,7.95409,-0.0189469,140.581,140.563,5.34,22.48,140.549
140.546,-0.651416,23.2636,7.95409,-0.0189469,140.581,140.563,5.34,22.48,140.395
140.546,-0.64531,22.342,7.3089,-0.0352984,140.596,140.572,4.97,22.49,140.395
140.546,-0.64531,22.342,7.3089,-0.0352984,140.596,140.572,4.97,22.49,140.395
140.546,-0.617706,20.752,6.42851,-0.0495462,140.607,140.58,5.09,22.5,140.219
140.546,-0.617706,20.752,6.42851,-0.0495462,140.607,140.58,5.09,22.5,140.093
140.546,-0.571456,18.563,5.34842,-0.0612941,140.616,140.585,4.67,22.51,140.093
140.546,-0.571456,18.563,5.34842,-0.0612941,140.616,140.585,4.67,22.51,140.093
140.546,-0.508562,15.9343,4.13728,-0.0702007,140.622,140.59,4.36,22.52,140.011
140.546,-0.508562,15.9343,4.13728,-0.0702007,140.622,140.59,4.36,22.52,140.005
140.546,-0.433542,13.0347,2.86499,-0.076143,140.625,140.593,3.75,22.52,140.005
140.546,-0.433542,13.0347,2.86499,-0.076143,140.625,140.593,3.75,22.52,140.005
140.546,-0.351166,9.88184,1.54099,-0.0791756,140.625,140.594,2.22,22.53,140.055
140.546,-0.351166,9.88184,1.54099,-0.0791756,140.625,140.594,2.22,22.53,140.098
140.546,-0.261949,6.47036,0.165535,-0.0792165,140.622,140.591,0.52,22.53,140.098
140.546,-0.261949,6.47036,0.165535,-0.0792165,140.622,140.591,0.52,22.53,140.098
140.546,-0.16575,2.78253,-1.26579,-0.076143,140.616,140.585,-1.43,22.53,140.175
140.546,-0.16575,2.78253,-1.26579,-0.076143,140.616,140.585,-1.43,22.53,140.23
140.546,-0.0620895,-1.17619,-2.74835,-0.0698182,140.606,140.576,-3.26,22.52,140.23
140.546,-0.0620895,-1.17619,-2.74835,-0.0698182,140.606,140.576,-3.26,22.52,140.23
140.546,0.0488651,-5.14718,-4.18068,-0.060133,140.593,140.566,-3.87,22.51,140.285
140.546,0.0488651,-5.14718,-4.18068,-0.060133,140.593,140.566,-3.87,22.51,140.307
140.546,0.159837,-8.65258,-5.38099,-0.0474698,140.579,140.558,-3.08,22.51,140.307
140.546,0.159837,-8.65258,-5.38099,-0.0474698,140.579,140.558,-3.08,22.51,140.307
140.546,0.257419,-11.3521,-6.22693,-0.0327712,140.563,140.552,-2.53,22.5,140.34
140.546,0.257419,-11.3521,-6.22693,-0.0327712,140.563,140.552,-2.53,22.5,140.351
140.546,0.332103,-13.0769,-6.66641,-0.0171301,140.548,140.546,-2.22,22.5,140.351
140.546,0.332103,-13.0769,-6.66641,-0.0171301,140.548,140.546,-2.22,22.5,140.351
140.546,0.379225,-13.8978,-6.7412,-0.00155728,140.533,140.539,-2.65,22.49,140.373
140.546,0.379225,-13.8978,-6.7412,-0.00155728,140.533,140.539,-2.65,22.49,140.406
140.546,0.400858,-13.8991,-6.49689,0.0132642,140.519,140.533,-2.83,22.49,140.406
140.546,0.400858,-13.8991,-6.49689,0.0132642,140.519,140.533,-2.83,22.49,140.406
140.546,0.39945,-13.3097,-6.03281,0.026747,140.507,140.525,-3.5,22.48,140.45
140.546,0.39945,-13.3097,-6.03281,0.026747,140.507,140.525,-3.5,22.48,140.516
140.546,0.38149,-12.2438,-5.40095,0.0386725,140.497,140.518,-3.56,22.47,140.516
140.546,0.38149,-12.2438,-5.40095,0.0386725,140.497,140.518,-3.56,22.47,140.516
140.546,0.350238,-10.6211,-4.57685,0.0488085,140.489,140.513,-2.59,22.47,140.598
140.546,0.350238,-10.6211,-4.57685,0.0488085,140.489,140.513,-2.59,22.47,140.691
140.546,0.303476,-8.30681,-3.51618,0.0566769,140.484,140.513,-1.12,22.46,140.691
140.546,0.303476,-8.30681,-3.51618,0.0566769,140.484,140.513,-1.12,22.46,140.691
140.546,0.237465,-5.51065,-2.30823,0.0616493,140.482,140.512,-1.12,22.46,140.801
140.546,0.237465,-5.51065,-2.30823,0.0616493,140.482,140.512,-1.12,22.46,140.922
140.546,0.158144,-2.41772,-1.02974,0.06363,140.483,140.513,-1,22.46,140.922
140.546,0.158144,-2.41772,-1.02974,0.06363,140.483,140.513,-1,22.46,140.922
140.546,0.0707452,0.731019,0.223951,0.0626602,140.487,140.515,-1.12,22.46,141.032
140.546,0.0707452,0.731019,0.223951,0.0626602,140.487,140.515,-1.12,22.46,141.147
140.546,-0.0179482,3.79944,1.40115,0.0590265,140.493,140.518,-0.88,22.46,141.147
140.546,-0.0179482,3.79944,1.40115,0.0590265,140.493,140.518,-0.88,22.46,141.147
140.546,-0.104116,6.52345,2.40303,0.0530296,140.501,140.52,-1.24,22.45,141.208
140.546,-0.104116,6.52345,2.40303,0.0530296,140.501,140.52,-1.24,22.45,141.197
140.546,-0.180358,8.90168,3.2351,0.0453115,140.51,140.525,-0.33,22.45,141.197
140.546,-0.180358,8.90168,3.2351,0.0453115,140.51,140.525,-0.33,22.45,141.197
140.546,-0.246671,11.122,3.97524,0.0362137,140.52,140.532,1.49,22.45,141.153
140.546,-0.246671,11.122,3.97524,0.0362137,140.52,140.532,1.49,22.45,141.103
140.546,-0.308362,13.3423,4.68704,0.0257362,140.532,140.543,3.2,22.46,141.103
140.546,-0.308362,13.3423,4.68704,0.0257362,140.532,140.543,3.2,22.46,141.103
140.546,-0.369883,15.5313,5.35928,0.0137697,140.546,140.554,4.06,22.47,141.037
140.546,-0.369883,15.5313,5.35928,0.0137697,140.546,140.554,4.06,22.47,140.96
140.546,-0.430359,17.5121,5.92535,0.000437132,140.56,140.565,4.18,22.48,140.96
140.546,-0.430359,17.5121,5.92535,0.000437132,140.56,140.565,4.18,22.48,140.96
140.546,-0.484829,18.9741,6.27,-0.0138653,140.574,140.575,3.38,22.48,140.895
140.546,-0.484829,18.9741,6.27,-0.0138653,140.574,140.575,3.38,22.48,140.812
140.546,-0.5246,19.8072,6.3589,-0.0283589,140.588,140.583,3.26,22.49,140.812
140.546,-0.5246,19.8072,6.3589,-0.0283589,140.588,140.583,3.26,22.49,140.812
140.546,-0.546622,20.1122,6.23995,-0.0424018,140.602,140.591,3.93,22.5,140.713
140.546,-0.546622,20.1122,6.23995,-0.0424018,140.602,140.591,3.93,22.5,140.593
140.546,-0.55378,19.9951,5.96144,-0.055666,140.614,140.6,4.54,22.51,140.593
140.546,-0.55378,19.9951,5.96144,-0.055666,140.614,140.6,4.54,22.51,140.593
140.546,-0.5491,19.3607,5.49275,-0.0679331,140.625,140.608,4.12,22.52,140.45
140.546,-0.5491,19.3607,5.49275,-0.0679331,140.625,140.608,4.12,22.52,140.291
140.546,-0.52994,18.3084,4.87906,-0.0787111,140.634,140.614,4.48,22.53,140.291
140.546,-0.52994,18.3084,4.87906,-0.0787111,140.634,140.614,4.48,22.53,140.291
140.546,-0.499134,16.8382,4.12586,-0.0877953,140.641,140.619,4.12,22.53,140.159
140.546,-0.499134,16.8382,4.12586,-0.0877953,140.641,140.619,4.12,22.53,140.087
140.546,-0.456713,14.8847,3.21345,-0.0948986,140.646,140.621,3.08,22.54,140.087
140.546,-0.456713,14.8847,3.21345,-0.0948986,140.646,140.621,3.08,22.54,140.087
140.546,-0.400877,12.3622,2.1151,-0.0996251,140.647,140.62,1.49,22.54,140.076
140.546,-0.400877,12.3622,2.1151,-0.0996251,140.647,140.62,1.49,22.54,140.12
140.546,-0.329253,9.25018,0.830122,-0.101497,140.646,140.616,-0.21,22.54,140.12
140.546,-0.329253,9.25018,0.830122,-0.101497,140.646,140.616,-0.21,22.54,140.12
140.546,-0.241312,5.772,-0.548679,-0.100103,140.641,140.611,-1,22.54,140.192
140.546,-0.241312,5.772,-0.548679,-0.100103,140.641,140.611,-1,22.54,140.252
140.546,-0.143365,2.15088,-1.93186,-0.095486,140.634,140.605,-1.73,22.54,140.252
140.546,-0.143365,2.15088,-1.93186,-0.095486,140.634,140.605,-1.73,22.54,140.252
140.546,-0.0417041,-1.41715,-3.24367,-0.0878499,140.624,140.598,-2.47,22.53,140.302
140.546,-0.0417041,-1.41715,-3.24367,-0.0878499,140.624,140.598,-2.47,22.53,140.34
140.546,0.0581641,-4.75375,-4.41792,-0.0775363,140.611,140.59,-3.08,22.53,140.34
140.546,0.0581641,-4.75375,-4.41792,-0.0775363,140.611,140.59,-3.08,22.53,140.34
140.546,0.151244,-7.75139,-5.41798,-0.0650234,140.597,140.581,-3.75,22.52,140.362
140.546,0.151244,-7.75139,-5.41798,-0.0650234,140.597,140.581,-3.75,22.52,140.362
140.546,0.234543,-10.3992,-6.24568,-0.0507756,140.581,140.57,-4.6,22.51,140.362
140.546,0.234543,-10.3992,-6.24568,-0.0507756,140.581,140.57,-4.6,22.51,140.362
140.546,0.30779,-12.4983,-6.83084,-0.0351618,140.565,140.56,-4.36,22.5,140.367
140.546,0.30779,-12.4983,-6.83084,-0.0351618,140.565,140.56,-4.36,22.5,140.373
140.546,0.36544,-13.7426,-7.06474,-0.0188786,140.549,140.552,-3.2,22.49,140.373
140.546,0.36544,-13.7426,-7.06474,-0.0188786,140.549,140.552,-3.2,22.49,140.373
140.546,0.398946,-14.023,-6.91834,-0.0029643,140.534,140.546,-2.59,22.49,140.4
140.546,0.398946,-14.023,-6.91834,-0.0029643,140.534,140.546,-2.59,22.49,140.428
140.546,0.405324,-13.4798,-6.45927,0.011666,140.521,140.54,-2.77,22.48,140.428
140.546,0.405324,-13.4798,-6.45927,0.011666,140.521,140.54,-2.77,22.48,140.428
140.546,0.388593,-12.4153,-5.81487,0.0245204,140.51,140.532,-3.63,22.48,140.483
140.546,0.388593,-12.4153,-5.81487,0.0245204,140.51,140.532,-3.63,22.48,140.56
140.546,0.357307,-11.0009,-5.05783,0.035517,140.501,140.525,-3.87,22.47,140.56
140.546,0.357307,-11.0009,-5.05783,0.035517,140.501,140.525,-3.87,22.47,140.56
140.546,0.316322,-9.27879,-4.2087,0.0445875,140.494,140.519,-3.5,22.46,140.658
140.546,0.316322,-9.27879,-4.2087,0.0445875,140.494,140.519,-3.5,22.46,140.752
140.546,0.266848,-7.28445,-3.28467,0.0515952,140.49,140.514,-3.01,22.46,140.752
140.546,0.266848,-7.28445,-3.28467,0.0515952,140.49,140.514,-3.01,22.46,140.752
140.546,0.209902,-4.92119,-2.25178,0.0564037,140.487,140.513,-1.86,22.45,140.873
140.546,0.209902,-4.92119,-2.25178,0.0564037,140.487,140.513,-1.86,22.45,140.982
140.546,0.14279,-2.1509,-1.09974,0.0586986,140.488,140.515,-0.82,22.45,140.982
140.546,0.14279,-2.1509,-1.09974,0.0586986,140.488,140.515,-0.82,22.45,140.982
140.546,0.0644666,0.83176,0.092111,0.0581932,140.491,140.518,-0.82,22.45,141.103
140.546,0.0644666,0.83176,0.092111,0.0581932,140.491,140.518,-0.82,22.45,141.175
140.546,-0.0195732,3.85934,1.25776,0.0550103,140.497,140.521,-0.57,22.45,141.175
140.546,-0.0195732,3.85934,1.25776,0.0550103,140.497,140.521,-0.57,22.45,141.175
140.546,-0.104618,6.48942,2.22821,0.0493549,140.504,140.523,-1.61,22.44,141.191
140.546,-0.104618,6.48942,2.22821,0.0493549,140.504,140.523,-1.61,22.44,141.175
140.546,-0.178248,8.82409,3.04937,0.0420876,140.513,140.527,-0.21,22.44,141.175
140.546,-0.178248,8.82409,3.04937,0.0420876,140.513,140.527,-0.21,22.44,141.175
140.546,-0.243371,10.9341,3.75349,0.0334133,140.522,140.534,1.13,22.45,141.103
140.546,-0.243371,10.9341,3.75349,0.0334133,140.522,140.534,1.13,22.45,141.043
140.546,-0.302002,12.8046,4.33886,0.0235095,140.533,140.541,1.92,22.45,141.043
140.546,-0.302002,12.8046,4.33886,0.0235095,140.533,140.541,1.92,22.45,141.043
140.546,-0.353746,14.6002,4.8727,0.0126222,140.545,140.551,3.51,22.46,140.977
140.546,-0.353746,14.6002,4.8727,0.0126222,140.545,140.551,3.51,22.46,140.922
140.546,-0.40325,16.1194,5.27951,0.000696679,140.558,140.561,3.26,22.46,140.922
140.546,-0.40325,16.1194,5.27951,0.000696679,140.558,140.561,3.26,22.46,140.922
140.546,-0.444867,17.1608,5.48656,-0.0117889,140.57,140.568,2.83,22.47,140.845
140.546,-0.444867,17.1608,5.48656,-0.0117889,140.57,140.568,2.83,22.47,140.746
140.546,-0.472969,17.6768,5.48281,-0.0242335,140.582,140.575,2.96,22.47,140.746
140.546,-0.472969,17.6768,5.48281,-0.0242335,140.582,140.575,2.96,22.47,140.746
140.546,-0.486259,17.7149,5.29418,-0.0361454,140.593,140.583,3.26,22.48,140.664
140.546,-0.486259,17.7149,5.29418,-0.0361454,140.593,140.583,3.26,22.48,140.554
140.546,-0.48612,17.2425,4.91495,-0.0471829,140.603,140.588,3.08,22.49,140.554
140.546,-0.48612,17.2425,4.91495,-0.0471829,140.603,140.588,3.08,22.49,140.554
140.546,-0.471677,16.4666,4.43147,-0.0569228,140.611,140.595,3.99,22.5,140.417
140.546,-0.471677,16.4666,4.43147,-0.0569228,140.611,140.595,3.99,22.5,140.263
140.546,-0.448778,15.3162,3.8206,-0.0653512,140.618,140.6,3.57,22.5,140.263
140.546,-0.448778,15.3162,3.8206,-0.0653512,140.618,140.6,3.57,22.5,140.263
140.546,-0.415463,13.7698,3.07882,-0.0721405,140.623,140.603,3.08,22.51,140.142
140.546,-0.415463,13.7698,3.07882,-0.0721405,140.623,140.603,3.08,22.51,140.076
140.546,-0.371147,12.0041,2.27899,-0.0769899,140.626,140.605,3.26,22.52,140.076
140.546,-0.371147,12.0041,2.27899,-0.0769899,140.626,140.605,3.26,22.52,140.076
140.546,-0.320828,9.91723,1.38438,-0.0799542,140.627,140.605,1.8,22.52,140.076
140.546,-0.320828,9.91723,1.38438,-0.0799542,140.627,140.605,1.8,22.52,140.131
140.546,-0.261657,7.39198,0.353881,-0.0807465,140.625,140.601,-0.09,22.52,140.131
140.546,-0.261657,7.39198,0.353881,-0.0807465,140.625,140.601,-0.09,22.52,140.131
140.546,-0.190369,4.51142,-0.775365,-0.078957,140.62,140.596,-1.18,22.52,140.186
140.546,-0.190369,4.51142,-0.775365,-0.078957,140.62,140.596,-1.18,22.52,140.241
140.546,-0.109327,1.39398,-1.95399,-0.0744627,140.613,140.589,-2.16,22.51,140.241
140.546,-0.109327,1.39398,-1.95399,-0.0744627,140.613,140.589,-2.16,22.51,140.241
140.546,-0.0218808,-1.69758,-3.07911,-0.0672774,140.604,140.582,-2.34,22.51,140.274
140.546,-0.0218808,-1.69758,-3.07911,-0.0672774,140.604,140.582,-2.34,22.51,140.318
140.546,0.0645806,-4.73878,-4.14289,-0.0577834,140.592,140.573,-3.56,22.5,140.318
140.546,0.0645806,-4.73878,-4.14289,-0.0577834,140.592,140.573,-3.56,22.5,140.318
140.546,0.149377,-7.52677,-5.06946,-0.0461311,140.579,140.564,-3.69,22.49,140.329
140.546,0.149377,-7.52677,-5.06946,-0.0461311,140.579,140.564,-3.69,22.49,140.335
140.546,0.226825,-10.0643,-5.86455,-0.0328122,140.564,140.553,-4.6,22.48,140.335
140.546,0.226825,-10.0643,-5.86455,-0.0328122,140.564,140.553,-4.6,22.48,140.335
140.546,0.297028,-12.2492,-6.49353,-0.0180863,140.548,140.542,-4.85,22.47,140.34
140.546,0.297028,-12.2492,-6.49353,-0.0180863,140.548,140.542,-4.85,22.47,140.351
140.546,0.357145,-13.7385,-6.83079,-0.00240423,140.533,140.533,-3.69,22.47,140.351
140.546,0.357145,-13.7385,-6.83079,-0.00240423,140.533,140.533,-3.69,22.47,140.351
140.546,0.39758,-14.4423,-6.8524,0.0132779,140.518,140.526,-3.32,22.46,140.367
140.546,0.39758,-14.4423,-6.8524,0.0132779,140.518,140.526,-3.32,22.46,140.4
140.546,0.415873,-14.3715,-6.57402,0.0282087,140.504,140.519,-3.14,22.45,140.4
140.546,0.415873,-14.3715,-6.57402,0.0282087,140.504,140.519,-3.14,22.45,140.4
140.546,0.412397,-13.6309,-6.04683,0.0417871,140.492,140.512,-3.2,22.45,140.45
140.546,0.412397,-13.6309,-6.04683,0.0417871,140.492,140.512,-3.2,22.45,140.527
140.546,0.39016,-12.3581,-5.33276,0.0536033,140.483,140.505,-3.32,22.44,140.527
140.546,0.39016,-12.3581,-5.33276,0.0536033,140.483,140.505,-3.32,22.44,140.527
140.546,0.353077,-10.7654,-4.52023,0.0633978,140.475,140.499,-3.75,22.43,140.626
140.546,0.353077,-10.7654,-4.52023,0.0633978,140.475,140.499,-3.75,22.43,140.724
140.546,0.307152,-8.97522,-3.66006,0.0711842,140.469,140.493,-3.75,22.43,140.724
140.546,0.307152,-8.97522,-3.66006,0.0711842,140.469,140.493,-3.75,22.43,140.724
140.546,0.255848,-6.99313,-2.75637,0.0769899,140.465,140.489,-3.26,22.42,140.851
140.546,0.255848,-6.99313,-2.75637,0.0769899,140.465,140.489,-3.26,22.42,140.982
140.546,0.19933,-4.78234,-1.79698,0.0807328,140.464,140.487,-2.53,22.41,140.982
140.546,0.19933,-4.78234,-1.79698,0.0807328,140.464,140.487,-2.53,22.41,140.982
140.546,0.136579,-2.26253,-0.753472,0.0822491,140.465,140.489,-1.43,22.41,141.098
140.546,0.136579,-2.26253,-0.753472,0.0822491,140.465,140.489,-1.43,22.41,141.175
140.546,0.0653542,0.435612,0.320643,0.0812929,140.468,140.492,-1.12,22.41,141.175
140.546,0.0653542,0.435612,0.320643,0.0812929,140.468,140.492,-1.12,22.41,141.175
140.546,-0.0106543,3.10653,1.34511,0.0779325,140.474,140.495,-0.94,22.41,141.175
140.546,-0.0106543,3.10653,1.34511,0.0779325,140.474,140.495,-0.94,22.41,141.142
140.546,-0.0856665,5.5256,2.23532,0.0724683,140.481,140.498,-0.88,22.4,141.142
140.546,-0.0856665,5.5256,2.23532,0.0724683,140.481,140.498,-0.88,22.4,141.142
140.546,-0.153385,7.6411,2.97602,0.0654059,140.489,140.502,-0.15,22.4,141.092
140.546,-0.153385,7.6411,2.97602,0.0654059,140.489,140.502,-0.15,22.4,141.026
140.546,-0.212382,9.54423,3.60734,0.057114,140.498,140.508,1.19,22.41,141.026
140.546,-0.212382,9.54423,3.60734,0.057114,140.498,140.508,1.19,22.41,141.026
140.546,-0.265251,11.3071,4.16068,0.0477294,140.509,140.516,2.35,22.41,140.966
140.546,-0.265251,11.3071,4.16068,0.0477294,140.509,140.516,2.35,22.41,140.922
140.546,-0.314037,12.9503,4.64652,0.0373338,140.52,140.525,3.14,22.42,140.922
140.546,-0.314037,12.9503,4.64652,0.0373338,140.52,140.525,3.14,22.42,140.922
140.546,-0.359329,14.4668,5.06454,0.0260503,140.532,140.535,3.75,22.43,140.878
140.546,-0.359329,14.4668,5.06454,0.0260503,140.532,140.535,3.75,22.43,140.812
140.546,-0.400951,15.7491,5.37584,0.0140155,140.544,140.545,3.87,22.43,140.812
140.546,-0.400951,15.7491,5.37584,0.0140155,140.544,140.545,3.87,22.43,140.812
140.546,-0.435895,16.7443,5.56385,0.00157094,140.557,140.554,4.12,22.44,140.735
140.546,-0.435895,16.7443,5.56385,0.00157094,140.557,140.554,4.12,22.44,140.648
140.546,-0.462693,17.2629,5.56051,-0.0109829,140.569,140.562,3.57,22.45,140.648
140.546,-0.462693,17.2629,5.56051,-0.0109829,140.569,140.562,3.57,22.45,140.648
140.546,-0.47606,17.1636,5.31852,-0.0230451,140.58,140.568,3.02,22.45,140.543
140.546,-0.47606,17.1636,5.31852,-0.0230451,140.58,140.568,3.02,22.45,140.422
140.546,-0.472062,16.344,4.80754,-0.033987,140.589,140.572,2.41,22.46,140.422
140.546,-0.472062,16.344,4.80754,-0.033987,140.589,140.572,2.41,22.46,140.422
140.546,-0.447884,14.8833,4.0678,-0.0431395,140.596,140.574,2.41,22.46,140.285
140.546,-0.447884,14.8833,4.0678,-0.0431395,140.596,140.574,2.41,22.46,140.153
140.546,-0.405803,13.0455,3.20907,-0.0501199,140.601,140.578,3.14,22.47,140.153
140.546,-0.405803,13.0455,3.20907,-0.0501199,140.601,140.578,3.14,22.47,140.153
140.546,-0.353285,10.9573,2.2845,-0.054942,140.604,140.58,2.96,22.48,140.087
140.546,-0.353285,10.9573,2.2845,-0.054942,140.604,140.58,2.96,22.48,140.076
140.546,-0.29391,8.69476,1.32602,-0.0575922,140.604,140.581,2.29,22.48,140.076
140.546,-0.29391,8.69476,1.32602,-0.0575922,140.604,140.581,2.29,22.48,140.076
140.546,-0.229836,6.27977,0.343553,-0.0580703,140.602,140.58,1.19,22.48,140.109
140.546,-0.229836,6.27977,0.343553,-0.0580703,140.602,140.58,1.19,22.48,140.164
140.546,-0.161685,3.67011,-0.677862,-0.0563627,140.598,140.576,-0.33,22.48,140.164
140.546,-0.161685,3.67011,-0.677862,-0.0563627,140.598,140.576,-0.33,22.48,140.164
140.546,-0.0882785,0.716042,-1.79382,-0.0523329,140.592,140.569,-2.47,22.48,140.219
140.546,-0.0882785,0.716042,-1.79382,-0.0523329,140.592,140.569,-2.47,22.48,140.263
140.546,-0.00542546,-2.37552,-2.9212,-0.0456393,140.582,140.561,-2.95,22.47,140.263
140.546,-0.00542546,-2.37552,-2.9212,-0.0456393,140.582,140.561,-2.95,22.47,140.263
140.546,0.0810421,-5.26834,-3.93035,-0.0364732,140.571,140.553,-2.65,22.47,140.296
140.546,0.0810421,-5.26834,-3.93035,-0.0364732,140.571,140.553,-2.65,22.47,140.324
140.546,0.161679,-7.88072,-4.79394,-0.0254083,140.559,140.545,-3.32,22.46,140.324
140.546,0.161679,-7.88072,-4.79394,-0.0254083,140.559,140.545,-3.32,22.46,140.324
140.546,0.234216,-10.0166,-5.44183,-0.0128271,140.545,140.537,-3.2,22.45,140.346
140.546,0.234216,-10.0166,-5.44183,-0.0128271,140.545,140.537,-3.2,22.45,140.357
140.546,0.293178,-11.54,-5.8295,0.000614717,140.532,140.53,-3.01,22.45,140.357
140.546,0.293178,-11.54,-5.8295,0.000614717,140.532,140.53,-3.01,22.45,140.357
140.546,0.334787,-12.4153,-5.95272,0.0142478,140.518,140.523,-3.01,22.44,140.373
140.546,0.334787,-12.4153,-5.95272,0.0142478,140.518,140.523,-3.01,22.44,140.395
140.546,0.358106,-12.7679,-5.86907,0.0274847,140.506,140.515,-3.56,22.43,140.395
140.546,0.358106,-12.7679,-5.86907,0.0274847,140.506,140.515,-3.56,22.43,140.395
140.546,0.366707,-12.6072,-5.58975,0.0400249,140.495,140.508,-3.44,22.43,140.439
140.546,0.366707,-12.6072,-5.58975,0.0400249,140.495,140.508,-3.44,22.43,140.494
140.546,0.360902,-11.9375,-5.12355,0.0514723,140.485,140.501,-3.14,22.42,140.494
140.546,0.360902,-11.9375,-5.12355,0.0514723,140.485,140.501,-3.14,22.42,140.494
140.546,0.340848,-10.6469,-4.43467,0.0614444,140.477,140.498,-2.16,22.42,140.576
140.546,0.340848,-10.6469,-4.43467,0.0614444,140.477,140.498,-2.16,22.42,140.664
140.546,0.303454,-8.81594,-3.56223,0.0693537,140.471,140.495,-1.86,22.41,140.664
140.546,0.303454,-8.81594,-3.56223,0.0693537,140.471,140.495,-1.86,22.41,140.664
140.546,0.251024,-6.49217,-2.53147,0.0749135,140.468,140.494,-1.24,22.41,140.752
140.546,0.251024,-6.49217,-2.53147,0.0749135,140.468,140.494,-1.24,22.41,140.867
140.546,0.184937,-3.80491,-1.39808,0.0778368,140.468,140.495,-1,22.41,140.867
140.546,0.184937,-3.80491,-1.39808,0.0778368,140.468,140.495,-1,22.41,140.867
140.546,0.108862,-0.838588,-0.198529,0.0780417,140.471,140.498,-0.45,22.41,140.977
140.546,0.108862,-0.838588,-0.198529,0.0780417,140.471,140.498,-0.45,22.41,141.087
140.546,0.0251914,2.21894,0.992369,0.0754736,140.476,140.501,-0.39,22.41,141.087
140.546,0.0251914,2.21894,0.992369,0.0754736,140.476,140.501,-0.39,22.41,141.087
140.546,-0.0607812,5.2792,2.14061,0.070351,140.483,140.506,0.21,22.41,141.153
140.546,-0.0607812,5.2792,2.14061,0.070351,140.483,140.506,0.21,22.41,141.153
140.546,-0.146571,8.17337,3.18266,0.0628377,140.493,140.512,0.58,22.41,141.153
140.546,-0.146571,8.17337,3.18266,0.0628377,140.493,140.512,0.58,22.41,141.153
140.546,-0.227446,10.8525,4.10324,0.0533301,140.504,140.52,1.49,22.41,141.12
140.546,-0.227446,10.8525,4.10324,0.0533301,140.504,140.52,1.49,22.41,141.054
140.546,-0.302049,13.3614,4.92367,0.0421286,140.517,140.529,2.83,22.42,141.054
140.546,-0.302049,13.3614,4.92367,0.0421286,140.517,140.529,2.83,22.42,141.054
140.546,-0.371666,15.6552,5.63008,0.0293971,140.531,140.54,3.63,22.42,140.993
140.546,-0.371666,15.6552,5.63008,0.0293971,140.531,140.54,3.63,22.42,140.933
140.546,-0.435054,17.6169,6.18153,0.0154089,140.545,140.55,3.93,22.43,140.933
140.546,-0.435054,17.6169,6.18153,0.0154089,140.545,140.55,3.93,22.43,140.933
140.546,-0.48895,19.0926,6.52451,0.000601057,140.56,140.56,3.81,22.44,140.878
140.546,-0.48895,19.0926,6.52451,0.000601057,140.56,140.56,3.81,22.44,140.796
140.546,-0.529067,20.0305,6.64667,-0.0144254,140.575,140.57,3.99,22.45,140.796
140.546,-0.529067,20.0305,6.64667,-0.0144254,140.575,140.57,3.99,22.45,140.796
140.546,-0.553996,20.3981,6.5435,-0.0291649,140.589,140.579,4.06,22.46,140.702
140.546,-0.553996,20.3981,6.5435,-0.0291649,140.589,140.579,4.06,22.46,140.582
140.546,-0.562868,20.2374,6.2394,-0.0431258,140.602,140.588,4.36,22.46,140.582
140.546,-0.562868,20.2374,6.2394,-0.0431258,140.602,140.588,4.36,22.46,140.582
140.546,-0.556916,19.6221,5.76996,-0.0559256,140.613,140.596,4.73,22.47,140.428
140.546,-0.556916,19.6221,5.76996,-0.0559256,140.613,140.596,4.73,22.47,140.258
140.546,-0.538248,18.6025,5.16066,-0.067291,140.623,140.603,4.91,22.48,140.258
140.546,-0.538248,18.6025,5.16066,-0.067291,140.623,140.603,4.91,22.48,140.258
140.546,-0.508315,17.1159,4.39281,-0.0769899,140.631,140.608,4.24,22.49,140.131
140.546,-0.508315,17.1159,4.39281,-0.0769899,140.631,140.608,4.24,22.49,140.038
140.546,-0.46539,15.0889,3.44429,-0.084626,140.636,140.61,3.2,22.5,140.038
140.546,-0.46539,15.0889,3.44429,-0.084626,140.636,140.61,3.2,22.5,140.038
140.546,-0.407446,12.6099,2.35591,-0.0897487,140.638,140.611,2.47,22.5,140.016
140.546,-0.407446,12.6099,2.35591,-0.0897487,140.638,140.611,2.47,22.5,140.06
140.546,-0.337008,9.7879,1.17488,-0.0921529,140.638,140.61,1.49,22.51,140.06
140.546,-0.337008,9.7879,1.17488,-0.0921529,140.638,140.61,1.49,22.51,140.06
140.546,-0.257169,6.50711,-0.139347,-0.0917704,140.634,140.605,-0.76,22.51,140.131
140.546,-0.257169,6.50711,-0.139347,-0.0917704,140.634,140.605,-0.76,22.51,140.197
140.546,-0.1647,2.89552,-1.53243,-0.0881914,140.627,140.598,-1.98,22.5,140.197
140.546,-0.1647,2.89552,-1.53243,-0.0881914,140.627,140.598,-1.98,22.5,140.197
140.546,-0.0632289,-0.73921,-2.88314,-0.0813885,140.618,140.591,-2.28,22.5,140.252
140.546,-0.0632289,-0.73921,-2.88314,-0.0813885,140.618,140.591,-2.28,22.5,140.291
140.546,0.0385882,-4.37394,-4.18365,-0.071758,140.605,140.581,-3.75,22.49,140.291
140.546,0.0385882,-4.37394,-4.18365,-0.071758,140.605,140.581,-3.75,22.49,140.291
140.546,0.140107,-7.89977,-5.39362,-0.0594226,140.591,140.57,-4.66,22.48,140.307
140.546,0.140107,-7.89977,-5.39362,-0.0594226,140.591,140.57,-4.66,22.48,140.318
140.546,0.238276,-11.1329,-6.4455,-0.0446831,140.574,140.558,-5.03,22.47,140.318
140.546,0.238276,-11.1329,-6.4455,-0.0446831,140.574,140.558,-5.03,22.47,140.318
140.546,0.327954,-13.8869,-7.27322,-0.0280584,140.556,140.546,-5.09,22.46,140.324
140.546,0.327954,-13.8869,-7.27322,-0.0280584,140.556,140.546,-5.09,22.46,140.335
140.546,0.403935,-16.0827,-7.85438,-0.0101906,140.538,140.534,-5.4,22.45,140.335
140.546,0.403935,-16.0827,-7.85438,-0.0101906,140.538,140.534,-5.4,22.45,140.335
140.546,0.464049,-17.5407,-8.12891,0.00831917,140.519,140.523,-4.97,22.44,140.362
140.546,0.464049,-17.5407,-8.12891,0.00831917,140.519,140.523,-4.97,22.44,140.378
140.546,0.503303,-18.077,-8.03747,0.0266651,140.502,140.514,-4.05,22.43,140.378
140.546,0.503303,-18.077,-8.03747,0.0266651,140.502,140.514,-4.05,22.43,140.378
140.546,0.516603,-17.6863,-7.59131,0.0438908,140.487,140.506,-3.75,22.42,140.45
140.546,0.516603,-17.6863,-7.59131,0.0438908,140.487,140.506,-3.75,22.42,140.521
140.546,0.503875,-16.4952,-6.85202,0.0592587,140.474,140.499,-3.75,22.42,140.521
140.546,0.503875,-16.4952,-6.85202,0.0592587,140.474,140.499,-3.75,22.42,140.521
140.546,0.46875,-14.6438,-5.88425,0.0722907,140.463,140.492,-3.69,22.41,140.626
140.546,0.46875,-14.6438,-5.88425,0.0722907,140.463,140.492,-3.69,22.41,140.746
140.546,0.41523,-12.2955,-4.75926,0.0826453,140.456,140.487,-3.63,22.4,140.746
140.546,0.41523,-12.2955,-4.75926,0.0826453,140.456,140.487,-3.63,22.4,140.746
140.546,0.347953,-9.56331,-3.52646,0.0901722,140.451,140.483,-3.32,22.39,140.889
140.546,0.347953,-9.56331,-3.52646,0.0901722,140.451,140.483,-3.32,22.39,141.043
140.546,0.270129,-6.40912,-2.1756,0.094762,140.45,140.483,-2.22,22.39,141.043
140.546,0.270129,-6.40912,-2.1756,0.094762,140.45,140.483,-2.22,22.39,141.043
140.546,0.180712,-3.0276,-0.786038,0.0961144,140.452,140.484,-2.04,22.39,141.169
140.546,0.180712,-3.0276,-0.786038,0.0961144,140.452,140.484,-2.04,22.39,141.23
140.546,0.0851981,0.348487,0.551124,0.0943522,140.456,140.486,-1.86,22.38,141.23
140.546,0.0851981,0.348487,0.551124,0.0943522,140.456,140.486,-1.86,22.38,141.23
140.546,-0.00986582,3.63472,1.80499,0.0898307,140.463,140.489,-0.88,22.38,141.224
140.546,-0.00986582,3.63472,1.80499,0.0898307,140.463,140.489,-0.88,22.38,141.164
140.546,-0.102118,6.83383,2.97919,0.0827956,140.473,140.495,0.64,22.38,141.164
140.546,-0.102118,6.83383,2.97919,0.0827956,140.473,140.495,0.64,22.38,141.164
140.546,-0.19165,9.90089,4.05901,0.0734109,140.484,140.503,1.86,22.39,141.098
140.546,-0.19165,9.90089,4.05901,0.0734109,140.484,140.503,1.86,22.39,141.021
140.546,-0.277214,12.7556,5.01672,0.0619088,140.497,140.513,2.83,22.39,141.021
140.546,-0.277214,12.7556,5.01672,0.0619088,140.497,140.513,2.83,22.39,141.021
140.546,-0.356572,15.2754,5.80949,0.0486309,140.512,140.523,3.38,22.4,140.955
140.546,-0.356572,15.2754,5.80949,0.0486309,140.512,140.523,3.38,22.4,140.9
140.546,-0.426309,17.3446,6.3987,0.0340417,140.527,140.533,3.69,22.41,140.9
140.546,-0.426309,17.3446,6.3987,0.0340417,140.527,140.533,3.69,22.41,140.9
140.546,-0.48321,18.9278,6.778,0.0186874,140.543,140.543,4.18,22.41,140.834
140.546,-0.48321,18.9278,6.778,0.0186874,140.543,140.543,4.18,22.41,140.757
140.546,-0.526323,20.0414,6.96116,0.0030326,140.559,140.554,4.73,22.42,140.757
140.546,-0.526323,20.0414,6.96116,0.0030326,140.559,140.554,4.73,22.42,140.757
140.546,-0.556151,20.6622,6.94637,-0.0125402,140.574,140.565,4.97,22.43,140.658
140.546,-0.556151,20.6622,6.94637,-0.0125402,140.574,140.565,4.97,22.43,140.532
140.546,-0.572085,20.7329,6.71896,-0.0275803,140.588,140.574,4.91,22.44,140.532
140.546,-0.572085,20.7329,6.71896,-0.0275803,140.588,140.574,4.91,22.44,140.532
140.546,-0.572564,20.1789,6.25805,-0.0415959,140.6,140.582,4.54,22.45,140.4
140.546,-0.572564,20.1789,6.25805,-0.0415959,140.6,140.582,4.54,22.45,140.241
140.546,-0.555532,18.8815,5.52692,-0.0540268,140.61,140.587,3.75,22.46,140.241
140.546,-0.555532,18.8815,5.52692,-0.0540268,140.61,140.587,3.75,22.46,140.241
140.546,-0.517716,16.8232,4.52888,-0.0642038,140.618,140.59,3.02,22.47,140.109
140.546,-0.517716,16.8232,4.52888,-0.0642038,140.618,140.59,3.02,22.47,140.016
140.546,-0.458679,14.1305,3.32252,-0.0715394,140.622,140.591,2.59,22.47,140.016
140.546,-0.458679,14.1305,3.32252,-0.0715394,140.622,140.591,2.59,22.47,140.016
140.546,-0.382035,11.0322,2.00346,-0.0757331,140.623,140.591,2.22,22.48,140
140.546,-0.382035,11.0322,2.00346,-0.0757331,140.623,140.591,2.22,22.48,140.022
140.546,-0.294253,7.57984,0.596111,-0.076785,140.621,140.588,0.82,22.48,140.022
140.546,-0.294253,7.57984,0.596111,-0.076785,140.621,140.588,0.82,22.48,140.022
140.546,-0.196813,3.75316,-0.903658,-0.0745583,140.615,140.582,-1.18,22.47,140.087
140.546,-0.196813,3.75316,-0.903658,-0.0745583,140.615,140.582,-1.18,22.47,140.17
140.546,-0.0891644,-0.1307,-2.37042,-0.0688346,140.606,140.576,-1.67,22.47,140.17
140.546,-0.0891644,-0.1307,-2.37042,-0.0688346,140.606,140.576,-1.67,22.47,140.17
140.546,0.0197638,-3.93288,-3.75164,-0.06001,140.594,140.568,-2.71,22.47,140.214
140.546,0.0197638,-3.93288,-3.75164,-0.06001,140.594,140.568,-2.71,22.47,140.252
140.546,0.126077,-7.48729,-4.98634,-0.0483987,140.58,140.559,-3.44,22.46,140.252
140.546,0.126077,-7.48729,-4.98634,-0.0483987,140.58,140.559,-3.44,22.46,140.252
140.546,0.225126,-10.6905,-6.03975,-0.0344788,140.565,140.548,-4.24,22.45,140.285
140.546,0.225126,-10.6905,-6.03975,-0.0344788,140.565,140.548,-4.24,22.45,140.318
140.546,0.314037,-13.3287,-6.83622,-0.0187147,140.548,140.538,-4.24,22.44,140.318
140.546,0.314037,-13.3287,-6.83622,-0.0187147,140.548,140.538,-4.24,22.44,140.318
140.546,0.386844,-15.3135,-7.35092,-0.00187147,140.531,140.528,-4.42,22.43,140.329
140.546,0.386844,-15.3135,-7.35092,-0.00187147,140.531,140.528,-4.42,22.43,140.367
140.546,0.441116,-16.5333,-7.55115,0.0153816,140.514,140.518,-4.24,22.42,140.367
140.546,0.441116,-16.5333,-7.55115,0.0153816,140.514,140.518,-4.24,22.42,140.367
140.546,0.47378,-16.781,-7.36901,0.0322931,140.498,140.511,-3.2,22.42,140.406
140.546,0.47378,-16.781,-7.36901,0.0322931,140.498,140.511,-3.2,22.42,140.477
140.546,0.479093,-16.0514,-6.8164,0.0478386,140.485,140.505,-2.77,22.41,140.477
140.546,0.479093,-16.0514,-6.8164,0.0478386,140.485,140.505,-2.77,22.41,140.477
140.546,0.456985,-14.4586,-5.95081,0.0612531,140.474,140.501,-2.53,22.41,140.543
140.546,0.456985,-14.4586,-5.95081,0.0612531,140.474,140.501,-2.53,22.41,140.658
140.546,0.410748,-12.1566,-4.84288,0.0720039,140.466,140.497,-2.4,22.4,140.658
140.546,0.410748,-12.1566,-4.84288,0.0720039,140.466,140.497,-2.4,22.4,140.658
140.546,0.34477,-9.36864,-3.58737,0.0797493,140.462,140.494,-2.47,22.4,140.779
140.546,0.34477,-9.36864,-3.58737,0.0797493,140.462,140.494,-2.47,22.4,140.906
140.546,0.265374,-6.21445,-2.23599,0.0843938,140.46,140.493,-1.98,22.39,140.906
140.546,0.265374,-6.21445,-2.23599,0.0843938,140.46,140.493,-1.98,22.39,140.906
140.546,0.175958,-2.8833,-0.865221,0.0858691,140.462,140.494,-1.86,22.39,141.043
140.546,0.175958,-2.8833,-0.865221,0.0858691,140.462,140.494,-1.86,22.39,141.158
140.546,0.0818581,0.528181,0.486729,0.0843255,140.466,140.496,-1.24,22.39,141.158
140.546,0.0818581,0.528181,0.486729,0.0843255,140.466,140.496,-1.24,22.39,141.158
140.546,-0.0142034,3.99411,1.81016,0.0798996,140.473,140.501,-0.09,22.39,141.208
140.546,-0.0142034,3.99411,1.81016,0.0798996,140.473,140.501,-0.09,22.39,141.197
140.546,-0.111502,7.39197,3.05869,0.0726596,140.483,140.507,0.76,22.39,141.197
140.546,-0.111502,7.39197,3.05869,0.0726596,140.483,140.507,0.76,22.39,141.197
140.546,-0.206599,10.5952,4.1861,0.062906,140.495,140.515,1.61,22.39,141.142
140.546,-0.206599,10.5952,4.1861,0.062906,140.495,140.515,1.61,22.39,141.076
140.546,-0.295954,13.6745,5.22353,0.0510079,140.509,140.526,3.32,22.4,141.076
140.546,-0.295954,13.6745,5.22353,0.0510079,140.509,140.526,3.32,22.4,141.076
140.546,-0.381577,16.4843,6.11809,0.0370743,140.524,140.537,3.93,22.41,140.999
140.546,-0.381577,16.4843,6.11809,0.0370743,140.524,140.537,3.93,22.41,140.933
140.546,-0.459396,18.872,6.81622,0.0215561,140.541,140.548,4.24,22.42,140.933
140.546,-0.459396,18.872,6.81622,0.0215561,140.541,140.548,4.24,22.42,140.933
140.546,-0.525158,20.8214,7.31859,0.00501336,140.558,140.561,4.91,22.43,140.878
140.546,-0.525158,20.8214,7.31859,0.00501336,140.558,140.561,4.91,22.43,140.79
140.546,-0.578445,22.1882,7.57684,-0.0121441,140.575,140.572,4.85,22.43,140.79
140.546,-0.578445,22.1882,7.57684,-0.0121441,140.575,140.572,4.85,22.43,140.79
140.546,-0.615247,22.858,7.55597,-0.0292469,140.592,140.582,4.67,22.44,140.686
140.546,-0.615247,22.858,7.55597,-0.0292469,140.592,140.582,4.67,22.44,140.554
140.546,-0.632406,23.0295,7.34229,-0.045612,140.607,140.593,5.83,22.46,140.554
140.546,-0.632406,23.0295,7.34229,-0.045612,140.607,140.593,5.83,22.46,140.554
140.546,-0.635561,22.7096,6.9455,-0.0610346,140.621,140.604,5.95,22.47,140.411
140.546,-0.635561,22.7096,6.9455,-0.0610346,140.621,140.604,5.95,22.47,140.247
140.546,-0.624945,21.709,6.29991,-0.0751457,140.633,140.611,4.97,22.48,140.247
140.546,-0.624945,21.709,6.29991,-0.0751457,140.633,140.611,4.97,22.48,140.247
140.546,-0.595288,19.8985,5.36524,-0.0872352,140.643,140.615,3.87,22.49,140.098
140.546,-0.595288,19.8985,5.36524,-0.0872352,140.643,140.615,3.87,22.49,140.005
140.546,-0.543013,17.4726,4.22695,-0.0965652,140.649,140.618,3.81,22.49,140.005
140.546,-0.543013,17.4726,4.22695,-0.0965652,140.649,140.618,3.81,22.49,140.005
140.546,-0.47365,14.5022,2.91997,-0.102917,140.652,140.619,2.77,22.5,139.983
140.546,-0.47365,14.5022,2.91997,-0.102917,140.652,140.619,2.77,22.5,140.011
140.546,-0.389234,11.1029,1.49523,-0.106005,140.652,140.618,1.61,22.5,140.011
140.546,-0.389234,11.1029,1.49523,-0.106005,140.652,140.618,1.61,22.5,140.011
140.546,-0.293053,7.41648,0.0117711,-0.105704,140.648,140.615,0.33,22.5,140.087
140.546,-0.293053,7.41648,0.0117711,-0.105704,140.648,140.615,0.33,22.5,140.153
140.546,-0.18911,3.5898,-1.47141,-0.102029,140.641,140.61,-0.88,22.5,140.153
140.546,-0.18911,3.5898,-1.47141,-0.102029,140.641,140.61,-0.88,22.5,140.153
140.546,-0.0815512,-0.349871,-2.94338,-0.0951445,140.631,140.602,-2.59,22.5,140.214
140.546,-0.0815512,-0.349871,-2.94338,-0.0951445,140.631,140.602,-2.59,22.5,140.263
140.546,0.0288567,-4.32085,-4.37272,-0.0850905,140.618,140.591,-3.99,22.49,140.263
140.546,0.0288567,-4.32085,-4.37272,-0.0850905,140.618,140.591,-3.99,22.49,140.263
140.546,0.139819,-8.15842,-5.69738,-0.0720312,140.602,140.58,-4.78,22.48,140.285
140.546,0.139819,-8.15842,-5.69738,-0.0720312,140.602,140.58,-4.78,22.48,140.307
140.546,0.246716,-11.6625,-6.84401,-0.0563491,140.585,140.567,-5.21,22.47,140.307
140.546,0.246716,-11.6625,-6.84401,-0.0563491,140.585,140.567,-5.21,22.47,140.307
140.546,0.343949,-14.6315,-7.7415,-0.0386316,140.566,140.555,-5.33,22.46,140.324
140.546,0.343949,-14.6315,-7.7415,-0.0386316,140.566,140.555,-5.33,22.46,140.335
140.546,0.425898,-16.796,-8.29533,-0.0195753,140.546,140.544,-4.72,22.45,140.335
140.546,0.425898,-16.796,-8.29533,-0.0195753,140.546,140.544,-4.72,22.45,140.335
140.546,0.485046,-17.8197,-8.38898,-0.000177585,140.528,140.536,-3.38,22.44,140.373
140.546,0.485046,-17.8197,-8.38898,-0.000177585,140.528,140.536,-3.38,22.44,140.406
140.546,0.512026,-17.7911,-8.07306,0.0182639,140.511,140.528,-3.5,22.43,140.406
140.546,0.512026,-17.7911,-8.07306,0.0182639,140.511,140.528,-3.5,22.43,140.406
140.546,0.509421,-16.777,-7.38817,0.0349842,140.497,140.521,-3.2,22.43,140.461
140.546,0.509421,-16.777,-7.38817,0.0349842,140.497,140.521,-3.2,22.43,140.538
140.546,0.479193,-14.9079,-6.39804,0.0493003,140.485,140.515,-2.95,22.42,140.538
140.546,0.479193,-14.9079,-6.39804,0.0493003,140.485,140.515,-2.95,22.42,140.538
140.546,0.425092,-12.4248,-5.20647,0.0607067,140.477,140.51,-3.2,22.41,140.669
140.546,0.425092,-12.4248,-5.20647,0.0607067,140.477,140.51,-3.2,22.41,140.785
140.546,0.353951,-9.48707,-3.88224,0.0690122,140.472,140.506,-2.89,22.41,140.785
140.546,0.353951,-9.48707,-3.88224,0.0690122,140.472,140.506,-2.89,22.41,140.785
140.546,0.270288,-6.24712,-2.48905,0.0741212,140.47,140.504,-2.59,22.4,140.928
140.546,0.270288,-6.24712,-2.48905,0.0741212,140.47,140.504,-2.59,22.4,141.076
140.546,0.178414,-2.75941,-1.05078,0.0760337,140.471,140.505,-1.79,22.4,141.076
140.546,0.178414,-2.75941,-1.05078,0.0760337,140.471,140.505,-1.79,22.4,141.076
140.546,0.0798785,0.814061,0.368368,0.0747086,140.476,140.507,-1.43,22.4,141.197
140.546,0.0798785,0.814061,0.368368,0.0747086,140.476,140.507,-1.43,22.4,141.251
140.546,-0.0207583,4.33989,1.71746,0.070351,140.483,140.511,-0.76,22.4,141.251
140.546,-0.0207583,4.33989,1.71746,0.070351,140.483,140.511,-0.76,22.4,141.251
140.546,-0.119751,7.75817,2.97563,0.0632476,140.492,140.517,0.45,22.4,141.219
140.546,-0.119751,7.75817,2.97563,0.0632476,140.492,140.517,0.45,22.4,141.158
140.546,-0.215429,10.8211,4.0508,0.0536443,140.504,140.523,0.7,22.4,141.158
140.546,-0.215429,10.8211,4.0508,0.0536443,140.504,140.523,0.7,22.4,141.158
140.546,-0.300854,13.5343,4.95136,0.0421559,140.517,140.531,1.92,22.4,141.098
140.546,-0.300854,13.5343,4.95136,0.0421559,140.517,140.531,1.92,22.4,140.999
140.546,-0.376214,16.0092,5.72611,0.0291512,140.531,140.542,3.63,22.41,140.999
140.546,-0.376214,16.0092,5.72611,0.0291512,140.531,140.542,3.63,22.41,140.999
140.546,-0.444679,18.1369,6.33764,0.0147805,140.546,140.553,4.06,22.42,140.933
140.546,-0.444679,18.1369,6.33764,0.0147805,140.546,140.553,4.06,22.42,140.873
140.546,-0.503217,19.9543,6.80574,-0.000519094,140.562,140.565,4.97,22.43,140.873
140.546,-0.503217,19.9543,6.80574,-0.000519094,140.562,140.565,4.97,22.43,140.873
140.546,-0.552891,21.464,7.13652,-0.0164744,140.579,140.578,5.7,22.44,140.779
140.546,-0.552891,21.464,7.13652,-0.0164744,140.579,140.578,5.7,22.44,140.675
140.546,-0.593809,22.4223,7.2415,-0.0328122,140.595,140.588,5.09,22.45,140.675
140.546,-0.593809,22.4223,7.2415,-0.0328122,140.595,140.588,5.09,22.45,140.675
140.546,-0.619159,22.6306,7.0527,-0.0488222,140.61,140.597,4.42,22.46,140.549
140.546,-0.619159,22.6306,7.0527,-0.0488222,140.61,140.597,4.42,22.46,140.406
140.546,-0.623408,22.082,6.57828,-0.0636847,140.623,140.604,4.36,22.47,140.406
140.546,-0.623408,22.082,6.57828,-0.0636847,140.623,140.604,4.36,22.47,140.406
140.546,-0.60643,20.7915,5.83454,-0.0767986,140.634,140.61,4.18,22.48,140.241
140.546,-0.60643,20.7915,5.83454,-0.0767986,140.634,140.61,4.18,22.48,140.098
140.546,-0.568708,18.7114,4.81329,-0.0876177,140.642,140.613,3.32,22.48,140.098
140.546,-0.568708,18.7114,4.81329,-0.0876177,140.642,140.613,3.32,22.48,140.098
140.546,-0.508964,15.9983,3.58498,-0.095527,140.646,140.614,2.96,22.49,140.016
140.546,-0.508964,15.9983,3.58498,-0.095527,140.646,140.614,2.96,22.49,139.994
140.546,-0.431656,12.757,2.19774,-0.100254,140.648,140.614,1.98,22.49,139.994
140.546,-0.431656,12.757,2.19774,-0.100254,140.648,140.614,1.98,22.49,139.994
140.546,-0.339774,9.20118,0.739737,-0.101565,140.646,140.612,1.25,22.49,140.016
140.546,-0.339774,9.20118,0.739737,-0.101565,140.646,140.612,1.25,22.49,140.093
140.546,-0.239357,5.38266,-0.766121,-0.0995432,140.64,140.607,-0.45,22.49,140.093
140.546,-0.239357,5.38266,-0.766121,-0.0995432,140.64,140.607,-0.45,22.49,140.093
140.546,-0.131876,1.32456,-2.30869,-0.09412,140.631,140.599,-2.28,22.49,140.153
140.546,-0.131876,1.32456,-2.30869,-0.09412,140.631,140.599,-2.28,22.49,140.219
140.546,-0.0179947,-2.95,-3.87723,-0.0852544,140.619,140.588,-4.17,22.48,140.219
140.546,-0.0179947,-2.95,-3.87723,-0.0852544,140.619,140.588,-4.17,22.48,140.219
140.546,0.101624,-7.22864,-5.38886,-0.0729191,140.603,140.576,-5.03,22.47,140.258
140.546,0.101624,-7.22864,-5.38886,-0.0729191,140.603,140.576,-5.03,22.47,140.296
140.546,0.22101,-11.2105,-6.72987,-0.0574419,140.585,140.563,-5.27,22.46,140.296
140.546,0.22101,-11.2105,-6.72987,-0.0574419,140.585,140.563,-5.27,22.46,140.296
140.546,0.331724,-14.5703,-7.78131,-0.0394785,140.566,140.552,-4.97,22.45,140.307
140.546,0.331724,-14.5703,-7.78131,-0.0394785,140.566,140.552,-4.97,22.45,140.324
140.546,0.424666,-17.2167,-8.51841,-0.0199442,140.546,140.539,-5.4,22.44,140.324
140.546,0.424666,-17.2167,-8.51841,-0.0199442,140.546,140.539,-5.4,22.44,140.324
140.546,0.497334,-18.9632,-8.8809,0.000396151,140.525,140.528,-5.03,22.43,140.357
140.546,0.497334,-18.9632,-8.8809,0.000396151,140.525,140.528,-5.03,22.43,140.389
140.546,0.544559,-19.8168,-8.8849,0.0205862,140.506,140.517,-5.15,22.42,140.389
140.546,0.544559,-19.8168,-8.8849,0.0205862,140.506,140.517,-5.15,22.42,140.389
140.546,0.566611,-19.682,-8.50694,0.0398883,140.489,140.507,-4.48,22.41,140.45
140.546,0.566611,-19.682,-8.50694,0.0398883,140.489,140.507,-4.48,22.41,140.527
140.546,0.560893,-18.612,-7.78141,0.0574146,140.473,140.499,-4.17,22.4,140.527
140.546,0.560893,-18.612,-7.78141,0.0574146,140.473,140.499,-4.17,22.4,140.527
140.546,0.528978,-16.713,-6.7619,0.0724956,140.461,140.493,-3.93,22.39,140.642
140.546,0.528978,-16.713,-6.7619,0.0724956,140.461,140.493,-3.93,22.39,140.763
140.546,0.473923,-14.2122,-5.54657,0.084626,140.452,140.486,-4.05,22.39,140.763
140.546,0.473923,-14.2122,-5.54657,0.084626,140.452,140.486,-4.05,22.39,140.763
140.546,0.402177,-11.2418,-4.19359,0.0936282,140.447,140.482,-3.75,22.38,140.922
140.546,0.402177,-11.2418,-4.19359,0.0936282,140.447,140.482,-3.75,22.38,141.087
140.546,0.317493,-7.84804,-2.72616,0.0993519,140.444,140.481,-2.95,22.37,141.087
140.546,0.317493,-7.84804,-2.72616,0.0993519,140.444,140.481,-2.95,22.37,141.087
140.546,0.221203,-4.06356,-1.1615,0.101606,140.446,140.482,-1.79,22.37,141.202
140.546,0.221203,-4.06356,-1.1615,0.101606,140.446,140.482,-1.79,22.37,141.262
140.546,0.114254,-0.159285,0.392515,0.100226,140.45,140.485,-1.55,22.36,141.262
140.546,0.114254,-0.159285,0.392515,0.100226,140.45,140.485,-1.55,22.36,141.262
140.546,0.00427455,3.68373,1.86635,0.0954997,140.458,140.489,-0.76,22.36,141.262
140.546,0.00427455,3.68373,1.86635,0.0954997,140.458,140.489,-0.76,22.36,141.202
140.546,-0.10365,7.53219,3.28795,0.0877679,140.469,140.497,1.31,22.37,141.202
140.546,-0.10365,7.53219,3.28795,0.0877679,140.469,140.497,1.31,22.37,141.202
140.546,-0.211404,11.2704,4.6144,0.0770855,140.482,140.506,2.53,22.37,141.125
140.546,-0.211404,11.2704,4.6144,0.0770855,140.482,140.506,2.53,22.37,141.043
140.546,-0.315748,14.7853,5.80539,0.063753,140.498,140.518,3.63,22.38,141.043
140.546,-0.315748,14.7853,5.80539,0.063753,140.498,140.518,3.63,22.38,141.043
140.546,-0.413526,17.8374,6.77364,0.0481802,140.515,140.528,3.87,22.39,140.966
140.546,-0.413526,17.8374,6.77364,0.0481802,140.515,140.528,3.87,22.39,140.906
140.546,-0.498038,20.4158,7.52274,0.03105,140.533,140.541,4.85,22.4,140.906
140.546,-0.498038,20.4158,7.52274,0.03105,140.533,140.541,4.85,22.4,140.906
140.546,-0.569024,22.4523,8.03432,0.0128408,140.552,140.554,5.28,22.41,140.856
140.546,-0.569024,22.4523,8.03432,0.0128408,140.552,140.554,5.28,22.41,140.757
140.546,-0.624617,23.7891,8.25635,-0.00588762,140.57,140.565,5.15,22.42,140.757
140.546,-0.624617,23.7891,8.25635,-0.00588762,140.57,140.565,5.15,22.42,140.757
140.546,-0.660434,24.4589,8.2118,-0.0243701,140.588,140.577,5.58,22.43,140.664
140.546,-0.660434,24.4589,8.2118,-0.0243701,140.588,140.577,5.58,22.43,140.527
140.546,-0.677455,24.5283,7.93596,-0.0420876,140.605,140.589,6.07,22.44,140.527
140.546,-0.677455,24.5283,7.93596,-0.0420876,140.605,140.589,6.07,22.44,140.527
140.546,-0.677609,23.8654,7.38675,-0.0586303,140.619,140.598,5.4,22.45,140.378
140.546,-0.677609,23.8654,7.38675,-0.0586303,140.619,140.598,5.4,22.45,140.197
140.546,-0.65724,22.2794,6.50128,-0.0733016,140.631,140.603,4.18,22.46,140.197
140.546,-0.65724,22.2794,6.50128,-0.0733016,140.631,140.603,4.18,22.46,140.197
140.546,-0.611058,19.8535,5.32393,-0.0852134,140.64,140.607,3.75,22.47,140.055
140.546,-0.611058,19.8535,5.32393,-0.0852134,140.64,140.607,3.75,22.47,139.972
140.546,-0.541469,16.875,3.9758,-0.0938331,140.645,140.61,3.87,22.47,139.972
140.546,-0.541469,16.875,3.9758,-0.0938331,140.645,140.61,3.87,22.47,139.972
140.546,-0.456602,13.5629,2.54755,-0.099106,140.647,140.612,3.38,22.48,139.95
140.546,-0.456602,13.5629,2.54755,-0.099106,140.647,140.612,3.38,22.48,139.994
140.546,-0.362652,9.86822,1.02383,-0.101073,140.645,140.61,1.31,22.48,139.994
140.546,-0.362652,9.86822,1.02383,-0.101073,140.645,140.61,1.31,22.48,139.994
140.546,-0.258263,5.77881,-0.596048,-0.0994885,140.64,140.604,-0.76,22.48,140.055
140.546,-0.258263,5.77881,-0.596048,-0.0994885,140.64,140.604,-0.76,22.48,140.12
140.546,-0.143116,1.31231,-2.30123,-0.0941473,140.631,140.595,-2.83,22.48,140.12
140.546,-0.143116,1.31231,-2.30123,-0.0941473,140.631,140.595,-2.83,22.48,140.12
140.546,-0.017734,-3.32028,-4.00716,-0.0848856,140.618,140.584,-4.05,22.47,140.197
140.546,-0.017734,-3.32028,-4.00716,-0.0848856,140.618,140.584,-4.05,22.47,140.241
140.546,0.111937,-7.75955,-5.5755,-0.0719219,140.602,140.573,-4.3,22.46,140.241
140.546,0.111937,-7.75955,-5.5755,-0.0719219,140.602,140.573,-4.3,22.46,140.241
140.546,0.235804,-11.8762,-6.96117,-0.0558846,140.583,140.561,-5.33,22.45,140.269
140.546,0.235804,-11.8762,-6.96117,-0.0558846,140.583,140.561,-5.33,22.45,140.296
140.546,0.35026,-15.4116,-8.07122,-0.0372928,140.563,140.548,-5.46,22.44,140.296
140.546,0.35026,-15.4116,-8.07122,-0.0372928,140.563,140.548,-5.46,22.44,140.296
140.546,0.44808,-18.092,-8.81044,-0.0169799,140.542,140.536,-5.03,22.43,140.307
140.546,0.44808,-18.092,-8.81044,-0.0169799,140.542,140.536,-5.03,22.43,140.34
140.546,0.521639,-19.8917,-9.18218,0.00400249,140.521,140.524,-5.4,22.42,140.34
140.546,0.521639,-19.8917,-9.18218,0.00400249,140.521,140.524,-5.4,22.42,140.34
140.546,0.570288,-20.5982,-9.1183,0.0248755,140.501,140.514,-4.48,22.41,140.384
140.546,0.570288,-20.5982,-9.1183,0.0248755,140.501,140.514,-4.48,22.41,140.439
140.546,0.588143,-20.2034,-8.63157,0.0445192,140.484,140.505,-4.05,22.4,140.439
140.546,0.588143,-20.2034,-8.63157,0.0445192,140.484,140.505,-4.05,22.4,140.439
140.546,0.57507,-18.8285,-7.78396,0.0620454,140.469,140.498,-3.99,22.39,140.538
140.546,0.57507,-18.8285,-7.78396,0.0620454,140.469,140.498,-3.99,22.39,140.648
140.546,0.534562,-16.615,-6.64316,0.076826,140.458,140.491,-3.75,22.38,140.648
140.546,0.534562,-16.615,-6.64316,0.076826,140.458,140.491,-3.75,22.38,140.648
140.546,0.470674,-13.7739,-5.3011,0.0883963,140.449,140.486,-3.75,22.38,140.79
140.546,0.470674,-13.7739,-5.3011,0.0883963,140.449,140.486,-3.75,22.38,140.944
140.546,0.389394,-10.4114,-3.80625,0.0965516,140.445,140.483,-3.14,22.37,140.944
140.546,0.389394,-10.4114,-3.80625,0.0965516,140.445,140.483,-3.14,22.37,140.944
140.546,0.293752,-6.65552,-2.21375,0.101087,140.444,140.483,-2.59,22.37,141.109
140.546,0.293752,-6.65552,-2.21375,0.101087,140.444,140.483,-2.59,22.37,141.24
140.546,0.187377,-2.6614,-0.587152,0.10192,140.447,140.484,-1.98,22.36,141.24
140.546,0.187377,-2.6614,-0.587152,0.10192,140.447,140.484,-1.98,22.36,141.24
140.546,0.0746501,1.33,0.97939,0.0991334,140.453,140.487,-1.49,22.36,141.273
140.546,0.0746501,1.33,0.97939,0.0991334,140.453,140.487,-1.49,22.36,141.268
140.546,-0.0376519,5.1104,2.40771,0.0930955,140.462,140.491,-0.88,22.36,141.268
140.546,-0.0376519,5.1104,2.40771,0.0930955,140.462,140.491,-0.88,22.36,141.268
140.546,-0.14369,8.78461,3.7425,0.0843119,140.473,140.499,1.31,22.36,141.197
140.546,-0.14369,8.78461,3.7425,0.0843119,140.473,140.499,1.31,22.36,141.12
140.546,-0.246434,12.256,4.94967,0.0728645,140.487,140.508,2.47,22.36,141.12
140.546,-0.246434,12.256,4.94967,0.0728645,140.487,140.508,2.47,22.36,141.12
140.546,-0.343185,15.5463,6.04177,0.0591085,140.503,140.52,4.06,22.37,141.043
140.546,-0.343185,15.5463,6.04177,0.0591085,140.503,140.52,4.06,22.37,140.96
140.546,-0.434581,18.5235,6.97203,0.0432624,140.52,140.533,4.79,22.38,140.96
140.546,-0.434581,18.5235,6.97203,0.0432624,140.52,140.533,4.79,22.38,140.96
140.546,-0.516934,21.0719,7.70166,0.0258045,140.539,140.546,5.28,22.39,140.9
140.546,-0.516934,21.0719,7.70166,0.0258045,140.539,140.546,5.28,22.39,140.818
140.546,-0.58703,23.1915,8.23771,0.00725366,140.558,140.56,6.19,22.41,140.818
140.546,-0.58703,23.1915,8.23771,0.00725366,140.558,140.56,6.19,22.41,140.818
140.546,-0.64491,24.7734,8.54532,-0.0119802,140.577,140.574,6.37,22.42,140.724
140.546,-0.64491,24.7734,8.54532,-0.0119802,140.577,140.574,6.37,22.42,140.609
140.546,-0.687555,25.6569,8.57114,-0.0313096,140.596,140.586,6.07,22.43,140.609
140.546,-0.687555,25.6569,8.57114,-0.0313096,140.596,140.586,6.07,22.43,140.609
140.546,-0.710506,25.6977,8.27012,-0.049997,140.613,140.596,5.58,22.44,140.472
140.546,-0.710506,25.6977,8.27012,-0.049997,140.613,140.596,5.58,22.44,140.307
140.546,-0.709771,24.8591,7.6402,-0.0672091,140.628,140.605,5.28,22.45,140.307
140.546,-0.709771,24.8591,7.6402,-0.0672091,140.628,140.605,5.28,22.45,140.307
140.546,-0.68439,23.167,6.70348,-0.0822355,140.64,140.611,4.97,22.46,140.137
140.546,-0.68439,23.167,6.70348,-0.0822355,140.64,140.611,4.97,22.46,140.016
140.546,-0.635162,20.654,5.48397,-0.0944615,140.649,140.615,4.18,22.47,140.016
140.546,-0.635162,20.654,5.48397,-0.0944615,140.649,140.615,4.18,22.47,140.016
140.546,-0.563073,17.5189,4.06855,-0.103327,140.655,140.618,3.75,22.48,139.95
140.546,-0.563073,17.5189,4.06855,-0.103327,140.655,140.618,3.75,22.48,139.967
140.546,-0.473765,13.8732,2.50763,-0.108627,140.656,140.618,2.47,22.48,139.967
140.546,-0.473765,13.8732,2.50763,-0.108627,140.656,140.618,2.47,22.48,139.967
140.546,-0.37042,9.80833,0.841993,-0.110185,140.654,140.615,0.88,22.49,140.011
140.546,-0.37042,9.80833,0.841993,-0.110185,140.654,140.615,0.88,22.49,140.076
140.546,-0.255633,5.46026,-0.871798,-0.107862,140.648,140.61,-0.63,22.48,140.076
140.546,-0.255633,5.46026,-0.871798,-0.107862,140.648,140.61,-0.63,22.48,140.076
140.546,-0.133253,0.763692,-2.65642,-0.101688,140.637,140.601,-3.14,22.48,140.137
140.546,-0.133253,0.763692,-2.65642,-0.101688,140.637,140.601,-3.14,22.48,140.197
140.546,-0.00146114,-4.10168,-4.43982,-0.0914562,140.623,140.589,-4.54,22.47,140.197
140.546,-0.00146114,-4.10168,-4.43982,-0.0914562,140.623,140.589,-4.54,22.47,140.197
140.546,0.134678,-8.79008,-6.08893,-0.0773587,140.606,140.576,-4.91,22.46,140.236
140.546,0.134678,-8.79008,-6.08893,-0.0773587,140.606,140.576,-4.91,22.46,140.263
140.546,0.265453,-13.0183,-7.49955,-0.06001,140.586,140.564,-5.27,22.45,140.263
140.546,0.265453,-13.0183,-7.49955,-0.06001,140.586,140.564,-5.27,22.45,140.263
140.546,0.38294,-16.5809,-8.60112,-0.0401888,140.565,140.55,-5.58,22.44,140.28
140.546,0.38294,-16.5809,-8.60112,-0.0401888,140.565,140.55,-5.58,22.44,140.307
140.546,0.481413,-19.2764,-9.32729,-0.0187557,140.543,140.538,-5.52,22.43,140.307
140.546,0.481413,-19.2764,-9.32729,-0.0187557,140.543,140.538,-5.52,22.43,140.307
140.546,0.555282,-20.8528,-9.59499,0.00331947,140.521,140.527,-4.72,22.42,140.335
140.546,0.555282,-20.8528,-9.59499,0.00331947,140.521,140.527,-4.72,22.42,140.378
140.546,0.597555,-21.2544,-9.39942,0.0248209,140.501,140.517,-4.36,22.41,140.378
140.546,0.597555,-21.2544,-9.39942,0.0248209,140.501,140.517,-4.36,22.41,140.378
140.546,0.606763,-20.5342,-8.77787,0.0447377,140.484,140.508,-4.11,22.4,140.45
140.546,0.606763,-20.5342,-8.77787,0.0447377,140.484,140.508,-4.11,22.4,140.543
140.546,0.584496,-18.9428,-7.84203,0.0622367,140.469,140.5,-4.54,22.39,140.543
140.546,0.584496,-18.9428,-7.84203,0.0622367,140.469,140.5,-4.54,22.39,140.543
140.546,0.53788,-16.4911,-6.60784,0.0769216,140.458,140.494,-3.69,22.38,140.675
140.546,0.53788,-16.4911,-6.60784,0.0769216,140.458,140.494,-3.69,22.38,140.823
140.546,0.467291,-13.3982,-5.17059,0.0881777,140.45,140.489,-3.63,22.38,140.823
140.546,0.467291,-13.3982,-5.17059,0.0881777,140.45,140.489,-3.63,22.38,140.823
140.546,0.378949,-9.88186,-3.62162,0.0958002,140.446,140.485,-3.56,22.37,140.999
140.546,0.378949,-9.88186,-3.62162,0.0958002,140.446,140.485,-3.56,22.37,141.164
140.546,0.279017,-5.96669,-1.97494,0.0997891,140.446,140.486,-2.47,22.36,141.164
140.546,0.279017,-5.96669,-1.97494,0.0997891,140.446,140.486,-2.47,22.36,141.164
140.546,0.168212,-1.87591,-0.32023,0.0999667,140.449,140.487,-2.04,22.36,141.262
140.546,0.168212,-1.87591,-0.32023,0.0999667,140.449,140.487,-2.04,22.36,141.295
140.546,0.0528244,2.24617,1.28635,0.0965242,140.456,140.491,-1.06,22.36,141.295
140.546,0.0528244,2.24617,1.28635,0.0965242,140.456,140.491,-1.06,22.36,141.295
140.546,-0.0630863,6.29883,2.8074,0.0897214,140.466,140.497,0.21,22.36,141.273
140.546,-0.0630863,6.29883,2.8074,0.0897214,140.466,140.497,0.21,22.36,141.197
140.546,-0.176699,10.1772,4.20532,0.0798313,140.479,140.505,1.55,22.36,141.197
140.546,-0.176699,10.1772,4.20532,0.0798313,140.479,140.505,1.55,22.36,141.197
140.546,-0.285084,13.9154,5.49714,0.0672091,140.494,140.516,3.44,22.37,141.109
140.546,-0.285084,13.9154,5.49714,0.0672091,140.494,140.516,3.44,22.37,141.026
140.546,-0.389221,17.3378,6.61899,0.052046,140.511,140.528,4.18,22.38,141.026
140.546,-0.389221,17.3378,6.61899,0.052046,140.511,140.528,4.18,22.38,141.026
140.546,-0.484198,20.2851,7.51563,0.0348749,140.53,140.541,4.73,22.39,140.944
140.546,-0.484198,20.2851,7.51563,0.0348749,140.53,140.541,4.73,22.39,140.867
140.546,-0.565578,22.7218,8.18138,0.0163105,140.549,140.554,5.58,22.4,140.867
140.546,-0.565578,22.7218,8.18138,0.0163105,140.549,140.554,5.58,22.4,140.867
140.546,-0.632413,24.674,8.63433,-0.00312823,140.569,140.569,6.44,22.41,140.801
140.546,-0.632413,24.674,8.63433,-0.00312823,140.569,140.569,6.44,22.41,140.691
140.546,-0.685477,25.9931,8.8252,-0.0230177,140.589,140.582,6.37,22.42,140.691
140.546,-0.685477,25.9931,8.8252,-0.0230177,140.589,140.582,6.37,22.42,140.691
140.546,-0.720649,26.5608,8.71808,-0.042675,140.607,140.594,6.19,22.43,140.56
140.546,-0.720649,26.5608,8.71808,-0.042675,140.607,140.594,6.19,22.43,140.406
140.546,-0.734659,26.2708,8.28319,-0.0613488,140.624,140.604,5.76,22.45,140.406
140.546,-0.734659,26.2708,8.28319,-0.0613488,140.624,140.604,5.76,22.45,140.406
140.546,-0.724592,25.0483,7.50392,-0.0782603,140.639,140.612,5.21,22.46,140.219
140.546,-0.724592,25.0483,7.50392,-0.0782603,140.639,140.612,5.21,22.46,140.06
140.546,-0.688418,22.8811,6.38838,-0.0926174,140.65,140.617,4.48,22.47,140.06
140.546,-0.688418,22.8811,6.38838,-0.0926174,140.65,140.617,4.48,22.47,140.06
140.546,-0.625867,19.8617,4.98468,-0.10371,140.657,140.619,3.63,22.47,139.972
140.546,-0.625867,19.8617,4.98468,-0.10371,140.657,140.619,3.63,22.47,139.939
140.546,-0.539616,16.0976,3.345,-0.111032,140.66,140.619,2.41,22.48,139.939
140.546,-0.539616,16.0976,3.345,-0.111032,140.66,140.619,2.41,22.48,139.939
140.546,-0.432749,11.7768,1.55051,-0.114201,140.659,140.617,1.19,22.48,139.961
140.546,-0.432749,11.7768,1.55051,-0.114201,140.659,140.617,1.19,22.48,140.016
140.546,-0.310594,7.09112,-0.318991,-0.113081,140.654,140.612,-0.21,22.48,140.016
140.546,-0.310594,7.09112,-0.318991,-0.113081,140.654,140.612,-0.21,22.48,140.016
140.546,-0.17858,2.00114,-2.27524,-0.107712,140.644,140.603,-2.83,22.47,140.087
140.546,-0.17858,2.00114,-2.27524,-0.107712,140.644,140.603,-2.83,22.47,140.159
140.546,-0.035618,-3.24268,-4.21841,-0.0978766,140.63,140.591,-4.11,22.47,140.159
140.546,-0.035618,-3.24268,-4.21841,-0.0978766,140.63,140.591,-4.11,22.47,140.159
140.546,0.111234,-8.33539,-6.03145,-0.0838611,140.612,140.579,-4.85,22.46,140.197
140.546,0.111234,-8.33539,-6.03145,-0.0838611,140.612,140.579,-4.85,22.46,140.236
140.546,0.253415,-13.1082,-7.65379,-0.0662255,140.592,140.564,-6.01,22.44,140.236
140.546,0.253415,-13.1082,-7.65379,-0.0662255,140.592,140.564,-6.01,22.44,140.236
140.546,0.386208,-17.297,-8.99061,-0.0455437,140.569,140.55,-6.37,22.43,140.263
140.546,0.386208,-17.297,-8.99061,-0.0455437,140.569,140.55,-6.37,22.43,140.291
140.546,0.502235,-20.5574,-9.91987,-0.0226762,140.545,140.536,-5.88,22.42,140.291
140.546,0.502235,-20.5574,-9.91987,-0.0226762,140.545,140.536,-5.88,22.42,140.291
140.546,0.591886,-22.7491,-10.4023,0.00118845,140.521,140.523,-5.82,22.41,140.318
140.546,0.591886,-22.7491,-10.4023,0.00118845,140.521,140.523,-5.82,22.41,140.373
140.546,0.65131,-23.732,-10.4004,0.0249848,140.498,140.511,-5.33,22.4,140.373
140.546,0.65131,-23.732,-10.4004,0.0249848,140.498,140.511,-5.33,22.4,140.373
140.546,0.676665,-23.4447,-9.90823,0.0475654,140.478,140.501,-4.72,22.39,140.45
140.546,0.676665,-23.4447,-9.90823,0.0475654,140.478,140.501,-4.72,22.39,140.543
140.546,0.666335,-21.9187,-8.95582,0.0678511,140.461,140.493,-4.11,22.38,140.543
140.546,0.666335,-21.9187,-8.95582,0.0678511,140.461,140.493,-4.11,22.38,140.543
140.546,0.621307,-19.3757,-7.6453,0.0849129,140.448,140.487,-4.17,22.37,140.691
140.546,0.621307,-19.3757,-7.6453,0.0849129,140.448,140.487,-4.17,22.37,140.834
140.546,0.547911,-16.0677,-6.08666,0.0982318,140.438,140.481,-4.11,22.36,140.834
140.546,0.547911,-16.0677,-6.08666,0.0982318,140.438,140.481,-4.11,22.36,140.834
140.546,0.453298,-12.1839,-4.36198,0.107548,140.433,140.477,-3.75,22.36,141.021
140.546,0.453298,-12.1839,-4.36198,0.107548,140.433,140.477,-3.75,22.36,141.197
140.546,0.342839,-7.91066,-2.54937,0.112712,140.432,140.476,-3.26,22.35,141.197
140.546,0.342839,-7.91066,-2.54937,0.112712,140.432,140.476,-3.26,22.35,141.197
140.546,0.221809,-3.43327,-0.72361,0.113723,140.435,140.477,-2.47,22.34,141.295
140.546,0.221809,-3.43327,-0.72361,0.113723,140.435,140.477,-2.47,22.34,141.334
140.546,0.0954285,1.19251,1.09279,0.110731,140.442,140.482,-0.88,22.34,141.334
140.546,0.0954285,1.19251,1.09279,0.110731,140.442,140.482,-0.88,22.34,141.334
140.546,-0.0347262,5.91766,2.88076,0.103819,140.453,140.49,1,22.34,141.301
140.546,-0.0347262,5.91766,2.88076,0.103819,140.453,140.49,1,22.34,141.23
140.546,-0.167277,10.5026,4.5489,0.0930955,140.467,140.499,1.98,22.35,141.23
140.546,-0.167277,10.5026,4.5489,0.0930955,140.467,140.499,1.98,22.35,141.23
140.546,-0.295498,14.7663,6.03161,0.0790526,140.484,140.51,3.14,22.35,141.131
140.546,-0.295498,14.7663,6.03161,0.0790526,140.484,140.51,3.14,22.35,141.043
140.546,-0.414329,18.6501,7.3127,0.0622503,140.503,140.523,4.6,22.36,141.043
140.546,-0.414329,18.6501,7.3127,0.0622503,140.503,140.523,4.6,22.36,141.043
140.546,-0.522161,21.9758,8.33071,0.0431668,140.523,140.536,5.15,22.37,140.971
140.546,-0.522161,21.9758,8.33071,0.0431668,140.523,140.536,5.15,22.37,140.889
140.546,-0.614029,24.7026,9.07923,0.0225396,140.545,140.551,6.07,22.39,140.889
140.546,-0.614029,24.7026,9.07923,0.0225396,140.545,140.551,6.07,22.39,140.889
140.546,-0.688838,26.7241,9.52712,0.000956226,140.567,140.565,6.37,22.4,140.807
140.546,-0.688838,26.7241,9.52712,0.000956226,140.567,140.565,6.37,22.4,140.697
140.546,-0.743666,27.9888,9.66533,-0.0208594,140.588,140.58,6.68,22.41,140.697
140.546,-0.743666,27.9888,9.66533,-0.0208594,140.588,140.58,6.68,22.41,140.697
140.546,-0.777123,28.5075,9.50928,-0.0421969,140.608,140.593,7.05,22.43,140.56
140.546,-0.777123,28.5075,9.50928,-0.0421969,140.608,140.593,7.05,22.43,140.384
140.546,-0.78958,28.1876,9.03424,-0.0624689,140.627,140.605,6.74,22.44,140.384
140.546,-0.78958,28.1876,9.03424,-0.0624689,140.627,140.605,6.74,22.44,140.384
140.546,-0.778503,26.799,8.16387,-0.0809104,140.642,140.613,5.4,22.45,140.192
140.546,-0.778503,26.799,8.16387,-0.0809104,140.642,140.613,5.4,22.45,140.033
140.546,-0.737503,24.3391,6.9118,-0.0964696,140.654,140.618,4.54,22.46,140.033
140.546,-0.737503,24.3391,6.9118,-0.0964696,140.654,140.618,4.54,22.46,140.033
140.546,-0.666592,21.0202,5.37375,-0.108354,140.662,140.621,4.12,22.47,139.939
140.546,-0.666592,21.0202,5.37375,-0.108354,140.662,140.621,4.12,22.47,139.895
140.546,-0.571816,17.1282,3.67021,-0.116182,140.666,140.623,3.69,22.48,139.895
140.546,-0.571816,17.1282,3.67021,-0.116182,140.666,140.623,3.69,22.48,139.895
140.546,-0.461267,12.7406,1.83752,-0.119897,140.665,140.622,1.92,22.48,139.923
140.546,-0.461267,12.7406,1.83752,-0.119897,140.665,140.622,1.92,22.48,139.983
140.546,-0.337164,7.93242,-0.0902638,-0.11931,140.66,140.617,-0.09,22.48,139.983
140.546,-0.337164,7.93242,-0.0902638,-0.11931,140.66,140.617,-0.09,22.48,139.983
140.546,-0.201641,2.82746,-2.06155,-0.114296,140.651,140.609,-1.98,22.48,140.06
140.546,-0.201641,2.82746,-2.06155,-0.114296,140.651,140.609,-1.98,22.48,140.12
140.546,-0.0582025,-2.4817,-4.03858,-0.104898,140.637,140.598,-3.99,22.47,140.12
140.546,-0.0582025,-2.4817,-4.03858,-0.104898,140.637,140.598,-3.99,22.47,140.12
140.546,0.0905389,-7.8072,-5.94848,-0.091183,140.619,140.584,-5.46,22.46,140.181
140.546,0.0905389,-7.8072,-5.94848,-0.091183,140.619,140.584,-5.46,22.46,140.219
140.546,0.239302,-12.8931,-7.69496,-0.0734928,140.598,140.568,-6.37,22.44,140.219
140.546,0.239302,-12.8931,-7.69496,-0.0734928,140.598,140.568,-6.37,22.44,140.219
140.546,0.380911,-17.3514,-9.13469,-0.0524149,140.575,140.554,-6.25,22.43,140.241
140.546,0.380911,-17.3514,-9.13469,-0.0524149,140.575,140.554,-6.25,22.43,140.274
140.546,0.504506,-20.9004,-10.1704,-0.0289737,140.55,140.539,-6.19,22.42,140.274
140.546,0.504506,-20.9004,-10.1704,-0.0289737,140.55,140.539,-6.19,22.42,140.274
140.546,0.602236,-23.2732,-10.7141,-0.00428936,140.526,140.526,-5.64,22.41,140.307
140.546,0.602236,-23.2732,-10.7141,-0.00428936,140.526,140.526,-5.64,22.41,140.357
140.546,0.666697,-24.3214,-10.7267,0.0203403,140.502,140.515,-5.09,22.4,140.357
140.546,0.666697,-24.3214,-10.7267,0.0203403,140.502,140.515,-5.09,22.4,140.357
140.546,0.693826,-24.0315,-10.2224,0.0436586,140.481,140.505,-4.66,22.39,140.428
140.546,0.693826,-24.0315,-10.2224,0.0436586,140.481,140.505,-4.66,22.39,140.538
140.546,0.683355,-22.5422,-9.27327,0.0645863,140.464,140.496,-4.6,22.38,140.538
140.546,0.683355,-22.5422,-9.27327,0.0645863,140.464,140.496,-4.6,22.38,140.538
140.546,0.639297,-20.153,-8.01067,0.0823448,140.449,140.488,-5.03,22.37,140.669
140.546,0.639297,-20.153,-8.01067,0.0823448,140.449,140.488,-5.03,22.37,140.834
140.546,0.570155,-17.0179,-6.50539,0.0965789,140.439,140.481,-4.66,22.36,140.834
140.546,0.570155,-17.0179,-6.50539,0.0965789,140.439,140.481,-4.66,22.36,140.834
140.546,0.48032,-13.2416,-4.80694,0.106933,140.433,140.477,-3.93,22.35,141.015
140.546,0.48032,-13.2416,-4.80694,0.106933,140.433,140.477,-3.93,22.35,141.197
140.546,0.372792,-8.96024,-2.97512,0.113122,140.431,140.476,-3.2,22.34,141.197
140.546,0.372792,-8.96024,-2.97512,0.113122,140.431,140.476,-3.2,22.34,141.197
140.546,0.251437,-4.34944,-1.08271,0.115007,140.433,140.477,-2.28,22.34,141.295
140.546,0.251437,-4.34944,-1.08271,0.115007,140.433,140.477,-2.28,22.34,141.35
140.546,0.12122,0.469646,0.820996,0.11263,140.44,140.482,-0.94,22.34,141.35
140.546,0.12122,0.469646,0.820996,0.11263,140.44,140.482,-0.94,22.34,141.35
140.546,-0.0144398,5.32957,2.67076,0.106086,140.45,140.489,0.45,22.34,141.317
140.546,-0.0144398,5.32957,2.67076,0.106086,140.45,140.489,0.45,22.34,141.246
140.546,-0.150834,9.95807,4.36356,0.0956636,140.464,140.497,1.31,22.34,141.246
140.546,-0.150834,9.95807,4.36356,0.0956636,140.464,140.497,1.31,22.34,141.246
140.546,-0.280326,14.2476,5.86333,0.0819623,140.48,140.507,2.77,22.35,141.158
140.546,-0.280326,14.2476,5.86333,0.0819623,140.48,140.507,2.77,22.35,141.081
140.546,-0.399926,18.126,7.14891,0.0654879,140.499,140.519,4.12,22.36,141.081
140.546,-0.399926,18.126,7.14891,0.0654879,140.499,140.519,4.12,22.36,141.081
140.546,-0.507645,21.6205,8.23808,0.0467595,140.52,140.534,5.76,22.37,140.993
140.546,-0.507645,21.6205,8.23808,0.0467595,140.52,140.534,5.76,22.37,140.911
140.546,-0.604291,24.5569,9.07085,0.026146,140.542,140.549,6.19,22.38,140.911
140.546,-0.604291,24.5569,9.07085,0.026146,140.542,140.549,6.19,22.38,140.911
140.546,-0.68501,26.8153,9.61035,0.00437132,140.564,140.564,6.5,22.39,140.834
140.546,-0.68501,26.8153,9.61035,0.00437132,140.564,140.564,6.5,22.39,140.713
140.546,-0.746494,28.2992,9.83003,-0.0178541,140.586,140.579,6.74,22.41,140.713
140.546,-0.746494,28.2992,9.83003,-0.0178541,140.586,140.579,6.74,22.41,140.713
140.546,-0.786089,28.9635,9.72425,-0.0397517,140.607,140.592,6.86,22.42,140.587
140.546,-0.786089,28.9635,9.72425,-0.0397517,140.607,140.592,6.86,22.42,140.417
140.546,-0.802604,28.6341,9.23813,-0.0606111,140.625,140.603,6.13,22.43,140.417
140.546,-0.802604,28.6341,9.23813,-0.0606111,140.625,140.603,6.13,22.43,140.417
140.546,-0.791216,27.2292,8.35439,-0.0794624,140.641,140.611,5.46,22.44,140.219
140.546,-0.791216,27.2292,8.35439,-0.0794624,140.641,140.611,5.46,22.44,140.049
140.546,-0.749717,24.7897,7.10346,-0.0954041,140.654,140.617,4.85,22.45,140.049
140.546,-0.749717,24.7897,7.10346,-0.0954041,140.654,140.617,4.85,22.45,140.049
140.546,-0.67934,21.4613,5.55497,-0.107712,140.662,140.62,4.18,22.46,139.939
140.546,-0.67934,21.4613,5.55497,-0.107712,140.662,140.62,4.18,22.46,139.895
140.546,-0.584257,17.4603,3.80321,-0.115908,140.666,140.622,3.38,22.47,139.895
140.546,-0.584257,17.4603,3.80321,-0.115908,140.666,140.622,3.38,22.47,139.895
140.546,-0.470612,12.9108,1.90369,-0.119788,140.665,140.62,1.8,22.47,139.906
140.546,-0.470612,12.9108,1.90369,-0.119788,140.665,140.62,1.8,22.47,139.95
140.546,-0.341933,7.93515,-0.0906147,-0.119173,140.66,140.615,-0.02,22.47,139.95
140.546,-0.341933,7.93515,-0.0906147,-0.119173,140.66,140.615,-0.02,22.47,139.95
140.546,-0.201696,2.67771,-2.12026,-0.113996,140.65,140.607,-1.86,22.47,140.022
140.546,-0.201696,2.67771,-2.12026,-0.113996,140.65,140.607,-1.86,22.47,140.098
140.546,-0.0539775,-2.71313,-4.12638,-0.104324,140.636,140.596,-3.69,22.46,140.098
140.546,-0.0539775,-2.71313,-4.12638,-0.104324,140.636,140.596,-3.69,22.46,140.098
140.546,0.0970435,-8.04679,-6.03612,-0.0903497,140.618,140.583,-5.15,22.45,140.159
140.546,0.0970435,-8.04679,-6.03612,-0.0903497,140.618,140.583,-5.15,22.45,140.208
140.546,0.246016,-13.0701,-7.75528,-0.0724683,140.597,140.568,-6.07,22.44,140.208
140.546,0.246016,-13.0701,-7.75528,-0.0724683,140.597,140.568,-6.07,22.44,140.208
140.546,0.385848,-17.5829,-9.21352,-0.051322,140.574,140.552,-6.86,22.42,140.236
140.546,0.385848,-17.5829,-9.21352,-0.051322,140.574,140.552,-6.86,22.42,140.269
140.546,0.510957,-21.1795,-10.2644,-0.0276623,140.549,140.538,-6.25,22.41,140.269
140.546,0.510957,-21.1795,-10.2644,-0.0276623,140.549,140.538,-6.25,22.41,140.269
140.546,0.610007,-23.6271,-10.8332,-0.00273208,140.524,140.524,-5.94,22.4,140.318
140.546,0.610007,-23.6271,-10.8332,-0.00273208,140.524,140.524,-5.94,22.4,140.367
140.546,0.676547,-24.7434,-10.8673,0.0222118,140.5,140.513,-5.27,22.39,140.367
140.546,0.676547,-24.7434,-10.8673,0.0222118,140.5,140.513,-5.27,22.39,140.367
140.546,0.705559,-24.5964,-10.4123,0.0458989,140.479,140.502,-5.27,22.38,140.439
140.546,0.705559,-24.5964,-10.4123,0.0458989,140.479,140.502,-5.27,22.38,140.543
140.546,0.699069,-23.2977,-9.52893,0.067373,140.46,140.492,-5.15,22.37,140.543
140.546,0.699069,-23.2977,-9.52893,0.067373,140.46,140.492,-5.15,22.37,140.543
140.546,0.660317,-20.9603,-8.27638,0.0858555,140.445,140.484,-4.78,22.36,140.691
140.546,0.660317,-20.9603,-8.27638,0.0858555,140.445,140.484,-4.78,22.36,140.856
140.546,0.592569,-17.8701,-6.77808,0.100691,140.434,140.476,-5.03,22.35,140.856
140.546,0.592569,-17.8701,-6.77808,0.100691,140.434,140.476,-5.03,22.35,140.856
140.546,0.503934,-14.2109,-5.11391,0.11166,140.427,140.471,-4.72,22.34,141.043
140.546,0.503934,-14.2109,-5.11391,0.11166,140.427,140.471,-4.72,22.34,141.219
140.546,0.399628,-10.0003,-3.29727,0.118613,140.425,140.47,-3.44,22.33,141.219
140.546,0.399628,-10.0003,-3.29727,0.118613,140.425,140.47,-3.44,22.33,141.219
140.546,0.280189,-5.43577,-1.40998,0.121236,140.426,140.471,-2.65,22.33,141.323
140.546,0.280189,-5.43577,-1.40998,0.121236,140.426,140.471,-2.65,22.33,141.361
140.546,0.151195,-0.722873,0.465943,0.119583,140.432,140.474,-1.67,22.32,141.361
140.546,0.151195,-0.722873,0.465943,0.119583,140.432,140.474,-1.67,22.32,141.361
140.546,0.0184374,4.15611,2.33705,0.113887,140.442,140.481,0.58,22.32,141.328
140.546,0.0184374,4.15611,2.33705,0.113887,140.442,140.481,0.58,22.32,141.257
140.546,-0.118577,9.14808,4.18251,0.104147,140.456,140.492,2.65,22.33,141.257
140.546,-0.118577,9.14808,4.18251,0.104147,140.456,140.492,2.65,22.33,141.257
140.546,-0.258354,13.9304,5.87899,0.090459,140.473,140.504,3.32,22.34,141.18
140.546,-0.258354,13.9304,5.87899,0.090459,140.473,140.504,3.32,22.34,141.087
140.546,-0.391838,18.2281,7.32595,0.0734519,140.492,140.516,3.99,22.34,141.087
140.546,-0.391838,18.2281,7.32595,0.0734519,140.492,140.516,3.99,22.34,141.087
140.546,-0.511335,21.9404,8.49337,0.0539312,140.513,140.529,5.09,22.35,141.004
140.546,-0.511335,21.9404,8.49337,0.0539312,140.513,140.529,5.09,22.35,140.922
140.546,-0.614066,25.0334,9.37798,0.03258,140.536,140.544,6.19,22.37,140.922
140.546,-0.614066,25.0334,9.37798,0.03258,140.536,140.544,6.19,22.37,140.922
140.546,-0.699135,27.3558,9.93185,0.0100131,140.559,140.559,6.37,22.38,140.845
140.546,-0.699135,27.3558,9.93185,0.0100131,140.559,140.559,6.37,22.38,140.752
140.546,-0.762356,28.9499,10.183,-0.0129364,140.582,140.575,7.17,22.39,140.752
140.546,-0.762356,28.9499,10.183,-0.0129364,140.582,140.575,7.17,22.39,140.752
140.546,-0.804986,29.6905,10.0944,-0.0356809,140.603,140.589,6.98,22.41,140.62
140.546,-0.804986,29.6905,10.0944,-0.0356809,140.603,140.589,6.98,22.41,140.45
140.546,-0.823571,29.4291,9.62155,-0.0573873,140.623,140.601,6.37,22.42,140.45
140.546,-0.823571,29.4291,9.62155,-0.0573873,140.623,140.601,6.37,22.42,140.45
140.546,-0.81402,28.0787,8.74525,-0.0770992,140.64,140.61,5.7,22.43,140.252
140.546,-0.81402,28.0787,8.74525,-0.0770992,140.64,140.61,5.7,22.43,140.087
140.546,-0.77397,25.6596,7.48832,-0.0939014,140.653,140.616,4.97,22.44,140.087
140.546,-0.77397,25.6596,7.48832,-0.0939014,140.653,140.616,4.97,22.44,140.087
140.546,-0.704085,22.3992,5.95215,-0.107029,140.662,140.62,4.79,22.45,139.95
140.546,-0.704085,22.3992,5.95215,-0.107029,140.662,140.62,4.79,22.45,139.879
140.546,-0.610832,18.4868,4.21997,-0.116113,140.667,140.623,3.99,22.46,139.879
140.546,-0.610832,18.4868,4.21997,-0.116113,140.667,140.623,3.99,22.46,139.879
140.546,-0.499587,14.0489,2.34803,-0.120949,140.667,140.622,2.53,22.47,139.868
140.546,-0.499587,14.0489,2.34803,-0.120949,140.667,140.622,2.53,22.47,139.917
140.546,-0.373952,9.1372,0.36189,-0.121372,140.663,140.618,0.39,22.47,139.917
140.546,-0.373952,9.1372,0.36189,-0.121372,140.663,140.618,0.39,22.47,139.917
140.546,-0.235414,3.93558,-1.66317,-0.117192,140.654,140.611,-1.24,22.46,139.983
140.546,-0.235414,3.93558,-1.66317,-0.117192,140.654,140.611,-1.24,22.46,140.06
140.546,-0.0891623,-1.38311,-3.65879,-0.108518,140.642,140.601,-2.95,22.46,140.06
140.546,-0.0891623,-1.38311,-3.65879,-0.108518,140.642,140.601,-2.95,22.46,140.06
140.546,0.0599357,-6.90464,-5.65819,-0.0955817,140.624,140.586,-5.82,22.45,140.131
140.546,0.0599357,-6.90464,-5.65819,-0.0955817,140.624,140.586,-5.82,22.45,140.181
140.546,0.214288,-12.2914,-7.53116,-0.0782876,140.603,140.57,-6.55,22.43,140.181
140.546,0.214288,-12.2914,-7.53116,-0.0782876,140.603,140.57,-6.55,22.43,140.181
140.546,0.364412,-17.1404,-9.12727,-0.057237,140.579,140.555,-6.62,22.42,140.225
140.546,0.364412,-17.1404,-9.12727,-0.057237,140.579,140.555,-6.62,22.42,140.252
140.546,0.499015,-21.0243,-10.2922,-0.0334133,140.554,140.54,-6.01,22.41,140.252
140.546,0.499015,-21.0243,-10.2922,-0.0334133,140.554,140.54,-6.01,22.41,140.252
140.546,0.606155,-23.702,-10.949,-0.00814159,140.529,140.527,-5.7,22.4,140.285
140.546,0.606155,-23.702,-10.949,-0.00814159,140.529,140.527,-5.7,22.4,140.346
140.546,0.679155,-25.0701,-11.0763,0.0172804,140.504,140.515,-5.52,22.39,140.346
140.546,0.679155,-25.0701,-11.0763,0.0172804,140.504,140.515,-5.52,22.39,140.346
140.546,0.715218,-25.0838,-10.676,0.0416505,140.482,140.504,-5.09,22.37,140.422
140.546,0.715218,-25.0838,-10.676,0.0416505,140.482,140.504,-5.09,22.37,140.516
140.546,0.713199,-23.947,-9.84579,0.0638213,140.463,140.494,-5.4,22.36,140.516
140.546,0.713199,-23.947,-9.84579,0.0638213,140.463,140.494,-5.4,22.36,140.516
140.546,0.678943,-21.9119,-8.69808,0.0831234,140.447,140.483,-5.76,22.35,140.653
140.546,0.678943,-21.9119,-8.69808,0.0831234,140.447,140.483,-5.76,22.35,140.818
140.546,0.619615,-19.1089,-7.2949,0.0991334,140.435,140.475,-5.4,22.34,140.818
140.546,0.619615,-19.1089,-7.2949,0.0991334,140.435,140.475,-5.4,22.34,140.818
140.546,0.538956,-15.5885,-5.66536,0.111469,140.426,140.47,-4.54,22.33,141.01
140.546,0.538956,-15.5885,-5.66536,0.111469,140.426,140.47,-4.54,22.33,141.197
140.546,0.438439,-11.4651,-3.86207,0.119706,140.422,140.468,-3.75,22.32,141.197
140.546,0.438439,-11.4651,-3.86207,0.119706,140.422,140.468,-3.75,22.32,141.197
140.546,0.321327,-6.96998,-1.98068,0.123585,140.423,140.468,-3.14,22.32,141.306
140.546,0.321327,-6.96998,-1.98068,0.123585,140.423,140.468,-3.14,22.32,141.361
140.546,0.19416,-2.15089,-0.0429369,0.123189,140.428,140.471,-1.43,22.32,141.361
140.546,0.19416,-2.15089,-0.0429369,0.123189,140.428,140.471,-1.43,22.32,141.361
140.546,0.0582959,2.91595,1.91921,0.118449,140.437,140.478,0.45,22.32,141.345
140.546,0.0582959,2.91595,1.91921,0.118449,140.437,140.478,0.45,22.32,141.279
140.546,-0.0841065,7.98824,3.81134,0.109379,140.45,140.488,1.67,22.32,141.279
140.546,-0.0841065,7.98824,3.81134,0.109379,140.45,140.488,1.67,22.32,141.279
140.546,-0.226234,12.8876,5.567,0.096374,140.466,140.499,3.08,22.33,141.197
140.546,-0.226234,12.8876,5.567,0.096374,140.466,140.499,3.08,22.33,141.109
140.546,-0.36309,17.3514,7.08987,0.0798996,140.485,140.511,3.87,22.33,141.109
140.546,-0.36309,17.3514,7.08987,0.0798996,140.485,140.511,3.87,22.33,141.109
140.546,-0.487324,21.3238,8.36651,0.0607067,140.507,140.525,5.28,22.34,141.032
140.546,-0.487324,21.3238,8.36651,0.0607067,140.507,140.525,5.28,22.34,140.955
140.546,-0.597414,24.6794,9.35745,0.0393555,140.529,140.54,6.07,22.36,140.955
140.546,-0.597414,24.6794,9.35745,0.0393555,140.529,140.54,6.07,22.36,140.955
140.546,-0.689894,27.3476,10.0456,0.0165564,140.553,140.556,6.8,22.37,140.873
140.546,-0.689894,27.3476,10.0456,0.0165564,140.553,140.556,6.8,22.37,140.774
140.546,-0.762835,29.1854,10.387,-0.00698045,140.576,140.571,6.86,22.38,140.774
140.546,-0.762835,29.1854,10.387,-0.00698045,140.576,140.571,6.86,22.38,140.774
140.546,-0.812289,30.1955,10.3952,-0.0303943,140.599,140.587,7.29,22.4,140.658
140.546,-0.812289,30.1955,10.3952,-0.0303943,140.599,140.587,7.29,22.4,140.499
140.546,-0.838404,30.1996,10.0139,-0.0529886,140.62,140.599,6.62,22.41,140.499
140.546,-0.838404,30.1996,10.0139,-0.0529886,140.62,140.599,6.62,22.41,140.499
140.546,-0.836247,29.0751,9.21063,-0.0737797,140.638,140.609,5.83,22.42,140.307
140.546,-0.836247,29.0751,9.21063,-0.0737797,140.638,140.609,5.83,22.42,140.109
140.546,-0.802462,26.912,8.03535,-0.0917704,140.652,140.616,5.64,22.44,140.109
140.546,-0.802462,26.912,8.03535,-0.0917704,140.652,140.616,5.64,22.44,140.109
140.546,-0.739666,23.8667,6.56203,-0.106278,140.663,140.622,5.28,22.45,139.95
140.546,-0.739666,23.8667,6.56203,-0.106278,140.663,140.622,5.28,22.45,139.873
140.546,-0.652336,20.0428,4.84168,-0.116851,140.669,140.624,4.12,22.45,139.873
140.546,-0.652336,20.0428,4.84168,-0.116851,140.669,140.624,4.12,22.45,139.873
140.546,-0.543445,15.5613,2.93032,-0.123066,140.671,140.624,2.65,22.46,139.846
140.546,-0.543445,15.5613,2.93032,-0.123066,140.671,140.624,2.65,22.46,139.879
140.546,-0.416452,10.5925,0.900779,-0.124651,140.668,140.621,1.06,22.46,139.879
140.546,-0.416452,10.5925,0.900779,-0.124651,140.668,140.621,1.06,22.46,139.879
140.546,-0.276182,5.21523,-1.21168,-0.121536,140.66,140.614,-1.18,22.46,139.95
140.546,-0.276182,5.21523,-1.21168,-0.121536,140.66,140.614,-1.18,22.46,140.016
140.546,-0.12488,-0.317192,-3.30626,-0.113627,140.647,140.604,-2.59,22.45,140.016
140.546,-0.12488,-0.317192,-3.30626,-0.113627,140.647,140.604,-2.59,22.45,140.016
140.546,0.0303201,-5.86322,-5.32865,-0.10121,140.631,140.592,-4.48,22.45,140.098
140.546,0.0303201,-5.86322,-5.32865,-0.10121,140.631,140.592,-4.48,22.45,140.164
140.546,0.185442,-11.3453,-7.25103,-0.0845851,140.61,140.576,-6.49,22.43,140.164
140.546,0.185442,-11.3453,-7.25103,-0.0845851,140.61,140.576,-6.49,22.43,140.164
140.546,0.338318,-16.3141,-8.90422,-0.0640262,140.587,140.56,-6.37,22.42,140.197
140.546,0.338318,-16.3141,-8.90422,-0.0640262,140.587,140.56,-6.37,22.42,140.236
140.546,0.476353,-20.4008,-10.1561,-0.040544,140.561,140.546,-6.19,22.41,140.236
140.546,0.476353,-20.4008,-10.1561,-0.040544,140.561,140.546,-6.19,22.41,140.236
140.546,0.589243,-23.4216,-10.9504,-0.0153543,140.536,140.531,-6.31,22.39,140.274
140.546,0.589243,-23.4216,-10.9504,-0.0153543,140.536,140.531,-6.31,22.39,140.329
140.546,0.671911,-25.2321,-11.2482,0.0104092,140.51,140.517,-6.13,22.38,140.329
140.546,0.671911,-25.2321,-11.2482,0.0104092,140.51,140.517,-6.13,22.38,140.329
140.546,0.720405,-25.6746,-11.0071,0.0355853,140.487,140.506,-5.33,22.37,140.4
140.546,0.720405,-25.6746,-11.0071,0.0355853,140.487,140.506,-5.33,22.37,140.494
140.546,0.730394,-24.8115,-10.2706,0.0588762,140.467,140.496,-5.09,22.36,140.494
140.546,0.730394,-24.8115,-10.2706,0.0588762,140.467,140.496,-5.09,22.36,140.494
140.546,0.703756,-22.8593,-9.13999,0.0793258,140.45,140.486,-5.27,22.35,140.626
140.546,0.703756,-22.8593,-9.13999,0.0793258,140.45,140.486,-5.27,22.35,140.785
140.546,0.646674,-20.0142,-7.70519,0.0963466,140.436,140.478,-5.15,22.34,140.785
140.546,0.646674,-20.0142,-7.70519,0.0963466,140.436,140.478,-5.15,22.34,140.785
140.546,0.564741,-16.3808,-6.0179,0.109488,140.428,140.473,-4.48,22.33,140.982
140.546,0.564741,-16.3808,-6.0179,0.109488,140.428,140.473,-4.48,22.33,141.18
140.546,0.460967,-12.1444,-4.15886,0.11834,140.423,140.47,-3.99,22.32,141.18
140.546,0.460967,-12.1444,-4.15886,0.11834,140.423,140.47,-3.99,22.32,141.18
140.546,0.34061,-7.55127,-2.22936,0.122725,140.423,140.469,-3.38,22.32,141.284
140.546,0.34061,-7.55127,-2.22936,0.122725,140.423,140.469,-3.38,22.32,141.361
140.546,0.210629,-2.64233,-0.248311,0.122752,140.428,140.473,-1.67,22.31,141.361
140.546,0.210629,-2.64233,-0.248311,0.122752,140.428,140.473,-1.67,22.31,141.361
140.546,0.072191,2.53478,1.76346,0.11834,140.436,140.48,0.33,22.31,141.361
140.546,0.072191,2.53478,1.76346,0.11834,140.436,140.48,0.33,22.31,141.312
140.546,-0.0733501,7.81127,3.73945,0.109488,140.45,140.489,1.92,22.32,141.312
140.546,-0.0733501,7.81127,3.73945,0.109488,140.45,140.489,1.92,22.32,141.312
140.546,-0.221243,12.9271,5.58065,0.0964286,140.466,140.501,3.14,22.32,141.208
140.546,-0.221243,12.9271,5.58065,0.0964286,140.466,140.501,3.14,22.32,141.125
140.546,-0.364191,17.6795,7.21358,0.0797083,140.486,140.514,4.3,22.33,141.125
140.546,-0.364191,17.6795,7.21358,0.0797083,140.486,140.514,4.3,22.33,141.125
140.546,-0.496523,21.8207,8.55032,0.0599691,140.508,140.528,4.91,22.34,141.043
140.546,-0.496523,21.8207,8.55032,0.0599691,140.508,140.528,4.91,22.34,140.955
140.546,-0.611325,25.2267,9.55373,0.0380578,140.531,140.542,5.76,22.35,140.955
140.546,-0.611325,25.2267,9.55373,0.0380578,140.531,140.542,5.76,22.35,140.955
140.546,-0.705179,27.8731,10.2262,0.0148079,140.555,140.558,6.62,22.37,140.884
140.546,-0.705179,27.8731,10.2262,0.0148079,140.555,140.558,6.62,22.37,140.779
140.546,-0.777465,29.6687,10.5446,-0.00908415,140.579,140.573,6.92,22.38,140.779
140.546,-0.777465,29.6687,10.5446,-0.00908415,140.579,140.573,6.92,22.38,140.779
140.546,-0.825693,30.5835,10.5102,-0.0327849,140.602,140.588,7.17,22.4,140.658
140.546,-0.825693,30.5835,10.5102,-0.0327849,140.602,140.588,7.17,22.4,140.488
140.546,-0.849097,30.4446,10.0696,-0.0555294,140.622,140.6,6.5,22.41,140.488
140.546,-0.849097,30.4446,10.0696,-0.0555294,140.622,140.6,6.5,22.41,140.488
140.546,-0.842899,29.2739,9.24617,-0.0762932,140.64,140.611,6.37,22.42,140.291
140.546,-0.842899,29.2739,9.24617,-0.0762932,140.64,140.611,6.37,22.42,140.098
140.546,-0.8078,27.0522,8.04677,-0.0943113,140.655,140.618,5.64,22.43,140.098
140.546,-0.8078,27.0522,8.04677,-0.0943113,140.655,140.618,5.64,22.43,140.098
140.546,-0.74335,23.8776,6.52308,-0.108791,140.665,140.623,4.91,22.44,139.95
140.546,-0.74335,23.8776,6.52308,-0.108791,140.665,140.623,4.91,22.44,139.862
140.546,-0.652383,19.9107,4.74899,-0.119146,140.671,140.625,3.99,22.45,139.862
140.546,-0.652383,19.9107,4.74899,-0.119146,140.671,140.625,3.99,22.45,139.862
140.546,-0.539485,15.3639,2.81561,-0.125033,140.672,140.625,2.9,22.46,139.84
140.546,-0.539485,15.3639,2.81561,-0.125033,140.672,140.625,2.9,22.46,139.868
140.546,-0.410676,10.3025,0.75446,-0.126318,140.669,140.622,0.82,22.46,139.868
140.546,-0.410676,10.3025,0.75446,-0.126318,140.669,140.622,0.82,22.46,139.868
140.546,-0.267828,4.815,-1.39518,-0.122807,140.66,140.614,-1.43,22.45,139.939
140.546,-0.267828,4.815,-1.39518,-0.122807,140.66,140.614,-1.43,22.45,140.011
140.546,-0.113461,-0.842659,-3.53128,-0.114406,140.647,140.604,-2.89,22.45,140.011
140.546,-0.113461,-0.842659,-3.53128,-0.114406,140.647,140.604,-2.89,22.45,140.011
140.546,0.0452173,-6.50849,-5.5915,-0.101401,140.63,140.591,-4.72,22.44,140.093
140.546,0.0452173,-6.50849,-5.5915,-0.101401,140.63,140.591,-4.72,22.44,140.153
140.546,0.203655,-11.9061,-7.47199,-0.084107,140.609,140.576,-5.76,22.43,140.153
140.546,0.203655,-11.9061,-7.47199,-0.084107,140.609,140.576,-5.76,22.43,140.153
140.546,0.354105,-16.7593,-9.07276,-0.0631792,140.585,140.56,-6.43,22.42,140.203
140.546,0.354105,-16.7593,-9.07276,-0.0631792,140.585,140.56,-6.43,22.42,140.241
140.546,0.488844,-20.8487,-10.3194,-0.0394648,140.56,140.544,-6.92,22.4,140.241
140.546,0.488844,-20.8487,-10.3194,-0.0394648,140.56,140.544,-6.92,22.4,140.241
140.546,0.601773,-23.8027,-11.0821,-0.0139336,140.534,140.53,-6.13,22.39,140.274
140.546,0.601773,-23.8027,-11.0821,-0.0139336,140.534,140.53,-6.13,22.39,140.34
140.546,0.682532,-25.4336,-11.3061,0.0120348,140.509,140.518,-5.7,22.38,140.34
140.546,0.682532,-25.4336,-11.3061,0.0120348,140.509,140.518,-5.7,22.38,140.34
140.546,0.72595,-25.7712,-11.0224,0.0371426,140.486,140.505,-5.7,22.37,140.406
140.546,0.72595,-25.7712,-11.0224,0.0371426,140.486,140.505,-5.7,22.37,140.505
140.546,0.732983,-24.9354,-10.2955,0.0603652,140.465,140.494,-5.76,22.35,140.505
140.546,0.732983,-24.9354,-10.2955,0.0603652,140.465,140.494,-5.76,22.35,140.505
140.546,0.707104,-23.0581,-9.19249,0.0808968,140.448,140.484,-5.64,22.34,140.648
140.546,0.707104,-23.0581,-9.19249,0.0808968,140.448,140.484,-5.64,22.34,140.812
140.546,0.652117,-20.1762,-7.74143,0.0980952,140.435,140.477,-4.78,22.33,140.812
140.546,0.652117,-20.1762,-7.74143,0.0980952,140.435,140.477,-4.78,22.33,140.812
140.546,0.569138,-16.5482,-6.05463,0.111277,140.426,140.471,-4.78,22.32,140.999
140.546,0.569138,-16.5482,-6.05463,0.111277,140.426,140.471,-4.78,22.32,141.191
140.546,0.465508,-12.3976,-4.22682,0.120211,140.421,140.467,-4.48,22.31,141.191
140.546,0.465508,-12.3976,-4.22682,0.120211,140.421,140.467,-4.48,22.31,141.191
140.546,0.347548,-7.79357,-2.29036,0.124829,140.421,140.467,-3.08,22.31,141.301
140.546,0.347548,-7.79357,-2.29036,0.124829,140.421,140.467,-3.08,22.31,141.356
140.546,0.217244,-2.76893,-0.262423,0.124965,140.426,140.471,-1.18,22.31,141.356
140.546,0.217244,-2.76893,-0.262423,0.124965,140.426,140.471,-1.18,22.31,141.356
140.546,0.075542,2.52934,1.79663,0.120471,140.435,140.479,0.45,22.31,141.345
140.546,0.075542,2.52934,1.79663,0.120471,140.435,140.479,0.45,22.31,141.295
140.546,-0.0734061,7.89568,3.80616,0.111428,140.448,140.488,1.92,22.31,141.295
140.546,-0.0734061,7.89568,3.80616,0.111428,140.448,140.488,1.92,22.31,141.295
140.546,-0.223817,13.036,5.65462,0.0981362,140.465,140.499,2.96,22.32,141.197
140.546,-0.223817,13.036,5.65462,0.0981362,140.465,140.499,2.96,22.32,141.109
140.546,-0.367441,17.6754,7.24184,0.0812383,140.484,140.511,3.75,22.32,141.109
140.546,-0.367441,17.6754,7.24184,0.0812383,140.484,140.511,3.75,22.32,141.109
140.546,-0.496588,21.7077,8.5361,0.0615537,140.506,140.525,4.97,22.33,141.026
140.546,-0.496588,21.7077,8.5361,0.0615537,140.506,140.525,4.97,22.33,140.955
140.546,-0.608328,25.0606,9.51996,0.0397927,140.529,140.54,5.95,22.35,140.955
140.546,-0.608328,25.0606,9.51996,0.0397927,140.529,140.54,5.95,22.35,140.955
140.546,-0.700696,27.7479,10.2096,0.0166657,140.553,140.556,7.05,22.36,140.878
140.546,-0.700696,27.7479,10.2096,0.0166657,140.553,140.556,7.05,22.36,140.768
140.546,-0.774138,29.6728,10.5784,-0.00722634,140.577,140.573,7.41,22.38,140.768
140.546,-0.774138,29.6728,10.5784,-0.00722634,140.577,140.573,7.41,22.38,140.768
140.546,-0.826002,30.7496,10.6051,-0.0311183,140.6,140.588,7.47,22.39,140.648
140.546,-0.826002,30.7496,10.6051,-0.0311183,140.6,140.588,7.47,22.39,140.488
140.546,-0.853948,30.8721,10.2615,-0.054218,140.622,140.601,7.17,22.4,140.488
140.546,-0.853948,30.8721,10.2615,-0.054218,140.622,140.601,7.17,22.4,140.488
140.546,-0.85507,29.8361,9.48291,-0.0756512,140.64,140.611,6.07,22.42,140.291
140.546,-0.85507,29.8361,9.48291,-0.0756512,140.64,140.611,6.07,22.42,140.098
140.546,-0.823715,27.6022,8.2703,-0.0942976,140.655,140.618,5.21,22.43,140.098
140.546,-0.823715,27.6022,8.2703,-0.0942976,140.655,140.618,5.21,22.43,140.098
140.546,-0.75887,24.2996,6.68946,-0.109228,140.666,140.622,4.6,22.44,139.939
140.546,-0.75887,24.2996,6.68946,-0.109228,140.666,140.622,4.6,22.44,139.851
140.546,-0.664264,20.2388,4.87328,-0.119802,140.672,140.625,4.3,22.45,139.851
140.546,-0.664264,20.2388,4.87328,-0.119802,140.672,140.625,4.3,22.45,139.851
140.546,-0.548692,15.5341,2.87479,-0.125839,140.673,140.625,2.71,22.45,139.824
140.546,-0.548692,15.5341,2.87479,-0.125839,140.673,140.625,2.71,22.45,139.862
140.546,-0.415422,10.4019,0.784264,-0.127082,140.67,140.622,1.25,22.45,139.862
140.546,-0.415422,10.4019,0.784264,-0.127082,140.67,140.622,1.25,22.45,139.862
140.546,-0.270573,4.92663,-1.36188,-0.123558,140.661,140.615,-1,22.45,139.934
140.546,-0.270573,4.92663,-1.36188,-0.123558,140.661,140.615,-1,22.45,140
140.546,-0.116543,-0.85763,-3.54782,-0.115239,140.648,140.603,-3.5,22.44,140
140.546,-0.116543,-0.85763,-3.54782,-0.115239,140.648,140.603,-3.5,22.44,140
140.546,0.0456978,-6.57655,-5.62789,-0.10207,140.631,140.591,-4.42,22.44,140.087
140.546,0.0456978,-6.57655,-5.62789,-0.10207,140.631,140.591,-4.42,22.44,140.153
140.546,0.205624,-12.0858,-7.54994,-0.0846397,140.609,140.575,-6.13,22.42,140.153
140.546,0.205624,-12.0858,-7.54994,-0.0846397,140.609,140.575,-6.13,22.42,140.153
140.546,0.359201,-17.0696,-9.19801,-0.0634388,140.585,140.559,-6.62,22.41,140.192
140.546,0.359201,-17.0696,-9.19801,-0.0634388,140.585,140.559,-6.62,22.41,140.23
140.546,0.497591,-21.2121,-10.4605,-0.0393419,140.559,140.544,-6.68,22.4,140.23
140.546,0.497591,-21.2121,-10.4605,-0.0393419,140.559,140.544,-6.68,22.4,140.23
140.546,0.611984,-24.3119,-11.2738,-0.0134691,140.533,140.528,-6.74,22.38,140.263
140.546,0.611984,-24.3119,-11.2738,-0.0134691,140.533,140.528,-6.74,22.38,140.318
140.546,0.696802,-26.2191,-11.5966,0.0130457,140.507,140.514,-6.55,22.37,140.318
140.546,0.696802,-26.2191,-11.5966,0.0130457,140.507,140.514,-6.55,22.37,140.318
140.546,0.747936,-26.8303,-11.407,0.0390414,140.483,140.501,-6.13,22.36,140.4
140.546,0.747936,-26.8303,-11.407,0.0390414,140.483,140.501,-6.13,22.36,140.505
140.546,0.762587,-26.0476,-10.6862,0.0633432,140.461,140.491,-5.21,22.35,140.505
140.546,0.762587,-26.0476,-10.6862,0.0633432,140.461,140.491,-5.21,22.35,140.505
140.546,0.738113,-24.1104,-9.54548,0.084749,140.443,140.481,-5.52,22.34,140.648
140.546,0.738113,-24.1104,-9.54548,0.084749,140.443,140.481,-5.52,22.34,140.812
140.546,0.681357,-21.1958,-8.06847,0.102617,140.43,140.473,-5.27,22.33,140.812
140.546,0.681357,-21.1958,-8.06847,0.102617,140.43,140.473,-5.27,22.33,140.812
140.546,0.59738,-17.5583,-6.36541,0.116441,140.42,140.466,-5.27,22.31,141.01
140.546,0.59738,-17.5583,-6.36541,0.116441,140.42,140.466,-5.27,22.31,141.202
140.546,0.493406,-13.3709,-4.51139,0.126003,140.415,140.462,-4.72,22.31,141.202
140.546,0.493406,-13.3709,-4.51139,0.126003,140.415,140.462,-4.72,22.31,141.202
140.546,0.374341,-8.67707,-2.52923,0.131167,140.414,140.462,-3.08,22.3,141.295
140.546,0.374341,-8.67707,-2.52923,0.131167,140.414,140.462,-3.08,22.3,141.361
140.546,0.241446,-3.73002,-0.521332,0.131713,140.418,140.464,-2.28,22.29,141.361
140.546,0.241446,-3.73002,-0.521332,0.131713,140.418,140.464,-2.28,22.29,141.361
140.546,0.101863,1.34635,1.46321,0.127834,140.426,140.469,-0.63,22.29,141.35
140.546,0.101863,1.34635,1.46321,0.127834,140.426,140.469,-0.63,22.29,141.29
140.546,-0.0409201,6.44179,3.38229,0.119706,140.438,140.477,1.19,22.3,141.29
140.546,-0.0409201,6.44179,3.38229,0.119706,140.438,140.477,1.19,22.3,141.29
140.546,-0.183807,11.2786,5.13122,0.107575,140.454,140.487,2.16,22.3,141.202
140.546,-0.183807,11.2786,5.13122,0.107575,140.454,140.487,2.16,22.3,141.125
140.546,-0.319011,15.8581,6.71609,0.092071,140.472,140.5,4.18,22.31,141.125
140.546,-0.319011,15.8581,6.71609,0.092071,140.472,140.5,4.18,22.31,141.125
140.546,-0.446601,19.8849,8.02913,0.0735338,140.493,140.513,4.6,22.32,141.032
140.546,-0.446601,19.8849,8.02913,0.0735338,140.493,140.513,4.6,22.32,140.955
140.546,-0.558315,23.3916,9.09229,0.0528247,140.516,140.528,6.19,22.33,140.955
140.546,-0.558315,23.3916,9.09229,0.0528247,140.516,140.528,6.19,22.33,140.955
140.546,-0.655126,26.3226,9.89291,0.0304353,140.539,140.545,7.05,22.34,140.889
140.546,-0.655126,26.3226,9.89291,0.0304353,140.539,140.545,7.05,22.34,140.796
140.546,-0.735517,28.5728,10.4001,0.00695313,140.563,140.562,7.47,22.36,140.796
140.546,-0.735517,28.5728,10.4001,0.00695313,140.563,140.562,7.47,22.36,140.796
140.546,-0.7966,30.0716,10.5973,-0.0168979,140.586,140.578,7.78,22.37,140.68
140.546,-0.7966,30.0716,10.5973,-0.0168979,140.586,140.578,7.78,22.37,140.538
140.546,-0.83645,30.6053,10.4137,-0.0404074,140.609,140.592,7.11,22.39,140.538
140.546,-0.83645,30.6053,10.4137,-0.0404074,140.609,140.592,7.11,22.39,140.538
140.546,-0.849132,30.0294,9.80801,-0.0625645,140.628,140.603,6.44,22.4,140.351
140.546,-0.849132,30.0294,9.80801,-0.0625645,140.628,140.603,6.44,22.4,140.153
140.546,-0.830679,28.502,8.85634,-0.0823584,140.645,140.613,6.8,22.42,140.153
140.546,-0.830679,28.502,8.85634,-0.0823584,140.645,140.613,6.8,22.42,140.153
140.546,-0.785615,26.034,7.57577,-0.0992153,140.658,140.62,6.01,22.43,139.989
140.546,-0.785615,26.034,7.57577,-0.0992153,140.658,140.62,6.01,22.43,139.884
140.546,-0.714324,22.6238,5.9782,-0.112466,140.667,140.624,4.6,22.44,139.884
140.546,-0.714324,22.6238,5.9782,-0.112466,140.667,140.624,4.6,22.44,139.884
140.546,-0.616841,18.6488,4.22022,-0.121454,140.672,140.628,4.54,22.45,139.84
140.546,-0.616841,18.6488,4.22022,-0.121454,140.672,140.628,4.54,22.45,139.862
140.546,-0.503826,14.2544,2.36411,-0.126236,140.673,140.628,3.08,22.45,139.862
140.546,-0.503826,14.2544,2.36411,-0.126236,140.673,140.628,3.08,22.45,139.862
140.546,-0.379408,9.38497,0.392686,-0.126741,140.669,140.624,0.45,22.45,139.917
140.546,-0.379408,9.38497,0.392686,-0.126741,140.669,140.624,0.45,22.45,139.994
140.546,-0.242044,4.12345,-1.65733,-0.12267,140.66,140.616,-1.73,22.45,139.994
140.546,-0.242044,4.12345,-1.65733,-0.12267,140.66,140.616,-1.73,22.45,139.994
140.546,-0.0940972,-1.32865,-3.70515,-0.113955,140.647,140.605,-3.32,22.44,140.06
140.546,-0.0940972,-1.32865,-3.70515,-0.113955,140.647,140.605,-3.32,22.44,140.12
140.546,0.0587543,-6.80117,-5.68494,-0.100786,140.629,140.592,-4.97,22.43,140.12
140.546,0.0587543,-6.80117,-5.68494,-0.100786,140.629,140.592,-4.97,22.43,140.12
140.546,0.211728,-12.0436,-7.50251,-0.0834922,140.609,140.577,-5.94,22.42,140.153
140.546,0.211728,-12.0436,-7.50251,-0.0834922,140.609,140.577,-5.94,22.42,140.192
140.546,0.357801,-16.7729,-9.05462,-0.0626465,140.585,140.561,-6.49,22.41,140.192
140.546,0.357801,-16.7729,-9.05462,-0.0626465,140.585,140.561,-6.49,22.41,140.192
140.546,0.489055,-20.6417,-10.2174,-0.039096,140.56,140.546,-6.25,22.4,140.214
140.546,0.489055,-20.6417,-10.2174,-0.039096,140.56,140.546,-6.25,22.4,140.241
140.546,0.595796,-23.5032,-10.9482,-0.0140019,140.534,140.531,-6.43,22.38,140.241
140.546,0.595796,-23.5032,-10.9482,-0.0140019,140.534,140.531,-6.43,22.38,140.241
140.546,0.673978,-25.1028,-11.1651,0.0115977,140.51,140.518,-5.64,22.37,140.291
140.546,0.673978,-25.1028,-11.1651,0.0115977,140.51,140.518,-5.64,22.37,140.367
140.546,0.716546,-25.4118,-10.8757,0.0363776,140.487,140.507,-5.4,22.36,140.367
140.546,0.716546,-25.4118,-10.8757,0.0363776,140.487,140.507,-5.4,22.36,140.367
140.546,0.722808,-24.5365,-10.1392,0.0592724,140.467,140.496,-5.4,22.35,140.466
140.546,0.722808,-24.5365,-10.1392,0.0592724,140.467,140.496,-5.4,22.35,140.604
140.546,0.695853,-22.5925,-9.01643,0.0794488,140.45,140.486,-5.15,22.34,140.604
140.546,0.695853,-22.5925,-9.01643,0.0794488,140.45,140.486,-5.15,22.34,140.604
140.546,0.639028,-19.7855,-7.60071,0.09621,140.437,140.478,-5.09,22.33,140.763
140.546,0.639028,-19.7855,-7.60071,0.09621,140.437,140.478,-5.09,22.33,140.971
140.546,0.558191,-16.3372,-5.98817,0.109174,140.428,140.471,-5.09,22.32,140.971
140.546,0.558191,-16.3372,-5.98817,0.109174,140.428,140.471,-5.09,22.32,140.971
140.546,0.459638,-12.2369,-4.18238,0.118149,140.423,140.469,-3.69,22.31,141.147
140.546,0.459638,-12.2369,-4.18238,0.118149,140.423,140.469,-3.69,22.31,141.268
140.546,0.343109,-7.71189,-2.27812,0.122725,140.423,140.469,-3.08,22.31,141.268
140.546,0.343109,-7.71189,-2.27812,0.122725,140.423,140.469,-3.08,22.31,141.268
140.546,0.215034,-3.04391,-0.387613,0.122916,140.427,140.47,-2.59,22.3,141.35
140.546,0.215034,-3.04391,-0.387613,0.122916,140.427,140.47,-2.59,22.3,141.35
140.546,0.0833493,1.73569,1.47698,0.119037,140.435,140.475,-0.7,22.3,141.35
140.546,0.0833493,1.73569,1.47698,0.119037,140.435,140.475,-0.7,22.3,141.35
140.546,-0.051063,6.53572,3.281,0.111182,140.446,140.483,1.06,22.3,141.295
140.546,-0.051063,6.53572,3.281,0.111182,140.446,140.483,1.06,22.3,141.208
140.546,-0.185643,11.1656,4.95299,0.0995568,140.461,140.493,2.35,22.31,141.208
140.546,-0.185643,11.1656,4.95299,0.0995568,140.461,140.493,2.35,22.31,141.208
140.546,-0.315049,15.4905,6.44553,0.084626,140.479,140.505,3.69,22.31,141.12
140.546,-0.315049,15.4905,6.44553,0.084626,140.479,140.505,3.69,22.31,141.026
140.546,-0.435521,19.4084,7.72551,0.0669085,140.499,140.518,4.97,22.32,141.026
140.546,-0.435521,19.4084,7.72551,0.0669085,140.499,140.518,4.97,22.32,141.026
140.546,-0.544227,22.877,8.78404,0.0469371,140.521,140.534,6.19,22.34,140.955
140.546,-0.544227,22.877,8.78404,0.0469371,140.521,140.534,6.19,22.34,140.889
140.546,-0.640025,25.8325,9.6043,0.0252171,140.544,140.55,7.05,22.35,140.889
140.546,-0.640025,25.8325,9.6043,0.0252171,140.544,140.55,7.05,22.35,140.889
140.546,-0.721162,28.1971,10.1649,0.0023086,140.567,140.567,7.66,22.36,140.796
140.546,-0.721162,28.1971,10.1649,0.0023086,140.567,140.567,7.66,22.36,140.669
140.546,-0.785511,29.7599,10.3944,-0.0211736,140.59,140.583,7.41,22.38,140.669
140.546,-0.785511,29.7599,10.3944,-0.0211736,140.59,140.583,7.41,22.38,140.669
140.546,-0.827201,30.3739,10.2482,-0.0443279,140.612,140.596,7.05,22.39,140.532
140.546,-0.827201,30.3739,10.2482,-0.0443279,140.612,140.596,7.05,22.39,140.346
140.546,-0.842177,29.9341,9.7001,-0.0662255,140.632,140.608,6.62,22.41,140.346
140.546,-0.842177,29.9341,9.7001,-0.0662255,140.632,140.608,6.62,22.41,140.346
140.546,-0.827575,28.3673,8.73661,-0.0859238,140.648,140.616,5.89,22.42,140.153
140.546,-0.827575,28.3673,8.73661,-0.0859238,140.648,140.616,5.89,22.42,139.983
140.546,-0.781421,25.71,7.38732,-0.102494,140.661,140.622,5.15,22.43,139.983
140.546,-0.781421,25.71,7.38732,-0.102494,140.661,140.622,5.15,22.43,139.983
140.546,-0.704839,22.2481,5.77628,-0.115171,140.67,140.626,4.97,22.44,139.895
140.546,-0.704839,22.2481,5.77628,-0.115171,140.67,140.626,4.97,22.44,139.846
140.546,-0.605941,18.175,3.98765,-0.123695,140.674,140.629,4.06,22.45,139.846
140.546,-0.605941,18.175,3.98765,-0.123695,140.674,140.629,4.06,22.45,139.846
140.546,-0.490215,13.6228,2.07913,-0.127888,140.674,140.628,2.47,22.45,139.868
140.546,-0.490215,13.6228,2.07913,-0.127888,140.674,140.628,2.47,22.45,139.928
140.546,-0.36141,8.58451,0.0531461,-0.127643,140.669,140.623,-0.02,22.45,139.928
140.546,-0.36141,8.58451,0.0531461,-0.127643,140.669,140.623,-0.02,22.45,139.928
140.546,-0.219367,3.21681,-2.02533,-0.122698,140.659,140.615,-1.86,22.45,139.994
140.546,-0.219367,3.21681,-2.02533,-0.122698,140.659,140.615,-1.86,22.45,140.06
140.546,-0.068511,-2.34964,-4.10358,-0.113108,140.645,140.603,-3.81,22.44,140.06
140.546,-0.068511,-2.34964,-4.10358,-0.113108,140.645,140.603,-3.81,22.44,140.06
140.546,0.0874716,-7.83169,-6.0724,-0.0989968,140.627,140.59,-4.91,22.43,140.12
140.546,0.0874716,-7.83169,-6.0724,-0.0989968,140.627,140.59,-4.91,22.43,140.175
140.546,0.240626,-13.081,-7.8782,-0.0808831,140.605,140.574,-6.43,22.42,140.175
140.546,0.240626,-13.081,-7.8782,-0.0808831,140.605,140.574,-6.43,22.42,140.175
140.546,0.386805,-17.8047,-9.41415,-0.0592587,140.581,140.558,-6.86,22.4,140.197
140.546,0.386805,-17.8047,-9.41415,-0.0592587,140.581,140.558,-6.86,22.4,140.219
140.546,0.517821,-21.7104,-10.5774,-0.0349706,140.555,140.542,-6.86,22.39,140.219
140.546,0.517821,-21.7104,-10.5774,-0.0349706,140.555,140.542,-6.86,22.39,140.219
140.546,0.625513,-24.5215,-11.2752,-0.00908415,140.529,140.527,-6.49,22.38,140.263
140.546,0.625513,-24.5215,-11.2752,-0.00908415,140.529,140.527,-6.49,22.38,140.302
140.546,0.702199,-26.0339,-11.446,0.0171438,140.504,140.514,-5.82,22.37,140.302
140.546,0.702199,-26.0339,-11.446,0.0171438,140.504,140.514,-5.82,22.37,140.302
140.546,0.742245,-26.1429,-11.0688,0.0424291,140.48,140.502,-5.21,22.36,140.395
140.546,0.742245,-26.1429,-11.0688,0.0424291,140.48,140.502,-5.21,22.36,140.499
140.546,0.742821,-25.0688,-10.2482,0.0655152,140.46,140.491,-5.64,22.34,140.499
140.546,0.742821,-25.0688,-10.2482,0.0655152,140.46,140.491,-5.64,22.34,140.499
140.546,0.710238,-23.0268,-9.08294,0.0857189,140.443,140.481,-5.82,22.33,140.637
140.546,0.710238,-23.0268,-9.08294,0.0857189,140.443,140.481,-5.82,22.33,140.812
140.546,0.65063,-20.1136,-7.62312,0.102521,140.431,140.473,-5.27,22.32,140.812
140.546,0.65063,-20.1136,-7.62312,0.102521,140.431,140.473,-5.27,22.32,140.812
140.546,0.56679,-16.4107,-5.91122,0.11543,140.422,140.468,-4.48,22.31,141.01
140.546,0.56679,-16.4107,-5.91122,0.11543,140.422,140.468,-4.48,22.31,141.191
140.546,0.461077,-12.0994,-4.02641,0.123982,140.418,140.465,-3.87,22.31,141.191
140.546,0.461077,-12.0994,-4.02641,0.123982,140.418,140.465,-3.87,22.31,141.191
140.546,0.338634,-7.3035,-2.02311,0.128011,140.419,140.466,-2.65,22.3,141.306
140.546,0.338634,-7.3035,-2.02311,0.128011,140.419,140.466,-2.65,22.3,141.367
140.546,0.202979,-2.3333,-0.0252579,0.127397,140.424,140.468,-2.1,22.3,141.367
140.546,0.202979,-2.3333,-0.0252579,0.127397,140.424,140.468,-2.1,22.3,141.367
140.546,0.0628593,2.77302,1.95203,0.122465,140.433,140.475,-0.09,22.3,141.361
140.546,0.0628593,2.77302,1.95203,0.122465,140.433,140.475,-0.09,22.3,141.295
140.546,-0.0806524,7.91474,3.87021,0.113299,140.446,140.484,1.8,22.3,141.295
140.546,-0.0806524,7.91474,3.87021,0.113299,140.446,140.484,1.8,22.3,141.295
140.546,-0.224727,12.8536,5.63948,0.100103,140.463,140.495,3.02,22.31,141.197
140.546,-0.224727,12.8536,5.63948,0.100103,140.463,140.495,3.02,22.31,141.109
140.546,-0.362684,17.4018,7.19266,0.0834376,140.482,140.508,4.18,22.31,141.109
140.546,-0.362684,17.4018,7.19266,0.0834376,140.482,140.508,4.18,22.31,141.109
140.546,-0.489276,21.43,8.48751,0.0639442,140.504,140.522,5.28,22.32,141.032
140.546,-0.489276,21.43,8.48751,0.0639442,140.504,140.522,5.28,22.32,140.949
140.546,-0.600916,24.8319,9.4923,0.0422789,140.527,140.538,6.19,22.34,140.949
140.546,-0.600916,24.8319,9.4923,0.0422789,140.527,140.538,6.19,22.34,140.949
140.546,-0.694673,27.5137,10.1812,0.0191655,140.551,140.554,6.8,22.35,140.867
140.546,-0.694673,27.5137,10.1812,0.0191655,140.551,140.554,6.8,22.35,140.768
140.546,-0.767971,29.4427,10.5531,-0.00465819,140.574,140.57,7.41,22.37,140.768
140.546,-0.767971,29.4427,10.5531,-0.00465819,140.574,140.57,7.41,22.37,140.768
140.546,-0.819959,30.5672,10.5994,-0.0285092,140.598,140.586,7.66,22.38,140.648
140.546,-0.819959,30.5672,10.5994,-0.0285092,140.598,140.586,7.66,22.38,140.483
140.546,-0.849252,30.8149,10.3044,-0.0516499,140.619,140.6,7.6,22.4,140.483
140.546,-0.849252,30.8149,10.3044,-0.0516499,140.619,140.6,7.6,22.4,140.483
140.546,-0.853894,29.8702,9.55956,-0.0733016,140.638,140.61,6.07,22.41,140.274
140.546,-0.853894,29.8702,9.55956,-0.0733016,140.638,140.61,6.07,22.41,140.071
140.546,-0.825094,27.6975,8.36799,-0.0922076,140.653,140.616,5.28,22.42,140.071
140.546,-0.825094,27.6975,8.36799,-0.0922076,140.653,140.616,5.28,22.42,140.071
140.546,-0.761955,24.497,6.82305,-0.107398,140.664,140.621,4.91,22.43,139.945
140.546,-0.761955,24.497,6.82305,-0.107398,140.664,140.621,4.91,22.43,139.857
140.546,-0.670197,20.5043,5.02838,-0.118354,140.671,140.624,4.3,22.44,139.857
140.546,-0.670197,20.5043,5.02838,-0.118354,140.671,140.624,4.3,22.44,139.857
140.546,-0.55651,15.9697,3.08968,-0.124788,140.673,140.625,3.44,22.44,139.818
140.546,-0.55651,15.9697,3.08968,-0.124788,140.673,140.625,3.44,22.44,139.851
140.546,-0.427985,10.9491,1.03425,-0.126659,140.67,140.622,1.31,22.45,139.851
140.546,-0.427985,10.9491,1.03425,-0.126659,140.67,140.622,1.31,22.45,139.851
140.546,-0.286226,5.50792,-1.10788,-0.123777,140.662,140.615,-1,22.44,139.917
140.546,-0.286226,5.50792,-1.10788,-0.123777,140.662,140.615,-1,22.44,139.989
140.546,-0.133097,-0.160634,-3.25876,-0.116018,140.65,140.605,-2.77,22.44,139.989
140.546,-0.133097,-0.160634,-3.25876,-0.116018,140.65,140.605,-2.77,22.44,139.989
140.546,0.02595,-5.91631,-5.36356,-0.103559,140.633,140.592,-4.78,22.43,140.076
140.546,0.02595,-5.91631,-5.36356,-0.103559,140.633,140.592,-4.78,22.43,140.137
140.546,0.186971,-11.5263,-7.33404,-0.0866478,140.612,140.576,-6.13,22.42,140.137
140.546,0.186971,-11.5263,-7.33404,-0.0866478,140.612,140.576,-6.13,22.42,140.137
140.546,0.343434,-16.6708,-9.05182,-0.0657884,140.588,140.56,-6.68,22.4,140.175
140.546,0.343434,-16.6708,-9.05182,-0.0657884,140.588,140.56,-6.68,22.4,140.208
140.546,0.486384,-20.978,-10.3831,-0.0418281,140.562,140.545,-6.55,22.39,140.208
140.546,0.486384,-20.978,-10.3831,-0.0418281,140.562,140.545,-6.55,22.39,140.208
140.546,0.605435,-24.2778,-11.2762,-0.0159417,140.535,140.529,-6.86,22.38,140.247
140.546,0.605435,-24.2778,-11.2762,-0.0159417,140.535,140.529,-6.86,22.38,140.302
140.546,0.69589,-26.3402,-11.6588,0.010778,140.509,140.515,-6.37,22.36,140.302
140.546,0.69589,-26.3402,-11.6588,0.010778,140.509,140.515,-6.37,22.36,140.302
140.546,0.751384,-27.0617,-11.5095,0.0370606,140.484,140.502,-5.94,22.35,140.373
140.546,0.751384,-27.0617,-11.5095,0.0370606,140.484,140.502,-5.94,22.35,140.472
140.546,0.769119,-26.4791,-10.8619,0.0616766,140.462,140.49,-5.7,22.34,140.472
140.546,0.769119,-26.4791,-10.8619,0.0616766,140.462,140.49,-5.7,22.34,140.472
140.546,0.750243,-24.7543,-9.79649,0.0836425,140.444,140.48,-5.7,22.33,140.604
140.546,0.750243,-24.7543,-9.79649,0.0836425,140.444,140.48,-5.7,22.33,140.79
140.546,0.699413,-22.0439,-8.38873,0.102248,140.429,140.471,-5.52,22.32,140.79
140.546,0.699413,-22.0439,-8.38873,0.102248,140.429,140.471,-5.52,22.32,140.79
140.546,0.621116,-18.4977,-6.70901,0.116947,140.419,140.465,-5.03,22.31,140.977
140.546,0.621116,-18.4977,-6.70901,0.116947,140.419,140.465,-5.03,22.31,141.164
140.546,0.519634,-14.2394,-4.81528,0.127315,140.413,140.461,-4.17,22.3,141.164
140.546,0.519634,-14.2394,-4.81528,0.127315,140.413,140.461,-4.17,22.3,141.164
140.546,0.398507,-9.48842,-2.79998,0.133038,140.412,140.461,-3.44,22.29,141.295
140.546,0.398507,-9.48842,-2.79998,0.133038,140.412,140.461,-3.44,22.29,141.372
140.546,0.263941,-4.34126,-0.705272,0.13409,140.416,140.464,-1.86,22.29,141.372
140.546,0.263941,-4.34126,-0.705272,0.13409,140.416,140.464,-1.86,22.29,141.372
140.546,0.118679,1.01963,1.39532,0.130388,140.424,140.469,-0.39,22.29,141.378
140.546,0.118679,1.01963,1.39532,0.130388,140.424,140.469,-0.39,22.29,141.317
140.546,-0.0321339,6.37916,3.41843,0.12211,140.436,140.478,1.06,22.29,141.317
140.546,-0.0321339,6.37916,3.41843,0.12211,140.436,140.478,1.06,22.29,141.317
140.546,-0.182452,11.5508,5.2947,0.109638,140.453,140.488,2.59,22.3,141.23
140.546,-0.182452,11.5508,5.2947,0.109638,140.453,140.488,2.59,22.3,141.142
140.546,-0.327052,16.3481,6.95737,0.0934643,140.472,140.501,3.87,22.3,141.142
140.546,-0.327052,16.3481,6.95737,0.0934643,140.472,140.501,3.87,22.3,141.142
140.546,-0.460724,20.5982,8.34737,0.0742032,140.493,140.514,4.91,22.31,141.054
140.546,-0.460724,20.5982,8.34737,0.0742032,140.493,140.514,4.91,22.31,140.966
140.546,-0.578656,24.2819,9.46685,0.0526061,140.517,140.53,6.37,22.33,140.966
140.546,-0.578656,24.2819,9.46685,0.0526061,140.517,140.53,6.37,22.33,140.966
140.546,-0.680367,27.4552,10.3466,0.0292605,140.541,140.549,7.84,22.34,140.895
140.546,-0.680367,27.4552,10.3466,0.0292605,140.541,140.549,7.84,22.34,140.807
140.546,-0.76748,29.847,10.8914,0.00458989,140.566,140.565,7.53,22.36,140.807
140.546,-0.76748,29.847,10.8914,0.00458989,140.566,140.565,7.53,22.36,140.807
140.546,-0.832438,31.2505,11.0337,-0.0204223,140.591,140.581,7.17,22.37,140.686
140.546,-0.832438,31.2505,11.0337,-0.0204223,140.591,140.581,7.17,22.37,140.538
140.546,-0.869504,31.6671,10.7889,-0.0447377,140.614,140.595,7.41,22.39,140.538
140.546,-0.869504,31.6671,10.7889,-0.0447377,140.614,140.595,7.41,22.39,140.538
140.546,-0.878801,30.9973,10.1329,-0.0675642,140.634,140.607,6.92,22.4,140.346
140.546,-0.878801,30.9973,10.1329,-0.0675642,140.634,140.607,6.92,22.4,140.142
140.546,-0.857625,29.1868,9.06016,-0.0879319,140.651,140.616,6.19,22.41,140.142
140.546,-0.857625,29.1868,9.06016,-0.0879319,140.651,140.616,6.19,22.41,140.142
140.546,-0.804536,26.4056,7.65136,-0.104925,140.664,140.623,6.01,22.42,139.972
140.546,-0.804536,26.4056,7.65136,-0.104925,140.664,140.623,6.01,22.42,139.862
140.546,-0.724405,22.8158,5.98132,-0.118026,140.673,140.628,5.28,22.44,139.862
140.546,-0.724405,22.8158,5.98132,-0.118026,140.673,140.628,5.28,22.44,139.862
140.546,-0.621855,18.5685,4.11803,-0.12685,140.677,140.63,4.12,22.44,139.807
140.546,-0.621855,18.5685,4.11803,-0.12685,140.677,140.63,4.12,22.44,139.818
140.546,-0.501189,13.8079,2.12449,-0.13114,140.677,140.629,2.53,22.45,139.818
140.546,-0.501189,13.8079,2.12449,-0.13114,140.677,140.629,2.53,22.45,139.818
140.546,-0.366505,8.56001,0.0160333,-0.130771,140.672,140.624,0.09,22.45,139.879
140.546,-0.366505,8.56001,0.0160333,-0.130771,140.672,140.624,0.09,22.45,139.945
140.546,-0.218563,3.00036,-2.13511,-0.125539,140.661,140.616,-1.73,22.45,139.945
140.546,-0.218563,3.00036,-2.13511,-0.125539,140.661,140.616,-1.73,22.45,139.945
140.546,-0.0623229,-2.69133,-4.25779,-0.115526,140.647,140.604,-3.56,22.44,140.027
140.546,-0.0623229,-2.69133,-4.25779,-0.115526,140.647,140.604,-3.56,22.44,140.109
140.546,0.0971551,-8.34627,-6.28762,-0.100978,140.628,140.59,-5.33,22.43,140.109
140.546,0.0971551,-8.34627,-6.28762,-0.100978,140.628,140.59,-5.33,22.43,140.109
140.546,0.255133,-13.6364,-8.10154,-0.0822491,140.606,140.575,-6.01,22.42,140.159
140.546,0.255133,-13.6364,-8.10154,-0.0822491,140.606,140.575,-6.01,22.42,140.175
140.546,0.402414,-18.3779,-9.63638,-0.0601193,140.581,140.559,-6.92,22.4,140.175
140.546,0.402414,-18.3779,-9.63638,-0.0601193,140.581,140.559,-6.92,22.4,140.175
140.546,0.533881,-22.3243,-10.8073,-0.0353531,140.555,140.542,-7.17,22.39,140.208
140.546,0.533881,-22.3243,-10.8073,-0.0353531,140.555,140.542,-7.17,22.39,140.258
140.546,0.642673,-25.0688,-11.4713,-0.00894755,140.528,140.527,-6.19,22.37,140.258
140.546,0.642673,-25.0688,-11.4713,-0.00894755,140.528,140.527,-6.19,22.37,140.258
140.546,0.717437,-26.4723,-11.5932,0.0176219,140.503,140.514,-5.82,22.36,140.313
140.546,0.717437,-26.4723,-11.5932,0.0176219,140.503,140.514,-5.82,22.36,140.406
140.546,0.754383,-26.618,-11.2247,0.0430985,140.479,140.501,-6.07,22.35,140.406
140.546,0.754383,-26.618,-11.2247,0.0430985,140.479,140.501,-6.07,22.35,140.406
140.546,0.75596,-25.5711,-10.4087,0.0665534,140.459,140.49,-5.82,22.34,140.51
140.546,0.75596,-25.5711,-10.4087,0.0665534,140.459,140.49,-5.82,22.34,140.669
140.546,0.724106,-23.4733,-9.21609,0.0871122,140.442,140.48,-5.7,22.33,140.669
140.546,0.724106,-23.4733,-9.21609,0.0871122,140.442,140.48,-5.7,22.33,140.669
140.546,0.662896,-20.4689,-7.71626,0.104147,140.429,140.472,-5.33,22.32,140.845
140.546,0.662896,-20.4689,-7.71626,0.104147,140.429,140.472,-5.33,22.32,141.043
140.546,0.576465,-16.7865,-6.00855,0.117151,140.42,140.466,-5.21,22.31,141.043
140.546,0.576465,-16.7865,-6.00855,0.117151,140.42,140.466,-5.21,22.31,141.043
140.546,0.471304,-12.5024,-4.13035,0.125935,140.416,140.463,-4.11,22.3,141.213
140.546,0.471304,-12.5024,-4.13035,0.125935,140.416,140.463,-4.11,22.3,141.334
140.546,0.349602,-7.80719,-2.16155,0.130211,140.416,140.463,-3.26,22.29,141.334
140.546,0.349602,-7.80719,-2.16155,0.130211,140.416,140.463,-3.26,22.29,141.334
140.546,0.216751,-2.65594,-0.0889264,0.129992,140.421,140.468,-0.94,22.29,141.383
140.546,0.216751,-2.65594,-0.0889264,0.129992,140.421,140.468,-0.94,22.29,141.367
140.546,0.0715149,2.80978,2.02877,0.125006,140.431,140.476,0.82,22.29,141.367
140.546,0.0715149,2.80978,2.02877,0.125006,140.431,140.476,0.82,22.29,141.367
140.546,-0.082103,8.25235,4.05979,0.115307,140.445,140.485,1.74,22.29,141.306
140.546,-0.082103,8.25235,4.05979,0.115307,140.445,140.485,1.74,22.29,141.202
140.546,-0.23461,13.3655,5.88921,0.101415,140.462,140.496,2.71,22.3,141.202
140.546,-0.23461,13.3655,5.88921,0.101415,140.462,140.496,2.71,22.3,141.202
140.546,-0.37742,18.0267,7.47679,0.084066,140.482,140.509,4.18,22.31,141.12
140.546,-0.37742,18.0267,7.47679,0.084066,140.482,140.509,4.18,22.31,141.032
140.546,-0.507132,22.1678,8.8047,0.0638623,140.505,140.524,5.64,22.32,141.032
140.546,-0.507132,22.1678,8.8047,0.0638623,140.505,140.524,5.64,22.32,141.032
140.546,-0.621883,25.6963,9.84644,0.0414319,140.529,140.54,6.62,22.33,140.955
140.546,-0.621883,25.6963,9.84644,0.0414319,140.529,140.54,6.62,22.33,140.878
140.546,-0.719126,28.5932,10.6048,0.0174443,140.553,140.558,7.66,22.35,140.878
140.546,-0.719126,28.5932,10.6048,0.0174443,140.553,140.558,7.66,22.35,140.878
140.546,-0.798385,30.7523,11.049,-0.00748589,140.579,140.575,8.02,22.36,140.779
140.546,-0.798385,30.7523,11.049,-0.00748589,140.579,140.575,8.02,22.36,140.664
140.546,-0.856739,31.9516,11.1055,-0.0325937,140.603,140.591,7.47,22.38,140.664
140.546,-0.856739,31.9516,11.1055,-0.0325937,140.603,140.591,7.47,22.38,140.664
140.546,-0.888023,32.0442,10.732,-0.0568545,140.625,140.604,6.98,22.39,140.494
140.546,-0.888023,32.0442,10.732,-0.0568545,140.625,140.604,6.98,22.39,140.274
140.546,-0.888194,31.0137,9.93795,-0.0792302,140.645,140.615,6.8,22.41,140.274
140.546,-0.888194,31.0137,9.93795,-0.0792302,140.645,140.615,6.8,22.41,140.274
140.546,-0.856888,28.8614,8.73952,-0.0988328,140.661,140.623,6.13,22.42,140.087
140.546,-0.856888,28.8614,8.73952,-0.0988328,140.661,140.623,6.13,22.42,139.939
140.546,-0.794234,25.6909,7.19148,-0.114815,140.673,140.629,5.4,22.43,139.939
140.546,-0.794234,25.6909,7.19148,-0.114815,140.673,140.629,5.4,22.43,139.939
140.546,-0.703227,21.7989,5.42081,-0.126563,140.68,140.634,5.15,22.44,139.84
140.546,-0.703227,21.7989,5.42081,-0.126563,140.68,140.634,5.15,22.44,139.797
140.546,-0.59228,17.3582,3.5025,-0.133913,140.683,140.635,3.99,22.45,139.797
140.546,-0.59228,17.3582,3.5025,-0.133913,140.683,140.635,3.99,22.45,139.797
140.546,-0.466297,12.3377,1.43058,-0.136727,140.681,140.632,1.49,22.45,139.813
140.546,-0.466297,12.3377,1.43058,-0.136727,140.681,140.632,1.49,22.45,139.884
140.546,-0.324437,6.80799,-0.761495,-0.134664,140.674,140.625,-0.88,22.45,139.884
140.546,-0.324437,6.80799,-0.761495,-0.134664,140.674,140.625,-0.88,22.45,139.884
140.546,-0.168726,0.985606,-2.98565,-0.127533,140.661,140.615,-2.65,22.44,139.961
140.546,-0.168726,0.985606,-2.98565,-0.127533,140.661,140.615,-2.65,22.44,140.044
140.546,-0.00527301,-5.05867,-5.2128,-0.115498,140.645,140.601,-5.09,22.43,140.044
140.546,-0.00527301,-5.05867,-5.2128,-0.115498,140.645,140.601,-5.09,22.43,140.044
140.546,0.163923,-10.9219,-7.28766,-0.0986143,140.624,140.586,-5.82,22.42,140.115
140.546,0.163923,-10.9219,-7.28766,-0.0986143,140.624,140.586,-5.82,22.42,140.159
140.546,0.327542,-16.2978,-9.0977,-0.0776046,140.599,140.57,-6.55,22.41,140.159
140.546,0.327542,-16.2978,-9.0977,-0.0776046,140.599,140.57,-6.55,22.41,140.159
140.546,0.477013,-20.8555,-10.5252,-0.0533165,140.573,140.554,-6.74,22.4,140.197
140.546,0.477013,-20.8555,-10.5252,-0.0533165,140.573,140.554,-6.74,22.4,140.23
140.546,0.603101,-24.3813,-11.5016,-0.0268836,140.545,140.538,-6.92,22.38,140.23
140.546,0.603101,-24.3813,-11.5016,-0.0268836,140.545,140.538,-6.92,22.38,140.23
140.546,0.699884,-26.7269,-11.9861,0.000532755,140.518,140.522,-6.92,22.37,140.285
140.546,0.699884,-26.7269,-11.9861,0.000532755,140.518,140.522,-6.92,22.37,140.357
140.546,0.763292,-27.7506,-11.9424,0.0277715,140.492,140.508,-6.43,22.36,140.357
140.546,0.763292,-27.7506,-11.9424,0.0277715,140.492,140.508,-6.43,22.36,140.357
140.546,0.789454,-27.5246,-11.4172,0.0535897,140.469,140.495,-6.49,22.34,140.455
140.546,0.789454,-27.5246,-11.4172,0.0535897,140.469,140.495,-6.49,22.34,140.604
140.546,0.780509,-26.1156,-10.4538,0.0770719,140.449,140.483,-6.25,22.33,140.604
140.546,0.780509,-26.1156,-10.4538,0.0770719,140.449,140.483,-6.25,22.33,140.604
140.546,0.738436,-23.6966,-9.13482,0.0973575,140.432,140.473,-6.07,22.32,140.746
140.546,0.738436,-23.6966,-9.13482,0.0973575,140.432,140.473,-6.07,22.32,140.949
140.546,0.668184,-20.4117,-7.52889,0.1139,140.42,140.465,-5.7,22.31,140.949
140.546,0.668184,-20.4117,-7.52889,0.1139,140.42,140.465,-5.7,22.31,140.949
140.546,0.573885,-16.3808,-5.69292,0.126236,140.412,140.46,-4.91,22.3,141.142
140.546,0.573885,-16.3808,-5.69292,0.126236,140.412,140.46,-4.91,22.3,141.295
140.546,0.458968,-11.7972,-3.71003,0.134008,140.409,140.458,-4.17,22.29,141.295
140.546,0.458968,-11.7972,-3.71003,0.134008,140.409,140.458,-4.17,22.29,141.295
140.546,0.328915,-6.73718,-1.61545,0.137109,140.411,140.46,-2.53,22.28,141.383
140.546,0.328915,-6.73718,-1.61545,0.137109,140.411,140.46,-2.53,22.28,141.405
140.546,0.185902,-1.32728,0.537496,0.135388,140.417,140.465,-0.82,22.28,141.405
140.546,0.185902,-1.32728,0.537496,0.135388,140.417,140.465,-0.82,22.28,141.405
140.546,0.0335144,4.26367,2.68125,0.128845,140.428,140.473,0.94,22.28,141.361
140.546,0.0335144,4.26367,2.68125,0.128845,140.428,140.473,0.94,22.28,141.279
140.546,-0.123491,9.81106,4.72933,0.11767,140.444,140.484,2.47,22.29,141.279
140.546,-0.123491,9.81106,4.72933,0.11767,140.444,140.484,2.47,22.29,141.279
140.546,-0.278805,15.0562,6.58538,0.102289,140.463,140.496,3.69,22.3,141.175
140.546,-0.278805,15.0562,6.58538,0.102289,140.463,140.496,3.69,22.3,141.092
140.546,-0.425182,19.9488,8.23646,0.0833556,140.485,140.512,5.58,22.31,141.092
140.546,-0.425182,19.9488,8.23646,0.0833556,140.485,140.512,5.58,22.31,141.092
140.546,-0.561242,24.3459,9.63467,0.0613488,140.509,140.529,6.74,22.32,141.015
140.546,-0.561242,24.3459,9.63467,0.0613488,140.509,140.529,6.74,22.32,140.939
140.546,-0.683013,28.0719,10.7214,0.0369377,140.535,140.546,7.41,22.34,140.939
140.546,-0.683013,28.0719,10.7214,0.0369377,140.535,140.546,7.41,22.34,140.939
140.546,-0.785616,30.917,11.4274,0.010942,140.562,140.564,7.47,22.35,140.867
140.546,-0.785616,30.917,11.4274,0.010942,140.562,140.564,7.47,22.35,140.757
140.546,-0.863229,32.6718,11.6858,-0.0156411,140.588,140.579,7.17,22.36,140.757
140.546,-0.863229,32.6718,11.6858,-0.0156411,140.588,140.579,7.17,22.36,140.757
140.546,-0.910047,33.332,11.5114,-0.0416642,140.612,140.594,7.47,22.38,140.609
140.546,-0.910047,33.332,11.5114,-0.0416642,140.612,140.594,7.47,22.38,140.417
140.546,-0.926051,32.9195,10.9282,-0.0662255,140.634,140.608,7.6,22.39,140.417
140.546,-0.926051,32.9195,10.9282,-0.0662255,140.634,140.608,7.6,22.39,140.417
140.546,-0.911946,31.2791,9.89189,-0.0885056,140.653,140.618,6.44,22.41,140.219
140.546,-0.911946,31.2791,9.89189,-0.0885056,140.653,140.618,6.44,22.41,140.027
140.546,-0.863465,28.483,8.44701,-0.107398,140.668,140.625,5.83,22.42,140.027
140.546,-0.863465,28.483,8.44701,-0.107398,140.668,140.625,5.83,22.42,140.027
140.546,-0.782734,24.7271,6.68402,-0.122137,140.678,140.63,5.28,22.43,139.884
140.546,-0.782734,24.7271,6.68402,-0.122137,140.678,140.63,5.28,22.43,139.786
140.546,-0.675347,20.2524,4.70746,-0.132246,140.684,140.633,4.54,22.44,139.786
140.546,-0.675347,20.2524,4.70746,-0.132246,140.684,140.633,4.54,22.44,139.786
140.546,-0.548144,15.2904,2.61446,-0.137533,140.684,140.634,3.38,22.45,139.764
140.546,-0.548144,15.2904,2.61446,-0.137533,140.684,140.634,3.38,22.45,139.802
140.546,-0.407671,9.80834,0.397484,-0.137983,140.679,140.629,0.64,22.45,139.802
140.546,-0.407671,9.80834,0.397484,-0.137983,140.679,140.629,0.64,22.45,139.802
140.546,-0.253042,3.98596,-1.86933,-0.133312,140.67,140.621,-1.31,22.44,139.873
140.546,-0.253042,3.98596,-1.86933,-0.133312,140.67,140.621,-1.31,22.44,139.967
140.546,-0.0893353,-2.05831,-4.13798,-0.123585,140.655,140.609,-3.63,22.44,139.967
140.546,-0.0893353,-2.05831,-4.13798,-0.123585,140.655,140.609,-3.63,22.44,139.967
140.546,0.0801076,-8.16249,-6.34553,-0.108928,140.636,140.594,-5.64,22.43,140.049
140.546,0.0801076,-8.16249,-6.34553,-0.108928,140.636,140.594,-5.64,22.43,140.115
140.546,0.250732,-14.1319,-8.41885,-0.0896257,140.612,140.576,-7.29,22.41,140.115
140.546,0.250732,-14.1319,-8.41885,-0.0896257,140.612,140.576,-7.29,22.41,140.115
140.546,0.417081,-19.6003,-10.2218,-0.0661572,140.585,140.557,-7.84,22.4,140.181
140.546,0.417081,-19.6003,-10.2218,-0.0661572,140.585,140.557,-7.84,22.4,140.208
140.546,0.568896,-24.1118,-11.5888,-0.0394375,140.557,140.54,-7.35,22.38,140.208
140.546,0.568896,-24.1118,-11.5888,-0.0394375,140.557,140.54,-7.35,22.38,140.208
140.546,0.693429,-27.413,-12.4382,-0.0108463,140.528,140.524,-7.23,22.37,140.252
140.546,0.693429,-27.413,-12.4382,-0.0108463,140.528,140.524,-7.23,22.37,140.318
140.546,0.78366,-29.2548,-12.6932,0.0182912,140.499,140.509,-6.55,22.35,140.318
140.546,0.78366,-29.2548,-12.6932,0.0182912,140.499,140.509,-6.55,22.35,140.318
140.546,0.832707,-29.6632,-12.3852,0.0464999,140.473,140.495,-6.62,22.34,140.417
140.546,0.832707,-29.6632,-12.3852,0.0464999,140.473,140.495,-6.62,22.34,140.549
140.546,0.841421,-28.6912,-11.5552,0.0726186,140.45,140.483,-6.37,22.33,140.549
140.546,0.841421,-28.6912,-11.5552,0.0726186,140.45,140.483,-6.37,22.33,140.549
140.546,0.811415,-26.4696,-10.2724,0.0956363,140.431,140.473,-6.07,22.31,140.702
140.546,0.811415,-26.4696,-10.2724,0.0956363,140.431,140.473,-6.07,22.31,140.895
140.546,0.746474,-23.1547,-8.61391,0.114734,140.417,140.465,-5.64,22.3,140.895
140.546,0.746474,-23.1547,-8.61391,0.114734,140.417,140.465,-5.64,22.3,140.895
140.546,0.651092,-19.0163,-6.69719,0.129295,140.407,140.458,-5.52,22.29,141.109
140.546,0.651092,-19.0163,-6.69719,0.129295,140.407,140.458,-5.52,22.29,141.273
140.546,0.532922,-14.2027,-4.58917,0.139049,140.402,140.455,-4.48,22.28,141.273
140.546,0.532922,-14.2027,-4.58917,0.139049,140.402,140.455,-4.48,22.28,141.273
140.546,0.396191,-8.8908,-2.36537,0.143748,140.403,140.456,-3.26,22.28,141.389
140.546,0.396191,-8.8908,-2.36537,0.143748,140.403,140.456,-3.26,22.28,141.427
140.546,0.245914,-3.1991,-0.0761685,0.143338,140.408,140.46,-1.43,22.27,141.427
140.546,0.245914,-3.1991,-0.0761685,0.143338,140.408,140.46,-1.43,22.27,141.427
140.546,0.0854458,2.71449,2.21475,0.137792,140.419,140.468,0.45,22.28,141.411
140.546,0.0854458,2.71449,2.21475,0.137792,140.419,140.468,0.45,22.28,141.328
140.546,-0.080759,8.54503,4.38966,0.12726,140.434,140.477,1.74,22.28,141.328
140.546,-0.080759,8.54503,4.38966,0.12726,140.434,140.477,1.74,22.28,141.328
140.546,-0.244133,14.2013,6.4171,0.112302,140.453,140.49,3.87,22.29,141.24
140.546,-0.244133,14.2013,6.4171,0.112302,140.453,140.49,3.87,22.29,141.142
140.546,-0.402136,19.5268,8.24171,0.0933004,140.475,140.506,5.52,22.3,141.142
140.546,-0.402136,19.5268,8.24171,0.0933004,140.475,140.506,5.52,22.3,141.142
140.546,-0.550397,24.2343,9.7602,0.0708427,140.5,140.522,6.19,22.31,141.054
140.546,-0.550397,24.2343,9.7602,0.0708427,140.5,140.522,6.19,22.31,140.966
140.546,-0.680893,28.1917,10.9326,0.0458579,140.527,140.54,7.17,22.32,140.966
140.546,-0.680893,28.1917,10.9326,0.0458579,140.527,140.54,7.17,22.32,140.966
140.546,-0.789977,31.305,11.735,0.0191928,140.554,140.558,7.9,22.34,140.889
140.546,-0.789977,31.305,11.735,0.0191928,140.554,140.558,7.9,22.34,140.779
140.546,-0.875085,33.4368,12.128,-0.00829185,140.582,140.576,8.08,22.36,140.779
140.546,-0.875085,33.4368,12.128,-0.00829185,140.582,140.576,8.08,22.36,140.779
140.546,-0.932433,34.5341,12.1061,-0.0356126,140.608,140.593,8.27,22.37,140.648
140.546,-0.932433,34.5341,12.1061,-0.0356126,140.608,140.593,8.27,22.37,140.45
140.546,-0.960618,34.4537,11.6295,-0.0618542,140.632,140.607,7.78,22.39,140.45
140.546,-0.960618,34.4537,11.6295,-0.0618542,140.632,140.607,7.78,22.39,140.45
140.546,-0.955718,33.0761,10.669,-0.0859238,140.653,140.618,6.86,22.4,140.252
140.546,-0.955718,33.0761,10.669,-0.0859238,140.653,140.618,6.86,22.4,140.044
140.546,-0.914467,30.4501,9.26147,-0.106688,140.669,140.626,6.25,22.41,140.044
140.546,-0.914467,30.4501,9.26147,-0.106688,140.669,140.626,6.25,22.41,140.044
140.546,-0.838349,26.7868,7.50445,-0.123285,140.681,140.633,5.83,22.43,139.884
140.546,-0.838349,26.7868,7.50445,-0.123285,140.681,140.633,5.83,22.43,139.78
140.546,-0.733387,22.1828,5.44832,-0.135197,140.688,140.635,4.36,22.44,139.78
140.546,-0.733387,22.1828,5.44832,-0.135197,140.688,140.635,4.36,22.44,139.78
140.546,-0.602375,16.8273,3.1772,-0.14189,140.689,140.634,2.83,22.44,139.742
140.546,-0.602375,16.8273,3.1772,-0.14189,140.689,140.634,2.83,22.44,139.769
140.546,-0.450695,11.0294,0.818124,-0.14312,140.685,140.631,1.55,22.44,139.769
140.546,-0.450695,11.0294,0.818124,-0.14312,140.685,140.631,1.55,22.44,139.769
140.546,-0.287075,4.91166,-1.57794,-0.139008,140.676,140.624,-0.76,22.44,139.829
140.546,-0.287075,4.91166,-1.57794,-0.139008,140.676,140.624,-0.76,22.44,139.923
140.546,-0.114979,-1.43211,-3.97281,-0.129596,140.661,140.612,-3.32,22.44,139.923
140.546,-0.114979,-1.43211,-3.97281,-0.129596,140.661,140.612,-3.32,22.44,139.923
140.546,0.0629414,-7.86845,-6.31456,-0.114979,140.641,140.596,-5.64,22.42,140.011
140.546,0.0629414,-7.86845,-6.31456,-0.114979,140.641,140.596,-5.64,22.42,140.076
140.546,0.242934,-14.0407,-8.46765,-0.0954041,140.618,140.579,-6.62,22.41,140.076
140.546,0.242934,-14.0407,-8.46765,-0.0954041,140.618,140.579,-6.62,22.41,140.076
140.546,0.414991,-19.7174,-10.3495,-0.0716214,140.59,140.561,-7.9,22.4,140.148
140.546,0.414991,-19.7174,-10.3495,-0.0716214,140.59,140.561,-7.9,22.4,140.197
140.546,0.572649,-24.5338,-11.8296,-0.0444372,140.561,140.542,-8.02,22.38,140.197
140.546,0.572649,-24.5338,-11.8296,-0.0444372,140.561,140.542,-8.02,22.38,140.197
140.546,0.705722,-28.1331,-12.7853,-0.0150401,140.531,140.525,-7.59,22.36,140.252
140.546,0.705722,-28.1331,-12.7853,-0.0150401,140.531,140.525,-7.59,22.36,140.318
140.546,0.804277,-30.2826,-13.1461,0.015122,140.501,140.509,-7.1,22.35,140.318
140.546,0.804277,-30.2826,-13.1461,0.015122,140.501,140.509,-7.1,22.35,140.318
140.546,0.861891,-30.8122,-12.8686,0.0445738,140.474,140.496,-6.31,22.34,140.417
140.546,0.861891,-30.8122,-12.8686,0.0445738,140.474,140.496,-6.31,22.34,140.549
140.546,0.873913,-29.8239,-12.015,0.0718263,140.45,140.484,-6.25,22.32,140.549
140.546,0.873913,-29.8239,-12.015,0.0718263,140.45,140.484,-6.25,22.32,140.549
140.546,0.843347,-27.5028,-10.6776,0.0957729,140.43,140.474,-6.13,22.31,140.702
140.546,0.843347,-27.5028,-10.6776,0.0957729,140.43,140.474,-6.13,22.31,140.9
140.546,0.775518,-24.1689,-8.99706,0.115608,140.415,140.464,-6.43,22.3,140.9
140.546,0.775518,-24.1689,-8.99706,0.115608,140.415,140.464,-6.43,22.3,140.9
140.546,0.679514,-20.0101,-7.05845,0.130935,140.405,140.457,-5.94,22.29,141.12
140.546,0.679514,-20.0101,-7.05845,0.130935,140.405,140.457,-5.94,22.29,141.29
140.546,0.560687,-15.1161,-4.90627,0.141412,140.399,140.454,-4.6,22.28,141.29
140.546,0.560687,-15.1161,-4.90627,0.141412,140.399,140.454,-4.6,22.28,141.29
140.546,0.421621,-9.67901,-2.62259,0.146685,140.399,140.454,-3.38,22.27,141.405
140.546,0.421621,-9.67901,-2.62259,0.146685,140.399,140.454,-3.38,22.27,141.455
140.546,0.267757,-3.83893,-0.266734,0.146671,140.405,140.458,-1.61,22.27,141.455
140.546,0.267757,-3.83893,-0.266734,0.146671,140.405,140.458,-1.61,22.27,141.455
140.546,0.103065,2.20807,2.08274,0.141371,140.415,140.465,0.21,22.27,141.416
140.546,0.103065,2.20807,2.08274,0.141371,140.415,140.465,0.21,22.27,141.35
140.546,-0.0669305,8.31088,4.36733,0.130976,140.43,140.476,2.29,22.27,141.35
140.546,-0.0669305,8.31088,4.36733,0.130976,140.43,140.476,2.29,22.27,141.35
140.546,-0.237981,14.1591,6.46968,0.115785,140.449,140.489,3.57,22.28,141.24
140.546,-0.237981,14.1591,6.46968,0.115785,140.449,140.489,3.57,22.28,141.147
140.546,-0.401381,19.5064,8.30126,0.0964833,140.472,140.503,4.79,22.29,141.147
140.546,-0.401381,19.5064,8.30126,0.0964833,140.472,140.503,4.79,22.29,141.147
140.546,-0.550247,24.3146,9.8567,0.073889,140.497,140.52,6.62,22.3,141.059
140.546,-0.550247,24.3146,9.8567,0.073889,140.497,140.52,6.62,22.3,140.971
140.546,-0.683562,28.3713,11.0641,0.0486036,140.524,140.538,7.29,22.32,140.971
140.546,-0.683562,28.3713,11.0641,0.0486036,140.524,140.538,7.29,22.32,140.971
140.546,-0.795419,31.5106,11.8721,0.0215561,140.552,140.556,7.66,22.33,140.9
140.546,-0.795419,31.5106,11.8721,0.0215561,140.552,140.556,7.66,22.33,140.79
140.546,-0.881228,33.6846,12.2767,-0.00624279,140.58,140.574,8.27,22.35,140.79
140.546,-0.881228,33.6846,12.2767,-0.00624279,140.58,140.574,8.27,22.35,140.79
140.546,-0.939735,34.8267,12.2669,-0.0339187,140.607,140.591,8.45,22.37,140.648
140.546,-0.939735,34.8267,12.2669,-0.0339187,140.607,140.591,8.45,22.37,140.433
140.546,-0.969152,34.7437,11.7837,-0.0605291,140.631,140.606,7.78,22.38,140.433
140.546,-0.969152,34.7437,11.7837,-0.0605291,140.631,140.606,7.78,22.38,140.433
140.546,-0.964142,33.3933,10.8283,-0.0849129,140.652,140.617,7.17,22.4,140.252
140.546,-0.964142,33.3933,10.8283,-0.0849129,140.652,140.617,7.17,22.4,140.049
140.546,-0.923625,30.7632,9.41351,-0.106046,140.669,140.626,6.25,22.41,140.049
140.546,-0.923625,30.7632,9.41351,-0.106046,140.669,140.626,6.25,22.41,140.049
140.546,-0.847359,27.0509,7.63229,-0.122957,140.681,140.632,5.76,22.42,139.884
140.546,-0.847359,27.0509,7.63229,-0.122957,140.681,140.632,5.76,22.42,139.769
140.546,-0.740989,22.4319,5.56584,-0.135074,140.688,140.635,4.67,22.43,139.769
140.546,-0.740989,22.4319,5.56584,-0.135074,140.688,140.635,4.67,22.43,139.769
140.546,-0.60953,17.0792,3.29152,-0.142,140.689,140.634,3.02,22.44,139.747
140.546,-0.60953,17.0792,3.29152,-0.142,140.689,140.634,3.02,22.44,139.775
140.546,-0.457901,11.2663,0.922532,-0.143461,140.686,140.631,1.55,22.44,139.775
140.546,-0.457901,11.2663,0.922532,-0.143461,140.686,140.631,1.55,22.44,139.775
140.546,-0.293835,5.1036,-1.49459,-0.139541,140.676,140.624,-0.82,22.44,139.829
140.546,-0.293835,5.1036,-1.49459,-0.139541,140.676,140.624,-0.82,22.44,139.923
140.546,-0.120455,-1.29734,-3.91447,-0.130252,140.662,140.612,-3.32,22.43,139.923
140.546,-0.120455,-1.29734,-3.91447,-0.130252,140.662,140.612,-3.32,22.43,139.923
140.546,0.0590884,-7.72959,-6.25688,-0.115703,140.642,140.597,-5.27,22.42,140.005
140.546,0.0590884,-7.72959,-6.25688,-0.115703,140.642,140.597,-5.27,22.42,140.076
140.546,0.238979,-13.91,-8.41531,-0.096251,140.619,140.58,-6.62,22.41,140.076
140.546,0.238979,-13.91,-8.41531,-0.096251,140.619,140.58,-6.62,22.41,140.076
140.546,0.411279,-19.5132,-10.271,-0.0725776,140.592,140.562,-7.41,22.39,140.142
140.546,0.411279,-19.5132,-10.271,-0.0725776,140.592,140.562,-7.41,22.39,140.192
140.546,0.566886,-24.2384,-11.7192,-0.0456257,140.563,140.544,-7.78,22.38,140.192
140.546,0.566886,-24.2384,-11.7192,-0.0456257,140.563,140.544,-7.78,22.38,140.192
140.546,0.697417,-27.7737,-12.6546,-0.0165427,140.533,140.527,-7.53,22.36,140.241
140.546,0.697417,-27.7737,-12.6546,-0.0165427,140.533,140.527,-7.53,22.36,140.318
140.546,0.794201,-29.9423,-13.0278,0.0132779,140.503,140.511,-7.35,22.35,140.318
140.546,0.794201,-29.9423,-13.0278,0.0132779,140.503,140.511,-7.35,22.35,140.318
140.546,0.85238,-30.5522,-12.7856,0.0424974,140.476,140.497,-6.49,22.33,140.417
140.546,0.85238,-30.5522,-12.7856,0.0424974,140.476,140.497,-6.49,22.33,140.538
140.546,0.866684,-29.6278,-11.9598,0.0696543,140.452,140.486,-6.07,22.32,140.538
140.546,0.866684,-29.6278,-11.9598,0.0696543,140.452,140.486,-6.07,22.32,140.538
140.546,0.837935,-27.4184,-10.6675,0.0935599,140.432,140.475,-6.31,22.31,140.697
140.546,0.837935,-27.4184,-10.6675,0.0935599,140.432,140.475,-6.31,22.31,140.895
140.546,0.773254,-24.1213,-9.0018,0.11349,140.417,140.466,-6.07,22.3,140.895
140.546,0.773254,-24.1213,-9.0018,0.11349,140.417,140.466,-6.07,22.3,140.895
140.546,0.678287,-20.0319,-7.08996,0.128872,140.406,140.458,-6.07,22.28,141.103
140.546,0.678287,-20.0319,-7.08996,0.128872,140.406,140.458,-6.07,22.28,141.279
140.546,0.561411,-15.2986,-4.9985,0.139486,140.401,140.454,-5.09,22.27,141.279
140.546,0.561411,-15.2986,-4.9985,0.139486,140.401,140.454,-5.09,22.27,141.279
140.546,0.426851,-9.99347,-2.76236,0.145114,140.4,140.454,-3.38,22.27,141.394
140.546,0.426851,-9.99347,-2.76236,0.145114,140.4,140.454,-3.38,22.27,141.433
140.546,0.276676,-4.29497,-0.4559,0.145524,140.405,140.458,-1.79,22.26,141.433
140.546,0.276676,-4.29497,-0.4559,0.145524,140.405,140.458,-1.79,22.26,141.433
140.546,0.11593,1.61589,1.84812,0.140757,140.415,140.465,-0.02,22.26,141.416
140.546,0.11593,1.61589,1.84812,0.140757,140.415,140.465,-0.02,22.26,141.339
140.546,-0.0502829,7.63839,4.11039,0.130989,140.43,140.475,2.29,22.27,141.339
140.546,-0.0502829,7.63839,4.11039,0.130989,140.43,140.475,2.29,22.27,141.339
140.546,-0.219128,13.4717,6.21635,0.116414,140.448,140.488,3.63,22.28,141.23
140.546,-0.219128,13.4717,6.21635,0.116414,140.448,140.488,3.63,22.28,141.147
140.546,-0.382163,18.8108,8.05412,0.097658,140.47,140.502,4.54,22.29,141.147
140.546,-0.382163,18.8108,8.05412,0.097658,140.47,140.502,4.54,22.29,141.147
140.546,-0.530855,23.4842,9.56708,0.0755829,140.495,140.517,5.7,22.3,141.065
140.546,-0.530855,23.4842,9.56708,0.0755829,140.495,140.517,5.7,22.3,140.982
140.546,-0.660441,27.4783,10.7613,0.0510352,140.521,140.535,7.23,22.31,140.982
140.546,-0.660441,27.4783,10.7613,0.0510352,140.521,140.535,7.23,22.31,140.982
140.546,-0.770605,30.6842,11.6063,0.0246843,140.549,140.553,7.96,22.33,140.9
140.546,-0.770605,30.6842,11.6063,0.0246843,140.549,140.553,7.96,22.33,140.79
140.546,-0.858354,32.8678,12.0247,-0.00262279,140.576,140.571,7.72,22.34,140.79
140.546,-0.858354,32.8678,12.0247,-0.00262279,140.576,140.571,7.72,22.34,140.79
140.546,-0.917189,34.0453,12.0382,-0.0297796,140.602,140.588,8.27,22.36,140.658
140.546,-0.917189,34.0453,12.0382,-0.0297796,140.602,140.588,8.27,22.36,140.477
140.546,-0.947659,34.1719,11.6442,-0.0559529,140.626,140.603,8.27,22.38,140.477
140.546,-0.947659,34.1719,11.6442,-0.0559529,140.626,140.603,8.27,22.38,140.477
140.546,-0.948589,33.0774,10.7927,-0.0802547,140.648,140.615,7.29,22.39,140.269
140.546,-0.948589,33.0774,10.7927,-0.0802547,140.648,140.615,7.29,22.39,140.066
140.546,-0.915291,30.6992,9.47644,-0.101565,140.665,140.624,6.25,22.4,140.066
140.546,-0.915291,30.6992,9.47644,-0.101565,140.665,140.624,6.25,22.4,140.066
140.546,-0.846109,27.2523,7.79533,-0.118859,140.678,140.63,5.95,22.42,139.901
140.546,-0.846109,27.2523,7.79533,-0.118859,140.678,140.63,5.95,22.42,139.791
140.546,-0.747184,22.8907,5.82216,-0.13159,140.685,140.634,4.85,22.42,139.791
140.546,-0.747184,22.8907,5.82216,-0.13159,140.685,140.634,4.85,22.42,139.791
140.546,-0.622917,17.7993,3.63919,-0.139309,140.688,140.634,3.44,22.43,139.747
140.546,-0.622917,17.7993,3.63919,-0.139309,140.688,140.634,3.44,22.43,139.764
140.546,-0.478575,12.1539,1.32212,-0.141754,140.685,140.631,1.61,22.44,139.764
140.546,-0.478575,12.1539,1.32212,-0.141754,140.685,140.631,1.61,22.44,139.764
140.546,-0.319138,6.07831,-1.07589,-0.13883,140.676,140.624,-0.7,22.43,139.824
140.546,-0.319138,6.07831,-1.07589,-0.13883,140.676,140.624,-0.7,22.43,139.923
140.546,-0.14812,-0.24504,-3.48115,-0.130498,140.663,140.613,-2.89,22.43,139.923
140.546,-0.14812,-0.24504,-3.48115,-0.130498,140.663,140.613,-2.89,22.43,139.923
140.546,0.0293346,-6.73175,-5.86021,-0.116919,140.644,140.598,-5.4,22.42,139.994
140.546,0.0293346,-6.73175,-5.86021,-0.116919,140.644,140.598,-5.4,22.42,140.066
140.546,0.210847,-13.0524,-8.08697,-0.0982454,140.621,140.581,-6.62,22.4,140.066
140.546,0.210847,-13.0524,-8.08697,-0.0982454,140.621,140.581,-6.62,22.4,140.066
140.546,0.38717,-18.7536,-9.99249,-0.0751048,140.595,140.564,-6.86,22.39,140.126
140.546,0.38717,-18.7536,-9.99249,-0.0751048,140.595,140.564,-6.86,22.39,140.181
140.546,0.545602,-23.5958,-11.496,-0.0486309,140.566,140.546,-7.59,22.37,140.181
140.546,0.545602,-23.5958,-11.496,-0.0486309,140.566,140.546,-7.59,22.37,140.181
140.546,0.679481,-27.251,-12.4859,-0.0199032,140.536,140.529,-7.29,22.36,140.225
140.546,0.679481,-27.251,-12.4859,-0.0199032,140.536,140.529,-7.29,22.36,140.285
140.546,0.77968,-29.5026,-12.8975,0.00968521,140.507,140.514,-6.92,22.35,140.285
140.546,0.77968,-29.5026,-12.8975,0.00968521,140.507,140.514,-6.92,22.35,140.285
140.546,0.840231,-30.2418,-12.7102,0.0387272,140.48,140.5,-6.49,22.33,140.378
140.546,0.840231,-30.2418,-12.7102,0.0387272,140.48,140.5,-6.49,22.33,140.505
140.546,0.858198,-29.5598,-11.9806,0.0658567,140.456,140.487,-6.49,22.32,140.505
140.546,0.858198,-29.5598,-11.9806,0.0658567,140.456,140.487,-6.49,22.32,140.505
140.546,0.836273,-27.575,-10.7742,0.0900492,140.436,140.476,-6.19,22.31,140.648
140.546,0.836273,-27.575,-10.7742,0.0900492,140.436,140.476,-6.19,22.31,140.845
140.546,0.777898,-24.4072,-9.1547,0.110431,140.42,140.467,-5.64,22.3,140.845
140.546,0.777898,-24.4072,-9.1547,0.110431,140.42,140.467,-5.64,22.3,140.845
140.546,0.686543,-20.3545,-7.25186,0.126263,140.409,140.46,-5.64,22.28,141.054
140.546,0.686543,-20.3545,-7.25186,0.126263,140.409,140.46,-5.64,22.28,141.24
140.546,0.570669,-15.5654,-5.13355,0.137246,140.403,140.457,-4.66,22.28,141.24
140.546,0.570669,-15.5654,-5.13355,0.137246,140.403,140.457,-4.66,22.28,141.24
140.546,0.43451,-10.214,-2.87513,0.143092,140.402,140.457,-3.44,22.27,141.372
140.546,0.43451,-10.214,-2.87513,0.143092,140.402,140.457,-3.44,22.27,141.438
140.546,0.28301,-4.44744,-0.538832,0.143694,140.407,140.46,-1.79,22.26,141.438
140.546,0.28301,-4.44744,-0.538832,0.143694,140.407,140.46,-1.79,22.26,141.438
140.546,0.120331,1.5982,1.81953,0.139022,140.417,140.468,0.21,22.27,141.433
140.546,0.120331,1.5982,1.81953,0.139022,140.417,140.468,0.21,22.27,141.35
140.546,-0.0496797,7.64656,4.09245,0.129186,140.431,140.478,1.74,22.27,141.35
140.546,-0.0496797,7.64656,4.09245,0.129186,140.431,140.478,1.74,22.27,141.35
140.546,-0.219255,13.4077,6.17112,0.114624,140.45,140.489,3.02,22.27,141.262
140.546,-0.219255,13.4077,6.17112,0.114624,140.45,140.489,3.02,22.27,141.169
140.546,-0.380266,18.6474,7.97217,0.0960325,140.472,140.503,4.24,22.28,141.169
140.546,-0.380266,18.6474,7.97217,0.0960325,140.472,140.503,4.24,22.28,141.169
140.546,-0.526175,23.1588,9.4258,0.0742305,140.496,140.517,5.21,22.29,141.076
140.546,-0.526175,23.1588,9.4258,0.0742305,140.496,140.517,5.21,22.29,140.982
140.546,-0.651229,27.0236,10.5754,0.0501336,140.522,140.535,7.17,22.31,140.982
140.546,-0.651229,27.0236,10.5754,0.0501336,140.522,140.535,7.17,22.31,140.982
140.546,-0.757791,30.2391,11.4307,0.0243018,140.549,140.554,8.39,22.33,140.9
140.546,-0.757791,30.2391,11.4307,0.0243018,140.549,140.554,8.39,22.33,140.796
140.546,-0.845847,32.5792,11.9154,-0.00265011,140.576,140.572,8.27,22.34,140.796
140.546,-0.845847,32.5792,11.9154,-0.00265011,140.576,140.572,8.27,22.34,140.796
140.546,-0.909114,33.8983,11.987,-0.0297386,140.602,140.589,8.21,22.36,140.648
140.546,-0.909114,33.8983,11.987,-0.0297386,140.602,140.589,8.21,22.36,140.466
140.546,-0.943582,33.995,11.5835,-0.0559529,140.626,140.603,7.47,22.37,140.466
140.546,-0.943582,33.995,11.5835,-0.0559529,140.626,140.603,7.47,22.37,140.466
140.546,-0.943682,32.8038,10.6971,-0.0801045,140.647,140.614,6.92,22.39,140.258
140.546,-0.943682,32.8038,10.6971,-0.0801045,140.647,140.614,6.92,22.39,140.066
140.546,-0.907684,30.3344,9.34943,-0.101114,140.664,140.622,6.13,22.4,140.066
140.546,-0.907684,30.3344,9.34943,-0.101114,140.664,140.622,6.13,22.4,140.066
140.546,-0.835962,26.8045,7.6412,-0.118053,140.676,140.629,5.83,22.41,139.895
140.546,-0.835962,26.8045,7.6412,-0.118053,140.676,140.629,5.83,22.41,139.791
140.546,-0.734733,22.4019,5.65813,-0.130375,140.684,140.632,4.85,22.42,139.791
140.546,-0.734733,22.4019,5.65813,-0.130375,140.684,140.632,4.85,22.42,139.791
140.546,-0.609354,17.2548,3.45994,-0.13771,140.686,140.632,3.14,22.43,139.753
140.546,-0.609354,17.2548,3.45994,-0.13771,140.686,140.632,3.14,22.43,139.764
140.546,-0.463482,11.5726,1.13557,-0.139732,140.682,140.629,1.49,22.43,139.764
140.546,-0.463482,11.5726,1.13557,-0.139732,140.682,140.629,1.49,22.43,139.764
140.546,-0.303054,5.52561,-1.24437,-0.136385,140.674,140.622,-0.57,22.43,139.818
140.546,-0.303054,5.52561,-1.24437,-0.136385,140.674,140.622,-0.57,22.43,139.906
140.546,-0.132882,-0.759616,-3.62852,-0.127738,140.66,140.611,-2.95,22.42,139.906
140.546,-0.132882,-0.759616,-3.62852,-0.127738,140.66,140.611,-2.95,22.42,139.906
140.546,0.0434632,-7.05029,-5.92668,-0.1139,140.641,140.597,-4.72,22.41,139.989
140.546,0.0434632,-7.05029,-5.92668,-0.1139,140.641,140.597,-4.72,22.41,140.066
140.546,0.219438,-13.0823,-8.03999,-0.0952811,140.619,140.581,-6.13,22.4,140.066
140.546,0.219438,-13.0823,-8.03999,-0.0952811,140.619,140.581,-6.13,22.4,140.066
140.546,0.38764,-18.642,-9.89253,-0.0725366,140.592,140.563,-7.47,22.39,140.142
140.546,0.38764,-18.642,-9.89253,-0.0725366,140.592,140.563,-7.47,22.39,140.186
140.546,0.542104,-23.4447,-11.3841,-0.046418,140.564,140.544,-7.96,22.37,140.186
140.546,0.542104,-23.4447,-11.3841,-0.046418,140.564,140.544,-7.96,22.37,140.186
140.546,0.674894,-27.1407,-12.3934,-0.0179634,140.535,140.527,-7.59,22.36,140.23
140.546,0.674894,-27.1407,-12.3934,-0.0179634,140.535,140.527,-7.59,22.36,140.291
140.546,0.776261,-29.4917,-12.8462,0.0114747,140.505,140.511,-7.17,22.34,140.291
140.546,0.776261,-29.4917,-12.8462,0.0114747,140.505,140.511,-7.17,22.34,140.291
140.546,0.839618,-30.2091,-12.652,0.040503,140.478,140.498,-5.94,22.33,140.395
140.546,0.839618,-30.2091,-12.652,0.040503,140.478,140.498,-5.94,22.33,140.527
140.546,0.856983,-29.4291,-11.8867,0.0674959,140.455,140.486,-6.13,22.32,140.527
140.546,0.856983,-29.4291,-11.8867,0.0674959,140.455,140.486,-6.13,22.32,140.527
140.546,0.832315,-27.481,-10.6976,0.0913879,140.434,140.474,-6.8,22.3,140.669
140.546,0.832315,-27.481,-10.6976,0.0913879,140.434,140.474,-6.8,22.3,140.862
140.546,0.774991,-24.3609,-9.09888,0.111646,140.419,140.466,-5.7,22.29,140.862
140.546,0.774991,-24.3609,-9.09888,0.111646,140.419,140.466,-5.7,22.29,140.862
140.546,0.684988,-20.2728,-7.1843,0.12741,140.408,140.46,-5.27,22.28,141.076
140.546,0.684988,-20.2728,-7.1843,0.12741,140.408,140.46,-5.27,22.28,141.246
140.546,0.568132,-15.436,-5.05001,0.138229,140.402,140.456,-4.54,22.27,141.246
140.546,0.568132,-15.436,-5.05001,0.138229,140.402,140.456,-4.54,22.27,141.246
140.546,0.430648,-9.9608,-2.74701,0.143857,140.402,140.457,-2.95,22.27,141.372
140.546,0.430648,-9.9608,-2.74701,0.143857,140.402,140.457,-2.95,22.27,141.438
140.546,0.275687,-4.12481,-0.388663,0.144062,140.407,140.461,-1.86,22.26,141.438
140.546,0.275687,-4.12481,-0.388663,0.144062,140.407,140.461,-1.86,22.26,141.438
140.546,0.111086,1.88816,1.95178,0.139022,140.417,140.467,-0.09,22.26,141.427
140.546,0.111086,1.88816,1.95178,0.139022,140.417,140.467,-0.09,22.26,141.35
140.546,-0.057976,7.93924,4.22094,0.12894,140.432,140.478,2.04,22.27,141.35
140.546,-0.057976,7.93924,4.22094,0.12894,140.432,140.478,2.04,22.27,141.35
140.546,-0.227599,13.7739,6.32306,0.114105,140.451,140.49,3.51,22.27,141.262
140.546,-0.227599,13.7739,6.32306,0.114105,140.451,140.49,3.51,22.27,141.158
140.546,-0.390646,19.1729,8.17953,0.0951309,140.473,140.505,4.91,22.28,141.158
140.546,-0.390646,19.1729,8.17953,0.0951309,140.473,140.505,4.91,22.28,141.158
140.546,-0.540994,23.9838,9.7402,0.0727279,140.498,140.522,6.25,22.3,141.07
140.546,-0.540994,23.9838,9.7402,0.0727279,140.498,140.522,6.25,22.3,140.977
140.546,-0.674409,28.1168,10.9809,0.0476747,140.525,140.54,7.53,22.31,140.977
140.546,-0.674409,28.1168,10.9809,0.0476747,140.525,140.54,7.53,22.31,140.977
140.546,-0.788431,31.3363,11.8225,0.0207228,140.553,140.558,7.66,22.33,140.895
140.546,-0.788431,31.3363,11.8225,0.0207228,140.553,140.558,7.66,22.33,140.796
140.546,-0.876511,33.5593,12.2475,-0.00704876,140.581,140.575,8.08,22.34,140.796
140.546,-0.876511,33.5593,12.2475,-0.00704876,140.581,140.575,8.08,22.34,140.796
140.546,-0.936402,34.7845,12.2704,-0.034711,140.607,140.593,8.63,22.36,140.648
140.546,-0.936402,34.7845,12.2704,-0.034711,140.607,140.593,8.63,22.36,140.455
140.546,-0.968156,34.8866,11.8579,-0.0614171,140.632,140.608,8.27,22.38,140.455
140.546,-0.968156,34.8866,11.8579,-0.0614171,140.632,140.608,8.27,22.38,140.455
140.546,-0.968342,33.6397,10.9393,-0.0861423,140.654,140.62,6.92,22.39,140.258
140.546,-0.968342,33.6397,10.9393,-0.0861423,140.654,140.62,6.92,22.39,140.038
140.546,-0.930711,31.0831,9.54843,-0.107603,140.671,140.628,6.31,22.4,140.038
140.546,-0.930711,31.0831,9.54843,-0.107603,140.671,140.628,6.31,22.4,140.038
140.546,-0.856484,27.2918,7.73179,-0.12487,140.683,140.633,5.15,22.41,139.89
140.546,-0.856484,27.2918,7.73179,-0.12487,140.683,140.633,5.15,22.41,139.764
140.546,-0.747867,22.5258,5.6051,-0.137123,140.69,140.635,4.42,22.42,139.764
140.546,-0.747867,22.5258,5.6051,-0.137123,140.69,140.635,4.42,22.42,139.764
140.546,-0.612257,17.1118,3.30557,-0.14398,140.691,140.636,3.51,22.43,139.725
140.546,-0.612257,17.1118,3.30557,-0.14398,140.691,140.636,3.51,22.43,139.742
140.546,-0.458897,11.2159,0.903938,-0.145415,140.687,140.632,1.55,22.43,139.742
140.546,-0.458897,11.2159,0.903938,-0.145415,140.687,140.632,1.55,22.43,139.742
140.546,-0.292495,4.977,-1.54202,-0.141371,140.678,140.625,-0.76,22.43,139.807
140.546,-0.292495,4.977,-1.54202,-0.141371,140.678,140.625,-0.76,22.43,139.895
140.546,-0.116976,-1.39399,-3.94899,-0.131905,140.663,140.614,-2.77,22.43,139.895
140.546,-0.116976,-1.39399,-3.94899,-0.131905,140.663,140.614,-2.77,22.43,139.895
140.546,0.0617188,-7.75001,-6.2612,-0.117315,140.644,140.6,-4.97,22.42,139.983
140.546,0.0617188,-7.75001,-6.2612,-0.117315,140.644,140.6,-4.97,22.42,140.06
140.546,0.239464,-13.9086,-8.4114,-0.0979313,140.62,140.582,-6.8,22.4,140.06
140.546,0.239464,-13.9086,-8.4114,-0.0979313,140.62,140.582,-6.8,22.4,140.06
140.546,0.411153,-19.5459,-10.2806,-0.0742851,140.593,140.564,-7.65,22.39,140.137
140.546,0.411153,-19.5459,-10.2806,-0.0742851,140.593,140.564,-7.65,22.39,140.181
140.546,0.56772,-24.3799,-11.7704,-0.0472786,140.564,140.545,-8.14,22.37,140.181
140.546,0.56772,-24.3799,-11.7704,-0.0472786,140.564,140.545,-8.14,22.37,140.181
140.546,0.701307,-28.0732,-12.7647,-0.0179907,140.534,140.527,-7.84,22.35,140.23
140.546,0.701307,-28.0732,-12.7647,-0.0179907,140.534,140.527,-7.84,22.35,140.307
140.546,0.802516,-30.3208,-13.1643,0.012226,140.504,140.511,-7.1,22.34,140.307
140.546,0.802516,-30.3208,-13.1643,0.012226,140.504,140.511,-7.1,22.34,140.307
140.546,0.862889,-31.0246,-12.9533,0.0418144,140.477,140.497,-6.74,22.33,140.411
140.546,0.862889,-31.0246,-12.9533,0.0418144,140.477,140.497,-6.74,22.33,140.543
140.546,0.879802,-30.2677,-12.1857,0.0694084,140.452,140.484,-6.68,22.31,140.543
140.546,0.879802,-30.2677,-12.1857,0.0694084,140.452,140.484,-6.68,22.31,140.543
140.546,0.855718,-28.1808,-10.9322,0.0939424,140.431,140.473,-6.43,22.3,140.702
140.546,0.855718,-28.1808,-10.9322,0.0939424,140.431,140.473,-6.43,22.3,140.906
140.546,0.794428,-24.9885,-9.29692,0.114542,140.415,140.464,-6.37,22.29,140.906
140.546,0.794428,-24.9885,-9.29692,0.114542,140.415,140.464,-6.37,22.29,140.906
140.546,0.702346,-20.9195,-7.382,0.130634,140.404,140.456,-6.01,22.27,141.103
140.546,0.702346,-20.9195,-7.382,0.130634,140.404,140.456,-6.01,22.27,141.279
140.546,0.585979,-16.0337,-5.22122,0.141877,140.398,140.453,-4.54,22.27,141.279
140.546,0.585979,-16.0337,-5.22122,0.141877,140.398,140.453,-4.54,22.27,141.279
140.546,0.447073,-10.5802,-2.91976,0.147819,140.398,140.453,-3.56,22.26,141.394
140.546,0.447073,-10.5802,-2.91976,0.147819,140.398,140.453,-3.56,22.26,141.444
140.546,0.292682,-4.70745,-0.540405,0.148406,140.402,140.457,-1.79,22.26,141.444
140.546,0.292682,-4.70745,-0.540405,0.148406,140.402,140.457,-1.79,22.26,141.444
140.546,0.127007,1.53013,1.89231,0.143639,140.413,140.465,0.7,22.26,141.427
140.546,0.127007,1.53013,1.89231,0.143639,140.413,140.465,0.7,22.26,141.35
140.546,-0.048399,7.8562,4.2697,0.133448,140.428,140.476,2.35,22.26,141.35
140.546,-0.048399,7.8562,4.2697,0.133448,140.428,140.476,2.35,22.26,141.35
140.546,-0.225761,13.9699,6.47767,0.118231,140.447,140.489,3.75,22.27,141.251
140.546,-0.225761,13.9699,6.47767,0.118231,140.447,140.489,3.75,22.27,141.153
140.546,-0.396637,19.5581,8.40165,0.0986416,140.47,140.503,4.79,22.28,141.153
140.546,-0.396637,19.5581,8.40165,0.0986416,140.47,140.503,4.79,22.28,141.153
140.546,-0.552268,24.3799,9.95896,0.0755965,140.496,140.519,5.64,22.29,141.076
140.546,-0.552268,24.3799,9.95896,0.0755965,140.496,140.519,5.64,22.29,140.988
140.546,-0.685946,28.3931,11.1462,0.0500789,140.523,140.536,7.05,22.3,140.988
140.546,-0.685946,28.3931,11.1462,0.0500789,140.523,140.536,7.05,22.3,140.988
140.546,-0.796561,31.5977,11.9765,0.0229085,140.551,140.555,8.27,22.32,140.9
140.546,-0.796561,31.5977,11.9765,0.0229085,140.551,140.555,8.27,22.32,140.785
140.546,-0.884189,33.9392,12.4417,-0.00517728,140.579,140.575,8.94,22.34,140.785
140.546,-0.884189,33.9392,12.4417,-0.00517728,140.579,140.575,8.94,22.34,140.785
140.546,-0.947375,35.2855,12.5043,-0.0333586,140.607,140.593,8.88,22.36,140.653
140.546,-0.947375,35.2855,12.5043,-0.0333586,140.607,140.593,8.88,22.36,140.461
140.546,-0.982491,35.3767,12.0792,-0.0606794,140.632,140.608,7.9,22.37,140.461
140.546,-0.982491,35.3767,12.0792,-0.0606794,140.632,140.608,7.9,22.37,140.461
140.546,-0.982322,34.0508,11.1224,-0.0858555,140.654,140.619,6.86,22.39,140.241
140.546,-0.982322,34.0508,11.1224,-0.0858555,140.654,140.619,6.86,22.39,140.044
140.546,-0.942429,31.3649,9.67546,-0.107616,140.671,140.627,6.19,22.4,140.044
140.546,-0.942429,31.3649,9.67546,-0.107616,140.671,140.627,6.19,22.4,140.044
140.546,-0.864531,27.5546,7.84692,-0.125006,140.683,140.633,5.83,22.41,139.873
140.546,-0.864531,27.5546,7.84692,-0.125006,140.683,140.633,5.83,22.41,139.753
140.546,-0.755352,22.8852,5.75306,-0.137478,140.691,140.637,5.15,22.42,139.753
140.546,-0.755352,22.8852,5.75306,-0.137478,140.691,140.637,5.15,22.42,139.753
140.546,-0.62243,17.4113,3.42513,-0.144732,140.692,140.636,2.96,22.43,139.714
140.546,-0.62243,17.4113,3.42513,-0.144732,140.692,140.636,2.96,22.43,139.731
140.546,-0.467357,11.2609,0.921504,-0.146357,140.688,140.631,0.7,22.43,139.731
140.546,-0.467357,11.2609,0.921504,-0.146357,140.688,140.631,0.7,22.43,139.731
140.546,-0.293781,4.71018,-1.64465,-0.142095,140.678,140.622,-1.06,22.43,139.78
140.546,-0.293781,4.71018,-1.64465,-0.142095,140.678,140.622,-1.06,22.43,139.879
140.546,-0.109507,-1.9426,-4.15593,-0.13211,140.663,140.611,-2.83,22.42,139.879
140.546,-0.109507,-1.9426,-4.15593,-0.13211,140.663,140.611,-2.83,22.42,139.879
140.546,0.0770773,-8.45109,-6.51903,-0.11681,140.643,140.598,-4.6,22.41,139.961
140.546,0.0770773,-8.45109,-6.51903,-0.11681,140.643,140.598,-4.6,22.41,140.049
140.546,0.259058,-14.6533,-8.67645,-0.0967428,140.618,140.581,-6.55,22.4,140.049
140.546,0.259058,-14.6533,-8.67645,-0.0967428,140.618,140.581,-6.55,22.4,140.049
140.546,0.431915,-20.2374,-10.5155,-0.0724956,140.591,140.562,-7.41,22.38,140.12
140.546,0.431915,-20.2374,-10.5155,-0.0724956,140.591,140.562,-7.41,22.38,140.175
140.546,0.586932,-24.9531,-11.951,-0.0450519,140.561,140.544,-8.02,22.37,140.175
140.546,0.586932,-24.9531,-11.951,-0.0450519,140.561,140.544,-8.02,22.37,140.175
140.546,0.717142,-28.4408,-12.8597,-0.0155045,140.531,140.527,-7.53,22.35,140.23
140.546,0.717142,-28.4408,-12.8597,-0.0155045,140.531,140.527,-7.53,22.35,140.313
140.546,0.812538,-30.3561,-13.1282,0.0146986,140.502,140.512,-6.49,22.34,140.313
140.546,0.812538,-30.3561,-13.1282,0.0146986,140.502,140.512,-6.49,22.34,140.313
140.546,0.863563,-30.8272,-12.829,0.0438771,140.475,140.497,-7.04,22.32,140.417
140.546,0.863563,-30.8272,-12.829,0.0438771,140.475,140.497,-7.04,22.32,140.56
140.546,0.873946,-30.0172,-12.0453,0.0709793,140.451,140.483,-7.41,22.31,140.56
140.546,0.873946,-30.0172,-12.0453,0.0709793,140.451,140.483,-7.41,22.31,140.56
140.546,0.848397,-27.8241,-10.7559,0.0951719,140.431,140.473,-6.07,22.3,140.724
140.546,0.848397,-27.8241,-10.7559,0.0951719,140.431,140.473,-6.07,22.3,140.928
140.546,0.784154,-24.4603,-9.06116,0.115307,140.415,140.464,-5.88,22.29,140.928
140.546,0.784154,-24.4603,-9.06116,0.115307,140.415,140.464,-5.88,22.29,140.928
140.546,0.687293,-20.1911,-7.07802,0.130743,140.405,140.458,-5.64,22.27,141.131
140.546,0.687293,-20.1911,-7.07802,0.130743,140.405,140.458,-5.64,22.27,141.29
140.546,0.565358,-15.1461,-4.86728,0.141153,140.4,140.455,-4.36,22.27,141.29
140.546,0.565358,-15.1461,-4.86728,0.141153,140.4,140.455,-4.36,22.27,141.29
140.546,0.422046,-9.44894,-2.48546,0.146193,140.4,140.457,-2.71,22.26,141.405
140.546,0.422046,-9.44894,-2.48546,0.146193,140.4,140.457,-2.71,22.26,141.438
140.546,0.260891,-3.34477,-0.0335144,0.145633,140.406,140.462,-1.24,22.26,141.438
140.546,0.260891,-3.34477,-0.0335144,0.145633,140.406,140.462,-1.24,22.26,141.438
140.546,0.0888156,2.93502,2.39647,0.139582,140.418,140.469,0.45,22.26,141.416
140.546,0.0888156,2.93502,2.39647,0.139582,140.418,140.469,0.45,22.26,141.334
140.546,-0.0876623,9.28968,4.76583,0.128312,140.434,140.481,2.9,22.26,141.334
140.546,-0.0876623,9.28968,4.76583,0.128312,140.434,140.481,2.9,22.26,141.334
140.546,-0.265713,15.4333,6.96641,0.112042,140.455,140.496,4.36,22.27,141.24
140.546,-0.265713,15.4333,6.96641,0.112042,140.455,140.496,4.36,22.27,141.147
140.546,-0.437316,20.9875,8.85858,0.0914153,140.479,140.51,5.03,22.28,141.147
140.546,-0.437316,20.9875,8.85858,0.0914153,140.479,140.51,5.03,22.28,141.147
140.546,-0.591879,25.7998,10.3945,0.0674549,140.505,140.527,6.31,22.3,141.059
140.546,-0.591879,25.7998,10.3945,0.0674549,140.505,140.527,6.31,22.3,140.971
140.546,-0.725182,29.7095,11.525,0.0410494,140.533,140.544,7.11,22.31,140.971
140.546,-0.725182,29.7095,11.525,0.0410494,140.533,140.544,7.11,22.31,140.971
140.546,-0.832789,32.6881,12.2535,0.0131959,140.561,140.563,8.08,22.33,140.884
140.546,-0.832789,32.6881,12.2535,0.0131959,140.561,140.563,8.08,22.33,140.768
140.546,-0.91398,34.6552,12.5636,-0.0152313,140.589,140.581,8.45,22.34,140.768
140.546,-0.91398,34.6552,12.5636,-0.0152313,140.589,140.581,8.45,22.34,140.768
140.546,-0.966585,35.6081,12.4694,-0.0432897,140.616,140.599,8.88,22.36,140.615
140.546,-0.966585,35.6081,12.4694,-0.0432897,140.616,140.599,8.88,22.36,140.4
140.546,-0.990617,35.2583,11.8751,-0.0701324,140.64,140.613,7.66,22.38,140.4
140.546,-0.990617,35.2583,11.8751,-0.0701324,140.64,140.613,7.66,22.38,140.4
140.546,-0.978062,33.4804,10.7511,-0.0944342,140.661,140.623,6.56,22.39,140.192
140.546,-0.978062,33.4804,10.7511,-0.0944342,140.661,140.623,6.56,22.39,139.989
140.546,-0.925512,30.4215,9.17338,-0.114979,140.677,140.63,6.19,22.4,139.989
140.546,-0.925512,30.4215,9.17338,-0.114979,140.677,140.63,6.19,22.4,139.989
140.546,-0.837214,26.3566,7.26441,-0.130962,140.688,140.636,5.89,22.41,139.829
140.546,-0.837214,26.3566,7.26441,-0.130962,140.688,140.636,5.89,22.41,139.731
140.546,-0.720987,21.4027,5.08178,-0.141972,140.694,140.638,4.36,22.42,139.731
140.546,-0.720987,21.4027,5.08178,-0.141972,140.694,140.638,4.36,22.42,139.731
140.546,-0.580196,15.7573,2.71183,-0.147559,140.694,140.637,2.71,22.43,139.709
140.546,-0.580196,15.7573,2.71183,-0.147559,140.694,140.637,2.71,22.43,139.736
140.546,-0.420446,9.55377,0.213354,-0.147532,140.688,140.631,0.45,22.43,139.736
140.546,-0.420446,9.55377,0.213354,-0.147532,140.688,140.631,0.45,22.43,139.736
140.546,-0.24553,3.04393,-2.3116,-0.141754,140.676,140.622,-1.43,22.43,139.802
140.546,-0.24553,3.04393,-2.3116,-0.141754,140.676,140.622,-1.43,22.43,139.906
140.546,-0.0625521,-3.53399,-4.76991,-0.130416,140.66,140.61,-3.44,22.42,139.906
140.546,-0.0625521,-3.53399,-4.76991,-0.130416,140.66,140.61,-3.44,22.42,139.906
140.546,0.121786,-10.0248,-7.10366,-0.113914,140.639,140.595,-5.58,22.41,139.983
140.546,0.121786,-10.0248,-7.10366,-0.113914,140.639,140.595,-5.58,22.41,140.076
140.546,0.303137,-16.1766,-9.22007,-0.0926447,140.613,140.577,-7.1,22.39,140.076
140.546,0.303137,-16.1766,-9.22007,-0.0926447,140.613,140.577,-7.1,22.39,140.076
140.546,0.47445,-21.7431,-11.0319,-0.067332,140.585,140.557,-8.2,22.38,140.142
140.546,0.47445,-21.7431,-11.0319,-0.067332,140.585,140.557,-8.2,22.38,140.197
140.546,0.628848,-26.328,-12.3978,-0.0388365,140.554,140.539,-8.08,22.36,140.197
140.546,0.628848,-26.328,-12.3978,-0.0388365,140.554,140.539,-8.08,22.36,140.197
140.546,0.755272,-29.5625,-13.1922,-0.00849676,140.524,140.522,-7.41,22.35,140.252
140.546,0.755272,-29.5625,-13.1922,-0.00849676,140.524,140.522,-7.41,22.35,140.34
140.546,0.843456,-31.4003,-13.4178,0.0221435,140.494,140.505,-7.71,22.33,140.34
140.546,0.843456,-31.4003,-13.4178,0.0221435,140.494,140.505,-7.71,22.33,140.34
140.546,0.892223,-31.6562,-13.0245,0.0518411,140.467,140.492,-6.8,22.32,140.461
140.546,0.892223,-31.6562,-13.0245,0.0518411,140.467,140.492,-6.8,22.32,140.615
140.546,0.896496,-30.3766,-12.0525,0.0791346,140.443,140.48,-6.43,22.3,140.615
140.546,0.896496,-30.3766,-12.0525,0.0791346,140.443,140.48,-6.43,22.3,140.615
140.546,0.85771,-27.7342,-10.5895,0.102876,140.424,140.47,-6.19,22.29,140.785
140.546,0.85771,-27.7342,-10.5895,0.102876,140.424,140.47,-6.19,22.29,140.988
140.546,0.780845,-23.8831,-8.71283,0.122206,140.41,140.462,-5.52,22.28,140.988
140.546,0.780845,-23.8831,-8.71283,0.122206,140.41,140.462,-5.52,22.28,140.988
140.546,0.670328,-19.0953,-6.54259,0.136426,140.401,140.458,-5.09,22.27,141.191
140.546,0.670328,-19.0953,-6.54259,0.136426,140.401,140.458,-5.09,22.27,141.345
140.546,0.533899,-13.6895,-4.21224,0.14521,140.397,140.455,-4.54,22.26,141.345
140.546,0.533899,-13.6895,-4.21224,0.14521,140.397,140.455,-4.54,22.26,141.345
140.546,0.380569,-7.84666,-1.79781,0.148529,140.4,140.456,-3.01,22.26,141.427
140.546,0.380569,-7.84666,-1.79781,0.148529,140.4,140.456,-3.01,22.26,141.444
140.546,0.215461,-1.49609,0.723916,0.146398,140.407,140.463,0.03,22.26,141.444
140.546,0.215461,-1.49609,0.723916,0.146398,140.407,140.463,0.03,22.26,141.444
140.546,0.0366127,5.07638,3.2386,0.13853,140.421,140.473,1.67,22.26,141.4
140.546,0.0366127,5.07638,3.2386,0.13853,140.421,140.473,1.67,22.26,141.312
140.546,-0.14792,11.6461,5.65956,0.125211,140.439,140.487,3.63,22.27,141.312
140.546,-0.14792,11.6461,5.65956,0.125211,140.439,140.487,3.63,22.27,141.312
140.546,-0.331826,17.7244,7.8021,0.106865,140.461,140.5,4.12,22.27,141.208
140.546,-0.331826,17.7244,7.8021,0.106865,140.461,140.5,4.12,22.27,141.12
140.546,-0.501399,23.1684,9.62082,0.0845714,140.487,140.516,5.76,22.29,141.12
140.546,-0.501399,23.1684,9.62082,0.0845714,140.487,140.516,5.76,22.29,141.12
140.546,-0.652681,27.7996,11.0585,0.0591358,140.514,140.533,6.8,22.3,141.037
140.546,-0.652681,27.7996,11.0585,0.0591358,140.514,140.533,6.8,22.3,140.944
140.546,-0.780729,31.3948,12.0431,0.0315282,140.543,140.551,7.17,22.31,140.944
140.546,-0.780729,31.3948,12.0431,0.0315282,140.543,140.551,7.17,22.31,140.944
140.546,-0.879354,33.8929,12.5672,0.00292332,140.572,140.568,7.78,22.33,140.845
140.546,-0.879354,33.8929,12.5672,0.00292332,140.572,140.568,7.78,22.33,140.713
140.546,-0.946932,35.2433,12.628,-0.0256815,140.599,140.585,8.08,22.35,140.713
140.546,-0.946932,35.2433,12.628,-0.0256815,140.599,140.585,8.08,22.35,140.713
140.546,-0.982145,35.5551,12.2842,-0.0532618,140.625,140.602,8.82,22.36,140.538
140.546,-0.982145,35.5551,12.2842,-0.0532618,140.625,140.602,8.82,22.36,140.313
140.546,-0.988152,34.6593,11.486,-0.0790799,140.648,140.616,7.96,22.38,140.313
140.546,-0.988152,34.6593,11.486,-0.0790799,140.648,140.616,7.96,22.38,140.313
140.546,-0.960299,32.4567,10.212,-0.102029,140.667,140.626,6.8,22.39,140.109
140.546,-0.960299,32.4567,10.212,-0.102029,140.667,140.626,6.8,22.39,139.917
140.546,-0.895899,29.1092,8.54213,-0.121017,140.681,140.633,6.37,22.41,139.917
140.546,-0.895899,29.1092,8.54213,-0.121017,140.681,140.633,6.37,22.41,139.917
140.546,-0.799605,24.6645,6.50964,-0.135402,140.69,140.637,4.85,22.42,139.769
140.546,-0.799605,24.6645,6.50964,-0.135402,140.69,140.637,4.85,22.42,139.698
140.546,-0.672844,19.3567,4.21816,-0.144459,140.694,140.637,3.63,22.42,139.698
140.546,-0.672844,19.3567,4.21816,-0.144459,140.694,140.637,3.63,22.42,139.698
140.546,-0.522273,13.3682,1.74781,-0.147887,140.691,140.634,1.74,22.43,139.692
140.546,-0.522273,13.3682,1.74781,-0.147887,140.691,140.634,1.74,22.43,139.747
140.546,-0.353075,6.85019,-0.836131,-0.14551,140.683,140.626,-0.63,22.43,139.747
140.546,-0.353075,6.85019,-0.836131,-0.14551,140.683,140.626,-0.63,22.43,139.747
140.546,-0.169538,0.118444,-3.4076,-0.137232,140.669,140.616,-2.34,22.42,139.829
140.546,-0.169538,0.118444,-3.4076,-0.137232,140.669,140.616,-2.34,22.42,139.934
140.546,0.019441,-6.51529,-5.84669,-0.123394,140.651,140.603,-3.99,22.41,139.934
140.546,0.019441,-6.51529,-5.84669,-0.123394,140.651,140.603,-3.99,22.41,139.934
140.546,0.205105,-12.8972,-8.09844,-0.104598,140.627,140.587,-6.01,22.4,140.005
140.546,0.205105,-12.8972,-8.09844,-0.104598,140.627,140.587,-6.01,22.4,140.093
140.546,0.383158,-18.8353,-10.0953,-0.0813749,140.6,140.568,-7.65,22.38,140.093
140.546,0.383158,-18.8353,-10.0953,-0.0813749,140.6,140.568,-7.65,22.38,140.093
140.546,0.548246,-23.8327,-11.6555,-0.0544503,140.571,140.55,-7.29,22.37,140.153
140.546,0.548246,-23.8327,-11.6555,-0.0544503,140.571,140.55,-7.29,22.37,140.214
140.546,0.686468,-27.6158,-12.6895,-0.0252307,140.541,140.533,-7.35,22.36,140.214
140.546,0.686468,-27.6158,-12.6895,-0.0252307,140.541,140.533,-7.35,22.36,140.214
140.546,0.790232,-30.0907,-13.1802,0.00491774,140.511,140.516,-7.65,22.34,140.28
140.546,0.790232,-30.0907,-13.1802,0.00491774,140.511,140.516,-7.65,22.34,140.378
140.546,0.857013,-31.0845,-13.0809,0.0347657,140.483,140.501,-7.04,22.33,140.378
140.546,0.857013,-31.0845,-13.0809,0.0347657,140.483,140.501,-7.04,22.33,140.378
140.546,0.882072,-30.6556,-12.4354,0.0629197,140.458,140.487,-6.98,22.31,140.499
140.546,0.882072,-30.6556,-12.4354,0.0629197,140.458,140.487,-6.98,22.31,140.68
140.546,0.867179,-28.9022,-11.3016,0.0883007,140.436,140.475,-6.8,22.3,140.68
140.546,0.867179,-28.9022,-11.3016,0.0883007,140.436,140.475,-6.8,22.3,140.68
140.546,0.815207,-25.94,-9.74195,0.110007,140.419,140.466,-6.25,22.29,140.867
140.546,0.815207,-25.94,-9.74195,0.110007,140.419,140.466,-6.25,22.29,141.076
140.546,0.729511,-21.9826,-7.85432,0.12726,140.406,140.458,-5.88,22.27,141.076
140.546,0.729511,-21.9826,-7.85432,0.12726,140.406,140.458,-5.88,22.27,141.076
140.546,0.616187,-17.2534,-5.73689,0.139595,140.399,140.454,-5.21,22.26,141.251
140.546,0.616187,-17.2534,-5.73689,0.139595,140.399,140.454,-5.21,22.26,141.383
140.546,0.48158,-11.8067,-3.41965,0.146767,140.398,140.454,-3.38,22.26,141.383
140.546,0.48158,-11.8067,-3.41965,0.146767,140.398,140.454,-3.38,22.26,141.383
140.546,0.327272,-5.77472,-0.961268,0.148406,140.402,140.458,-1.43,22.25,141.427
140.546,0.327272,-5.77472,-0.961268,0.148406,140.402,140.458,-1.43,22.25,141.422
140.546,0.15702,0.603078,1.54044,0.144349,140.411,140.466,0.27,22.25,141.422
140.546,0.15702,0.603078,1.54044,0.144349,140.411,140.466,0.27,22.25,141.422
140.546,-0.0224132,7.02716,3.96827,0.134746,140.426,140.476,1.8,22.26,141.361
140.546,-0.0224132,7.02716,3.96827,0.134746,140.426,140.476,1.8,22.26,141.257
140.546,-0.202602,13.3287,6.25937,0.120061,140.445,140.489,3.93,22.27,141.257
140.546,-0.202602,13.3287,6.25937,0.120061,140.445,140.489,3.93,22.27,141.257
140.546,-0.378819,19.079,8.25361,0.100745,140.468,140.503,4.48,22.27,141.164
140.546,-0.378819,19.079,8.25361,0.100745,140.468,140.503,4.48,22.27,141.087
140.546,-0.539047,23.9879,9.84999,0.0778368,140.494,140.517,5.15,22.29,141.087
140.546,-0.539047,23.9879,9.84999,0.0778368,140.494,140.517,5.15,22.29,141.087
140.546,-0.675205,28.0147,11.0468,0.0524695,140.52,140.534,6.56,22.3,140.999
140.546,-0.675205,28.0147,11.0468,0.0524695,140.52,140.534,6.56,22.3,140.911
140.546,-0.786228,31.1893,11.8696,0.0254903,140.548,140.552,7.9,22.31,140.911
140.546,-0.786228,31.1893,11.8696,0.0254903,140.548,140.552,7.9,22.31,140.911
140.546,-0.873039,33.4028,12.2901,-0.00233592,140.576,140.571,8.21,22.33,140.812
140.546,-0.873039,33.4028,12.2901,-0.00233592,140.576,140.571,8.21,22.33,140.658
140.546,-0.932659,34.5409,12.2788,-0.0300665,140.603,140.587,8.21,22.35,140.658
140.546,-0.932659,34.5409,12.2788,-0.0300665,140.603,140.587,8.21,22.35,140.658
140.546,-0.961963,34.5191,11.8193,-0.0567042,140.627,140.602,7.9,22.36,140.494
140.546,-0.961963,34.5191,11.8193,-0.0567042,140.627,140.602,7.9,22.36,140.247
140.546,-0.958676,33.2503,10.8945,-0.0812246,140.649,140.615,7.35,22.38,140.247
140.546,-0.958676,33.2503,10.8945,-0.0812246,140.649,140.615,7.35,22.38,140.247
140.546,-0.920449,30.7482,9.52694,-0.102576,140.666,140.623,6.56,22.39,140.055
140.546,-0.920449,30.7482,9.52694,-0.102576,140.666,140.623,6.56,22.39,139.873
140.546,-0.847766,27.2564,7.82664,-0.119842,140.679,140.631,6.44,22.4,139.873
140.546,-0.847766,27.2564,7.82664,-0.119842,140.679,140.631,6.44,22.4,139.873
140.546,-0.747567,23.1044,5.9325,-0.132588,140.687,140.637,6.25,22.42,139.764
140.546,-0.747567,23.1044,5.9325,-0.132588,140.687,140.637,6.25,22.42,139.709
140.546,-0.629178,18.0171,3.7469,-0.140743,140.689,140.636,2.77,22.42,139.709
140.546,-0.629178,18.0171,3.7469,-0.140743,140.689,140.636,2.77,22.42,139.709
140.546,-0.484925,12.1866,1.35474,-0.14342,140.686,140.631,0.94,22.42,139.72
140.546,-0.484925,12.1866,1.35474,-0.14342,140.686,140.631,0.94,22.42,139.786
140.546,-0.320266,5.83736,-1.14954,-0.140388,140.678,140.623,-1.06,22.42,139.786
140.546,-0.320266,5.83736,-1.14954,-0.140388,140.678,140.623,-1.06,22.42,139.786
140.546,-0.141558,-0.765056,-3.65926,-0.131631,140.663,140.611,-2.95,22.42,139.873
140.546,-0.141558,-0.765056,-3.65926,-0.131631,140.663,140.611,-2.95,22.42,139.961
140.546,0.0437165,-7.12516,-5.98348,-0.117411,140.645,140.6,-3.56,22.41,139.961
140.546,0.0437165,-7.12516,-5.98348,-0.117411,140.645,140.6,-3.56,22.41,139.961
140.546,0.221638,-13.2484,-8.13023,-0.0986006,140.622,140.583,-6.25,22.4,140.044
140.546,0.221638,-13.2484,-8.13023,-0.0986006,140.622,140.583,-6.25,22.4,140.109
140.546,0.392394,-18.7999,-9.97689,-0.0755692,140.595,140.566,-6.98,22.38,140.109
140.546,0.392394,-18.7999,-9.97689,-0.0755692,140.595,140.566,-6.98,22.38,140.109
140.546,0.546613,-23.54,-11.4419,-0.0492866,140.567,140.548,-7.65,22.37,140.159
140.546,0.546613,-23.54,-11.4419,-0.0492866,140.567,140.548,-7.65,22.37,140.203
140.546,0.67763,-27.1067,-12.4,-0.0207774,140.537,140.531,-7.17,22.35,140.203
140.546,0.67763,-27.1067,-12.4,-0.0207774,140.537,140.531,-7.17,22.35,140.203
140.546,0.775358,-29.3052,-12.7946,0.0085514,140.509,140.515,-6.92,22.34,140.274
140.546,0.775358,-29.3052,-12.7946,0.0085514,140.509,140.515,-6.92,22.34,140.373
140.546,0.834438,-30.0253,-12.6039,0.0373202,140.482,140.501,-6.49,22.33,140.373
140.546,0.834438,-30.0253,-12.6039,0.0373202,140.482,140.501,-6.49,22.33,140.373
140.546,0.851893,-29.3814,-11.893,0.0642038,140.458,140.488,-6.62,22.31,140.494
140.546,0.851893,-29.3814,-11.893,0.0642038,140.458,140.488,-6.62,22.31,140.691
140.546,0.831062,-27.4674,-10.7172,0.088246,140.437,140.477,-6.43,22.3,140.691
140.546,0.831062,-27.4674,-10.7172,0.088246,140.437,140.477,-6.43,22.3,140.691
140.546,0.774695,-24.4466,-9.15635,0.108573,140.421,140.468,-6.01,22.29,140.851
140.546,0.774695,-24.4466,-9.15635,0.108573,140.421,140.468,-6.01,22.29,141.059
140.546,0.687482,-20.5328,-7.30693,0.124555,140.41,140.461,-5.7,22.28,141.059
140.546,0.687482,-20.5328,-7.30693,0.124555,140.41,140.461,-5.7,22.28,141.059
140.546,0.575509,-15.903,-5.2479,0.135798,140.404,140.457,-4.85,22.27,141.23
140.546,0.575509,-15.903,-5.2479,0.135798,140.404,140.457,-4.85,22.27,141.361
140.546,0.443812,-10.8225,-3.08934,0.142054,140.403,140.455,-4.17,22.26,141.361
140.546,0.443812,-10.8225,-3.08934,0.142054,140.403,140.455,-4.17,22.26,141.361
140.546,0.299894,-5.55964,-0.938368,0.143379,140.406,140.455,-3.26,22.25,141.416
140.546,0.299894,-5.55964,-0.938368,0.143379,140.406,140.455,-3.26,22.25,141.411
140.546,0.151311,-0.0163306,1.24207,0.140046,140.414,140.462,-0.39,22.25,141.411
140.546,0.151311,-0.0163306,1.24207,0.140046,140.414,140.462,-0.39,22.25,141.411
140.546,-0.00468507,5.76521,3.43398,0.131905,140.427,140.472,2.1,22.25,141.339
140.546,-0.00468507,5.76521,3.43398,0.131905,140.427,140.472,2.1,22.25,141.24
140.546,-0.166896,11.495,5.52507,0.118982,140.444,140.485,3.44,22.26,141.24
140.546,-0.166896,11.495,5.52507,0.118982,140.444,140.485,3.44,22.26,141.24
140.546,-0.327172,16.7783,7.367,0.10177,140.465,140.497,3.93,22.27,141.164
140.546,-0.327172,16.7783,7.367,0.10177,140.465,140.497,3.93,22.27,141.076
140.546,-0.474449,21.4585,8.90822,0.0811836,140.488,140.512,5.21,22.28,141.076
140.546,-0.474449,21.4585,8.90822,0.0811836,140.488,140.512,5.21,22.28,141.076
140.546,-0.604379,25.4064,10.1096,0.058002,140.513,140.528,6.19,22.29,140.999
140.546,-0.604379,25.4064,10.1096,0.058002,140.513,140.528,6.19,22.29,140.911
140.546,-0.713392,28.5755,10.9653,0.0330581,140.539,140.545,7.23,22.31,140.911
140.546,-0.713392,28.5755,10.9653,0.0330581,140.539,140.545,7.23,22.31,140.911
140.546,-0.800258,30.9129,11.4673,0.00711706,140.565,140.562,7.84,22.32,140.823
140.546,-0.800258,30.9129,11.4673,0.00711706,140.565,140.562,7.84,22.32,140.702
140.546,-0.86356,32.3832,11.6147,-0.0190289,140.591,140.58,8.27,22.34,140.702
140.546,-0.86356,32.3832,11.6147,-0.0190289,140.591,140.58,8.27,22.34,140.702
140.546,-0.902378,32.9645,11.4121,-0.0446148,140.615,140.596,8.51,22.36,140.549
140.546,-0.902378,32.9645,11.4121,-0.0446148,140.615,140.596,8.51,22.36,140.346
140.546,-0.916176,32.507,10.8148,-0.0688893,140.637,140.61,7.9,22.37,140.346
140.546,-0.916176,32.507,10.8148,-0.0688893,140.637,140.61,7.9,22.37,140.346
140.546,-0.900828,30.8054,9.75876,-0.0908825,140.655,140.62,6.5,22.39,140.142
140.546,-0.900828,30.8054,9.75876,-0.0908825,140.655,140.62,6.5,22.39,139.972
140.546,-0.850648,28.0474,8.33294,-0.109433,140.67,140.628,6.37,22.4,139.972
140.546,-0.850648,28.0474,8.33294,-0.109433,140.67,140.628,6.37,22.4,139.972
140.546,-0.771012,24.5161,6.65983,-0.123968,140.68,140.635,6.25,22.41,139.851
140.546,-0.771012,24.5161,6.65983,-0.123968,140.68,140.635,6.25,22.41,139.769
140.546,-0.669953,20.3409,4.79857,-0.134254,140.686,140.638,5.09,22.42,139.769
140.546,-0.669953,20.3409,4.79857,-0.134254,140.686,140.638,5.09,22.42,139.769
140.546,-0.55116,15.5545,2.76917,-0.140033,140.687,140.638,3.02,22.43,139.764
140.546,-0.55116,15.5545,2.76917,-0.140033,140.687,140.638,3.02,22.43,139.807
140.546,-0.415594,10.1024,0.557613,-0.140989,140.683,140.632,0.15,22.43,139.807
140.546,-0.415594,10.1024,0.557613,-0.140989,140.683,140.632,0.15,22.43,139.807
140.546,-0.26177,4.25686,-1.72437,-0.136686,140.673,140.624,-1.43,22.42,139.884
140.546,-0.26177,4.25686,-1.72437,-0.136686,140.673,140.624,-1.43,22.42,139.961
140.546,-0.0973757,-1.74929,-3.98423,-0.127246,140.659,140.613,-3.14,22.42,139.961
140.546,-0.0973757,-1.74929,-3.98423,-0.127246,140.659,140.613,-3.14,22.42,139.961
140.546,0.0710327,-7.67922,-6.13121,-0.112944,140.64,140.599,-4.72,22.41,140.038
140.546,0.0710327,-7.67922,-6.13121,-0.112944,140.64,140.599,-4.72,22.41,140.093
140.546,0.236803,-13.4717,-8.14518,-0.0942703,140.618,140.582,-6.86,22.39,140.093
140.546,0.236803,-13.4717,-8.14518,-0.0942703,140.618,140.582,-6.86,22.39,140.093
140.546,0.398235,-18.6501,-9.84773,-0.0715394,140.592,140.566,-6.74,22.38,140.142
140.546,0.398235,-18.6501,-9.84773,-0.0715394,140.592,140.566,-6.74,22.38,140.181
140.546,0.541975,-22.8362,-11.1046,-0.0458989,140.565,140.55,-6.49,22.37,140.181
140.546,0.541975,-22.8362,-11.1046,-0.0458989,140.565,140.55,-6.49,22.37,140.181
140.546,0.657461,-25.876,-11.8726,-0.0186464,140.537,140.534,-6.68,22.35,140.208
140.546,0.657461,-25.876,-11.8726,-0.0186464,140.537,140.534,-6.68,22.35,140.269
140.546,0.740468,-27.6703,-12.1312,0.00905683,140.51,140.519,-6.68,22.34,140.269
140.546,0.740468,-27.6703,-12.1312,0.00905683,140.51,140.519,-6.68,22.34,140.269
140.546,0.788308,-28.1985,-11.891,0.0360361,140.485,140.505,-6.62,22.33,140.362
140.546,0.788308,-28.1985,-11.891,0.0360361,140.485,140.505,-6.62,22.33,140.483
140.546,0.800518,-27.3817,-11.14,0.0612531,140.462,140.493,-5.82,22.32,140.483
140.546,0.800518,-27.3817,-11.14,0.0612531,140.462,140.493,-5.82,22.32,140.483
140.546,0.774988,-25.5194,-10.0119,0.0835605,140.443,140.481,-6.43,22.3,140.626
140.546,0.774988,-25.5194,-10.0119,0.0835605,140.443,140.481,-6.43,22.3,140.801
140.546,0.720239,-22.764,-8.57914,0.10248,140.428,140.471,-6.19,22.29,140.801
140.546,0.720239,-22.764,-8.57914,0.10248,140.428,140.471,-6.19,22.29,140.801
140.546,0.640636,-19.196,-6.88413,0.117534,140.418,140.464,-5.46,22.28,141.015
140.546,0.640636,-19.196,-6.88413,0.117534,140.418,140.464,-5.46,22.28,141.197
140.546,0.538501,-15.0031,-5.00898,0.128244,140.412,140.46,-4.91,22.27,141.197
140.546,0.538501,-15.0031,-5.00898,0.128244,140.412,140.46,-4.91,22.27,141.197
140.546,0.41917,-10.3447,-3.02195,0.134432,140.41,140.458,-3.93,22.26,141.328
140.546,0.41917,-10.3447,-3.02195,0.134432,140.41,140.458,-3.93,22.26,141.394
140.546,0.287159,-5.31324,-0.963272,0.13603,140.413,140.46,-2.34,22.26,141.394
140.546,0.287159,-5.31324,-0.963272,0.13603,140.413,140.46,-2.34,22.26,141.394
140.546,0.145097,-0.053086,1.10843,0.132984,140.421,140.466,-0.7,22.26,141.389
140.546,0.145097,-0.053086,1.10843,0.132984,140.421,140.466,-0.7,22.26,141.323
140.546,-0.00294588,5.30781,3.14292,0.125416,140.432,140.474,1.19,22.26,141.323
140.546,-0.00294588,5.30781,3.14292,0.125416,140.432,140.474,1.19,22.26,141.323
140.546,-0.153368,10.5639,5.06208,0.113518,140.448,140.485,2.71,22.26,141.23
140.546,-0.153368,10.5639,5.06208,0.113518,140.448,140.485,2.71,22.26,141.142
140.546,-0.3004,15.4864,6.78181,0.09774,140.467,140.498,3.87,22.27,141.142
140.546,-0.3004,15.4864,6.78181,0.09774,140.467,140.498,3.87,22.27,141.142
140.546,-0.437642,19.9802,8.27223,0.0787248,140.489,140.512,5.34,22.28,141.065
140.546,-0.437642,19.9802,8.27223,0.0787248,140.489,140.512,5.34,22.28,140.988
140.546,-0.562458,24.0138,9.52919,0.0570457,140.513,140.529,6.86,22.3,140.988
140.546,-0.562458,24.0138,9.52919,0.0570457,140.513,140.529,6.86,22.3,140.988
140.546,-0.674012,27.4429,10.5054,0.033222,140.538,140.547,7.53,22.31,140.917
140.546,-0.674012,27.4429,10.5054,0.033222,140.538,140.547,7.53,22.31,140.834
140.546,-0.768301,30.0662,11.1337,0.007964,140.564,140.564,7.6,22.33,140.834
140.546,-0.768301,30.0662,11.1337,0.007964,140.564,140.564,7.6,22.33,140.834
140.546,-0.839727,31.8713,11.4216,-0.0177858,140.589,140.582,8.27,22.34,140.719
140.546,-0.839727,31.8713,11.4216,-0.0177858,140.589,140.582,8.27,22.34,140.571
140.546,-0.888019,32.6636,11.307,-0.0433171,140.614,140.597,7.78,22.36,140.571
140.546,-0.888019,32.6636,11.307,-0.0433171,140.614,140.597,7.78,22.36,140.571
140.546,-0.907784,32.3614,10.7732,-0.0675916,140.636,140.611,7.47,22.37,140.384
140.546,-0.907784,32.3614,10.7732,-0.0675916,140.636,140.611,7.47,22.37,140.175
140.546,-0.896816,30.9769,9.84037,-0.0896531,140.655,140.622,7.23,22.39,140.175
140.546,-0.896816,30.9769,9.84037,-0.0896531,140.655,140.622,7.23,22.39,140.175
140.546,-0.855551,28.4571,8.50302,-0.108696,140.67,140.629,6.13,22.4,140
140.546,-0.855551,28.4571,8.50302,-0.108696,140.67,140.629,6.13,22.4,139.868
140.546,-0.782587,25.0075,6.8551,-0.123831,140.681,140.635,5.7,22.41,139.868
140.546,-0.782587,25.0075,6.8551,-0.123831,140.681,140.635,5.7,22.41,139.868
140.546,-0.683785,20.752,4.95598,-0.134609,140.687,140.638,4.48,22.42,139.78
140.546,-0.683785,20.752,4.95598,-0.134609,140.687,140.638,4.48,22.42,139.764
140.546,-0.562695,15.824,2.86657,-0.140634,140.688,140.637,2.83,22.43,139.764
140.546,-0.562695,15.824,2.86657,-0.140634,140.688,140.637,2.83,22.43,139.764
140.546,-0.423121,10.357,0.645661,-0.141644,140.683,140.633,0.82,22.43,139.807
140.546,-0.423121,10.357,0.645661,-0.141644,140.683,140.633,0.82,22.43,139.884
140.546,-0.268855,4.39299,-1.68501,-0.137505,140.674,140.624,-1.86,22.42,139.884
140.546,-0.268855,4.39299,-1.68501,-0.137505,140.674,140.624,-1.86,22.42,139.884
140.546,-0.101116,-1.77653,-4.009,-0.128025,140.66,140.612,-3.38,22.42,139.956
140.546,-0.101116,-1.77653,-4.009,-0.128025,140.66,140.612,-3.38,22.42,140.033
140.546,0.0718877,-7.90248,-6.23029,-0.113518,140.64,140.598,-4.97,22.41,140.033
140.546,0.0718877,-7.90248,-6.23029,-0.113518,140.64,140.598,-4.97,22.41,140.033
140.546,0.243157,-13.7643,-8.26733,-0.0944342,140.617,140.582,-6.43,22.4,140.093
140.546,0.243157,-13.7643,-8.26733,-0.0944342,140.617,140.582,-6.43,22.4,140.131
140.546,0.406517,-18.9523,-9.9691,-0.0713891,140.591,140.565,-6.55,22.38,140.131
140.546,0.406517,-18.9523,-9.9691,-0.0713891,140.591,140.565,-6.55,22.38,140.131
140.546,0.550498,-23.1738,-11.2351,-0.0454891,140.564,140.549,-6.74,22.37,140.175
140.546,0.550498,-23.1738,-11.2351,-0.0454891,140.564,140.549,-6.74,22.37,140.219
140.546,0.666952,-26.1959,-11.9915,-0.0179224,140.536,140.534,-6.62,22.36,140.219
140.546,0.666952,-26.1959,-11.9915,-0.0179224,140.536,140.534,-6.62,22.36,140.219
140.546,0.749433,-27.9793,-12.2415,0.0100131,140.509,140.518,-6.86,22.34,140.274
140.546,0.749433,-27.9793,-12.2415,0.0100131,140.509,140.518,-6.86,22.34,140.373
140.546,0.796941,-28.502,-11.995,0.0372109,140.483,140.504,-6.8,22.33,140.373
140.546,0.796941,-28.502,-11.995,0.0372109,140.483,140.504,-6.8,22.33,140.373
140.546,0.808973,-27.8867,-11.3173,0.0626328,140.46,140.49,-6.98,22.31,140.483
140.546,0.808973,-27.8867,-11.3173,0.0626328,140.46,140.49,-6.98,22.31,140.642
140.546,0.789076,-26.1415,-10.2273,0.085514,140.441,140.478,-6.37,22.3,140.642
140.546,0.789076,-26.1415,-10.2273,0.085514,140.441,140.478,-6.37,22.3,140.642
140.546,0.737574,-23.329,-8.76451,0.104994,140.426,140.469,-5.7,22.29,140.829
140.546,0.737574,-23.329,-8.76451,0.104994,140.426,140.469,-5.7,22.29,141.037
140.546,0.656315,-19.5214,-6.97056,0.120362,140.415,140.464,-4.78,22.28,141.037
140.546,0.656315,-19.5214,-6.97056,0.120362,140.415,140.464,-4.78,22.28,141.037
140.546,0.547412,-15.0045,-4.96771,0.131017,140.409,140.46,-4.54,22.27,141.219
140.546,0.547412,-15.0045,-4.96771,0.131017,140.409,140.46,-4.54,22.27,141.361
140.546,0.418964,-10.0261,-2.8592,0.136795,140.408,140.459,-3.87,22.26,141.361
140.546,0.418964,-10.0261,-2.8592,0.136795,140.408,140.459,-3.87,22.26,141.361
140.546,0.277978,-4.79867,-0.730997,0.137738,140.412,140.461,-2.71,22.26,141.416
140.546,0.277978,-4.79867,-0.730997,0.137738,140.412,140.461,-2.71,22.26,141.405
140.546,0.130444,0.649349,1.40449,0.134008,140.42,140.467,-0.45,22.26,141.405
140.546,0.130444,0.649349,1.40449,0.134008,140.42,140.467,-0.45,22.26,141.405
140.546,-0.0228243,6.21172,3.50556,0.125635,140.433,140.476,1.61,22.26,141.339
140.546,-0.0228243,6.21172,3.50556,0.125635,140.433,140.476,1.61,22.26,141.246
140.546,-0.17884,11.6352,5.4757,0.11278,140.45,140.488,2.96,22.27,141.246
140.546,-0.17884,11.6352,5.4757,0.11278,140.45,140.488,2.96,22.27,141.246
140.546,-0.330495,16.7633,7.25901,0.0959778,140.47,140.501,4.54,22.27,141.153
140.546,-0.330495,16.7633,7.25901,0.0959778,140.47,140.501,4.54,22.27,141.076
140.546,-0.473418,21.4694,8.81314,0.0757605,140.493,140.517,5.95,22.29,141.076
140.546,-0.473418,21.4694,8.81314,0.0757605,140.493,140.517,5.95,22.29,141.076
140.546,-0.60409,25.6283,10.0979,0.0527427,140.518,140.535,7.11,22.3,140.988
140.546,-0.60409,25.6283,10.0979,0.0527427,140.518,140.535,7.11,22.3,140.911
140.546,-0.71904,29.082,11.0622,0.0276076,140.545,140.553,7.72,22.32,140.911
140.546,-0.71904,29.082,11.0622,0.0276076,140.545,140.553,7.72,22.32,140.911
140.546,-0.813889,31.6358,11.6427,0.00117479,140.572,140.57,7.78,22.33,140.823
140.546,-0.813889,31.6358,11.6427,0.00117479,140.572,140.57,7.78,22.33,140.669
140.546,-0.883239,33.1128,11.7853,-0.0255586,140.597,140.586,7.66,22.35,140.669
140.546,-0.883239,33.1128,11.7853,-0.0255586,140.597,140.586,7.66,22.35,140.669
140.546,-0.922203,33.6097,11.5431,-0.0515133,140.622,140.603,8.27,22.36,140.543
140.546,-0.922203,33.6097,11.5431,-0.0515133,140.622,140.603,8.27,22.36,140.351
140.546,-0.933587,33.038,10.8962,-0.075979,140.644,140.616,7.84,22.38,140.351
140.546,-0.933587,33.038,10.8962,-0.075979,140.644,140.616,7.84,22.38,140.351
140.546,-0.914992,31.2601,9.8068,-0.0980269,140.663,140.626,6.74,22.39,140.142
140.546,-0.914992,31.2601,9.8068,-0.0980269,140.663,140.626,6.74,22.39,139.95
140.546,-0.862645,28.3319,8.31289,-0.116605,140.677,140.633,6.01,22.41,139.95
140.546,-0.862645,28.3319,8.31289,-0.116605,140.677,140.633,6.01,22.41,139.95
140.546,-0.778214,24.5297,6.53558,-0.130935,140.687,140.639,5.76,22.42,139.824
140.546,-0.778214,24.5297,6.53558,-0.130935,140.687,140.639,5.76,22.42,139.758
140.546,-0.669545,19.8848,4.49779,-0.140688,140.691,140.64,3.87,22.42,139.758
140.546,-0.669545,19.8848,4.49779,-0.140688,140.691,140.64,3.87,22.42,139.758
140.546,-0.537585,14.4845,2.24311,-0.145374,140.691,140.637,1.74,22.43,139.764
140.546,-0.537585,14.4845,2.24311,-0.145374,140.691,140.637,1.74,22.43,139.818
140.546,-0.38484,8.61173,-0.11127,-0.144609,140.684,140.632,0.21,22.43,139.818
140.546,-0.38484,8.61173,-0.11127,-0.144609,140.684,140.632,0.21,22.43,139.818
140.546,-0.219314,2.46672,-2.48422,-0.138489,140.673,140.623,-1.73,22.43,139.884
140.546,-0.219314,2.46672,-2.48422,-0.138489,140.673,140.623,-1.73,22.43,139.972
140.546,-0.0466512,-3.75181,-4.79808,-0.127164,140.657,140.611,-3.69,22.42,139.972
140.546,-0.0466512,-3.75181,-4.79808,-0.127164,140.657,140.611,-3.69,22.42,139.972
140.546,0.127558,-9.86824,-6.9869,-0.110963,140.636,140.596,-5.58,22.41,140.044
140.546,0.127558,-9.86824,-6.9869,-0.110963,140.636,140.596,-5.58,22.41,140.109
140.546,0.298389,-15.5763,-8.93709,-0.0903224,140.612,140.579,-6.55,22.39,140.109
140.546,0.298389,-15.5763,-8.93709,-0.0903224,140.612,140.579,-6.55,22.39,140.109
140.546,0.457265,-20.6023,-10.5518,-0.0660343,140.585,140.562,-7.23,22.38,140.153
140.546,0.457265,-20.6023,-10.5518,-0.0660343,140.585,140.562,-7.23,22.38,140.186
140.546,0.596549,-24.7148,-11.754,-0.0390823,140.557,140.544,-7.59,22.36,140.186
140.546,0.596549,-24.7148,-11.754,-0.0390823,140.557,140.544,-7.59,22.36,140.186
140.546,0.709814,-27.5831,-12.4316,-0.0105458,140.528,140.528,-6.98,22.35,140.241
140.546,0.709814,-27.5831,-12.4316,-0.0105458,140.528,140.528,-6.98,22.35,140.318
140.546,0.787858,-29.101,-12.5627,0.018141,140.5,140.513,-6.86,22.34,140.318
140.546,0.787858,-29.101,-12.5627,0.018141,140.5,140.513,-6.86,22.34,140.318
140.546,0.82781,-29.3433,-12.1959,0.0457486,140.475,140.498,-7.1,22.32,140.417
140.546,0.82781,-29.3433,-12.1959,0.0457486,140.475,140.498,-7.1,22.32,140.549
140.546,0.83189,-28.3455,-11.363,0.0713072,140.452,140.485,-6.8,22.31,140.549
140.546,0.83189,-28.3455,-11.363,0.0713072,140.452,140.485,-6.8,22.31,140.549
140.546,0.8012,-26.1075,-10.0812,0.0939014,140.433,140.475,-5.94,22.3,140.713
140.546,-0.47518,22.7845,9.7327,0.0950079,140.477,140.512,5.76,22.27,141.158
140.546,-0.643623,28.0732,11.4199,0.0687254,140.506,140.53,7.35,22.28,141.065
140.546,-0.643623,28.0732,11.4199,0.0687254,140.506,140.53,7.35,22.28,140.977
140.546,-0.790119,32.5125,12.7162,0.0397107,140.537,140.551,8.69,22.3,140.977
140.546,-0.790119,32.5125,12.7162,0.0397107,140.537,140.551,8.69,22.3,140.977
140.546,-0.912372,35.8899,13.5539,0.00885192,140.569,140.571,9,22.32,140.873
140.546,-0.912372,35.8899,13.5539,0.00885192,140.569,140.571,9,22.32,140.746
140.546,-1.0045,38.0095,13.8744,-0.0226762,140.6,140.59,8.88,22.34,140.746
140.546,-1.0045,38.0095,13.8744,-0.0226762,140.6,140.59,8.88,22.34,140.746
140.546,-1.0611,38.8753,13.698,-0.053617,140.629,140.608,9.24,22.36,140.593
140.546,-1.0611,38.8753,13.698,-0.053617,140.629,140.608,9.24,22.36,140.362
140.546,-1.0824,38.3989,13.0089,-0.0829322,140.655,140.624,8.88,22.37,140.362
140.546,-1.0824,38.3989,13.0089,-0.0829322,140.655,140.624,8.88,22.37,140.362
140.546,-1.06601,36.5202,11.803,-0.109474,140.678,140.637,8.08,22.39,140.131
140.546,-1.06601,36.5202,11.803,-0.109474,140.678,140.637,8.08,22.39,139.906
140.546,-1.01038,33.0706,10.035,-0.132096,140.695,140.643,6.13,22.4,139.906
140.546,-1.01038,33.0706,10.035,-0.132096,140.695,140.643,6.13,22.4,139.906
140.546,-0.910863,28.3482,7.84004,-0.149472,140.707,140.648,5.52,22.41,139.764
140.546,-0.910863,28.3482,7.84004,-0.149472,140.707,140.648,5.52,22.41,139.654
140.546,-0.775971,22.7641,5.39209,-0.161015,140.713,140.651,5.09,22.42,139.654
140.546,-0.775971,22.7641,5.39209,-0.161015,140.713,140.651,5.09,22.42,139.654
140.546,-0.617339,16.4965,2.76952,-0.166602,140.712,140.65,3.08,22.43,139.632
140.546,-0.617339,16.4965,2.76952,-0.166602,140.712,140.65,3.08,22.43,139.676
140.546,-0.440034,9.65587,0.0218496,-0.166069,140.705,140.643,0.39,22.43,139.676
140.546,-0.440034,9.65587,0.0218496,-0.166069,140.705,140.643,0.39,22.43,139.676
140.546,-0.247197,2.51165,-2.74212,-0.159253,140.692,140.634,-1.73,22.43,139.758
140.546,-0.247197,2.51165,-2.74212,-0.159253,140.692,140.634,-1.73,22.43,139.84
140.546,-0.0464288,-4.72515,-5.43997,-0.146398,140.674,140.62,-4.05,22.42,139.84
140.546,-0.0464288,-4.72515,-5.43997,-0.146398,140.674,140.62,-4.05,22.42,139.84
140.546,0.156336,-11.8775,-8.00535,-0.127847,140.65,140.602,-6.49,22.41,139.956
140.546,0.156336,-11.8775,-8.00535,-0.127847,140.65,140.602,-6.49,22.41,140.044
140.546,0.356135,-18.6256,-10.3196,-0.104051,140.622,140.582,-7.9,22.39,140.044
140.546,0.356135,-18.6256,-10.3196,-0.104051,140.622,140.582,-7.9,22.39,140.044
140.546,0.54401,-24.6086,-12.2528,-0.0758561,140.59,140.562,-8.63,22.37,140.115
140.546,0.54401,-24.6086,-12.2528,-0.0758561,140.59,140.562,-8.63,22.37,140.181
140.546,0.70988,-29.3801,-13.6472,-0.0444099,140.557,140.543,-8.32,22.36,140.181
140.546,0.70988,-29.3801,-13.6472,-0.0444099,140.557,140.543,-8.32,22.36,140.181
140.546,0.841288,-32.6827,-14.4231,-0.0112835,140.524,140.524,-8.14,22.34,140.236
140.546,0.841288,-32.6827,-14.4231,-0.0112835,140.524,140.524,-8.14,22.34,140.34
140.546,0.931122,-34.402,-14.5591,0.0219795,140.492,140.507,-8.08,22.32,140.34
140.546,0.931122,-34.402,-14.5591,0.0219795,140.492,140.507,-8.08,22.32,140.34
140.546,0.976303,-34.4687,-14.0518,0.0539312,140.463,140.491,-7.59,22.31,140.466
140.546,0.976303,-34.4687,-14.0518,0.0539312,140.463,140.491,-7.59,22.31,140.626
140.546,0.975019,-32.9672,-12.9571,0.0831644,140.437,140.478,-7.29,22.29,140.626
140.546,0.975019,-32.9672,-12.9571,0.0831644,140.437,140.478,-7.29,22.29,140.626
140.546,0.929781,-30.0471,-11.3542,0.108559,140.417,140.467,-6.92,22.28,140.834
140.546,0.929781,-30.0471,-11.3542,0.108559,140.417,140.467,-6.92,22.28,141.076
140.546,0.844921,-26.0108,-9.378,0.1292,140.401,140.457,-6.98,22.27,141.076
140.546,0.844921,-26.0108,-9.378,0.1292,140.401,140.457,-6.98,22.27,141.076
140.546,0.729036,-21.0542,-7.1178,0.144622,140.392,140.451,-6.01,22.25,141.251
140.546,0.729036,-21.0542,-7.1178,0.144622,140.392,140.451,-6.01,22.25,141.416
140.546,0.587717,-15.2836,-4.62546,0.154431,140.388,140.449,-4.36,22.25,141.416
140.546,0.587717,-15.2836,-4.62546,0.154431,140.388,140.449,-4.36,22.25,141.416
140.546,0.42401,-8.9684,-2.01358,0.158242,140.39,140.451,-2.95,22.24,141.488
140.546,0.42401,-8.9684,-2.01358,0.158242,140.39,140.451,-2.95,22.24,141.504
140.546,0.245541,-2.30472,0.637446,0.156083,140.398,140.457,-1,22.24,141.504
140.546,0.245541,-2.30472,0.637446,0.156083,140.398,140.457,-1,22.24,141.504
140.546,0.0578449,4.59583,3.2825,0.148079,140.412,140.467,1.61,22.24,141.449
140.546,0.0578449,4.59583,3.2825,0.148079,140.412,140.467,1.61,22.24,141.356
140.546,-0.135929,11.4882,5.82698,0.134336,140.431,140.481,3.63,22.25,141.356
140.546,-0.135929,11.4882,5.82698,0.134336,140.431,140.481,3.63,22.25,141.356
140.546,-0.328895,17.9695,8.11925,0.115321,140.454,140.496,4.73,22.26,141.24
140.546,-0.328895,17.9695,8.11925,0.115321,140.454,140.496,4.73,22.26,141.131
140.546,-0.509755,23.7347,10.0508,0.0919617,140.481,140.512,5.83,22.27,141.131
140.546,-0.509755,23.7347,10.0508,0.0919617,140.481,140.512,5.83,22.27,141.131
140.546,-0.669998,28.7307,11.6139,0.0653103,140.51,140.531,7.6,22.28,141.043
140.546,-0.669998,28.7307,11.6139,0.0653103,140.51,140.531,7.6,22.28,140.96
140.546,-0.808205,32.8433,12.7774,0.0361863,140.54,140.551,8.63,22.3,140.96
140.546,-0.808205,32.8433,12.7774,0.0361863,140.54,140.551,8.63,22.3,140.96
140.546,-0.92124,35.9335,13.5024,0.00553245,140.572,140.571,9.18,22.32,140.851
140.546,-0.92124,35.9335,13.5024,0.00553245,140.572,140.571,9.18,22.32,140.702
140.546,-1.00529,37.9292,13.7768,-0.0255995,140.602,140.592,9.67,22.34,140.702
140.546,-1.00529,37.9292,13.7768,-0.0255995,140.602,140.592,9.67,22.34,140.702
140.546,-1.05842,38.663,13.5529,-0.0562125,140.631,140.61,9.24,22.36,140.538
140.546,-1.05842,38.663,13.5529,-0.0562125,140.631,140.61,9.24,22.36,140.313
140.546,-1.07603,37.8911,12.7554,-0.0850905,140.657,140.623,8.02,22.37,140.313
140.546,-1.07603,37.8911,12.7554,-0.0850905,140.657,140.623,8.02,22.37,140.313
140.546,-1.05137,35.5891,11.3963,-0.110799,140.678,140.634,7.17,22.39,140.087
140.546,-1.05137,35.5891,11.3963,-0.110799,140.678,140.634,7.17,22.39,139.884
140.546,-0.983904,31.9407,9.56669,-0.132151,140.694,140.642,6.68,22.4,139.884
140.546,-0.983904,31.9407,9.56669,-0.132151,140.694,140.642,6.68,22.4,139.884
140.546,-0.878898,27.1679,7.36951,-0.148352,140.705,140.646,5.76,22.41,139.742
140.546,-0.878898,27.1679,7.36951,-0.148352,140.705,140.646,5.76,22.41,139.659
140.546,-0.742693,21.4735,4.8966,-0.15887,140.709,140.648,4.24,22.42,139.659
140.546,-0.742693,21.4735,4.8966,-0.15887,140.709,140.648,4.24,22.42,139.659
140.546,-0.581068,15.1856,2.28457,-0.163323,140.708,140.646,2.9,22.43,139.648
140.546,-0.581068,15.1856,2.28457,-0.163323,140.708,140.646,2.9,22.43,139.692
140.546,-0.403299,8.40754,-0.420945,-0.161753,140.7,140.64,0.21,22.43,139.692
140.546,-0.403299,8.40754,-0.420945,-0.161753,140.7,140.64,0.21,22.43,139.692
140.546,-0.212328,1.29735,-3.15509,-0.154075,140.686,140.629,-2.4,22.42,139.78
140.546,-0.212328,1.29735,-3.15509,-0.154075,140.686,140.629,-2.4,22.42,139.873
140.546,-0.0126153,-6.01296,-5.86527,-0.140388,140.667,140.613,-5.15,22.41,139.873
140.546,-0.0126153,-6.01296,-5.86527,-0.140388,140.667,140.613,-5.15,22.41,139.873
140.546,0.192118,-13.0905,-8.38552,-0.120867,140.642,140.596,-6.31,22.4,139.972
140.546,0.192118,-13.0905,-8.38552,-0.120867,140.642,140.596,-6.31,22.4,140.055
140.546,0.389717,-19.5935,-10.591,-0.0963466,140.614,140.577,-7.47,22.39,140.055
140.546,0.389717,-19.5935,-10.591,-0.0963466,140.614,140.577,-7.47,22.39,140.055
140.546,0.570622,-25.2743,-12.3973,-0.0678238,140.582,140.557,-8.57,22.37,140.126
140.546,0.570622,-25.2743,-12.3973,-0.0678238,140.582,140.557,-8.57,22.37,140.186
140.546,0.727941,-29.8933,-13.7267,-0.0363776,140.549,140.536,-9.12,22.35,140.186
140.546,0.727941,-29.8933,-13.7267,-0.0363776,140.549,140.536,-9.12,22.35,140.186
140.546,0.855027,-32.9971,-14.4223,-0.00323751,140.516,140.518,-8.02,22.33,140.258
140.546,0.855027,-32.9971,-14.4223,-0.00323751,140.516,140.518,-8.02,22.33,140.362
140.546,0.939255,-34.3503,-14.4168,0.0298206,140.485,140.503,-7.23,22.32,140.362
140.546,0.939255,-34.3503,-14.4168,0.0298206,140.485,140.503,-7.23,22.32,140.362
140.546,0.974146,-34.0358,-13.7674,0.0611029,140.457,140.488,-7.29,22.31,140.494
140.546,0.974146,-34.0358,-13.7674,0.0611029,140.457,140.488,-7.29,22.31,140.664
140.546,0.962183,-32.2089,-12.5573,0.0893662,140.432,140.475,-7.23,22.29,140.664
140.546,0.962183,-32.2089,-12.5573,0.0893662,140.432,140.475,-7.23,22.29,140.664
140.546,0.907862,-29.0248,-10.8668,0.1136,140.413,140.464,-6.86,22.28,140.889
140.546,0.907862,-29.0248,-10.8668,0.1136,140.413,140.464,-6.86,22.28,141.131
140.546,0.815666,-24.6209,-8.76666,0.132956,140.399,140.457,-6.01,22.27,141.131
140.546,0.815666,-24.6209,-8.76666,0.132956,140.399,140.457,-6.01,22.27,141.131
140.546,0.689562,-19.3934,-6.42432,0.14674,140.391,140.452,-5.82,22.25,141.29
140.546,0.689562,-19.3934,-6.42432,0.14674,140.391,140.452,-5.82,22.25,141.438
140.546,0.540764,-13.473,-3.89951,0.154827,140.389,140.451,-4.17,22.24,141.438
140.546,0.540764,-13.473,-3.89951,0.154827,140.389,140.451,-4.17,22.24,141.438
140.546,0.373,-6.98767,-1.24877,0.156985,140.393,140.454,-2.1,22.24,141.51
140.546,0.373,-6.98767,-1.24877,0.156985,140.393,140.454,-2.1,22.24,141.504
140.546,0.189909,-0.127964,1.44935,0.153065,140.403,140.462,0.03,22.24,141.504
140.546,0.189909,-0.127964,1.44935,0.153065,140.403,140.462,0.03,22.24,141.504
140.546,-0.00312386,6.85971,4.09776,0.143174,140.418,140.473,2.04,22.24,141.444
140.546,-0.00312386,6.85971,4.09776,0.143174,140.418,140.473,2.04,22.24,141.328
140.546,-0.199165,13.6609,6.57686,0.127656,140.439,140.487,3.75,22.25,141.328
140.546,-0.199165,13.6609,6.57686,0.127656,140.439,140.487,3.75,22.25,141.328
140.546,-0.389389,20.0115,8.79074,0.107179,140.463,140.503,5.34,22.26,141.224
140.546,-0.389389,20.0115,8.79074,0.107179,140.463,140.503,5.34,22.26,141.109
140.546,-0.566411,25.6786,10.6591,0.0825497,140.491,140.52,6.74,22.28,141.109
140.546,-0.566411,25.6786,10.6591,0.0825497,140.491,140.52,6.74,22.28,141.109
140.546,-0.723748,30.5726,12.1594,0.0547371,140.521,140.54,8.27,22.29,141.021
140.546,-0.723748,30.5726,12.1594,0.0547371,140.521,140.54,8.27,22.29,140.928
140.546,-0.858946,34.436,13.206,0.024575,140.553,140.56,8.57,22.31,140.928
140.546,-0.858946,34.436,13.206,0.024575,140.553,140.56,8.57,22.31,140.928
140.546,-0.964858,37.2023,13.7894,-0.00672091,140.584,140.58,9.3,22.33,140.812
140.546,-0.964858,37.2023,13.7894,-0.00672091,140.584,140.58,9.3,22.33,140.658
140.546,-1.03971,38.893,13.9346,-0.0381261,140.615,140.601,10.1,22.35,140.658
140.546,-1.03971,38.893,13.9346,-0.0381261,140.615,140.601,10.1,22.35,140.658
140.546,-1.0842,39.2034,13.5407,-0.0687527,140.643,140.618,8.94,22.37,140.466
140.546,-1.0842,39.2034,13.5407,-0.0687527,140.643,140.618,8.94,22.37,140.23
140.546,-1.08987,37.9632,12.5623,-0.0971799,140.668,140.631,7.9,22.38,140.23
140.546,-1.08987,37.9632,12.5623,-0.0971799,140.668,140.631,7.9,22.38,140.23
140.546,-1.05206,35.2379,11.0461,-0.122028,140.688,140.641,7.29,22.4,140.005
140.546,-1.05206,35.2379,11.0461,-0.122028,140.688,140.641,7.29,22.4,139.818
140.546,-0.972729,31.1403,9.05535,-0.142232,140.703,140.647,6.25,22.41,139.818
140.546,-0.972729,31.1403,9.05535,-0.142232,140.703,140.647,6.25,22.41,139.818
140.546,-0.855173,25.9632,6.72027,-0.156917,140.712,140.651,5.4,22.42,139.698
140.546,-0.855173,25.9632,6.72027,-0.156917,140.712,140.651,5.4,22.42,139.632
140.546,-0.707716,19.942,4.14445,-0.165673,140.714,140.651,3.87,22.43,139.632
140.546,-0.707716,19.942,4.14445,-0.165673,140.714,140.651,3.87,22.43,139.632
140.546,-0.537047,13.2035,1.38605,-0.168241,140.71,140.647,1.31,22.43,139.654
140.546,-0.537047,13.2035,1.38605,-0.168241,140.71,140.647,1.31,22.43,139.714
140.546,-0.346782,6.1845,-1.37987,-0.164362,140.7,140.64,0.03,22.43,139.714
140.546,-0.346782,6.1845,-1.37987,-0.164362,140.7,140.64,0.03,22.43,139.714
140.546,-0.149234,-0.937944,-4.08425,-0.154458,140.685,140.629,-2.47,22.43,139.807
140.546,-0.149234,-0.937944,-4.08425,-0.154458,140.685,140.629,-2.47,22.43,139.906
140.546,0.0506196,-8.02091,-6.67362,-0.13883,140.664,140.614,-5.03,22.42,139.906
140.546,0.0506196,-8.02091,-6.67362,-0.13883,140.664,140.614,-5.03,22.42,139.906
140.546,0.248772,-14.901,-9.08865,-0.117862,140.638,140.595,-7.29,22.4,140
140.546,0.248772,-14.901,-9.08865,-0.117862,140.638,140.595,-7.29,22.4,140.082
140.546,0.440654,-21.302,-11.229,-0.0920846,140.608,140.574,-8.69,22.38,140.082
140.546,0.440654,-21.302,-11.229,-0.0920846,140.608,140.574,-8.69,22.38,140.082
140.546,0.618538,-26.6697,-12.8915,-0.062346,140.576,140.554,-8.2,22.37,140.148
140.546,0.618538,-26.6697,-12.8915,-0.062346,140.576,140.554,-8.2,22.37,140.208
140.546,0.766925,-30.7183,-13.9836,-0.0301894,140.543,140.536,-8.26,22.35,140.208
140.546,0.766925,-30.7183,-13.9836,-0.0301894,140.543,140.536,-8.26,22.35,140.208
140.546,0.877886,-33.1768,-14.4217,0.00290966,140.511,140.518,-7.71,22.34,140.285
140.546,0.877886,-33.1768,-14.4217,0.00290966,140.511,140.518,-7.71,22.34,140.395
140.546,0.943936,-33.9609,-14.1972,0.0353121,140.48,140.503,-7.41,22.32,140.395
140.546,0.943936,-33.9609,-14.1972,0.0353121,140.48,140.503,-7.41,22.32,140.395
140.546,0.962846,-33.1115,-13.35,0.0655698,140.454,140.489,-7.1,22.31,140.538
140.546,0.962846,-33.1115,-13.35,0.0655698,140.454,140.489,-7.1,22.31,140.735
140.546,0.935904,-30.7754,-11.9594,0.0924261,140.431,140.477,-6.92,22.29,140.735
140.546,0.935904,-30.7754,-11.9594,0.0924261,140.431,140.477,-6.92,22.29,140.735
140.546,0.867376,-27.1543,-10.1228,0.114911,140.414,140.467,-6.55,22.28,140.949
140.546,0.867376,-27.1543,-10.1228,0.114911,140.414,140.467,-6.55,22.28,141.169
140.546,0.763037,-22.5068,-7.95616,0.132287,140.402,140.46,-6.13,22.27,141.169
140.546,0.763037,-22.5068,-7.95616,0.132287,140.402,140.46,-6.13,22.27,141.169
140.546,0.630251,-17.1826,-5.60639,0.144144,140.396,140.455,-5.76,22.26,141.339
140.546,0.630251,-17.1826,-5.60639,0.144144,140.396,140.455,-5.76,22.26,141.46
140.546,0.478915,-11.1969,-3.08669,0.150442,140.395,140.456,-3.5,22.25,141.46
140.546,0.478915,-11.1969,-3.08669,0.150442,140.395,140.456,-3.5,22.25,141.46
140.546,0.309496,-4.66117,-0.44691,0.150838,140.401,140.461,-1.24,22.25,141.504
140.546,0.309496,-4.66117,-0.44691,0.150838,140.401,140.461,-1.24,22.25,141.477
140.546,0.125171,2.22169,2.22994,0.14521,140.412,140.47,0.88,22.25,141.477
140.546,0.125171,2.22169,2.22994,0.14521,140.412,140.47,0.88,22.25,141.477
140.546,-0.0683318,9.06914,4.79498,0.133667,140.429,140.481,2.22,22.25,141.405
140.546,-0.0683318,9.06914,4.79498,0.133667,140.429,140.481,2.22,22.25,141.295
140.546,-0.260259,15.5804,7.13613,0.116837,140.451,140.495,3.81,22.26,141.295
140.546,-0.260259,15.5804,7.13613,0.116837,140.451,140.495,3.81,22.26,141.295
140.546,-0.442181,21.5661,9.18819,0.095486,140.476,140.511,5.58,22.27,141.186
140.546,-0.442181,21.5661,9.18819,0.095486,140.476,140.511,5.58,22.27,141.081
140.546,-0.608828,26.8344,10.8874,0.0704056,140.503,140.528,6.92,22.29,141.081
140.546,-0.608828,26.8344,10.8874,0.0704056,140.503,140.528,6.92,22.29,141.081
140.546,-0.754868,31.2152,12.1809,0.0425111,140.533,140.547,7.84,22.3,140.999
140.546,-0.754868,31.2152,12.1809,0.0425111,140.533,140.547,7.84,22.3,140.889
140.546,-0.875594,34.6157,13.0474,0.0128271,140.564,140.567,8.75,22.32,140.889
140.546,-0.875594,34.6157,13.0474,0.0128271,140.564,140.567,8.75,22.32,140.889
140.546,-0.968492,37.0457,13.5059,-0.0176765,140.594,140.588,9.73,22.34,140.768
140.546,-0.968492,37.0457,13.5059,-0.0176765,140.594,140.588,9.73,22.34,140.609
140.546,-1.03392,38.4138,13.5361,-0.0481665,140.624,140.608,9.91,22.36,140.609
140.546,-1.03392,38.4138,13.5361,-0.0481665,140.624,140.608,9.91,22.36,140.609
140.546,-1.0694,38.4574,13.0529,-0.0776456,140.651,140.624,8.88,22.38,140.406
140.546,-1.0694,38.4574,13.0529,-0.0776456,140.651,140.624,8.88,22.38,140.175
140.546,-1.06766,36.9736,11.9975,-0.104802,140.674,140.636,7.6,22.39,140.175
140.546,-1.06766,36.9736,11.9975,-0.104802,140.674,140.636,7.6,22.39,140.175
140.546,-1.0231,33.9201,10.3749,-0.12823,140.693,140.644,6.31,22.4,139.967
140.546,-1.0231,33.9201,10.3749,-0.12823,140.693,140.644,6.31,22.4,139.78
140.546,-0.934672,29.504,8.28551,-0.146712,140.705,140.648,5.58,22.42,139.78
140.546,-0.934672,29.504,8.28551,-0.146712,140.705,140.648,5.58,22.42,139.78
140.546,-0.80831,24.0315,5.86454,-0.159485,140.712,140.651,4.6,22.42,139.687
140.546,-0.80831,24.0315,5.86454,-0.159485,140.712,140.651,4.6,22.42,139.648
140.546,-0.652719,17.7285,3.21147,-0.166165,140.712,140.649,2.83,22.43,139.648
140.546,-0.652719,17.7285,3.21147,-0.166165,140.712,140.649,2.83,22.43,139.648
140.546,-0.474321,10.8035,0.415481,-0.166506,140.706,140.643,0.58,22.43,139.676
140.546,-0.474321,10.8035,0.415481,-0.166506,140.706,140.643,0.58,22.43,139.753
140.546,-0.27902,3.5939,-2.38788,-0.160427,140.694,140.634,-1.24,22.43,139.753
140.546,-0.27902,3.5939,-2.38788,-0.160427,140.694,140.634,-1.24,22.43,139.753
140.546,-0.0763325,-3.64289,-5.09879,-0.148242,140.676,140.622,-3.38,22.42,139.84
140.546,-0.0763325,-3.64289,-5.09879,-0.148242,140.676,140.622,-3.38,22.42,139.939
140.546,0.126509,-10.6986,-7.63983,-0.130402,140.653,140.606,-5.58,22.41,139.939
140.546,0.126509,-10.6986,-7.63983,-0.130402,140.653,140.606,-5.58,22.41,139.939
140.546,0.323671,-17.2357,-9.88695,-0.107466,140.626,140.588,-6.8,22.4,140.022
140.546,0.323671,-17.2357,-9.88695,-0.107466,140.626,140.588,-6.8,22.4,140.109
140.546,0.505704,-22.9941,-11.7504,-0.0803777,140.596,140.569,-7.96,22.38,140.109
140.546,0.505704,-22.9941,-11.7504,-0.0803777,140.596,140.569,-7.96,22.38,140.109
140.546,0.665366,-27.6648,-13.1252,-0.0502019,140.564,140.549,-8.26,22.36,140.175
140.546,0.665366,-27.6648,-13.1252,-0.0502019,140.564,140.549,-8.26,22.36,140.23
140.546,0.79406,-31.0055,-13.9356,-0.0182639,140.532,140.531,-8.2,22.35,140.23
140.546,0.79406,-31.0055,-13.9356,-0.0182639,140.532,140.531,-8.2,22.35,140.23
140.546,0.885083,-32.8732,-14.1473,0.0140155,140.501,140.513,-8.08,22.33,140.329
140.546,0.885083,-32.8732,-14.1473,0.0140155,140.501,140.513,-8.08,22.33,140.455
140.546,0.934543,-33.1836,-13.7496,0.0452568,140.472,140.498,-7.65,22.32,140.455
140.546,0.934543,-33.1836,-13.7496,0.0452568,140.472,140.498,-7.65,22.32,140.455
140.546,0.940199,-31.8672,-12.7382,0.0741076,140.447,140.485,-6.74,22.3,140.615
140.546,0.940199,-31.8672,-12.7382,0.0741076,140.447,140.485,-6.74,22.3,140.812
140.546,0.900233,-29.2426,-11.2579,0.099229,140.426,140.473,-7.23,22.29,140.812
140.546,0.900233,-29.2426,-11.2579,0.099229,140.426,140.473,-7.23,22.29,140.812
140.546,0.823724,-25.4418,-9.37689,0.119965,140.41,140.464,-6.55,22.28,141.037
140.546,0.823724,-25.4418,-9.37689,0.119965,140.41,140.464,-6.55,22.28,141.24
140.546,0.714483,-20.6839,-7.19435,0.13562,140.4,140.458,-5.88,22.26,141.24
140.546,0.714483,-20.6839,-7.19435,0.13562,140.4,140.458,-5.88,22.26,141.24
140.546,0.578755,-15.093,-4.7695,0.145784,140.396,140.456,-4.3,22.26,141.389
140.546,0.578755,-15.093,-4.7695,0.145784,140.396,140.456,-4.3,22.26,141.471
140.546,0.420088,-8.79278,-2.1595,0.150073,140.398,140.459,-2.28,22.25,141.471
140.546,0.420088,-8.79278,-2.1595,0.150073,140.398,140.459,-2.28,22.25,141.471
140.546,0.242019,-1.92354,0.57427,0.148229,140.406,140.467,0.03,22.25,141.493
140.546,0.242019,-1.92354,0.57427,0.148229,140.406,140.467,0.03,22.25,141.449
140.546,0.0485313,5.12131,3.2756,0.140142,140.42,140.477,1.37,22.25,141.449
140.546,0.0485313,5.12131,3.2756,0.140142,140.42,140.477,1.37,22.25,141.449
140.546,-0.149297,12.0205,5.82163,0.126263,140.439,140.489,3.02,22.26,141.361
140.546,-0.149297,12.0205,5.82163,0.126263,140.439,140.489,3.02,22.26,141.251
140.546,-0.342445,18.3915,8.07054,0.107248,140.462,140.503,4.12,22.27,141.251
140.546,-0.342445,18.3915,8.07054,0.107248,140.462,140.503,4.12,22.27,141.251
140.546,-0.520201,24.1322,9.99323,0.0840933,140.488,140.52,6.13,22.28,141.147
140.546,-0.520201,24.1322,9.99323,0.0840933,140.488,140.52,6.13,22.28,141.043
140.546,-0.679756,29.0874,11.5414,0.0575785,140.517,140.538,7.47,22.29,141.043
140.546,-0.679756,29.0874,11.5414,0.0575785,140.517,140.538,7.47,22.29,141.043
140.546,-0.816819,33.0843,12.662,0.0286458,140.548,140.557,8.21,22.31,140.955
140.546,-0.816819,33.0843,12.662,0.0286458,140.548,140.557,8.21,22.31,140.851
140.546,-0.926612,35.9798,13.3154,-0.00165291,140.578,140.577,8.63,22.33,140.851
140.546,-0.926612,35.9798,13.3154,-0.00165291,140.578,140.577,8.63,22.33,140.851
140.546,-1.00521,37.6774,13.4812,-0.0322112,140.608,140.595,8.82,22.35,140.719
140.546,-1.00521,37.6774,13.4812,-0.0322112,140.608,140.595,8.82,22.35,140.532
140.546,-1.05,38.1742,13.1763,-0.0619088,140.636,140.613,9.12,22.36,140.532
140.546,-1.05,38.1742,13.1763,-0.0619088,140.636,140.613,9.12,22.36,140.532
140.546,-1.06101,37.2989,12.352,-0.0897623,140.661,140.627,8.21,22.38,140.307
140.546,-1.06101,37.2989,12.352,-0.0897623,140.661,140.627,8.21,22.38,140.087
140.546,-1.03353,35.0323,11.0203,-0.114529,140.681,140.638,7.41,22.4,140.087
140.546,-1.03353,35.0323,11.0203,-0.114529,140.681,140.638,7.41,22.4,140.087
140.546,-0.967137,31.4275,9.22046,-0.135142,140.697,140.645,6.37,22.41,139.884
140.546,-0.967137,31.4275,9.22046,-0.135142,140.697,140.645,6.37,22.41,139.72
140.546,-0.863431,26.7459,7.07032,-0.150674,140.707,140.65,5.76,22.42,139.72
140.546,-0.863431,26.7459,7.07032,-0.150674,140.707,140.65,5.76,22.42,139.72
140.546,-0.729857,21.1318,4.63866,-0.16066,140.711,140.65,3.93,22.43,139.659
140.546,-0.729857,21.1318,4.63866,-0.16066,140.711,140.65,3.93,22.43,139.654
140.546,-0.570547,14.9732,2.08526,-0.164662,140.709,140.649,2.9,22.43,139.654
140.546,-0.570547,14.9732,2.08526,-0.164662,140.709,140.649,2.9,22.43,139.654
140.546,-0.396462,8.27549,-0.582485,-0.162818,140.701,140.642,-0.21,22.43,139.709
140.546,-0.396462,8.27549,-0.582485,-0.162818,140.701,140.642,-0.21,22.43,139.78
140.546,-0.207787,1.28101,-3.26661,-0.154895,140.687,140.631,-2.34,22.43,139.78
140.546,-0.207787,1.28101,-3.26661,-0.154895,140.687,140.631,-2.34,22.43,139.78
140.546,-0.0113562,-5.78698,-5.88004,-0.141098,140.668,140.616,-4.6,22.42,139.884
140.546,-0.0113562,-5.78698,-5.88004,-0.141098,140.668,140.616,-4.6,22.42,139.972
140.546,0.186552,-12.6576,-8.32063,-0.121796,140.644,140.599,-6.37,22.41,139.972
140.546,0.186552,-12.6576,-8.32063,-0.121796,140.644,140.599,-6.37,22.41,139.972
140.546,0.378339,-18.9673,-10.4545,-0.0976307,140.616,140.58,-7.35,22.39,140.055
140.546,0.378339,-18.9673,-10.4545,-0.0976307,140.616,140.58,-7.35,22.39,140.126
140.546,0.553833,-24.3963,-12.1696,-0.069586,140.585,140.561,-8.02,22.38,140.126
140.546,0.553833,-24.3963,-12.1696,-0.069586,140.585,140.561,-8.02,22.38,140.126
140.546,0.704113,-28.6831,-13.3803,-0.0388774,140.553,140.542,-8.32,22.36,140.186
140.546,0.704113,-28.6831,-13.3803,-0.0388774,140.553,140.542,-8.32,22.36,140.252
140.546,0.821926,-31.629,-14.0285,-0.00678921,140.521,140.523,-8.32,22.34,140.252
140.546,0.821926,-31.629,-14.0285,-0.00678921,140.521,140.523,-8.32,22.34,140.252
140.546,0.901798,-33.0066,-14.0472,0.025299,140.49,140.507,-7.65,22.33,140.362
140.546,0.901798,-33.0066,-14.0472,0.025299,140.49,140.507,-7.65,22.33,140.494
140.546,0.937467,-32.8161,-13.4595,0.0558436,140.462,140.492,-7.41,22.31,140.494
140.546,0.937467,-32.8161,-13.4595,0.0558436,140.462,140.492,-7.41,22.31,140.494
140.546,0.929066,-31.1879,-12.3375,0.0835879,140.438,140.479,-7.29,22.3,140.653
140.546,0.929066,-31.1879,-12.3375,0.0835879,140.438,140.479,-7.29,22.3,140.862
140.546,0.880398,-28.1426,-10.7091,0.107562,140.419,140.469,-6.31,22.29,140.862
140.546,0.880398,-28.1426,-10.7091,0.107562,140.419,140.469,-6.31,22.29,140.862
140.546,0.792155,-23.996,-8.71427,0.126741,140.405,140.461,-6.31,22.27,141.076
140.546,0.792155,-23.996,-8.71427,0.126741,140.405,140.461,-6.31,22.27,141.273
140.546,0.673315,-18.8802,-6.41758,0.140675,140.397,140.457,-5.09,22.26,141.273
140.546,0.673315,-18.8802,-6.41758,0.140675,140.397,140.457,-5.09,22.26,141.273
140.546,0.527669,-13.115,-3.95343,0.148857,140.395,140.455,-4.3,22.25,141.405
140.546,0.527669,-13.115,-3.95343,0.148857,140.395,140.455,-4.3,22.25,141.488
140.546,0.364271,-6.91143,-1.40965,0.151275,140.398,140.457,-2.77,22.25,141.488
140.546,0.364271,-6.91143,-1.40965,0.151275,140.398,140.457,-2.77,22.25,141.488
140.546,0.189087,-0.276343,1.20737,0.147983,140.407,140.465,0.09,22.25,141.482
140.546,0.189087,-0.276343,1.20737,0.147983,140.407,140.465,0.09,22.25,141.416
140.546,0.00233209,6.39142,3.74121,0.138817,140.422,140.474,1.31,22.25,141.416
140.546,0.00233209,6.39142,3.74121,0.138817,140.422,140.474,1.31,22.25,141.416
140.546,-0.184774,12.8468,6.10013,0.124364,140.441,140.486,3.08,22.26,141.328
140.546,-0.184774,12.8468,6.10013,0.124364,140.441,140.486,3.08,22.26,141.213
140.546,-0.365362,18.6501,8.12117,0.105226,140.463,140.499,3.69,22.26,141.213
140.546,-0.365362,18.6501,8.12117,0.105226,140.463,140.499,3.69,22.26,141.213
140.546,-0.527119,23.6612,9.76221,0.0825497,140.489,140.514,5.15,22.27,141.12
140.546,-0.527119,23.6612,9.76221,0.0825497,140.489,140.514,5.15,22.27,141.021
140.546,-0.666178,27.8745,11.0344,0.0572506,140.516,140.531,6.86,22.29,141.021
140.546,-0.666178,27.8745,11.0344,0.0572506,140.516,140.531,6.86,22.29,141.021
140.546,-0.782461,31.2601,11.9393,0.0301211,140.544,140.55,8.02,22.3,140.933
140.546,-0.782461,31.2601,11.9393,0.0301211,140.544,140.55,8.02,22.3,140.829
140.546,-0.875204,33.7336,12.4575,0.00193977,140.572,140.569,8.57,22.32,140.829
140.546,-0.875204,33.7336,12.4575,0.00193977,140.572,140.569,8.57,22.32,140.829
140.546,-0.942115,35.2665,12.5921,-0.0264055,140.6,140.588,9.12,22.34,140.68
140.546,-0.942115,35.2665,12.5921,-0.0264055,140.6,140.588,9.12,22.34,140.505
140.546,-0.982472,35.7742,12.3246,-0.0540951,140.626,140.605,9.06,22.36,140.505
140.546,-0.982472,35.7742,12.3246,-0.0540951,140.626,140.605,9.06,22.36,140.505
140.546,-0.993987,35.0595,11.5941,-0.0802001,140.65,140.619,8.14,22.37,140.285
140.546,-0.993987,35.0595,11.5941,-0.0802001,140.65,140.619,8.14,22.37,140.071
140.546,-0.971208,33.0516,10.3905,-0.103559,140.669,140.629,7.23,22.39,140.071
140.546,-0.971208,33.0516,10.3905,-0.103559,140.669,140.629,7.23,22.39,140.071
140.546,-0.912248,29.8089,8.75408,-0.123121,140.684,140.637,6.31,22.4,139.89
140.546,-0.912248,29.8089,8.75408,-0.123121,140.684,140.637,6.31,22.4,139.753
140.546,-0.818856,25.567,6.79125,-0.138052,140.694,140.641,5.7,22.41,139.753
140.546,-0.818856,25.567,6.79125,-0.138052,140.694,140.641,5.7,22.41,139.753
140.546,-0.697741,20.6567,4.64137,-0.147901,140.699,140.645,5.03,22.42,139.698
140.546,-0.697741,20.6567,4.64137,-0.147901,140.699,140.645,5.03,22.42,139.698
140.546,-0.558265,15.1053,2.32246,-0.152614,140.698,140.643,2.59,22.43,139.698
140.546,-0.558265,15.1053,2.32246,-0.152614,140.698,140.643,2.59,22.43,139.698
140.546,-0.401239,9.04192,-0.108982,-0.151862,140.692,140.637,0.33,22.43,139.742
140.546,-0.401239,9.04192,-0.108982,-0.151862,140.692,140.637,0.33,22.43,139.818
140.546,-0.230336,2.67365,-2.5687,-0.145551,140.68,140.628,-1.73,22.43,139.818
140.546,-0.230336,2.67365,-2.5687,-0.145551,140.68,140.628,-1.73,22.43,139.818
140.546,-0.0513966,-3.83348,-4.99118,-0.133831,140.663,140.615,-3.99,22.42,139.912
140.546,-0.0513966,-3.83348,-4.99118,-0.133831,140.663,140.615,-3.99,22.42,139.994
140.546,0.130904,-10.2331,-7.28251,-0.116947,140.641,140.599,-5.7,22.41,139.994
140.546,0.130904,-10.2331,-7.28251,-0.116947,140.641,140.599,-5.7,22.41,139.994
140.546,0.309651,-16.1194,-9.29121,-0.0954041,140.616,140.582,-6.31,22.39,140.066
140.546,0.309651,-16.1194,-9.29121,-0.0954041,140.616,140.582,-6.31,22.39,140.126
140.546,0.473478,-21.3265,-10.9632,-0.0702007,140.588,140.564,-7.59,22.38,140.126
140.546,0.473478,-21.3265,-10.9632,-0.0702007,140.588,140.564,-7.59,22.38,140.126
140.546,0.617775,-25.5942,-12.2106,-0.0422106,140.559,140.545,-7.9,22.36,140.164
140.546,0.617775,-25.5942,-12.2106,-0.0422106,140.559,140.545,-7.9,22.36,140.208
140.546,0.735313,-28.63,-12.9363,-0.0125812,140.529,140.528,-7.47,22.35,140.208
140.546,0.735313,-28.63,-12.9363,-0.0125812,140.529,140.528,-7.47,22.35,140.208
140.546,0.817963,-30.3071,-13.1104,0.0173214,140.5,140.512,-7.35,22.33,140.296
140.546,0.817963,-30.3071,-13.1104,0.0173214,140.5,140.512,-7.35,22.33,140.395
140.546,0.862281,-30.51,-12.7086,0.0462267,140.473,140.498,-6.68,22.32,140.395
140.546,0.862281,-30.51,-12.7086,0.0462267,140.473,140.498,-6.68,22.32,140.395
140.546,0.865136,-29.4713,-11.8413,0.0728098,140.45,140.484,-7.29,22.31,140.549
140.546,0.865136,-29.4713,-11.8413,0.0728098,140.45,140.484,-7.29,22.31,140.713
140.546,0.833189,-27.157,-10.5127,0.0963466,140.43,140.473,-6.25,22.29,140.713
140.546,0.833189,-27.157,-10.5127,0.0963466,140.43,140.473,-6.25,22.29,140.713
140.546,0.765587,-23.7306,-8.80261,0.115854,140.415,140.465,-5.88,22.28,140.933
140.546,0.765587,-23.7306,-8.80261,0.115854,140.415,140.465,-5.88,22.28,141.142
140.546,0.667019,-19.4887,-6.83922,0.130689,140.405,140.458,-5.82,22.27,141.142
140.546,0.667019,-19.4887,-6.83922,0.130689,140.405,140.458,-5.82,22.27,141.142
140.546,0.545903,-14.6546,-4.71801,0.140634,140.4,140.454,-5.09,22.26,141.301
140.546,0.545903,-14.6546,-4.71801,0.140634,140.4,140.454,-5.09,22.26,141.405
140.546,0.408566,-9.26244,-2.4585,0.145579,140.401,140.455,-3.14,22.25,141.405
140.546,0.408566,-9.26244,-2.4585,0.145579,140.401,140.455,-3.14,22.25,141.405
140.546,0.256005,-3.45775,-0.122339,0.145278,140.406,140.459,-1.31,22.25,141.427
140.546,0.256005,-3.45775,-0.122339,0.145278,140.406,140.459,-1.31,22.25,141.405
140.546,0.0923423,2.48306,2.18098,0.139705,140.417,140.466,0.03,22.25,141.405
140.546,0.0923423,2.48306,2.18098,0.139705,140.417,140.466,0.03,22.25,141.405
140.546,-0.0746392,8.36534,4.37725,0.129214,140.432,140.476,1.8,22.25,141.339
140.546,-0.0746392,8.36534,4.37725,0.129214,140.432,140.476,1.8,22.25,141.224
140.546,-0.239475,13.9277,6.36945,0.114228,140.451,140.488,3.2,22.26,141.224
140.546,-0.239475,13.9277,6.36945,0.114228,140.451,140.488,3.2,22.26,141.224
140.546,-0.394845,19.0368,8.11319,0.0954314,140.473,140.502,4.79,22.27,141.142
140.546,-0.394845,19.0368,8.11319,0.0954314,140.473,140.502,4.79,22.27,141.048
140.546,-0.537043,23.589,9.57727,0.0734655,140.497,140.518,6.25,22.28,141.048
140.546,-0.537043,23.589,9.57727,0.0734655,140.497,140.518,6.25,22.28,141.048
140.546,-0.663213,27.4974,10.738,0.0490134,140.523,140.536,7.41,22.3,140.971
140.546,-0.663213,27.4974,10.738,0.0490134,140.523,140.536,7.41,22.3,140.889
140.546,-0.770964,30.6461,11.5616,0.0227992,140.55,140.555,8.08,22.31,140.889
140.546,-0.770964,30.6461,11.5616,0.0227992,140.55,140.555,8.08,22.31,140.889
140.546,-0.857111,32.9822,12.0397,-0.00435766,140.578,140.574,8.75,22.33,140.779
140.546,-0.857111,32.9822,12.0397,-0.00435766,140.578,140.574,8.75,22.33,140.642
140.546,-0.920234,34.2917,12.1029,-0.0317057,140.604,140.591,8.33,22.35,140.642
140.546,-0.920234,34.2917,12.1029,-0.0317057,140.604,140.591,8.33,22.35,140.642
140.546,-0.954405,34.4742,11.7277,-0.0581522,140.629,140.606,8.08,22.36,140.466
140.546,-0.954405,34.4742,11.7277,-0.0581522,140.629,140.606,8.08,22.36,140.247
140.546,-0.956886,33.5757,10.9478,-0.0826863,140.65,140.62,8.21,22.38,140.247
140.546,-0.956886,33.5757,10.9478,-0.0826863,140.65,140.62,8.21,22.38,140.247
140.546,-0.92907,31.5038,9.7429,-0.104516,140.669,140.63,7.17,22.39,140.044
140.546,-0.92907,31.5038,9.7429,-0.104516,140.669,140.63,7.17,22.39,139.879
140.546,-0.86845,28.2202,8.11417,-0.12267,140.682,140.636,5.76,22.41,139.879
140.546,-0.86845,28.2202,8.11417,-0.12267,140.682,140.636,5.76,22.41,139.879
140.546,-0.774049,24.0287,6.19398,-0.136221,140.691,140.64,5.4,22.42,139.769
140.546,-0.774049,24.0287,6.19398,-0.136221,140.691,140.64,5.4,22.42,139.72
140.546,-0.654486,19.1824,4.09061,-0.144882,140.694,140.642,4.42,22.43,139.72
140.546,-0.654486,19.1824,4.09061,-0.144882,140.694,140.642,4.42,22.43,139.72
140.546,-0.516937,13.763,1.84278,-0.148516,140.693,140.64,2.22,22.43,139.742
140.546,-0.516937,13.763,1.84278,-0.148516,140.693,140.64,2.22,22.43,139.786
140.546,-0.36374,7.71327,-0.565371,-0.146904,140.686,140.632,-0.88,22.43,139.786
140.546,-0.36374,7.71327,-0.565371,-0.146904,140.686,140.632,-0.88,22.43,139.786
140.546,-0.193328,1.28102,-3.03223,-0.139664,140.673,140.621,-2.77,22.42,139.862
140.546,-0.193328,1.28102,-3.03223,-0.139664,140.673,140.621,-2.77,22.42,139.95
140.546,-0.0126961,-5.33774,-5.47967,-0.126919,140.655,140.607,-4.91,22.41,139.95
140.546,-0.0126961,-5.33774,-5.47967,-0.126919,140.655,140.607,-4.91,22.41,139.95
140.546,0.172632,-11.8204,-7.78392,-0.108901,140.632,140.59,-6.25,22.4,140.022
140.546,0.172632,-11.8204,-7.78392,-0.108901,140.632,140.59,-6.25,22.4,140.093
140.546,0.353596,-17.6046,-9.73397,-0.086238,140.606,140.574,-6.07,22.39,140.093
140.546,0.353596,-17.6046,-9.73397,-0.086238,140.606,140.574,-6.07,22.39,140.093
140.546,0.514437,-22.4618,-11.2544,-0.0602286,140.578,140.557,-6.8,22.37,140.131
140.546,0.514437,-22.4618,-11.2544,-0.0602286,140.578,140.557,-6.8,22.37,140.175
140.546,0.648807,-26.2599,-12.3097,-0.0319926,140.549,140.54,-7.47,22.36,140.175
140.546,0.648807,-26.2599,-12.3097,-0.0319926,140.549,140.54,-7.47,22.36,140.175
140.546,0.753085,-28.9989,-12.9164,-0.00262279,140.519,140.521,-8.26,22.34,140.219
140.546,0.753085,-28.9989,-12.9164,-0.00262279,140.519,140.521,-8.26,22.34,140.307
140.546,0.82737,-30.5209,-13.0302,0.0269383,140.49,140.504,-7.96,22.33,140.307
140.546,0.82737,-30.5209,-13.0302,0.0269383,140.49,140.504,-7.96,22.33,140.307
140.546,0.867323,-30.6801,-12.6132,0.0555158,140.464,140.489,-7.23,22.31,140.428
140.546,0.867323,-30.6801,-12.6132,0.0555158,140.464,140.489,-7.23,22.31,140.565
140.546,0.86896,-29.5638,-11.7181,0.0818667,140.441,140.475,-7.1,22.3,140.565
140.546,0.86896,-29.5638,-11.7181,0.0818667,140.441,140.475,-7.1,22.3,140.565
140.546,0.834844,-27.2305,-10.3852,0.105076,140.422,140.464,-6.55,22.29,140.752
140.546,0.834844,-27.2305,-10.3852,0.105076,140.422,140.464,-6.55,22.29,140.999
140.546,0.766722,-23.7714,-8.66582,0.124296,140.407,140.456,-5.94,22.27,140.999
140.546,0.766722,-23.7714,-8.66582,0.124296,140.407,140.456,-5.94,22.27,140.999
140.546,0.667253,-19.3907,-6.65284,0.138817,140.398,140.451,-5.27,22.26,141.175
140.546,0.667253,-19.3907,-6.65284,0.138817,140.398,140.451,-5.27,22.26,141.339
140.546,0.542257,-14.3511,-4.45834,0.148242,140.394,140.448,-4.66,22.25,141.339
140.546,0.542257,-14.3511,-4.45834,0.148242,140.394,140.448,-4.66,22.25,141.339
140.546,0.39918,-8.69612,-2.1064,0.15245,140.395,140.45,-2.59,22.25,141.427
140.546,0.39918,-8.69612,-2.1064,0.15245,140.395,140.45,-2.59,22.25,141.455
140.546,0.239289,-2.64368,0.312972,0.151152,140.402,140.456,-1,22.25,141.455
140.546,0.239289,-2.64368,0.312972,0.151152,140.402,140.456,-1,22.25,141.455
140.546,0.0687384,3.56124,2.70258,0.144431,140.413,140.464,0.64,22.25,141.416
140.546,0.0687384,3.56124,2.70258,0.144431,140.413,140.464,0.64,22.25,141.334
140.546,-0.10557,9.71714,4.98546,0.132601,140.43,140.475,2.53,22.25,141.334
140.546,-0.10557,9.71714,4.98546,0.132601,140.43,140.475,2.53,22.25,141.334
140.546,-0.277982,15.6062,7.08125,0.116072,140.451,140.489,4.24,22.26,141.224
140.546,-0.277982,15.6062,7.08125,0.116072,140.451,140.489,4.24,22.26,141.12
140.546,-0.442398,21.012,8.91308,0.0954587,140.474,140.505,5.64,22.27,141.12
140.546,-0.442398,21.012,8.91308,0.0954587,140.474,140.505,5.64,22.27,141.12
140.546,-0.592776,25.6855,10.3945,0.0715257,140.501,140.521,6.37,22.29,141.048
140.546,-0.592776,25.6855,10.3945,0.0715257,140.501,140.521,6.37,22.29,140.966
140.546,-0.722175,29.5775,11.5189,0.0452568,140.529,140.54,7.66,22.3,140.966
140.546,-0.722175,29.5775,11.5189,0.0452568,140.529,140.54,7.66,22.3,140.966
140.546,-0.82929,32.5996,12.265,0.0174443,140.557,140.559,8.39,22.32,140.873
140.546,-0.82929,32.5996,12.265,0.0174443,140.557,140.559,8.39,22.32,140.757
140.546,-0.91171,34.6198,12.5957,-0.0110512,140.585,140.577,8.57,22.33,140.757
140.546,-0.91171,34.6198,12.5957,-0.0110512,140.585,140.577,8.57,22.33,140.757
140.546,-0.965809,35.487,12.4682,-0.0392326,140.612,140.594,8.27,22.35,140.604
140.546,-0.965809,35.487,12.4682,-0.0392326,140.612,140.594,8.27,22.35,140.406
140.546,-0.987432,35.1889,11.8944,-0.0659933,140.636,140.609,8.27,22.37,140.406
140.546,-0.987432,35.1889,11.8944,-0.0659933,140.636,140.609,8.27,22.37,140.406
140.546,-0.976335,33.7091,10.8846,-0.0903907,140.657,140.622,7.84,22.38,140.192
140.546,-0.976335,33.7091,10.8846,-0.0903907,140.657,140.622,7.84,22.38,139.961
140.546,-0.932156,30.9701,9.42519,-0.11151,140.674,140.63,6.68,22.4,139.961
140.546,-0.932156,30.9701,9.42519,-0.11151,140.674,140.63,6.68,22.4,139.961
140.546,-0.852814,27.0699,7.57069,-0.128326,140.686,140.635,5.52,22.41,139.829
140.546,-0.852814,27.0699,7.57069,-0.128326,140.686,140.635,5.52,22.41,139.72
140.546,-0.741161,22.3039,5.44931,-0.140128,140.693,140.638,4.91,22.42,139.72
140.546,-0.741161,22.3039,5.44931,-0.140128,140.693,140.638,4.91,22.42,139.72
140.546,-0.605581,16.8164,3.12679,-0.146658,140.694,140.638,3.08,22.42,139.698
140.546,-0.605581,16.8164,3.12679,-0.146658,140.694,140.638,3.08,22.42,139.72
140.546,-0.450187,10.6565,0.630045,-0.147641,140.689,140.632,0.45,22.43,139.72
140.546,-0.450187,10.6565,0.630045,-0.147641,140.689,140.632,0.45,22.43,139.72
140.546,-0.276405,3.99141,-1.96954,-0.142765,140.678,140.622,-1.92,22.42,139.786
140.546,-0.276405,3.99141,-1.96954,-0.142765,140.678,140.622,-1.92,22.42,139.868
140.546,-0.0889814,-2.88735,-4.55569,-0.131987,140.662,140.609,-3.75,22.41,139.868
140.546,-0.0889814,-2.88735,-4.55569,-0.131987,140.662,140.609,-3.75,22.41,139.868
140.546,0.103878,-9.65994,-7.0054,-0.115621,140.64,140.594,-5.33,22.4,139.961
140.546,0.103878,-9.65994,-7.0054,-0.115621,140.64,140.594,-5.33,22.4,140.044
140.546,0.293186,-15.9874,-9.1929,-0.0942839,140.615,140.577,-6.49,22.39,140.044
140.546,0.293186,-15.9874,-9.1929,-0.0942839,140.615,140.577,-6.49,22.39,140.044
140.546,0.469452,-21.5334,-10.9981,-0.0688483,140.586,140.559,-7.17,22.38,140.115
140.546,0.469452,-21.5334,-10.9981,-0.0688483,140.586,140.559,-7.17,22.38,140.159
140.546,0.623285,-26.0652,-12.3452,-0.0404484,140.556,140.541,-7.71,22.36,140.159
140.546,0.623285,-26.0652,-12.3452,-0.0404484,140.556,140.541,-7.71,22.36,140.159
140.546,0.748227,-29.3243,-13.1511,-0.0102726,140.526,140.524,-7.59,22.34,140.219
140.546,0.748227,-29.3243,-13.1511,-0.0102726,140.526,140.524,-7.59,22.34,140.285
140.546,0.837113,-31.2846,-13.4255,0.0202993,140.496,140.506,-7.96,22.33,140.285
140.546,0.837113,-31.2846,-13.4255,0.0202993,140.496,140.506,-7.96,22.33,140.285
140.546,0.88933,-31.8291,-13.1427,0.0501473,140.468,140.49,-7.53,22.31,140.411
140.546,0.88933,-31.8291,-13.1427,0.0501473,140.468,140.49,-7.53,22.31,140.549
140.546,0.901706,-30.9633,-12.3252,0.0779871,140.443,140.477,-7.1,22.3,140.549
140.546,0.901706,-30.9633,-12.3252,0.0779871,140.443,140.477,-7.1,22.3,140.549
140.546,0.874514,-28.7988,-11.0355,0.102712,140.423,140.465,-6.8,22.29,140.724
140.546,0.874514,-28.7988,-11.0355,0.102712,140.423,140.465,-6.8,22.29,140.944
140.546,0.811005,-25.567,-9.37993,0.123449,140.406,140.455,-6.8,22.27,140.944
140.546,0.811005,-25.567,-9.37993,0.123449,140.406,140.455,-6.8,22.27,140.944
140.546,0.717781,-21.4422,-7.43916,0.139677,140.395,140.448,-6.19,22.26,141.147
140.546,0.717781,-21.4422,-7.43916,0.139677,140.395,140.448,-6.19,22.26,141.317
140.546,0.599818,-16.5564,-5.27485,0.150988,140.389,140.444,-5.03,22.25,141.317
140.546,0.599818,-16.5564,-5.27485,0.150988,140.389,140.444,-5.03,22.25,141.317
140.546,0.460889,-10.975,-2.92094,0.15704,140.388,140.445,-3.08,22.24,141.416
140.546,0.460889,-10.975,-2.92094,0.15704,140.388,140.445,-3.08,22.24,141.46
140.546,0.302882,-4.82452,-0.43366,0.157504,140.394,140.45,-1.06,22.24,141.46
140.546,0.302882,-4.82452,-0.43366,0.157504,140.394,140.45,-1.06,22.24,141.46
140.546,0.129399,1.65402,2.08893,0.152231,140.405,140.459,0.7,22.24,141.438
140.546,0.129399,1.65402,2.08893,0.152231,140.405,140.459,0.7,22.24,141.372
140.546,-0.0527595,8.04271,4.48453,0.141399,140.42,140.469,1.67,22.25,141.372
140.546,-0.0527595,8.04271,4.48453,0.141399,140.42,140.469,1.67,22.25,141.372
140.546,-0.231847,14.1877,6.69797,0.125675,140.44,140.482,3.81,22.25,141.257
140.546,-0.231847,14.1877,6.69797,0.125675,140.44,140.482,3.81,22.25,141.153
140.546,-0.403566,19.9448,8.67981,0.105608,140.464,140.498,5.7,22.27,141.153
140.546,-0.403566,19.9448,8.67981,0.105608,140.464,140.498,5.7,22.27,141.153
140.546,-0.563899,25.1287,10.3669,0.081812,140.491,140.516,6.98,22.28,141.076
140.546,-0.563899,25.1287,10.3669,0.081812,140.491,140.516,6.98,22.28,140.993
140.546,-0.707691,29.5094,11.6811,0.0550923,140.52,140.535,7.66,22.29,140.993
140.546,-0.707691,29.5094,11.6811,0.0550923,140.52,140.535,7.66,22.29,140.993
140.546,-0.828544,32.9114,12.5684,0.0264465,140.549,140.554,8.14,22.31,140.9
140.546,-0.828544,32.9114,12.5684,0.0264465,140.549,140.554,8.14,22.31,140.785
140.546,-0.921604,35.2352,13.0058,-0.00305992,140.578,140.572,8.57,22.33,140.785
140.546,-0.921604,35.2352,13.0058,-0.00305992,140.578,140.572,8.57,22.33,140.785
140.546,-0.984171,36.4889,13.0127,-0.0323888,140.607,140.591,9.06,22.35,140.653
140.546,-0.984171,36.4889,13.0127,-0.0323888,140.607,140.591,9.06,22.35,140.45
140.546,-1.01657,36.5298,12.5501,-0.0606657,140.633,140.607,8.63,22.36,140.45
140.546,-1.01657,36.5298,12.5501,-0.0606657,140.633,140.607,8.63,22.36,140.45
140.546,-1.01488,35.1508,11.5558,-0.0867707,140.655,140.619,7.35,22.38,140.23
140.546,-1.01488,35.1508,11.5558,-0.0867707,140.655,140.619,7.35,22.38,140
140.546,-0.973394,32.4281,10.0789,-0.109379,140.674,140.628,6.86,22.39,140
140.546,-0.973394,32.4281,10.0789,-0.109379,140.674,140.628,6.86,22.39,140
140.546,-0.894371,28.645,8.24586,-0.127574,140.687,140.636,6.68,22.41,139.84
140.546,-0.894371,28.645,8.24586,-0.127574,140.687,140.636,6.68,22.41,139.72
140.546,-0.785867,24.075,6.17515,-0.140893,140.695,140.641,6.07,22.42,139.72
140.546,-0.785867,24.075,6.17515,-0.140893,140.695,140.641,6.07,22.42,139.72
140.546,-0.655646,18.7291,3.88035,-0.14913,140.698,140.641,3.75,22.43,139.676
140.546,-0.655646,18.7291,3.88035,-0.14913,140.698,140.641,3.75,22.43,139.692
140.546,-0.50407,12.6385,1.3824,-0.151821,140.695,140.637,1.06,22.43,139.692
140.546,-0.50407,12.6385,1.3824,-0.151821,140.695,140.637,1.06,22.43,139.692
140.546,-0.332072,6.04293,-1.21861,-0.148584,140.685,140.628,-1,22.43,139.764
140.546,-0.332072,6.04293,-1.21861,-0.148584,140.685,140.628,-1,22.43,139.835
140.546,-0.14643,-0.846725,-3.83717,-0.139431,140.671,140.616,-3.2,22.42,139.835
140.546,-0.14643,-0.846725,-3.83717,-0.139431,140.671,140.616,-3.2,22.42,139.835
140.546,0.046903,-7.83984,-6.39869,-0.124555,140.65,140.6,-5.52,22.41,139.934
140.546,0.046903,-7.83984,-6.39869,-0.124555,140.65,140.6,-5.52,22.41,140.016
140.546,0.242567,-14.6383,-8.79012,-0.104256,140.625,140.582,-7.1,22.39,140.016
140.546,0.242567,-14.6383,-8.79012,-0.104256,140.625,140.582,-7.1,22.39,140.016
140.546,0.432197,-20.8051,-10.8494,-0.0791756,140.596,140.563,-7.65,22.38,140.093
140.546,0.432197,-20.8051,-10.8494,-0.0791756,140.596,140.563,-7.65,22.38,140.142
140.546,0.603555,-26.1088,-12.4991,-0.0504614,140.565,140.543,-8.57,22.36,140.142
140.546,0.603555,-26.1088,-12.4991,-0.0504614,140.565,140.543,-8.57,22.36,140.142
140.546,0.75021,-30.1642,-13.6061,-0.0191792,140.533,140.524,-8.2,22.34,140.203
140.546,0.75021,-30.1642,-13.6061,-0.0191792,140.533,140.524,-8.2,22.34,140.258
140.546,0.861432,-32.6227,-14.0562,0.0131413,140.501,140.508,-7.23,22.33,140.258
140.546,0.861432,-32.6227,-14.0562,0.0131413,140.501,140.508,-7.23,22.33,140.258
140.546,0.927549,-33.5444,-13.8961,0.0447924,140.471,140.492,-7.65,22.32,140.367
140.546,0.927549,-33.5444,-13.8961,0.0447924,140.471,140.492,-7.65,22.32,140.505
140.546,0.950384,-32.9549,-13.1579,0.074572,140.445,140.477,-7.41,22.3,140.505
140.546,0.950384,-32.9549,-13.1579,0.074572,140.445,140.477,-7.41,22.3,140.505
140.546,0.930795,-30.9238,-11.8895,0.101305,140.422,140.465,-6.92,22.29,140.68
140.546,0.930795,-30.9238,-11.8895,0.101305,140.422,140.465,-6.92,22.29,140.917
140.546,0.870856,-27.6185,-10.175,0.123954,140.404,140.455,-6.62,22.27,140.917
140.546,0.870856,-27.6185,-10.175,0.123954,140.404,140.455,-6.62,22.27,140.917
140.546,0.775387,-23.2827,-8.1244,0.141767,140.392,140.448,-6.19,22.26,141.12
140.546,0.775387,-23.2827,-8.1244,0.141767,140.392,140.448,-6.19,22.26,141.312
140.546,0.651329,-18.1301,-5.83265,0.15428,140.385,140.443,-5.33,22.25,141.312
140.546,0.651329,-18.1301,-5.83265,0.15428,140.385,140.443,-5.33,22.25,141.312
140.546,0.50476,-12.2669,-3.35001,0.16122,140.384,140.444,-3.56,22.24,141.444
140.546,0.50476,-12.2669,-3.35001,0.16122,140.384,140.444,-3.56,22.24,141.493
140.546,0.338719,-5.81011,-0.729143,0.162299,140.389,140.449,-1.37,22.24,141.493
140.546,0.338719,-5.81011,-0.729143,0.162299,140.389,140.449,-1.37,22.24,141.493
140.546,0.15654,1.0142,1.9374,0.15734,140.4,140.457,0.58,22.24,141.482
140.546,0.15654,1.0142,1.9374,0.15734,140.4,140.457,0.58,22.24,141.411
140.546,-0.0353948,7.87119,4.5187,0.146467,140.416,140.468,2.16,22.25,141.411
140.546,-0.0353948,7.87119,4.5187,0.146467,140.416,140.468,2.16,22.25,141.411
140.546,-0.227668,14.4205,6.88656,0.130211,140.437,140.482,3.57,22.25,141.306
140.546,-0.227668,14.4205,6.88656,0.130211,140.437,140.482,3.57,22.25,141.18
140.546,-0.410736,20.4022,8.94829,0.109338,140.461,140.497,5.09,22.26,141.18
140.546,-0.410736,20.4022,8.94829,0.109338,140.461,140.497,5.09,22.26,141.18
140.546,-0.577338,25.7753,10.6987,0.0847626,140.489,140.515,7.11,22.28,141.098
140.546,-0.577338,25.7753,10.6987,0.0847626,140.489,140.515,7.11,22.28,141.01
140.546,-0.72639,30.2827,12.0498,0.057155,140.518,140.534,7.72,22.29,141.01
140.546,-0.72639,30.2827,12.0498,0.057155,140.518,140.534,7.72,22.29,141.01
140.546,-0.850729,33.7554,12.9511,0.0276213,140.549,140.553,8.27,22.31,140.911
140.546,-0.850729,33.7554,12.9511,0.0276213,140.549,140.553,8.27,22.31,140.785
140.546,-0.9457,36.1391,13.3977,-0.00274574,140.579,140.573,8.94,22.33,140.785
140.546,-0.9457,36.1391,13.3977,-0.00274574,140.579,140.573,8.94,22.33,140.785
140.546,-1.00987,37.4214,13.4014,-0.0329488,140.608,140.592,9.43,22.35,140.631
140.546,-1.00987,37.4214,13.4014,-0.0329488,140.608,140.592,9.43,22.35,140.439
140.546,-1.04298,37.4623,12.9246,-0.0620591,140.635,140.608,8.94,22.36,140.439
140.546,-1.04298,37.4623,12.9246,-0.0620591,140.635,140.608,8.94,22.36,140.439
140.546,-1.04121,36.0982,11.9222,-0.0889291,140.658,140.621,7.9,22.38,140.208
140.546,-1.04121,36.0982,11.9222,-0.0889291,140.658,140.621,7.9,22.38,139.972
140.546,-1.00006,33.3661,10.428,-0.112316,140.677,140.631,7.23,22.39,139.972
140.546,-1.00006,33.3661,10.428,-0.112316,140.677,140.631,7.23,22.39,139.972
140.546,-0.92069,29.4264,8.52179,-0.131222,140.691,140.638,6.37,22.41,139.824
140.546,-0.92069,29.4264,8.52179,-0.131222,140.691,140.638,6.37,22.41,139.709
140.546,-0.807713,24.4916,6.30071,-0.144964,140.699,140.641,5.28,22.42,139.709
140.546,-0.807713,24.4916,6.30071,-0.144964,140.699,140.641,5.28,22.42,139.709
140.546,-0.667186,18.6978,3.82913,-0.153092,140.701,140.641,3.32,22.42,139.665
140.546,-0.667186,18.6978,3.82913,-0.153092,140.701,140.641,3.32,22.42,139.676
140.546,-0.503005,12.2288,1.18747,-0.155223,140.697,140.636,1.19,22.43,139.676
140.546,-0.503005,12.2288,1.18747,-0.155223,140.697,140.636,1.19,22.43,139.676
140.546,-0.32039,5.35002,-1.51544,-0.151193,140.687,140.628,-0.88,22.43,139.753
140.546,-0.32039,5.35002,-1.51544,-0.151193,140.687,140.628,-0.88,22.43,139.835
140.546,-0.126836,-1.65944,-4.16949,-0.141139,140.671,140.617,-2.83,22.42,139.835
140.546,-0.126836,-1.65944,-4.16949,-0.141139,140.671,140.617,-2.83,22.42,139.835
140.546,0.0697995,-8.58994,-6.6952,-0.125443,140.651,140.602,-5.03,22.41,139.939
140.546,0.0697995,-8.58994,-6.6952,-0.125443,140.651,140.602,-5.03,22.41,140.016
140.546,0.263636,-15.2223,-9.01237,-0.104584,140.625,140.584,-6.86,22.4,140.016
140.546,0.263636,-15.2223,-9.01237,-0.104584,140.625,140.584,-6.86,22.4,140.016
140.546,0.448541,-21.2067,-10.9937,-0.0792165,140.596,140.565,-7.71,22.38,140.093
140.546,0.448541,-21.2067,-10.9937,-0.0792165,140.596,140.565,-7.71,22.38,140.153
140.546,0.614731,-26.1551,-12.5022,-0.0503795,140.565,140.547,-7.78,22.36,140.153
140.546,0.614731,-26.1551,-12.5022,-0.0503795,140.565,140.547,-7.78,22.36,140.153
140.546,0.751382,-29.8239,-13.461,-0.0194524,140.534,140.529,-7.9,22.35,140.214
140.546,0.751382,-29.8239,-13.461,-0.0194524,140.534,140.529,-7.9,22.35,140.28
140.546,0.851749,-31.9979,-13.8074,0.0121851,140.503,140.512,-7.47,22.33,140.28
140.546,0.851749,-31.9979,-13.8074,0.0121851,140.503,140.512,-7.47,22.33,140.28
140.546,0.909911,-32.6146,-13.5396,0.0430302,140.474,140.497,-7.23,22.32,140.395
140.546,0.909911,-32.6146,-13.5396,0.0430302,140.474,140.497,-7.23,22.32,140.532
140.546,0.924241,-31.7352,-12.7036,0.071758,140.449,140.483,-7.04,22.3,140.532
140.546,0.924241,-31.7352,-12.7036,0.071758,140.449,140.483,-7.04,22.3,140.532
140.546,0.89659,-29.6033,-11.4137,0.0972482,140.427,140.47,-7.35,22.29,140.713
140.546,0.89659,-29.6033,-11.4137,0.0972482,140.427,140.47,-7.35,22.29,140.949
140.546,0.833925,-26.3348,-9.7312,0.118804,140.41,140.46,-6.86,22.28,140.949
140.546,0.833925,-26.3348,-9.7312,0.118804,140.41,140.46,-6.86,22.28,140.949
140.546,0.739595,-22.0984,-7.73565,0.13573,140.398,140.453,-6.13,22.26,141.142
140.546,0.739595,-22.0984,-7.73565,0.13573,140.398,140.453,-6.13,22.26,141.317
140.546,0.618429,-17.1527,-5.53828,0.147546,140.392,140.448,-5.52,22.25,141.317
140.546,0.618429,-17.1527,-5.53828,0.147546,140.392,140.448,-5.52,22.25,141.317
140.546,0.47776,-11.5004,-3.14824,0.154089,140.391,140.449,-3.32,22.25,141.433
140.546,0.47776,-11.5004,-3.14824,0.154089,140.391,140.449,-3.32,22.25,141.482
140.546,0.317714,-5.27512,-0.624499,0.15495,140.396,140.454,-1.31,22.24,141.482
140.546,0.317714,-5.27512,-0.624499,0.15495,140.396,140.454,-1.31,22.24,141.482
140.546,0.142084,1.34636,1.95937,0.150005,140.407,140.462,0.82,22.25,141.46
140.546,0.142084,1.34636,1.95937,0.150005,140.407,140.462,0.82,22.25,141.372
140.546,-0.0441248,7.99643,4.45944,0.139295,140.423,140.473,2.22,22.25,141.372
140.546,-0.0441248,7.99643,4.45944,0.139295,140.423,140.473,2.22,22.25,141.372
140.546,-0.230575,14.3225,6.74278,0.123367,140.443,140.486,3.44,22.26,141.279
140.546,-0.230575,14.3225,6.74278,0.123367,140.443,140.486,3.44,22.26,141.164
140.546,-0.407379,20.168,8.7565,0.103027,140.467,140.502,5.34,22.27,141.164
140.546,-0.407379,20.168,8.7565,0.103027,140.467,140.502,5.34,22.27,141.164
140.546,-0.570182,25.2485,10.4007,0.0789843,140.494,140.518,6.13,22.28,141.081
140.546,-0.570182,25.2485,10.4007,0.0789843,140.494,140.518,6.13,22.28,140.999
140.546,-0.711051,29.4604,11.6486,0.0522919,140.522,140.536,7.29,22.29,140.999
140.546,-0.711051,29.4604,11.6486,0.0522919,140.522,140.536,7.29,22.29,140.999
140.546,-0.827154,32.7997,12.5126,0.0238783,140.551,140.556,8.57,22.31,140.9
140.546,-0.827154,32.7997,12.5126,0.0238783,140.551,140.556,8.57,22.31,140.796
140.546,-0.91846,35.2052,12.9829,-0.00545049,140.581,140.576,9.18,22.33,140.796
140.546,-0.91846,35.2052,12.9829,-0.00545049,140.581,140.576,9.18,22.33,140.796
140.546,-0.983328,36.5298,13.0174,-0.0348203,140.609,140.594,9.06,22.35,140.648
140.546,-0.983328,36.5298,13.0174,-0.0348203,140.609,140.594,9.06,22.35,140.45
140.546,-1.01772,36.606,12.5678,-0.0631792,140.635,140.61,8.51,22.37,140.45
140.546,-1.01772,36.606,12.5678,-0.0631792,140.635,140.61,8.51,22.37,140.45
140.546,-1.01702,35.2229,11.5709,-0.0893525,140.658,140.621,7.17,22.38,140.236
140.546,-1.01702,35.2229,11.5709,-0.0893525,140.658,140.621,7.17,22.38,139.994
140.546,-0.975408,32.4526,10.0748,-0.111988,140.676,140.63,6.68,22.39,139.994
140.546,-0.975408,32.4526,10.0748,-0.111988,140.676,140.63,6.68,22.39,139.994
140.546,-0.895041,28.6368,8.22892,-0.130129,140.689,140.638,6.74,22.41,139.84
140.546,-0.895041,28.6368,8.22892,-0.130129,140.689,140.638,6.74,22.41,139.72
140.546,-0.785618,23.8681,6.08227,-0.143379,140.697,140.642,5.21,22.42,139.72
140.546,-0.785618,23.8681,6.08227,-0.143379,140.697,140.642,5.21,22.42,139.72
140.546,-0.649817,18.3738,3.73362,-0.15122,140.699,140.642,3.81,22.42,139.676
140.546,-0.649817,18.3738,3.73362,-0.15122,140.699,140.642,3.81,22.42,139.698
140.546,-0.494092,12.305,1.24903,-0.153461,140.696,140.639,1.67,22.43,139.698
140.546,-0.494092,12.305,1.24903,-0.153461,140.696,140.639,1.67,22.43,139.698
140.546,-0.322735,5.7094,-1.3474,-0.149964,140.687,140.63,-1.18,22.43,139.753
140.546,-0.322735,5.7094,-1.3474,-0.149964,140.687,140.63,-1.18,22.43,139.84
140.546,-0.13712,-1.13942,-3.94586,-0.140552,140.671,140.618,-3.14,22.42,139.84
140.546,-0.13712,-1.13942,-3.94586,-0.140552,140.671,140.618,-3.14,22.42,139.84
140.546,0.0550411,-7.92017,-6.42225,-0.125484,140.651,140.603,-4.72,22.41,139.928
140.546,0.0550411,-7.92017,-6.42225,-0.125484,140.651,140.603,-4.72,22.41,140.027
140.546,0.244721,-14.4082,-8.69408,-0.105349,140.627,140.586,-6.55,22.4,140.027
140.546,0.244721,-14.4082,-8.69408,-0.105349,140.627,140.586,-6.55,22.4,140.027
140.546,0.425634,-20.4117,-10.6945,-0.0807875,140.599,140.567,-8.14,22.38,140.098
140.546,0.425634,-20.4117,-10.6945,-0.0807875,140.599,140.567,-8.14,22.38,140.142
140.546,0.592429,-25.5684,-12.2938,-0.0525515,140.568,140.547,-8.39,22.36,140.142
140.546,0.592429,-25.5684,-12.2938,-0.0525515,140.568,140.547,-8.39,22.36,140.142
140.546,0.734993,-29.44,-13.3382,-0.0218429,140.536,140.529,-7.71,22.35,140.203
140.546,0.734993,-29.44,-13.3382,-0.0218429,140.536,140.529,-7.71,22.35,140.274
140.546,0.841102,-31.825,-13.7703,0.00973985,140.505,140.512,-7.47,22.33,140.274
140.546,0.841102,-31.825,-13.7703,0.00973985,140.505,140.512,-7.47,22.33,140.274
140.546,0.905216,-32.718,-13.6102,0.0407216,140.476,140.496,-7.59,22.32,140.384
140.546,0.905216,-32.718,-13.6102,0.0407216,140.476,140.496,-7.59,22.32,140.51
140.546,0.927314,-32.0905,-12.8684,0.0698728,140.45,140.482,-7.04,22.3,140.51
140.546,0.927314,-32.0905,-12.8684,0.0698728,140.45,140.482,-7.04,22.3,140.51
140.546,0.906722,-30.0308,-11.6004,0.0959642,140.428,140.471,-6.62,22.29,140.68
140.546,0.906722,-30.0308,-11.6004,0.0959642,140.428,140.471,-6.62,22.29,140.922
140.546,0.846049,-26.7718,-9.91497,0.117985,140.411,140.461,-6.68,22.28,140.922
140.546,0.846049,-26.7718,-9.91497,0.117985,140.411,140.461,-6.68,22.28,140.922
140.546,0.751948,-22.4959,-7.89775,0.135292,140.399,140.454,-5.94,22.27,141.109
140.546,0.751948,-22.4959,-7.89775,0.135292,140.399,140.454,-5.94,22.27,141.29
140.546,0.629635,-17.4644,-5.6617,0.147395,140.392,140.449,-5.33,22.25,141.29
140.546,0.629635,-17.4644,-5.6617,0.147395,140.392,140.449,-5.33,22.25,141.29
140.546,0.486523,-11.7264,-3.23435,0.154103,140.391,140.449,-3.38,22.25,141.427
140.546,0.486523,-11.7264,-3.23435,0.154103,140.391,140.449,-3.38,22.25,141.477
140.546,0.324043,-5.57869,-0.737229,0.155059,140.396,140.453,-2.16,22.24,141.477
140.546,0.324043,-5.57869,-0.737229,0.155059,140.396,140.453,-2.16,22.24,141.477
140.546,0.150574,0.823614,1.76679,0.150428,140.406,140.46,-0.02,22.24,141.449
140.546,0.150574,0.823614,1.76679,0.150428,140.406,140.46,-0.02,22.24,141.394
140.546,-0.0295069,7.38519,4.24005,0.140333,140.421,140.472,2.47,22.25,141.394
140.546,-0.0295069,7.38519,4.24005,0.140333,140.421,140.472,2.47,22.25,141.394
140.546,-0.213515,13.7861,6.56024,0.124951,140.441,140.485,3.93,22.26,141.295
140.546,-0.213515,13.7861,6.56024,0.124951,140.441,140.485,3.93,22.26,141.175
140.546,-0.39247,19.8277,8.65595,0.104912,140.465,140.502,5.76,22.27,141.175
140.546,-0.39247,19.8277,8.65595,0.104912,140.465,140.502,5.76,22.27,141.175
140.546,-0.560817,25.1505,10.3969,0.0808831,140.492,140.519,6.31,22.28,141.092
140.546,-0.560817,25.1505,10.3969,0.0808831,140.492,140.519,6.31,22.28,141.004
140.546,-0.708512,29.5952,11.7344,0.0539585,140.521,140.537,7.35,22.3,141.004
140.546,-0.708512,29.5952,11.7344,0.0539585,140.521,140.537,7.35,22.3,141.004
140.546,-0.831153,33.1918,12.6941,0.0251351,140.551,140.557,8.82,22.31,140.922
140.546,-0.831153,33.1918,12.6941,0.0251351,140.551,140.557,8.82,22.31,140.796
140.546,-0.929665,35.7048,13.1992,-0.00483577,140.581,140.576,8.75,22.33,140.796
140.546,-0.929665,35.7048,13.1992,-0.00483577,140.581,140.576,8.75,22.33,140.796
140.546,-0.997515,37.0021,13.2155,-0.0347657,140.609,140.594,8.63,22.35,140.658
140.546,-0.997515,37.0021,13.2155,-0.0347657,140.609,140.594,8.63,22.35,140.466
140.546,-1.03109,37.0267,12.7389,-0.0635071,140.636,140.61,8.51,22.36,140.466
140.546,-1.03109,37.0267,12.7389,-0.0635071,140.636,140.61,8.51,22.36,140.466
140.546,-1.0289,35.8219,11.8041,-0.0899809,140.659,140.624,8.45,22.38,140.247
140.546,-1.0289,35.8219,11.8041,-0.0899809,140.659,140.624,8.45,22.38,140.005
140.546,-0.99226,33.2286,10.3671,-0.113286,140.678,140.633,6.98,22.4,140.005
140.546,-0.99226,33.2286,10.3671,-0.113286,140.678,140.633,6.98,22.4,140.005
140.546,-0.916809,29.4046,8.50728,-0.132205,140.692,140.64,6.19,22.41,139.846
140.546,-0.916809,29.4046,8.50728,-0.132205,140.692,140.64,6.19,22.41,139.72
140.546,-0.807092,24.546,6.31575,-0.146029,140.7,140.643,5.09,22.42,139.72
140.546,-0.807092,24.546,6.31575,-0.146029,140.7,140.643,5.09,22.42,139.72
140.546,-0.668707,18.936,3.91386,-0.154267,140.703,140.644,3.93,22.43,139.665
140.546,-0.668707,18.936,3.91386,-0.154267,140.703,140.644,3.93,22.43,139.676
140.546,-0.509681,12.6603,1.34297,-0.156767,140.699,140.64,1.43,22.43,139.676
140.546,-0.509681,12.6603,1.34297,-0.156767,140.699,140.64,1.43,22.43,139.676
140.546,-0.332472,5.83601,-1.34501,-0.153256,140.69,140.631,-1.24,22.43,139.736
140.546,-0.332472,5.83601,-1.34501,-0.153256,140.69,140.631,-1.24,22.43,139.829
140.546,-0.140412,-1.27555,-4.04472,-0.143612,140.674,140.618,-3.38,22.42,139.829
140.546,-0.140412,-1.27555,-4.04472,-0.143612,140.674,140.618,-3.38,22.42,139.829
140.546,0.0591291,-8.46198,-6.67341,-0.12808,140.653,140.602,-5.64,22.41,139.917
140.546,0.0591291,-8.46198,-6.67341,-0.12808,140.653,140.602,-5.64,22.41,140.022
140.546,0.26018,-15.3884,-9.10443,-0.107015,140.627,140.584,-7.17,22.39,140.022
140.546,0.26018,-15.3884,-9.10443,-0.107015,140.627,140.584,-7.17,22.39,140.022
140.546,0.453347,-21.5987,-11.1694,-0.0811563,140.598,140.565,-7.59,22.38,140.087
140.546,0.453347,-21.5987,-11.1694,-0.0811563,140.598,140.565,-7.59,22.38,140.137
140.546,0.625864,-26.8208,-12.7765,-0.0517319,140.566,140.545,-8.26,22.36,140.137
140.546,0.625864,-26.8208,-12.7765,-0.0517319,140.566,140.545,-8.26,22.36,140.137
140.546,0.770161,-30.7278,-13.8168,-0.0199578,140.533,140.527,-8.08,22.35,140.197
140.546,0.770161,-30.7278,-13.8168,-0.0199578,140.533,140.527,-8.08,22.35,140.269
140.546,0.877159,-33.1115,-14.2307,0.0126495,140.501,140.509,-7.78,22.33,140.269
140.546,0.877159,-33.1115,-14.2307,0.0126495,140.501,140.509,-7.78,22.33,140.269
140.546,0.94113,-33.9337,-14.0262,0.0445875,140.471,140.493,-7.78,22.32,140.395
140.546,0.94113,-33.9337,-14.0262,0.0445875,140.471,140.493,-7.78,22.32,140.521
140.546,0.961138,-33.219,-13.2354,0.074531,140.445,140.479,-7.41,22.3,140.521
140.546,0.961138,-33.219,-13.2354,0.074531,140.445,140.479,-7.41,22.3,140.521
140.546,0.938005,-30.9946,-11.8902,0.101292,140.422,140.467,-6.68,22.29,140.708
140.546,0.938005,-30.9946,-11.8902,0.101292,140.422,140.467,-6.68,22.29,140.966
140.546,0.872624,-27.5518,-10.1229,0.123749,140.405,140.457,-6.98,22.27,140.966
140.546,0.872624,-27.5518,-10.1229,0.123749,140.405,140.457,-6.98,22.27,140.966
140.546,0.773295,-23.137,-8.04405,0.141317,140.392,140.449,-6.49,22.26,141.158
140.546,0.773295,-23.137,-8.04405,0.141317,140.392,140.449,-6.49,22.26,141.339
140.546,0.647032,-17.9123,-5.72767,0.153584,140.386,140.445,-5.33,22.25,141.339
140.546,0.647032,-17.9123,-5.72767,0.153584,140.386,140.445,-5.33,22.25,141.339
140.546,0.498455,-12.0953,-3.2667,0.160236,140.385,140.444,-4.05,22.24,141.455
140.546,0.498455,-12.0953,-3.2667,0.160236,140.385,140.444,-4.05,22.24,141.51
140.546,0.333737,-5.74613,-0.690221,0.161179,140.39,140.449,-1.67,22.24,141.51
140.546,0.333737,-5.74613,-0.690221,0.161179,140.39,140.449,-1.67,22.24,141.51
140.546,0.154596,1.0319,1.95701,0.156247,140.401,140.458,0.88,22.24,141.482
140.546,0.154596,1.0319,1.95701,0.156247,140.401,140.458,0.88,22.24,141.405
140.546,-0.0360294,7.92428,4.55099,0.145387,140.417,140.47,2.59,22.24,141.405
140.546,-0.0360294,7.92428,4.55099,0.145387,140.417,140.47,2.59,22.24,141.405
140.546,-0.22929,14.6642,6.99052,0.129022,140.438,140.485,4.42,22.25,141.306
140.546,-0.22929,14.6642,6.99052,0.129022,140.438,140.485,4.42,22.25,141.175
140.546,-0.4177,20.7901,9.10354,0.107753,140.463,140.5,5.09,22.26,141.175
140.546,-0.4177,20.7901,9.10354,0.107753,140.463,140.5,5.09,22.26,141.175
140.546,-0.588329,26.1755,10.8527,0.0827136,140.491,140.517,6.68,22.28,141.098
140.546,-0.588329,26.1755,10.8527,0.0827136,140.491,140.517,6.68,22.28,141.01
140.546,-0.737689,30.7428,12.2208,0.0547781,140.521,140.537,8.14,22.29,141.01
140.546,-0.737689,30.7428,12.2208,0.0547781,140.521,140.537,8.14,22.29,141.01
140.546,-0.863675,34.368,13.1739,0.0248209,140.552,140.558,9,22.31,140.9
140.546,-0.863675,34.368,13.1739,0.0248209,140.552,140.558,9,22.31,140.79
140.546,-0.962886,36.8429,13.647,-0.00617449,140.583,140.577,8.94,22.33,140.79
140.546,-0.962886,36.8429,13.647,-0.00617449,140.583,140.577,8.94,22.33,140.79
140.546,-1.02956,38.1348,13.6447,-0.0369923,140.613,140.596,9.37,22.35,140.626
140.546,-1.02956,38.1348,13.6447,-0.0369923,140.613,140.596,9.37,22.35,140.428
140.546,-1.06289,38.1797,13.1599,-0.0666217,140.64,140.613,9.24,22.37,140.428
140.546,-1.06289,38.1797,13.1599,-0.0666217,140.64,140.613,9.24,22.37,140.428
140.546,-1.06117,36.7762,12.1331,-0.0939971,140.664,140.626,8.02,22.38,140.186
140.546,-1.06117,36.7762,12.1331,-0.0939971,140.664,140.626,8.02,22.38,139.956
140.546,-1.01886,33.8752,10.5657,-0.11778,140.683,140.635,6.86,22.4,139.956
140.546,-1.01886,33.8752,10.5657,-0.11778,140.683,140.635,6.86,22.4,139.956
140.546,-0.934698,29.6741,8.55352,-0.136809,140.696,140.641,6.01,22.41,139.813
140.546,-0.934698,29.6741,8.55352,-0.136809,140.696,140.641,6.01,22.41,139.692
140.546,-0.814346,24.5066,6.24123,-0.150346,140.704,140.645,5.4,22.42,139.692
140.546,-0.814346,24.5066,6.24123,-0.150346,140.704,140.645,5.4,22.42,139.692
140.546,-0.667271,18.4623,3.675,-0.158119,140.706,140.643,3.14,22.43,139.643
140.546,-0.667271,18.4623,3.675,-0.158119,140.706,140.643,3.14,22.43,139.665
140.546,-0.496064,11.8027,0.965142,-0.15969,140.701,140.639,1.25,22.43,139.665
140.546,-0.496064,11.8027,0.965142,-0.15969,140.701,140.639,1.25,22.43,139.665
140.546,-0.308126,4.67208,-1.82688,-0.155004,140.69,140.629,-1.43,22.43,139.731
140.546,-0.308126,4.67208,-1.82688,-0.155004,140.69,140.629,-1.43,22.43,139.824
140.546,-0.107545,-2.61917,-4.57816,-0.144049,140.673,140.617,-3.38,22.42,139.824
140.546,-0.107545,-2.61917,-4.57816,-0.144049,140.673,140.617,-3.38,22.42,139.824
140.546,0.0969398,-9.91451,-7.22924,-0.127219,140.651,140.6,-5.94,22.41,139.917
140.546,0.0969398,-9.91451,-7.22924,-0.127219,140.651,140.6,-5.94,22.41,140.016
140.546,0.300934,-16.8586,-9.64668,-0.104884,140.624,140.581,-7.35,22.39,140.016
140.546,0.300934,-16.8586,-9.64668,-0.104884,140.624,140.581,-7.35,22.39,140.016
140.546,0.494478,-23.0676,-11.6911,-0.0778778,140.593,140.562,-8.08,22.38,140.087
140.546,0.494478,-23.0676,-11.6911,-0.0778778,140.593,140.562,-8.08,22.38,140.142
140.546,0.666837,-28.2229,-13.2532,-0.0473742,140.561,140.542,-8.51,22.36,140.142
140.546,0.666837,-28.2229,-13.2532,-0.0473742,140.561,140.542,-8.51,22.36,140.142
140.546,0.809145,-32.0769,-14.2551,-0.0146849,140.527,140.522,-8.69,22.34,140.214
140.546,0.809145,-32.0769,-14.2551,-0.0146849,140.527,140.522,-8.69,22.34,140.296
140.546,0.914544,-34.3462,-14.6084,0.018783,140.495,140.504,-8.02,22.33,140.296
140.546,0.914544,-34.3462,-14.6084,0.018783,140.495,140.504,-8.02,22.33,140.296
140.546,0.975205,-34.9629,-14.3104,0.0513903,140.464,140.488,-7.71,22.31,140.406
140.546,0.975205,-34.9629,-14.3104,0.0513903,140.464,140.488,-7.71,22.31,140.582
140.546,0.989354,-33.98,-13.4054,0.0817164,140.437,140.474,-7.53,22.29,140.582
140.546,0.989354,-33.98,-13.4054,0.0817164,140.437,140.474,-7.53,22.29,140.582
140.546,0.958622,-31.4751,-11.9455,0.108559,140.415,140.463,-6.92,22.28,140.774
140.546,0.958622,-31.4751,-11.9455,0.108559,140.415,140.463,-6.92,22.28,141.01
140.546,0.885323,-27.6988,-10.0473,0.130839,140.398,140.453,-6.8,22.27,141.01
140.546,0.885323,-27.6988,-10.0473,0.130839,140.398,140.453,-6.8,22.27,141.01
140.546,0.77661,-22.9002,-7.82301,0.147915,140.387,140.446,-6.19,22.25,141.208
140.546,0.77661,-22.9002,-7.82301,0.147915,140.387,140.446,-6.19,22.25,141.383
140.546,0.639578,-17.2452,-5.34882,0.159348,140.381,140.443,-4.85,22.24,141.383
140.546,0.639578,-17.2452,-5.34882,0.159348,140.381,140.443,-4.85,22.24,141.383
140.546,0.478964,-10.9546,-2.71923,0.164785,140.382,140.444,-3.38,22.24,141.499
140.546,0.478964,-10.9546,-2.71923,0.164785,140.382,140.444,-3.38,22.24,141.531
140.546,0.301021,-4.17789,0.00179386,0.164116,140.389,140.45,-1.18,22.24,141.531
140.546,0.301021,-4.17789,0.00179386,0.164116,140.389,140.45,-1.18,22.24,141.531
140.546,0.109993,2.89419,2.73695,0.157313,140.401,140.46,1.13,22.24,141.488
140.546,0.109993,2.89419,2.73695,0.157313,140.401,140.46,1.13,22.24,141.394
140.546,-0.0887421,9.97715,5.37575,0.14454,140.42,140.473,3.08,22.24,141.394
140.546,-0.0887421,9.97715,5.37575,0.14454,140.42,140.473,3.08,22.24,141.394
140.546,-0.287187,16.6626,7.76428,0.126277,140.443,140.487,4.24,22.25,141.279
140.546,-0.287187,16.6626,7.76428,0.126277,140.443,140.487,4.24,22.25,141.164
140.546,-0.47389,22.6769,9.80597,0.10345,140.469,140.503,5.64,22.26,141.164
140.546,-0.47389,22.6769,9.80597,0.10345,140.469,140.503,5.64,22.26,141.164
140.546,-0.641216,27.8527,11.4486,0.0770582,140.498,140.521,6.98,22.28,141.07
140.546,-0.641216,27.8527,11.4486,0.0770582,140.498,140.521,6.98,22.28,140.977
140.546,-0.784534,32.1082,12.6748,0.0480982,140.528,140.541,8.27,22.29,140.977
140.546,-0.784534,32.1082,12.6748,0.0480982,140.528,140.541,8.27,22.29,140.977
140.546,-0.901633,35.2597,13.4288,0.0175126,140.56,140.56,8.63,22.31,140.867
140.546,-0.901633,35.2597,13.4288,0.0175126,140.56,140.56,8.63,22.31,140.735
140.546,-0.987439,37.2145,13.6922,-0.0135238,140.59,140.579,8.94,22.33,140.735
140.546,-0.987439,37.2145,13.6922,-0.0135238,140.59,140.579,8.94,22.33,140.735
140.546,-1.03945,38.0204,13.501,-0.0439181,140.619,140.598,9.55,22.35,140.565
140.546,-1.03945,38.0204,13.501,-0.0439181,140.619,140.598,9.55,22.35,140.362
140.546,-1.05912,37.514,12.8091,-0.0727552,140.645,140.614,8.75,22.37,140.362
140.546,-1.05912,37.514,12.8091,-0.0727552,140.645,140.614,8.75,22.37,140.362
140.546,-1.04195,35.5537,11.5809,-0.0988465,140.667,140.625,7.6,22.38,140.12
140.546,-1.04195,35.5537,11.5809,-0.0988465,140.667,140.625,7.6,22.38,139.901
140.546,-0.984072,32.2389,9.87425,-0.120922,140.684,140.634,6.92,22.4,139.901
140.546,-0.984072,32.2389,9.87425,-0.120922,140.684,140.634,6.92,22.4,139.901
140.546,-0.888405,27.7329,7.7699,-0.138093,140.696,140.639,5.83,22.41,139.758
140.546,-0.888405,27.7329,7.7699,-0.138093,140.696,140.639,5.83,22.41,139.665
140.546,-0.759638,22.2046,5.34769,-0.149704,140.701,140.64,4.24,22.42,139.665
140.546,-0.759638,22.2046,5.34769,-0.149704,140.701,140.64,4.24,22.42,139.665
140.546,-0.602602,15.7451,2.65501,-0.155264,140.7,140.636,1.74,22.42,139.643
140.546,-0.602602,15.7451,2.65501,-0.155264,140.7,140.636,1.74,22.42,139.681
140.546,-0.419933,8.74516,-0.147659,-0.154294,140.693,140.63,0.27,22.42,139.681
140.546,-0.419933,8.74516,-0.147659,-0.154294,140.693,140.63,0.27,22.42,139.681
140.546,-0.222663,1.63224,-2.89153,-0.146958,140.68,140.622,-1.12,22.42,139.769
140.546,-0.222663,1.63224,-2.89153,-0.146958,140.68,140.622,-1.12,22.42,139.851
140.546,-0.0228255,-5.57869,-5.57206,-0.133817,140.661,140.607,-4.3,22.41,139.851
140.546,-0.0228255,-5.57869,-5.57206,-0.133817,140.661,140.607,-4.3,22.41,139.851
140.546,0.179165,-12.727,-8.12904,-0.115007,140.637,140.589,-6.74,22.4,139.945
140.546,0.179165,-12.727,-8.12904,-0.115007,140.637,140.589,-6.74,22.4,140.044
140.546,0.378806,-19.3988,-10.4075,-0.0909508,140.609,140.57,-7.71,22.38,140.044
140.546,0.378806,-19.3988,-10.4075,-0.0909508,140.609,140.57,-7.71,22.38,140.044
140.546,0.564497,-25.2444,-12.2828,-0.0626465,140.577,140.55,-8.39,22.36,140.109
140.546,0.564497,-25.2444,-12.2828,-0.0626465,140.577,140.55,-8.39,22.36,140.17
140.546,0.726473,-29.8987,-13.629,-0.0312686,140.544,140.531,-8.39,22.35,140.17
140.546,0.726473,-29.8987,-13.629,-0.0312686,140.544,140.531,-8.39,22.35,140.17
140.546,0.854571,-33.0379,-14.3409,0.00170755,140.511,140.513,-7.9,22.33,140.241
140.546,0.854571,-33.0379,-14.3409,0.00170755,140.511,140.513,-7.9,22.33,140.346
140.546,0.939806,-34.5572,-14.4011,0.0346291,140.48,140.496,-7.78,22.32,140.346
140.546,0.939806,-34.5572,-14.4011,0.0346291,140.48,140.496,-7.78,22.32,140.346
140.546,0.979371,-34.5232,-13.859,0.0660616,140.451,140.48,-7.9,22.3,140.472
140.546,0.979371,-34.5232,-13.859,0.0660616,140.451,140.48,-7.9,22.3,140.642
140.546,0.975277,-33.023,-12.7699,0.094803,140.426,140.466,-7.65,22.28,140.642
140.546,0.975277,-33.023,-12.7699,0.094803,140.426,140.466,-7.65,22.28,140.642
140.546,0.930103,-30.1751,-11.1995,0.119815,140.406,140.455,-7.23,22.27,140.862
140.546,0.930103,-30.1751,-11.1995,0.119815,140.406,140.455,-7.23,22.27,141.103
140.546,0.847294,-26.1946,-9.24848,0.14021,140.391,140.446,-6.92,22.26,141.103
140.546,0.847294,-26.1946,-9.24848,0.14021,140.391,140.446,-6.92,22.26,141.103
140.546,0.732994,-21.2856,-7.00945,0.155414,140.381,140.44,-6.07,22.24,141.295
140.546,0.732994,-21.2856,-7.00945,0.155414,140.381,140.44,-6.07,22.24,141.433
140.546,0.593026,-15.598,-4.55111,0.165045,140.377,140.438,-4.54,22.23,141.433
140.546,0.593026,-15.598,-4.55111,0.165045,140.377,140.438,-4.54,22.23,141.433
140.546,0.431661,-9.29102,-1.94333,0.168788,140.379,140.441,-2.65,22.23,141.504
140.546,0.431661,-9.29102,-1.94333,0.168788,140.379,140.441,-2.65,22.23,141.515
140.546,0.253423,-2.44084,0.778317,0.166493,140.388,140.448,-0.02,22.23,141.515
140.546,0.253423,-2.44084,0.778317,0.166493,140.388,140.448,-0.02,22.23,141.515
140.546,0.0604926,4.7524,3.53205,0.15801,140.403,140.46,2.35,22.23,141.449
140.546,0.0604926,4.7524,3.53205,0.15801,140.403,140.46,2.35,22.23,141.35
140.546,-0.14148,11.8449,6.1457,0.143461,140.422,140.474,3.57,22.24,141.35
140.546,-0.14148,11.8449,6.1457,0.143461,140.422,140.474,3.57,22.24,141.35
140.546,-0.340023,18.4528,8.47635,0.123585,140.447,140.489,4.79,22.25,141.23
140.546,-0.340023,18.4528,8.47635,0.123585,140.447,140.489,4.79,22.25,141.12
140.546,-0.524381,24.3623,10.4516,0.0993519,140.474,140.506,6.37,22.26,141.12
140.546,-0.524381,24.3623,10.4516,0.0993519,140.474,140.506,6.37,22.26,141.12
140.546,-0.688608,29.4468,12.0351,0.0717307,140.504,140.525,7.78,22.28,141.043
140.546,-0.688608,29.4468,12.0351,0.0717307,140.504,140.525,7.78,22.28,140.944
140.546,-0.829222,33.5675,13.1875,0.0416368,140.536,140.546,8.75,22.3,140.944
140.546,-0.829222,33.5675,13.1875,0.0416368,140.536,140.546,8.75,22.3,140.944
140.546,-0.942405,36.6754,13.9052,0.0101223,140.568,140.567,9.67,22.32,140.845
140.546,-0.942405,36.6754,13.9052,0.0101223,140.568,140.567,9.67,22.32,140.713
140.546,-1.02687,38.5296,14.1115,-0.0218703,140.599,140.586,9.24,22.33,140.713
140.546,-1.02687,38.5296,14.1115,-0.0218703,140.599,140.586,9.24,22.33,140.713
140.546,-1.07594,39.0047,13.777,-0.0530296,140.628,140.604,8.94,22.35,140.527
140.546,-1.07594,39.0047,13.777,-0.0530296,140.628,140.604,8.94,22.35,140.307
140.546,-1.08622,38.0272,12.8932,-0.0821125,140.654,140.618,8.39,22.37,140.307
140.546,-1.08622,38.0272,12.8932,-0.0821125,140.654,140.618,8.39,22.37,140.307
140.546,-1.05576,35.566,11.4685,-0.107903,140.675,140.629,7.47,22.38,140.076
140.546,-1.05576,35.566,11.4685,-0.107903,140.675,140.629,7.47,22.38,139.851
140.546,-0.98379,31.7257,9.56323,-0.129241,140.691,140.637,6.62,22.4,139.851
140.546,-0.98379,31.7257,9.56323,-0.129241,140.691,140.637,6.62,22.4,139.851
140.546,-0.873384,26.8181,7.31504,-0.145237,140.701,140.642,6.01,22.41,139.72
140.546,-0.873384,26.8181,7.31504,-0.145237,140.701,140.642,6.01,22.41,139.643
140.546,-0.7334,20.993,4.79456,-0.155496,140.706,140.643,4.18,22.42,139.643
140.546,-0.7334,20.993,4.79456,-0.155496,140.706,140.643,4.18,22.42,139.643
140.546,-0.568122,14.3838,2.06371,-0.159608,140.703,140.639,1.8,22.42,139.632
140.546,-0.568122,14.3838,2.06371,-0.159608,140.703,140.639,1.8,22.42,139.687
140.546,-0.38136,7.21912,-0.781267,-0.157258,140.694,140.631,-0.51,22.42,139.687
140.546,-0.38136,7.21912,-0.781267,-0.157258,140.694,140.631,-0.51,22.42,139.687
140.546,-0.179588,-0.149729,-3.60064,-0.148447,140.68,140.621,-2.34,22.42,139.775
140.546,-0.179588,-0.149729,-3.60064,-0.148447,140.68,140.621,-2.34,22.42,139.868
140.546,0.0273018,-7.48999,-6.30514,-0.133571,140.659,140.606,-4.6,22.41,139.868
140.546,0.0273018,-7.48999,-6.30514,-0.133571,140.659,140.606,-4.6,22.41,139.868
140.546,0.232773,-14.6097,-8.82448,-0.113108,140.634,140.588,-6.86,22.39,139.967
140.546,0.232773,-14.6097,-8.82448,-0.113108,140.634,140.588,-6.86,22.39,140.055
140.546,0.431453,-21.2475,-11.0643,-0.0876313,140.604,140.567,-8.45,22.38,140.055
140.546,0.431453,-21.2475,-11.0643,-0.0876313,140.604,140.567,-8.45,22.38,140.055
140.546,0.616038,-26.9487,-12.8599,-0.0579883,140.572,140.547,-8.57,22.36,140.12
140.546,0.616038,-26.9487,-12.8599,-0.0579883,140.572,140.547,-8.57,22.36,140.186
140.546,0.773817,-31.2778,-14.0598,-0.0255586,140.538,140.528,-8.08,22.34,140.186
140.546,0.773817,-31.2778,-14.0598,-0.0255586,140.538,140.528,-8.08,22.34,140.186
140.546,0.892651,-34.0276,-14.606,0.00797766,140.505,140.51,-7.96,22.33,140.269
140.546,0.892651,-34.0276,-14.606,0.00797766,140.505,140.51,-7.96,22.33,140.378
140.546,0.966857,-35.1494,-14.5033,0.0410631,140.474,140.494,-7.96,22.31,140.378
140.546,0.966857,-35.1494,-14.5033,0.0410631,140.474,140.494,-7.96,22.31,140.378
140.546,0.995198,-34.6892,-13.7932,0.0723044,140.445,140.478,-7.84,22.29,140.521
140.546,0.995198,-34.6892,-13.7932,0.0723044,140.445,140.478,-7.84,22.29,140.708
140.546,0.979114,-32.6745,-12.5084,0.100486,140.422,140.466,-7.17,22.28,140.708
140.546,0.979114,-32.6745,-12.5084,0.100486,140.422,140.466,-7.17,22.28,140.708
140.546,0.9195,-29.2603,-10.7297,0.124432,140.403,140.456,-6.74,22.27,140.944
140.546,0.9195,-29.2603,-10.7297,0.124432,140.403,140.456,-6.74,22.27,141.164
140.546,0.820842,-24.7039,-8.57443,0.143284,140.389,140.448,-6.31,22.25,141.164
140.546,0.820842,-24.7039,-8.57443,0.143284,140.389,140.448,-6.31,22.25,141.164
140.546,0.690473,-19.2055,-6.13364,0.156507,140.382,140.445,-5.15,22.24,141.339
140.546,0.690473,-19.2055,-6.13364,0.156507,140.382,140.445,-5.15,22.24,141.471
140.546,0.534098,-13.0864,-3.54169,0.16372,140.381,140.444,-4.24,22.24,141.471
140.546,0.534098,-13.0864,-3.54169,0.16372,140.381,140.444,-4.24,22.24,141.471
140.546,0.360805,-6.54795,-0.882203,0.164935,140.386,140.447,-2.4,22.23,141.515
140.546,0.360805,-6.54795,-0.882203,0.164935,140.386,140.447,-2.4,22.23,141.504
140.546,0.17629,0.360771,1.82265,0.160209,140.396,140.455,0.39,22.23,141.504
140.546,0.17629,0.360771,1.82265,0.160209,140.396,140.455,0.39,22.23,141.504
140.546,-0.0180506,7.49002,4.5129,0.149499,140.413,140.468,2.96,22.24,141.427
140.546,-0.0180506,7.49002,4.5129,0.149499,140.413,140.468,2.96,22.24,141.334
140.546,-0.217995,14.4586,7.04207,0.13297,140.435,140.483,4.36,22.25,141.334
140.546,-0.217995,14.4586,7.04207,0.13297,140.435,140.483,4.36,22.25,141.334
140.546,-0.412838,20.8827,9.26805,0.111359,140.46,140.499,5.46,22.26,141.213
140.546,-0.412838,20.8827,9.26805,0.111359,140.46,140.499,5.46,22.26,141.109
140.546,-0.591831,26.5567,11.1223,0.0856779,140.489,140.517,6.92,22.27,141.109
140.546,-0.591831,26.5567,11.1223,0.0856779,140.489,140.517,6.92,22.27,141.109
140.546,-0.749262,31.2941,12.5463,0.0568955,140.52,140.537,7.96,22.29,141.01
140.546,-0.749262,31.2941,12.5463,0.0568955,140.52,140.537,7.96,22.29,140.911
140.546,-0.87997,34.9643,13.5051,0.0260913,140.552,140.557,8.75,22.3,140.911
140.546,-0.87997,34.9643,13.5051,0.0260913,140.552,140.557,8.75,22.3,140.911
140.546,-0.980374,37.4282,13.9621,-0.00562808,140.583,140.576,9,22.32,140.796
140.546,-0.980374,37.4282,13.9621,-0.00562808,140.583,140.576,9,22.32,140.637
140.546,-1.04668,38.569,13.8906,-0.0370879,140.613,140.595,8.94,22.34,140.637
140.546,-1.04668,38.569,13.8906,-0.0370879,140.613,140.595,8.94,22.34,140.637
140.546,-1.07569,38.4411,13.3306,-0.0670725,140.641,140.612,9.3,22.36,140.428
140.546,-1.07569,38.4411,13.3306,-0.0670725,140.641,140.612,9.3,22.36,140.197
140.546,-1.06907,37.0008,12.2836,-0.0946254,140.665,140.626,8.75,22.38,140.197
140.546,-1.06907,37.0008,12.2836,-0.0946254,140.665,140.626,8.75,22.38,140.197
140.546,-1.02569,34.2101,10.7528,-0.118681,140.684,140.637,7.66,22.39,139.978
140.546,-1.02569,34.2101,10.7528,-0.118681,140.684,140.637,7.66,22.39,139.791
140.546,-0.944589,30.1615,8.79208,-0.138202,140.698,140.644,6.56,22.41,139.791
140.546,-0.944589,30.1615,8.79208,-0.138202,140.698,140.644,6.56,22.41,139.791
140.546,-0.828477,24.9504,6.45418,-0.152395,140.707,140.646,4.79,22.41,139.681
140.546,-0.828477,24.9504,6.45418,-0.152395,140.707,140.646,4.79,22.41,139.632
140.546,-0.680125,18.7904,3.83555,-0.160564,140.708,140.645,3.02,22.42,139.632
140.546,-0.680125,18.7904,3.83555,-0.160564,140.708,140.645,3.02,22.42,139.632
140.546,-0.505621,11.8844,1.02508,-0.16234,140.704,140.639,0.7,22.42,139.665
140.546,-0.505621,11.8844,1.02508,-0.16234,140.704,140.639,0.7,22.42,139.731
140.546,-0.310728,4.55501,-1.84567,-0.157531,140.692,140.63,-1.24,22.42,139.731
140.546,-0.310728,4.55501,-1.84567,-0.157531,140.692,140.63,-1.24,22.42,139.731
140.546,-0.104552,-2.8642,-4.64568,-0.146344,140.675,140.618,-3.08,22.41,139.807
140.546,-0.104552,-2.8642,-4.64568,-0.146344,140.675,140.618,-3.08,22.41,139.906
140.546,0.103524,-10.2344,-7.32334,-0.129255,140.653,140.601,-5.76,22.4,139.906
140.546,0.103524,-10.2344,-7.32334,-0.129255,140.653,140.601,-5.76,22.4,139.906
140.546,0.309608,-17.2725,-9.77367,-0.106647,140.625,140.582,-7.53,22.39,140.005
140.546,0.309608,-17.2725,-9.77367,-0.106647,140.625,140.582,-7.53,22.39,140.076
140.546,0.505771,-23.5237,-11.8299,-0.0792848,140.594,140.563,-7.96,22.37,140.076
140.546,0.505771,-23.5237,-11.8299,-0.0792848,140.594,140.563,-7.96,22.37,140.076
140.546,0.679291,-28.6885,-13.3908,-0.0484397,140.561,140.543,-8.51,22.35,140.142
140.546,0.679291,-28.6885,-13.3908,-0.0484397,140.561,140.543,-8.51,22.35,140.208
140.546,0.821838,-32.4308,-14.3451,-0.0154499,140.528,140.524,-8.2,22.34,140.208
140.546,0.821838,-32.4308,-14.3451,-0.0154499,140.528,140.524,-8.2,22.34,140.208
140.546,0.924075,-34.5776,-14.6484,0.0180863,140.495,140.506,-8.02,22.32,140.302
140.546,0.924075,-34.5776,-14.6484,0.0180863,140.495,140.506,-8.02,22.32,140.428
140.546,0.981278,-34.9302,-14.2479,0.0506527,140.465,140.492,-7.04,22.31,140.428
140.546,0.981278,-34.9302,-14.2479,0.0506527,140.465,140.492,-7.04,22.31,140.428
140.546,0.988005,-33.675,-13.241,0.0805826,140.439,140.478,-7.29,22.29,140.587
140.546,0.988005,-33.675,-13.241,0.0805826,140.439,140.478,-7.29,22.29,140.779
140.546,0.949646,-30.9442,-11.7007,0.106811,140.418,140.467,-6.86,22.28,140.779
140.546,0.949646,-30.9442,-11.7007,0.106811,140.418,140.467,-6.86,22.28,140.779
140.546,0.870039,-26.946,-9.72671,0.128367,140.401,140.458,-6.43,22.27,141.01
140.546,0.870039,-26.946,-9.72671,0.128367,140.401,140.458,-6.43,22.27,141.23
140.546,0.755152,-21.9554,-7.44093,0.14454,140.391,140.452,-5.94,22.25,141.23
140.546,0.755152,-21.9554,-7.44093,0.14454,140.391,140.452,-5.94,22.25,141.23
140.546,0.612803,-16.2624,-4.9666,0.154977,140.386,140.448,-5.15,22.24,141.394
140.546,0.612803,-16.2624,-4.9666,0.154977,140.386,140.448,-5.15,22.24,141.493
140.546,0.451206,-10.0357,-2.37613,0.159581,140.388,140.449,-3.44,22.24,141.493
140.546,0.451206,-10.0357,-2.37613,0.159581,140.388,140.449,-3.44,22.24,141.493
140.546,0.275147,-3.37062,0.288823,0.158269,140.395,140.455,-1.06,22.23,141.526
140.546,0.275147,-3.37062,0.288823,0.158269,140.395,140.455,-1.06,22.23,141.488
140.546,0.0873334,3.57486,2.96411,0.150988,140.408,140.465,1.31,22.24,141.488
140.546,0.0873334,3.57486,2.96411,0.150988,140.408,140.465,1.31,22.24,141.488
140.546,-0.107779,10.553,5.55348,0.137861,140.427,140.478,3.38,22.24,141.394
140.546,-0.107779,10.553,5.55348,0.137861,140.427,140.478,3.38,22.24,141.284
140.546,-0.303225,17.2847,7.95222,0.119323,140.45,140.494,5.15,22.25,141.284
140.546,-0.303225,17.2847,7.95222,0.119323,140.45,140.494,5.15,22.25,141.284
140.546,-0.49118,23.3549,10.0073,0.0960598,140.477,140.511,5.95,22.27,141.158
140.546,-0.49118,23.3549,10.0073,0.0960598,140.477,140.511,5.95,22.27,141.065
140.546,-0.660024,28.566,11.655,0.0691898,140.506,140.529,7.17,22.28,141.065
140.546,-0.660024,28.566,11.655,0.0691898,140.506,140.529,7.17,22.28,141.065
140.546,-0.804283,32.7712,12.8531,0.0397654,140.537,140.548,8.14,22.3,140.966
140.546,-0.804283,32.7712,12.8531,0.0397654,140.537,140.548,8.14,22.3,140.856
140.546,-0.919914,35.9349,13.604,0.00886559,140.569,140.569,9.18,22.32,140.856
140.546,-0.919914,35.9349,13.604,0.00886559,140.569,140.569,9.18,22.32,140.856
140.546,-1.00601,37.9578,13.8857,-0.0225533,140.599,140.589,9.49,22.33,140.724
140.546,-1.00601,37.9578,13.8857,-0.0225533,140.599,140.589,9.49,22.33,140.549
140.546,-1.05989,38.7174,13.6682,-0.0534121,140.629,140.607,9.3,22.35,140.549
140.546,-1.05989,38.7174,13.6682,-0.0534121,140.629,140.607,9.3,22.35,140.549
140.546,-1.0782,38.083,12.9197,-0.0825497,140.655,140.622,8.63,22.37,140.335
140.546,-1.0782,38.083,12.9197,-0.0825497,140.655,140.622,8.63,22.37,140.104
140.546,-1.05739,35.9553,11.6218,-0.108737,140.677,140.633,7.53,22.39,140.104
140.546,-1.05739,35.9553,11.6218,-0.108737,140.677,140.633,7.53,22.39,140.104
140.546,-0.99478,32.4594,9.84271,-0.13073,140.694,140.642,6.86,22.4,139.895
140.546,-0.99478,32.4594,9.84271,-0.13073,140.694,140.642,6.86,22.4,139.731
140.546,-0.894008,27.82,7.68682,-0.147655,140.705,140.647,6.07,22.41,139.731
140.546,-0.894008,27.82,7.68682,-0.147655,140.705,140.647,6.07,22.41,139.731
140.546,-0.761491,22.097,5.19152,-0.158966,140.71,140.648,3.87,22.42,139.648
140.546,-0.761491,22.097,5.19152,-0.158966,140.71,140.648,3.87,22.42,139.643
140.546,-0.598996,15.4905,2.44671,-0.164007,140.708,140.644,1.74,22.42,139.643
140.546,-0.598996,15.4905,2.44671,-0.164007,140.708,140.644,1.74,22.42,139.643
140.546,-0.412221,8.33404,-0.409769,-0.162463,140.7,140.637,-0.02,22.42,139.676
140.546,-0.412221,8.33404,-0.409769,-0.162463,140.7,140.637,-0.02,22.42,139.758
140.546,-0.210591,0.868539,-3.28051,-0.154431,140.686,140.626,-2.4,22.42,139.758
140.546,-0.210591,0.868539,-3.28051,-0.154431,140.686,140.626,-2.4,22.42,139.758
140.546,-0.00090092,-6.58335,-6.04038,-0.140128,140.666,140.611,-4.3,22.41,139.851
140.546,-0.00090092,-6.58335,-6.04038,-0.140128,140.666,140.611,-4.3,22.41,139.961
140.546,0.20778,-13.699,-8.56881,-0.120102,140.641,140.595,-6.01,22.4,139.961
140.546,0.20778,-13.699,-8.56881,-0.120102,140.641,140.595,-6.01,22.4,139.961
140.546,0.40641,-20.3586,-10.8274,-0.0951719,140.612,140.574,-8.2,22.38,140.033
140.546,0.40641,-20.3586,-10.8274,-0.0951719,140.612,140.574,-8.2,22.38,140.115
140.546,0.59167,-26.1633,-12.6725,-0.066007,140.58,140.554,-8.69,22.36,140.115
140.546,0.59167,-26.1633,-12.6725,-0.066007,140.58,140.554,-8.69,22.36,140.115
140.546,0.752414,-30.7251,-13.9696,-0.0338641,140.546,140.534,-8.57,22.35,140.186
140.546,0.752414,-30.7251,-13.9696,-0.0338641,140.546,140.534,-8.57,22.35,140.247
140.546,0.877834,-33.8289,-14.656,-0.000273208,140.513,140.515,-8.51,22.33,140.247
140.546,0.877834,-33.8289,-14.656,-0.000273208,140.513,140.515,-8.51,22.33,140.247
140.546,0.962006,-35.2174,-14.6551,0.0332767,140.481,140.499,-7.65,22.31,140.357
140.546,0.962006,-35.2174,-14.6551,0.0332767,140.481,140.499,-7.65,22.31,140.488
140.546,0.997837,-34.922,-14.0038,0.0650917,140.452,140.484,-7.47,22.3,140.488
140.546,0.997837,-34.922,-14.0038,0.0650917,140.452,140.484,-7.47,22.3,140.488
140.546,0.986354,-33.0284,-12.7589,0.0938741,140.428,140.471,-7.1,22.28,140.669
140.546,0.986354,-33.0284,-12.7589,0.0938741,140.428,140.471,-7.1,22.28,140.9
140.546,0.930105,-29.7803,-11.0358,0.118463,140.408,140.46,-7.1,22.27,140.9
140.546,0.930105,-29.7803,-11.0358,0.118463,140.408,140.46,-7.1,22.27,140.9
140.546,0.836064,-25.3233,-8.9084,0.13812,140.394,140.453,-6.25,22.26,141.131
140.546,0.836064,-25.3233,-8.9084,0.13812,140.394,140.453,-6.25,22.26,141.339
140.546,0.708427,-19.9692,-6.51158,0.152136,140.386,140.448,-5.76,22.25,141.339
140.546,0.708427,-19.9692,-6.51158,0.152136,140.386,140.448,-5.76,22.25,141.339
140.546,0.556038,-13.9018,-3.92641,0.160277,140.384,140.447,-4.17,22.24,141.455
140.546,0.556038,-13.9018,-3.92641,0.160277,140.384,140.447,-4.17,22.24,141.52
140.546,0.384121,-7.377,-1.25871,0.16234,140.388,140.449,-2.65,22.23,141.52
140.546,0.384121,-7.377,-1.25871,0.16234,140.388,140.449,-2.65,22.23,141.52
140.546,0.199909,-0.443781,1.4688,0.158406,140.398,140.457,0.15,22.23,141.515
140.546,0.199909,-0.443781,1.4688,0.158406,140.398,140.457,0.15,22.23,141.449
140.546,0.0048037,6.80663,4.21803,0.148406,140.414,140.47,3.02,22.24,141.449
140.546,0.0048037,6.80663,4.21803,0.148406,140.414,140.47,3.02,22.24,141.449
140.546,-0.198616,13.9087,6.80884,0.132369,140.435,140.485,4.18,22.25,141.334
140.546,-0.198616,13.9087,6.80884,0.132369,140.435,140.485,4.18,22.25,141.23
140.546,-0.397266,20.4239,9.07812,0.1111,140.46,140.5,5.03,22.26,141.23
140.546,-0.397266,20.4239,9.07812,0.1111,140.46,140.5,5.03,22.26,141.23
140.546,-0.578869,26.1442,10.957,0.0857189,140.489,140.518,6.5,22.27,141.12
140.546,-0.578869,26.1442,10.957,0.0857189,140.489,140.518,6.5,22.27,141.021
140.546,-0.737639,30.9048,12.3958,0.057237,140.519,140.537,7.66,22.29,141.021
140.546,-0.737639,30.9048,12.3958,0.057237,140.519,140.537,7.66,22.29,141.021
140.546,-0.869032,34.5232,13.3404,0.0267197,140.551,140.556,8.21,22.3,140.917
140.546,-0.869032,34.5232,13.3404,0.0267197,140.551,140.556,8.21,22.3,140.807
140.546,-0.968017,37.0797,13.8389,-0.00460355,140.582,140.576,9.49,22.32,140.807
140.546,-0.968017,37.0797,13.8389,-0.00460355,140.582,140.576,9.49,22.32,140.807
140.546,-1.03695,38.5091,13.8826,-0.0358995,140.612,140.596,9.79,22.34,140.653
140.546,-1.03695,38.5091,13.8826,-0.0358995,140.612,140.596,9.79,22.34,140.45
140.546,-1.0741,38.6344,13.4201,-0.0661572,140.64,140.613,9.18,22.36,140.45
140.546,-1.0741,38.6344,13.4201,-0.0661572,140.64,140.613,9.18,22.36,140.45
140.546,-1.07459,37.2118,12.3766,-0.0941473,140.664,140.626,7.72,22.37,140.219
140.546,-1.07459,37.2118,12.3766,-0.0941473,140.664,140.626,7.72,22.37,139.994
140.546,-1.03169,34.225,10.7675,-0.118422,140.684,140.634,6.62,22.39,139.994
140.546,-1.03169,34.225,10.7675,-0.118422,140.684,140.634,6.62,22.39,139.994
140.546,-0.945063,30.0226,8.74735,-0.137779,140.698,140.642,6.62,22.4,139.807
140.546,-0.945063,30.0226,8.74735,-0.137779,140.698,140.642,6.62,22.4,139.681
140.546,-0.82463,24.7312,6.38039,-0.151726,140.706,140.645,5.03,22.41,139.681
140.546,-0.82463,24.7312,6.38039,-0.151726,140.706,140.645,5.03,22.41,139.681
140.546,-0.674034,18.5848,3.76979,-0.159663,140.707,140.644,3.38,22.42,139.632
140.546,-0.674034,18.5848,3.76979,-0.159663,140.707,140.644,3.38,22.42,139.648
140.546,-0.499929,11.8272,1.01869,-0.161315,140.703,140.64,1.37,22.42,139.648
140.546,-0.499929,11.8272,1.01869,-0.161315,140.703,140.64,1.37,22.42,139.648
140.546,-0.309217,4.7483,-1.7557,-0.156644,140.692,140.632,-0.57,22.42,139.709
140.546,-0.309217,4.7483,-1.7557,-0.156644,140.692,140.632,-0.57,22.42,139.807
140.546,-0.110075,-2.47624,-4.48428,-0.145893,140.675,140.619,-3.14,22.41,139.807
140.546,-0.110075,-2.47624,-4.48428,-0.145893,140.675,140.619,-3.14,22.41,139.807
140.546,0.0925544,-9.73482,-7.125,-0.129336,140.653,140.603,-5.88,22.4,139.901
140.546,0.0925544,-9.73482,-7.125,-0.129336,140.653,140.603,-5.88,22.4,139.994
140.546,0.295539,-16.6871,-9.54971,-0.107261,140.626,140.584,-7.35,22.39,139.994
140.546,0.295539,-16.6871,-9.54971,-0.107261,140.626,140.584,-7.35,22.39,139.994
140.546,0.489337,-23.0023,-11.6387,-0.0804596,140.596,140.563,-8.45,22.37,140.082
140.546,0.489337,-23.0023,-11.6387,-0.0804596,140.596,140.563,-8.45,22.37,140.148
140.546,0.664701,-28.3332,-13.2704,-0.049956,140.563,140.542,-8.87,22.35,140.148
140.546,0.664701,-28.3332,-13.2704,-0.049956,140.563,140.542,-8.87,22.35,140.148
140.546,0.811953,-32.3382,-14.33,-0.0170482,140.529,140.523,-8.69,22.33,140.219
140.546,0.811953,-32.3382,-14.33,-0.0170482,140.529,140.523,-8.69,22.33,140.307
140.546,0.921594,-34.6729,-14.7059,0.0167203,140.496,140.506,-7.78,22.32,140.307
140.546,0.921594,-34.6729,-14.7059,0.0167203,140.496,140.506,-7.78,22.32,140.307
140.546,0.984076,-35.1766,-14.3615,0.0496008,140.466,140.491,-7.04,22.31,140.433
140.546,0.984076,-35.1766,-14.3615,0.0496008,140.466,140.491,-7.04,22.31,140.582
140.546,0.995035,-33.9868,-13.3756,0.0799269,140.439,140.478,-7.04,22.29,140.582
140.546,0.995035,-33.9868,-13.3756,0.0799269,140.439,140.478,-7.04,22.29,140.582
140.546,0.958486,-31.3118,-11.8519,0.106496,140.418,140.466,-6.98,22.28,140.779
140.546,0.958486,-31.3118,-11.8519,0.106496,140.418,140.466,-6.98,22.28,141.004
140.546,0.880418,-27.4211,-9.91369,0.128421,140.401,140.457,-6.86,22.26,141.004
140.546,0.880418,-27.4211,-9.91369,0.128421,140.401,140.457,-6.86,22.26,141.004
140.546,0.768519,-22.5068,-7.6503,0.145101,140.39,140.45,-6.01,22.25,141.219
140.546,0.768519,-22.5068,-7.6503,0.145101,140.39,140.45,-6.01,22.25,141.389
140.546,0.62827,-16.7565,-5.14635,0.156056,140.385,140.448,-4.72,22.24,141.389
140.546,0.62827,-16.7565,-5.14635,0.156056,140.385,140.448,-4.72,22.24,141.389
140.546,0.465022,-10.4305,-2.51111,0.160974,140.386,140.449,-3.38,22.23,141.493
140.546,0.465022,-10.4305,-2.51111,0.160974,140.386,140.449,-3.38,22.23,141.526
140.546,0.286133,-3.67285,0.194434,0.15984,140.393,140.454,-1.18,22.23,141.526
140.546,0.286133,-3.67285,0.194434,0.15984,140.393,140.454,-1.18,22.23,141.526
140.546,0.0956893,3.39787,2.92138,0.152655,140.406,140.464,1.43,22.24,141.488
140.546,0.0956893,3.39787,2.92138,0.152655,140.406,140.464,1.43,22.24,141.394
140.546,-0.102961,10.5353,5.57358,0.1395,140.425,140.478,3.57,22.24,141.394
140.546,-0.102961,10.5353,5.57358,0.1395,140.425,140.478,3.57,22.24,141.394
140.546,-0.302889,17.4249,8.03234,0.120771,140.449,140.494,5.21,22.25,141.29
140.546,-0.302889,17.4249,8.03234,0.120771,140.449,140.494,5.21,22.25,141.169
140.546,-0.495275,23.7728,10.1912,0.0971799,140.476,140.513,6.68,22.27,141.169
140.546,-0.495275,23.7728,10.1912,0.0971799,140.476,140.513,6.68,22.27,141.169
140.546,-0.671899,29.2739,11.9434,0.0696543,140.507,140.532,7.53,22.28,141.076
140.546,-0.671899,29.2739,11.9434,0.0696543,140.507,140.532,7.53,22.28,140.96
140.546,-0.82426,33.6751,13.2061,0.0393419,140.538,140.551,8.14,22.3,140.96
140.546,-0.82426,33.6751,13.2061,0.0393419,140.538,140.551,8.14,22.3,140.96
140.546,-0.945332,36.7462,13.9087,0.00749955,140.57,140.569,8.14,22.31,140.873
140.546,-0.945332,36.7462,13.9087,0.00749955,140.57,140.569,8.14,22.31,140.741
140.546,-1.02876,38.5486,14.0946,-0.0244657,140.602,140.589,9.06,22.33,140.741
140.546,-1.02876,38.5486,14.0946,-0.0244657,140.602,140.589,9.06,22.33,140.741
140.546,-1.07638,39.1231,13.7983,-0.0555431,140.631,140.607,9.55,22.35,140.56
140.546,-1.07638,39.1231,13.7983,-0.0555431,140.631,140.607,9.55,22.35,140.329
140.546,-1.08944,38.3403,12.9879,-0.0847763,140.657,140.623,8.88,22.37,140.329
140.546,-1.08944,38.3403,12.9879,-0.0847763,140.657,140.623,8.88,22.37,140.329
140.546,-1.06444,36.0928,11.6412,-0.110963,140.679,140.634,7.72,22.38,140.093
140.546,-1.06444,36.0928,11.6412,-0.110963,140.679,140.634,7.72,22.38,139.901
140.546,-0.998445,32.5125,9.82877,-0.132875,140.696,140.643,6.98,22.4,139.901
140.546,-0.998445,32.5125,9.82877,-0.132875,140.696,140.643,6.98,22.4,139.901
140.546,-0.895298,27.7628,7.63081,-0.14969,140.707,140.648,5.89,22.41,139.731
140.546,-0.895298,27.7628,7.63081,-0.14969,140.707,140.648,5.89,22.41,139.637
140.546,-0.759685,21.9949,5.12001,-0.160769,140.712,140.649,4.12,22.42,139.637
140.546,-0.759685,21.9949,5.12001,-0.160769,140.712,140.649,4.12,22.42,139.637
140.546,-0.595939,15.4143,2.38742,-0.165618,140.71,140.646,2.1,22.42,139.621
140.546,-0.595939,15.4143,2.38742,-0.165618,140.71,140.646,2.1,22.42,139.67
140.546,-0.409903,8.3245,-0.441602,-0.163966,140.702,140.639,0.15,22.42,139.67
140.546,-0.409903,8.3245,-0.441602,-0.163966,140.702,140.639,0.15,22.42,139.67
140.546,-0.210155,0.879418,-3.30362,-0.155933,140.688,140.627,-2.65,22.42,139.764
140.546,-0.210155,0.879418,-3.30362,-0.155933,140.688,140.627,-2.65,22.42,139.851
140.546,-0.00104354,-6.64462,-6.09054,-0.141603,140.667,140.612,-4.78,22.41,139.851
140.546,-0.00104354,-6.64462,-6.09054,-0.141603,140.667,140.612,-4.78,22.41,139.851
140.546,0.20966,-13.8583,-8.65493,-0.1214,140.642,140.595,-6.19,22.4,139.95
140.546,0.20966,-13.8583,-8.65493,-0.1214,140.642,140.595,-6.19,22.4,140.044
140.546,0.411033,-20.4988,-10.9033,-0.0961827,140.613,140.576,-7.78,22.38,140.044
140.546,0.411033,-20.4988,-10.9033,-0.0961827,140.613,140.576,-7.78,22.38,140.044
140.546,0.595741,-26.2912,-12.7411,-0.0668812,140.581,140.555,-8.81,22.36,140.12
140.546,0.595741,-26.2912,-12.7411,-0.0668812,140.581,140.555,-8.81,22.36,140.197
140.546,0.756126,-30.8095,-14.0192,-0.0346154,140.547,140.535,-8.51,22.35,140.197
140.546,0.756126,-30.8095,-14.0192,-0.0346154,140.547,140.535,-8.51,22.35,140.197
140.546,0.880309,-33.7989,-14.6601,-0.000969887,140.514,140.517,-8.2,22.33,140.258
140.546,0.880309,-33.7989,-14.6601,-0.000969887,140.514,140.517,-8.2,22.33,140.373
140.546,0.961261,-35.1113,-14.6299,0.0324707,140.482,140.5,-7.84,22.31,140.373
140.546,0.961261,-35.1113,-14.6299,0.0324707,140.482,140.5,-7.84,22.31,140.373
140.546,0.994952,-34.711,-13.9395,0.0641628,140.453,140.486,-7.35,22.3,140.51
140.546,0.994952,-34.711,-13.9395,0.0641628,140.453,140.486,-7.35,22.3,140.691
140.546,0.980532,-32.7126,-12.6569,0.0926993,140.429,140.473,-7.04,22.28,140.691
140.546,0.980532,-32.7126,-12.6569,0.0926993,140.429,140.473,-7.04,22.28,140.691
140.546,0.921356,-29.293,-10.8721,0.116974,140.41,140.463,-6.68,22.27,140.922
140.546,0.921356,-29.293,-10.8721,0.116974,140.41,140.463,-6.68,22.27,141.142
140.546,0.822523,-24.6658,-8.68569,0.136112,140.396,140.456,-6.01,22.26,141.142
140.546,0.822523,-24.6658,-8.68569,0.136112,140.396,140.456,-6.01,22.26,141.142
140.546,0.690146,-19.226,-6.26445,0.149499,140.389,140.451,-5.82,22.25,141.328
140.546,0.690146,-19.226,-6.26445,0.149499,140.389,140.451,-5.82,22.25,141.471
140.546,0.5354,-13.1722,-3.69391,0.15704,140.387,140.45,-4.42,22.24,141.471
140.546,0.5354,-13.1722,-3.69391,0.15704,140.387,140.45,-4.42,22.24,141.471
140.546,0.363923,-6.5112,-0.983022,0.158638,140.392,140.454,-1.67,22.24,141.526
140.546,0.363923,-6.5112,-0.983022,0.158638,140.392,140.454,-1.67,22.24,141.526
140.546,0.175943,0.549982,1.78288,0.153993,140.403,140.463,0.45,22.24,141.526
140.546,0.175943,0.549982,1.78288,0.153993,140.403,140.463,0.45,22.24,141.526
140.546,-0.0226911,7.79358,4.51735,0.143202,140.419,140.475,2.83,22.24,141.427
140.546,-0.0226911,7.79358,4.51735,0.143202,140.419,140.475,2.83,22.24,141.339
140.546,-0.225846,14.9378,7.11261,0.12655,140.441,140.491,4.73,22.25,141.339
140.546,-0.225846,14.9378,7.11261,0.12655,140.441,140.491,4.73,22.25,141.339
140.546,-0.42561,21.4163,9.35582,0.104611,140.467,140.506,5.03,22.26,141.219
140.546,-0.42561,21.4163,9.35582,0.104611,140.467,140.506,5.03,22.26,141.114
140.546,-0.606108,26.8902,11.1291,0.0786838,140.496,140.522,5.76,22.27,141.114
140.546,-0.606108,26.8902,11.1291,0.0786838,140.496,140.522,5.76,22.27,141.114
140.546,-0.757894,31.339,12.4412,0.0500789,140.526,140.541,7.41,22.29,141.021
140.546,-0.757894,31.339,12.4412,0.0500789,140.526,140.541,7.41,22.29,140.906
140.546,-0.88049,34.7519,13.3042,0.0197802,140.557,140.56,8.69,22.31,140.906
140.546,-0.88049,34.7519,13.3042,0.0197802,140.557,140.56,8.69,22.31,140.906
140.546,-0.973686,37.1383,13.7378,-0.0112698,140.588,140.581,9.61,22.32,140.79
140.546,-0.973686,37.1383,13.7378,-0.0112698,140.588,140.581,9.61,22.32,140.637
140.546,-1.03784,38.3226,13.6902,-0.0421833,140.618,140.6,9.3,22.34,140.637
140.546,-1.03784,38.3226,13.6902,-0.0421833,140.618,140.6,9.3,22.34,140.637
140.546,-1.06813,38.2287,13.1497,-0.071799,140.645,140.617,9.06,22.36,140.433
140.546,-1.06813,38.2287,13.1497,-0.071799,140.645,140.617,9.06,22.36,140.197
140.546,-1.06249,36.6087,12.0396,-0.0990104,140.668,140.629,7.53,22.38,140.197
140.546,-1.06249,36.6087,12.0396,-0.0990104,140.668,140.629,7.53,22.38,140.197
140.546,-1.0141,33.5471,10.4132,-0.122383,140.687,140.638,6.92,22.39,139.961
140.546,-1.0141,33.5471,10.4132,-0.122383,140.687,140.638,6.92,22.39,139.786
140.546,-0.925444,29.2331,8.36256,-0.140934,140.7,140.644,6.13,22.4,139.786
140.546,-0.925444,29.2331,8.36256,-0.140934,140.7,140.644,6.13,22.4,139.786
140.546,-0.801948,23.8681,5.98092,-0.153966,140.707,140.646,4.79,22.41,139.676
140.546,-0.801948,23.8681,5.98092,-0.153966,140.707,140.646,4.79,22.41,139.632
140.546,-0.649367,17.8579,3.43664,-0.161001,140.708,140.647,3.99,22.42,139.632
140.546,-0.649367,17.8579,3.43664,-0.161001,140.708,140.647,3.99,22.42,139.632
140.546,-0.479167,11.2051,0.737579,-0.162108,140.703,140.641,0.94,22.42,139.654
140.546,-0.479167,11.2051,0.737579,-0.162108,140.703,140.641,0.94,22.42,139.731
140.546,-0.291467,4.18472,-2.00432,-0.156958,140.692,140.633,-1.12,22.42,139.731
140.546,-0.291467,4.18472,-2.00432,-0.156958,140.692,140.633,-1.12,22.42,139.731
140.546,-0.0940275,-2.97993,-4.70098,-0.145756,140.675,140.62,-3.38,22.41,139.813
140.546,-0.0940275,-2.97993,-4.70098,-0.145756,140.675,140.62,-3.38,22.41,139.912
140.546,0.106867,-10.1786,-7.31086,-0.128804,140.652,140.603,-6.13,22.4,139.912
140.546,0.106867,-10.1786,-7.31086,-0.128804,140.652,140.603,-6.13,22.4,139.912
140.546,0.308124,-16.943,-9.65675,-0.106401,140.626,140.585,-6.92,22.39,140.011
140.546,0.308124,-16.943,-9.65675,-0.106401,140.626,140.585,-6.92,22.39,140.087
140.546,0.496608,-23.0377,-11.6572,-0.079558,140.595,140.564,-8.32,22.37,140.087
140.546,0.496608,-23.0377,-11.6572,-0.079558,140.595,140.564,-8.32,22.37,140.087
140.546,0.665757,-28.1848,-13.2177,-0.049232,140.563,140.544,-8.94,22.35,140.142
140.546,0.665757,-28.1848,-13.2177,-0.049232,140.563,140.544,-8.94,22.35,140.219
140.546,0.807845,-32.036,-14.2202,-0.0166247,140.529,140.524,-8.69,22.34,140.219
140.546,0.807845,-32.036,-14.2202,-0.0166247,140.529,140.524,-8.69,22.34,140.219
140.546,0.913178,-34.2876,-14.5683,0.0167613,140.497,140.507,-7.9,22.32,140.296
140.546,0.913178,-34.2876,-14.5683,0.0167613,140.497,140.507,-7.9,22.32,140.422
140.546,0.973352,-34.8499,-14.2513,0.049273,140.467,140.491,-7.53,22.3,140.422
140.546,0.973352,-34.8499,-14.2513,0.049273,140.467,140.491,-7.53,22.3,140.422
140.546,0.985983,-33.7159,-13.2909,0.0794214,140.44,140.478,-6.92,22.29,140.576
140.546,0.985983,-33.7159,-13.2909,0.0794214,140.44,140.478,-6.92,22.29,140.768
140.546,0.951025,-31.128,-11.8037,0.105882,140.418,140.466,-7.04,22.28,140.768
140.546,0.951025,-31.128,-11.8037,0.105882,140.418,140.466,-7.04,22.28,140.768
140.546,0.875423,-27.2564,-9.87459,0.127793,140.402,140.457,-6.49,22.26,140.999
140.546,0.875423,-27.2564,-9.87459,0.127793,140.402,140.457,-6.49,22.26,141.213
140.546,0.764069,-22.3352,-7.61011,0.144404,140.391,140.451,-5.82,22.25,141.213
140.546,0.764069,-22.3352,-7.61011,0.144404,140.391,140.451,-5.82,22.25,141.213
140.546,0.623638,-16.747,-5.16981,0.155264,140.386,140.447,-5.46,22.24,141.372
140.546,0.623638,-16.747,-5.16981,0.155264,140.386,140.447,-5.46,22.24,141.488
140.546,0.464947,-10.5176,-2.57085,0.160387,140.387,140.448,-3.14,22.23,141.488
140.546,0.464947,-10.5176,-2.57085,0.160387,140.387,140.448,-3.14,22.23,141.488
140.546,0.288767,-3.80625,0.119046,0.159471,140.393,140.454,-1,22.23,141.515
140.546,0.288767,-3.80625,0.119046,0.159471,140.393,140.454,-1,22.23,141.477
140.546,0.0996106,2.97995,2.73966,0.152491,140.406,140.462,0.15,22.23,141.477
140.546,0.0996106,2.97995,2.73966,0.152491,140.406,140.462,0.15,22.23,141.477
140.546,-0.0910684,9.72531,5.24826,0.139992,140.424,140.474,2.71,22.24,141.389
140.546,-0.0910684,9.72531,5.24826,0.139992,140.424,140.474,2.71,22.24,141.284
140.546,-0.280029,16.099,7.5213,0.122329,140.446,140.488,4.06,22.25,141.284
140.546,-0.280029,16.099,7.5213,0.122329,140.446,140.488,4.06,22.25,141.284
140.546,-0.458002,21.9228,9.49821,0.100322,140.471,140.504,5.83,22.26,141.164
140.546,-0.458002,21.9228,9.49821,0.100322,140.471,140.504,5.83,22.26,141.07
140.546,-0.620026,26.8943,11.0733,0.0747633,140.499,140.521,6.5,22.27,141.07
140.546,-0.620026,26.8943,11.0733,0.0747633,140.499,140.521,6.5,22.27,141.07
140.546,-0.757674,30.9592,12.2397,0.0467868,140.529,140.54,7.84,22.29,140.977
140.546,-0.757674,30.9592,12.2397,0.0467868,140.529,140.54,7.84,22.29,140.867
140.546,-0.8695,34.0154,12.9729,0.017294,140.559,140.559,8.57,22.3,140.867
140.546,-0.8695,34.0154,12.9729,0.017294,140.559,140.559,8.57,22.3,140.867
140.546,-0.952723,35.8042,13.1892,-0.0127042,140.588,140.577,8.02,22.32,140.746
140.546,-0.952723,35.8042,13.1892,-0.0127042,140.588,140.577,8.02,22.32,140.593
140.546,-1.00017,36.3787,12.9277,-0.0418827,140.615,140.594,8.51,22.34,140.593
140.546,-1.00017,36.3787,12.9277,-0.0418827,140.615,140.594,8.51,22.34,140.593
140.546,-1.01345,35.8219,12.2378,-0.0692991,140.64,140.61,8.88,22.35,140.378
140.546,-1.01345,35.8219,12.2378,-0.0692991,140.64,140.61,8.88,22.35,140.142
140.546,-0.99499,33.98,11.0762,-0.0941473,140.661,140.622,7.72,22.37,140.142
140.546,-0.99499,33.98,11.0762,-0.0941473,140.661,140.622,7.72,22.37,140.142
140.546,-0.940568,30.8871,9.47373,-0.115294,140.678,140.63,6.8,22.38,139.945
140.546,-0.940568,30.8871,9.47373,-0.115294,140.678,140.63,6.8,22.38,139.791
140.546,-0.851244,26.7473,7.52511,-0.131864,140.689,140.636,6.13,22.4,139.791
140.546,-0.851244,26.7473,7.52511,-0.131864,140.689,140.636,6.13,22.4,139.791
140.546,-0.732851,21.8125,5.34017,-0.143338,140.695,140.64,5.21,22.41,139.692
140.546,-0.732851,21.8125,5.34017,-0.143338,140.695,140.64,5.21,22.41,139.67
140.546,-0.592537,16.261,2.9966,-0.149472,140.696,140.64,3.51,22.41,139.67
140.546,-0.592537,16.261,2.9966,-0.149472,140.696,140.64,3.51,22.41,139.67
140.546,-0.435367,10.2698,0.568823,-0.150128,140.691,140.636,1.55,22.42,139.698
140.546,-0.435367,10.2698,0.568823,-0.150128,140.691,140.636,1.55,22.42,139.769
140.546,-0.266349,4.0799,-1.84693,-0.145305,140.681,140.629,-0.27,22.42,139.769
140.546,-0.266349,4.0799,-1.84693,-0.145305,140.681,140.629,-0.27,22.42,139.769
140.546,-0.0922725,-2.23936,-4.22364,-0.135265,140.666,140.618,-2.89,22.41,139.857
140.546,-0.0922725,-2.23936,-4.22364,-0.135265,140.666,140.618,-2.89,22.41,139.956
140.546,0.0849097,-8.62397,-6.53738,-0.120157,140.646,140.602,-5.52,22.4,139.956
140.546,0.0849097,-8.62397,-6.53738,-0.120157,140.646,140.602,-5.52,22.4,139.956
140.546,0.263403,-14.7976,-8.68374,-0.100172,140.622,140.584,-6.92,22.39,140.033
140.546,0.263403,-14.7976,-8.68374,-0.100172,140.622,140.584,-6.92,22.39,140.098
140.546,0.435457,-20.4484,-10.5486,-0.0759517,140.594,140.565,-7.78,22.37,140.098
140.546,0.435457,-20.4484,-10.5486,-0.0759517,140.594,140.565,-7.78,22.37,140.098
140.546,0.59235,-25.1736,-11.9872,-0.0483714,140.565,140.547,-7.71,22.35,140.153
140.546,0.59235,-25.1736,-11.9872,-0.0483714,140.565,140.547,-7.71,22.35,140.208
140.546,0.722824,-28.6558,-12.893,-0.018742,140.534,140.53,-7.41,22.34,140.208
140.546,0.722824,-28.6558,-12.893,-0.018742,140.534,140.53,-7.41,22.34,140.208
140.546,0.818064,-30.8095,-13.2521,0.0115157,140.505,140.513,-7.59,22.32,140.274
140.546,0.818064,-30.8095,-13.2521,0.0115157,140.505,140.513,-7.59,22.32,140.389
140.546,0.875774,-31.4765,-13.024,0.041186,140.477,140.498,-6.98,22.31,140.389
140.546,0.875774,-31.4765,-13.024,0.041186,140.477,140.498,-6.98,22.31,140.389
140.546,0.891637,-30.6924,-12.2435,0.0688893,140.452,140.485,-6.68,22.3,140.516
140.546,0.891637,-30.6924,-12.2435,0.0688893,140.452,140.485,-6.68,22.3,140.686
140.546,0.866775,-28.6055,-10.988,0.093519,140.432,140.473,-6.55,22.28,140.686
140.546,0.866775,-28.6055,-10.988,0.093519,140.432,140.473,-6.55,22.28,140.686
140.546,0.805474,-25.3356,-9.32098,0.114242,140.416,140.465,-6.01,22.27,140.9
140.546,0.805474,-25.3356,-9.32098,0.114242,140.416,140.465,-6.01,22.27,141.109
140.546,0.711202,-21.174,-7.36977,0.130306,140.405,140.457,-5.94,22.26,141.109
140.546,0.711202,-21.174,-7.36977,0.130306,140.405,140.457,-5.94,22.26,141.109
140.546,0.592231,-16.4257,-5.26219,0.141426,140.398,140.452,-5.58,22.25,141.262
140.546,0.592231,-16.4257,-5.26219,0.141426,140.398,140.452,-5.58,22.25,141.394
140.546,0.457188,-11.2078,-3.04954,0.147587,140.397,140.451,-4.17,22.24,141.394
140.546,0.457188,-11.2078,-3.04954,0.147587,140.397,140.451,-4.17,22.24,141.394
140.546,0.3094,-5.56508,-0.753615,0.14868,140.401,140.454,-1.98,22.24,141.433
140.546,0.3094,-5.56508,-0.753615,0.14868,140.401,140.454,-1.98,22.24,141.416
140.546,0.150156,0.359404,1.56696,0.144581,140.411,140.461,-0.02,22.24,141.416
140.546,0.150156,0.359404,1.56696,0.144581,140.411,140.461,-0.02,22.24,141.416
140.546,-0.016507,6.29205,3.80564,0.135388,140.424,140.47,1.43,22.24,141.35
140.546,-0.016507,6.29205,3.80564,0.135388,140.424,140.47,1.43,22.24,141.246
140.546,-0.182895,12.0151,5.88115,0.121536,140.442,140.482,3.08,22.25,141.246
140.546,-0.182895,12.0151,5.88115,0.121536,140.442,140.482,3.08,22.25,141.246
140.546,-0.342906,17.3991,7.74916,0.103587,140.464,140.496,4.85,22.25,141.158
140.546,-0.342906,17.3991,7.74916,0.103587,140.464,140.496,4.85,22.25,141.065
140.546,-0.492937,22.2413,9.33883,0.0820989,140.488,140.512,6.01,22.27,141.065
140.546,-0.492937,22.2413,9.33883,0.0820989,140.488,140.512,6.01,22.27,141.065
140.546,-0.627335,26.4165,10.6118,0.0578517,140.514,140.53,7.11,22.28,140.988
140.546,-0.627335,26.4165,10.6118,0.0578517,140.514,140.53,7.11,22.28,140.9
140.546,-0.742639,29.764,11.5175,0.0316374,140.542,140.548,7.66,22.3,140.9
140.546,-0.742639,29.764,11.5175,0.0316374,140.542,140.548,7.66,22.3,140.9
140.546,-0.834404,32.1245,12.008,0.00437132,140.569,140.565,7.78,22.31,140.812
140.546,-0.834404,32.1245,12.008,0.00437132,140.569,140.565,7.78,22.31,140.686
140.546,-0.898234,33.4641,12.0853,-0.0229221,140.595,140.582,8.14,22.33,140.686
140.546,-0.898234,33.4641,12.0853,-0.0229221,140.595,140.582,8.14,22.33,140.686
140.546,-0.933264,33.6982,11.7319,-0.0493549,140.62,140.598,7.96,22.34,140.521
140.546,-0.933264,33.6982,11.7319,-0.0493549,140.62,140.598,7.96,22.34,140.313
140.546,-0.937211,32.7657,10.9403,-0.0739436,140.642,140.611,7.53,22.36,140.313
140.546,-0.937211,32.7657,10.9403,-0.0739436,140.642,140.611,7.53,22.36,140.313
140.546,-0.908451,30.7932,9.77515,-0.0957183,140.66,140.622,7.6,22.38,140.093
140.546,-0.908451,30.7932,9.77515,-0.0957183,140.66,140.622,7.6,22.38,139.923
140.546,-0.850633,27.7765,8.2489,-0.114037,140.674,140.63,6.5,22.39,139.923
140.546,-0.850633,27.7765,8.2489,-0.114037,140.674,140.63,6.5,22.39,139.923
140.546,-0.763727,23.7973,6.40653,-0.128134,140.683,140.634,5.28,22.4,139.797
140.546,-0.763727,23.7973,6.40653,-0.128134,140.683,140.634,5.28,22.4,139.72
140.546,-0.650107,19.0436,4.33218,-0.137451,140.688,140.636,4.12,22.41,139.72
140.546,-0.650107,19.0436,4.33218,-0.137451,140.688,140.636,4.12,22.41,139.72
140.546,-0.515121,13.7276,2.11641,-0.141672,140.687,140.634,2.65,22.41,139.714
140.546,-0.515121,13.7276,2.11641,-0.141672,140.687,140.634,2.65,22.41,139.764
140.546,-0.364786,7.89433,-0.217657,-0.140729,140.68,140.628,0.09,22.41,139.764
140.546,-0.364786,7.89433,-0.217657,-0.140729,140.68,140.628,0.09,22.41,139.764
140.546,-0.2004,1.78879,-2.571,-0.134432,140.669,140.619,-1.67,22.41,139.84
140.546,-0.2004,1.78879,-2.571,-0.134432,140.669,140.619,-1.67,22.41,139.923
140.546,-0.0288734,-4.46785,-4.89566,-0.122971,140.652,140.606,-3.99,22.4,139.923
140.546,-0.0288734,-4.46785,-4.89566,-0.122971,140.652,140.606,-3.99,22.4,139.923
140.546,0.146382,-10.6469,-7.10423,-0.106524,140.632,140.591,-5.7,22.39,140.005
140.546,0.146382,-10.6469,-7.10423,-0.106524,140.632,140.591,-5.7,22.39,140.076
140.546,0.318945,-16.4911,-9.10159,-0.0855686,140.607,140.573,-6.98,22.38,140.076
140.546,0.318945,-16.4911,-9.10159,-0.0855686,140.607,140.573,-6.98,22.38,140.076
140.546,0.481611,-21.6791,-10.7716,-0.0608023,140.579,140.555,-7.53,22.36,140.126
140.546,0.481611,-21.6791,-10.7716,-0.0608023,140.579,140.555,-7.53,22.36,140.175
140.546,0.625403,-25.8706,-11.9952,-0.033222,140.55,140.537,-7.47,22.35,140.175
140.546,0.625403,-25.8706,-11.9952,-0.033222,140.55,140.537,-7.47,22.35,140.175
140.546,0.74083,-28.7511,-12.6678,-0.00411177,140.521,140.521,-6.92,22.33,140.23
140.546,0.74083,-28.7511,-12.6678,-0.00411177,140.521,140.521,-6.92,22.33,140.307
140.546,0.819157,-30.3085,-12.8044,0.0250805,140.493,140.505,-7.23,22.32,140.307
140.546,0.819157,-30.3085,-12.8044,0.0250805,140.493,140.505,-7.23,22.32,140.307
140.546,0.860159,-30.5903,-12.4428,0.0532345,140.467,140.49,-7.41,22.3,140.417
140.546,0.860159,-30.5903,-12.4428,0.0532345,140.467,140.49,-7.41,22.3,140.549
140.546,0.865287,-29.6455,-11.62,0.0793531,140.443,140.476,-7.17,22.29,140.549
140.546,0.865287,-29.6455,-11.62,0.0793531,140.443,140.476,-7.17,22.29,140.549
140.546,0.836025,-27.4524,-10.3448,0.102535,140.424,140.465,-6.31,22.28,140.735
140.546,0.836025,-27.4524,-10.3448,0.102535,140.424,140.465,-6.31,22.28,140.939
140.546,0.771864,-24.1117,-8.67261,0.12181,140.41,140.458,-5.64,22.26,140.939
140.546,0.771864,-24.1117,-8.67261,0.12181,140.41,140.458,-5.64,22.26,140.939
140.546,0.675731,-19.8971,-6.7234,0.136467,140.4,140.452,-5.46,22.25,141.142
140.546,0.675731,-19.8971,-6.7234,0.136467,140.4,140.452,-5.46,22.25,141.306
140.546,0.5554,-14.995,-4.57938,0.146193,140.395,140.449,-4.54,22.24,141.306
140.546,0.5554,-14.995,-4.57938,0.146193,140.395,140.449,-4.54,22.24,141.306
140.546,0.416169,-9.60548,-2.32506,0.150783,140.396,140.449,-3.32,22.24,141.4
140.546,0.416169,-9.60548,-2.32506,0.150783,140.396,140.449,-3.32,22.24,141.427
140.546,0.263707,-3.8607,-0.0158514,0.15021,140.401,140.453,-1.49,22.23,141.427
140.546,0.263707,-3.8607,-0.0158514,0.15021,140.401,140.453,-1.49,22.23,141.427
140.546,0.101748,2.05834,2.27606,0.144486,140.412,140.461,0.33,22.23,141.394
140.546,0.101748,2.05834,2.27606,0.144486,140.412,140.461,0.33,22.23,141.328
140.546,-0.0646047,7.94606,4.47175,0.133831,140.427,140.471,2.04,22.24,141.328
140.546,-0.0646047,7.94606,4.47175,0.133831,140.427,140.471,2.04,22.24,141.328
140.546,-0.229579,13.6718,6.52385,0.11864,140.447,140.485,4.12,22.25,141.213
140.546,-0.229579,13.6718,6.52385,0.11864,140.447,140.485,4.12,22.25,141.125
140.546,-0.389522,19.0408,8.3623,0.0993519,140.469,140.501,5.58,22.26,141.125
140.546,-0.389522,19.0408,8.3623,0.0993519,140.469,140.501,5.58,22.26,141.125
140.546,-0.538991,23.8368,9.91128,0.0766074,140.495,140.518,6.56,22.27,141.048
140.546,-0.538991,23.8368,9.91128,0.0766074,140.495,140.518,6.56,22.27,140.955
140.546,-0.671952,27.9099,11.1234,0.0512264,140.522,140.536,7.53,22.29,140.955
140.546,-0.671952,27.9099,11.1234,0.0512264,140.522,140.536,7.53,22.29,140.955
140.546,-0.78426,31.1662,11.9745,0.0240423,140.55,140.555,8.33,22.3,140.873
140.546,-0.78426,31.1662,11.9745,0.0240423,140.55,140.555,8.33,22.3,140.768
140.546,-0.873346,33.3851,12.393,-0.00408445,140.578,140.572,8.14,22.32,140.768
140.546,-0.873346,33.3851,12.393,-0.00408445,140.578,140.572,8.14,22.32,140.768
140.546,-0.933095,34.4306,12.3423,-0.0320472,140.605,140.589,7.9,22.34,140.642
140.546,-0.933095,34.4306,12.3423,-0.0320472,140.605,140.589,7.9,22.34,140.45
140.546,-0.959777,34.2332,11.8128,-0.058726,140.629,140.603,7.66,22.35,140.45
140.546,-0.959777,34.2332,11.8128,-0.058726,140.629,140.603,7.66,22.35,140.45
140.546,-0.951543,32.6868,10.7815,-0.0830551,140.65,140.614,6.74,22.36,140.247
140.546,-0.951543,32.6868,10.7815,-0.0830551,140.65,140.614,6.74,22.36,140.033
140.546,-0.905519,30.0009,9.34745,-0.103887,140.667,140.623,6.86,22.38,140.033
140.546,-0.905519,30.0009,9.34745,-0.103887,140.667,140.623,6.86,22.38,140.033
140.546,-0.827699,26.313,7.57837,-0.120594,140.679,140.63,6.13,22.39,139.862
140.546,-0.827699,26.313,7.57837,-0.120594,140.679,140.63,6.13,22.39,139.736
140.546,-0.722034,21.8356,5.56851,-0.132629,140.686,140.634,5.34,22.4,139.736
140.546,-0.722034,21.8356,5.56851,-0.132629,140.686,140.634,5.34,22.4,139.736
140.546,-0.594564,16.7538,3.39826,-0.139705,140.688,140.635,3.93,22.41,139.698
140.546,-0.594564,16.7538,3.39826,-0.139705,140.688,140.635,3.93,22.41,139.709
140.546,-0.450542,11.1261,1.09666,-0.141658,140.684,140.631,1.61,22.41,139.709
140.546,-0.450542,11.1261,1.09666,-0.141658,140.684,140.631,1.61,22.41,139.709
140.546,-0.291653,4.93346,-1.338,-0.138284,140.675,140.622,-1.43,22.41,139.775
140.546,-0.291653,4.93346,-1.338,-0.138284,140.675,140.622,-1.43,22.41,139.851
140.546,-0.117397,-1.57775,-3.80561,-0.129295,140.661,140.61,-3.32,22.4,139.851
140.546,-0.117397,-1.57775,-3.80561,-0.129295,140.661,140.61,-3.32,22.4,139.851
140.546,0.0652737,-8.18562,-6.21909,-0.114856,140.641,140.595,-5.33,22.39,139.945
140.546,0.0652737,-8.18562,-6.21909,-0.114856,140.641,140.595,-5.33,22.39,140.022
140.546,0.250117,-14.5825,-8.46166,-0.0953085,140.617,140.577,-6.68,22.38,140.022
140.546,0.250117,-14.5825,-8.46166,-0.0953085,140.617,140.577,-6.68,22.38,140.022
140.546,0.428499,-20.2796,-10.3515,-0.0713208,140.59,140.56,-6.8,22.37,140.098
140.546,0.428499,-20.2796,-10.3515,-0.0713208,140.59,140.56,-6.8,22.37,140.148
140.546,0.586732,-25.0647,-11.8194,-0.0441094,140.561,140.542,-7.59,22.35,140.148
140.546,0.586732,-25.0647,-11.8194,-0.0441094,140.561,140.542,-7.59,22.35,140.148
140.546,0.718925,-28.6531,-12.7713,-0.0147669,140.531,140.525,-7.47,22.34,140.197
140.546,0.718925,-28.6531,-12.7713,-0.0147669,140.531,140.525,-7.47,22.34,140.28
140.546,0.817176,-30.8489,-13.1504,0.0153543,140.501,140.509,-7.23,22.32,140.28
140.546,0.817176,-30.8489,-13.1504,0.0153543,140.501,140.509,-7.23,22.32,140.28
140.546,0.876092,-31.7161,-13.002,0.0448607,140.473,140.492,-7.65,22.31,140.373
140.546,0.876092,-31.7161,-13.002,0.0448607,140.473,140.492,-7.65,22.31,140.499
140.546,0.89759,-31.2451,-12.3416,0.0727279,140.448,140.478,-7.29,22.29,140.499
140.546,0.89759,-31.2451,-12.3416,0.0727279,140.448,140.478,-7.29,22.29,140.499
140.546,0.881517,-29.4754,-11.2034,0.0978766,140.427,140.466,-6.86,22.28,140.686
140.546,0.881517,-29.4754,-11.2034,0.0978766,140.427,140.466,-6.86,22.28,140.889
140.546,0.829094,-26.4941,-9.63842,0.119364,140.41,140.457,-6.25,22.26,140.889
140.546,0.829094,-26.4941,-9.63842,0.119364,140.41,140.457,-6.25,22.26,140.889
140.546,0.742872,-22.4387,-7.71548,0.136385,140.398,140.45,-5.46,22.25,141.092
140.546,0.742872,-22.4387,-7.71548,0.136385,140.398,140.45,-5.46,22.25,141.268
140.546,0.626807,-17.5964,-5.55835,0.148338,140.391,140.446,-5.03,22.24,141.268
140.546,0.626807,-17.5964,-5.55835,0.148338,140.391,140.446,-5.03,22.24,141.268
140.546,0.489045,-12.1471,-3.24515,0.155018,140.39,140.446,-3.75,22.24,141.394
140.546,0.489045,-12.1471,-3.24515,0.155018,140.39,140.446,-3.75,22.24,141.444
140.546,0.334688,-6.21714,-0.830894,0.156288,140.394,140.449,-1.86,22.23,141.444
140.546,0.334688,-6.21714,-0.830894,0.156288,140.394,140.449,-1.86,22.23,141.444
140.546,0.167329,-0.0626008,1.58183,0.152067,140.403,140.456,-0.33,22.23,141.433
140.546,0.167329,-0.0626008,1.58183,0.152067,140.403,140.456,-0.33,22.23,141.361
140.546,-0.00581822,6.17362,3.93746,0.142614,140.418,140.466,1.86,22.23,141.361
140.546,-0.00581822,6.17362,3.93746,0.142614,140.418,140.466,1.86,22.23,141.361
140.546,-0.180735,12.3132,6.16891,0.128189,140.437,140.479,3.87,22.24,141.262
140.546,-0.180735,12.3132,6.16891,0.128189,140.437,140.479,3.87,22.24,141.169
140.546,-0.35242,18.0689,8.16987,0.109228,140.459,140.495,5.09,22.25,141.169
140.546,-0.35242,18.0689,8.16987,0.109228,140.459,140.495,5.09,22.25,141.169
140.546,-0.512831,23.3249,9.90368,0.0864975,140.485,140.512,6.8,22.27,141.076
140.546,-0.512831,23.3249,9.90368,0.0864975,140.485,140.512,6.8,22.27,140.982
140.546,-0.658763,27.7887,11.2673,0.0606657,140.513,140.53,7.29,22.28,140.982
140.546,-0.658763,27.7887,11.2673,0.0606657,140.513,140.53,7.29,22.28,140.982
140.546,-0.782052,31.3023,12.2133,0.0327986,140.542,140.548,7.9,22.3,140.895
140.546,-0.782052,31.3023,12.2133,0.0327986,140.542,140.548,7.9,22.3,140.807
140.546,-0.878342,33.7853,12.7256,0.00392053,140.571,140.567,8.39,22.31,140.807
140.546,-0.878342,33.7853,12.7256,0.00392053,140.571,140.567,8.39,22.31,140.807
140.546,-0.945464,35.0718,12.7564,-0.0249848,140.599,140.584,8.14,22.33,140.669
140.546,-0.945464,35.0718,12.7564,-0.0249848,140.599,140.584,8.14,22.33,140.494
140.546,-0.978848,35.1017,12.3001,-0.0527564,140.624,140.599,7.96,22.35,140.494
140.546,-0.978848,35.1017,12.3001,-0.0527564,140.624,140.599,7.96,22.35,140.494
140.546,-0.976917,33.7622,11.3313,-0.0783286,140.646,140.611,7.11,22.36,140.285
140.546,-0.976917,33.7622,11.3313,-0.0783286,140.646,140.611,7.11,22.36,140.06
140.546,-0.936604,31.1716,9.91451,-0.100513,140.664,140.621,6.86,22.37,140.06
140.546,-0.936604,31.1716,9.91451,-0.100513,140.664,140.621,6.86,22.37,140.06
140.546,-0.861346,27.4811,8.12432,-0.11849,140.678,140.627,6.19,22.39,139.884
140.546,-0.861346,27.4811,8.12432,-0.11849,140.678,140.627,6.19,22.39,139.742
140.546,-0.755488,22.8457,6.03445,-0.131659,140.686,140.631,5.09,22.4,139.742
140.546,-0.755488,22.8457,6.03445,-0.131659,140.686,140.631,5.09,22.4,139.742
140.546,-0.62347,17.4808,3.73896,-0.139541,140.688,140.632,3.75,22.4,139.681
140.546,-0.62347,17.4808,3.73896,-0.139541,140.688,140.632,3.75,22.4,139.681
140.546,-0.471401,11.4991,1.28944,-0.141918,140.685,140.628,1.55,22.41,139.681
140.546,-0.471401,11.4991,1.28944,-0.141918,140.685,140.628,1.55,22.41,139.681
140.546,-0.302503,5.06959,-1.24297,-0.138585,140.676,140.62,-0.7,22.41,139.742
140.546,-0.302503,5.06959,-1.24297,-0.138585,140.676,140.62,-0.7,22.41,139.829
140.546,-0.121556,-1.53283,-3.749,-0.129555,140.661,140.609,-2.53,22.4,139.829
140.546,-0.121556,-1.53283,-3.749,-0.129555,140.661,140.609,-2.53,22.4,139.829
140.546,0.0636958,-8.09713,-6.14786,-0.115143,140.642,140.595,-4.54,22.39,139.917
140.546,0.0636958,-8.09713,-6.14786,-0.115143,140.642,140.595,-4.54,22.39,140.005
140.546,0.247328,-14.4191,-8.36439,-0.0957866,140.618,140.578,-6.37,22.38,140.005
140.546,0.247328,-14.4191,-8.36439,-0.0957866,140.618,140.578,-6.37,22.38,140.005
140.546,0.423625,-20.2429,-10.3064,-0.0720722,140.591,140.56,-7.59,22.36,140.076
140.546,0.423625,-20.2429,-10.3064,-0.0720722,140.591,140.56,-7.59,22.36,140.148
140.546,0.585434,-25.2103,-11.8459,-0.0448197,140.561,140.541,-7.9,22.35,140.148
140.546,0.585434,-25.2103,-11.8459,-0.0448197,140.561,140.541,-7.9,22.35,140.148
140.546,0.722758,-28.9962,-12.8725,-0.0152313,140.531,140.523,-7.71,22.33,140.208
140.546,0.722758,-28.9962,-12.8725,-0.0152313,140.531,140.523,-7.71,22.33,140.28
140.546,0.826546,-31.418,-13.3346,0.0152996,140.501,140.506,-7.59,22.32,140.28
140.546,0.826546,-31.418,-13.3346,0.0152996,140.501,140.506,-7.59,22.32,140.28
140.546,0.891784,-32.3573,-13.2071,0.0454208,140.472,140.491,-7.23,22.3,140.384
140.546,0.891784,-32.3573,-13.2071,0.0454208,140.472,140.491,-7.23,22.3,140.521
140.546,0.915268,-31.8658,-12.5314,0.0737934,140.447,140.477,-7.17,22.29,140.521
140.546,0.915268,-31.8658,-12.5314,0.0737934,140.447,140.477,-7.17,22.29,140.521
140.546,0.898578,-30.024,-11.3584,0.0993246,140.425,140.465,-6.86,22.27,140.702
140.546,0.898578,-30.024,-11.3584,0.0993246,140.425,140.465,-6.86,22.27,140.911
140.546,0.844087,-26.8834,-9.72657,0.121058,140.408,140.456,-6.01,22.26,140.911
140.546,0.844087,-26.8834,-9.72657,0.121058,140.408,140.456,-6.01,22.26,140.911
140.546,0.753358,-22.6715,-7.74019,0.138106,140.396,140.45,-5.64,22.25,141.131
140.546,0.753358,-22.6715,-7.74019,0.138106,140.396,140.45,-5.64,22.25,141.295
140.546,0.632878,-17.6768,-5.52349,0.14995,140.39,140.446,-5.09,22.24,141.295
140.546,0.632878,-17.6768,-5.52349,0.14995,140.39,140.446,-5.09,22.24,141.295
140.546,0.490829,-12.1144,-3.16803,0.156411,140.389,140.445,-3.93,22.23,141.416
140.546,0.490829,-12.1144,-3.16803,0.156411,140.389,140.445,-3.93,22.23,141.46
140.546,0.333305,-6.0497,-0.70473,0.157409,140.393,140.449,-1.67,22.23,141.46
140.546,0.333305,-6.0497,-0.70473,0.157409,140.393,140.449,-1.67,22.23,141.46
140.546,0.162178,0.364854,1.80319,0.152791,140.403,140.458,0.52,22.23,141.427
140.546,0.162178,0.364854,1.80319,0.152791,140.403,140.458,0.52,22.23,141.361
140.546,-0.0182432,6.85701,4.24892,0.142614,140.419,140.469,2.22,22.24,141.361
140.546,-0.0182432,6.85701,4.24892,0.142614,140.419,140.469,2.22,22.24,141.361
140.546,-0.200297,13.0714,6.4977,0.127287,140.438,140.481,3.44,22.24,141.257
140.546,-0.200297,13.0714,6.4977,0.127287,140.438,140.481,3.44,22.24,141.153
140.546,-0.374017,18.7536,8.45839,0.107562,140.462,140.495,4.79,22.25,141.153
140.546,-0.374017,18.7536,8.45839,0.107562,140.462,140.495,4.79,22.25,141.153
140.546,-0.532293,23.8518,10.121,0.0842982,140.488,140.513,6.62,22.27,141.081
140.546,-0.532293,23.8518,10.121,0.0842982,140.488,140.513,6.62,22.27,140.977
140.546,-0.673728,28.2693,11.4586,0.0581796,140.516,140.532,8.02,22.28,140.977
140.546,-0.673728,28.2693,11.4586,0.0581796,140.516,140.532,8.02,22.28,140.977
140.546,-0.795669,31.7066,12.368,0.0299572,140.545,140.551,7.9,22.3,140.906
140.546,-0.795669,31.7066,12.368,0.0299572,140.545,140.551,7.9,22.3,140.801
140.546,-0.889774,34.0944,12.8378,0.000833283,140.574,140.569,8.45,22.31,140.801
140.546,-0.889774,34.0944,12.8378,0.000833283,140.574,140.569,8.45,22.31,140.801
140.546,-0.954185,35.3236,12.8421,-0.0282223,140.602,140.587,8.45,22.33,140.658
140.546,-0.954185,35.3236,12.8421,-0.0282223,140.602,140.587,8.45,22.33,140.477
140.546,-0.985936,35.1834,12.3169,-0.0561168,140.628,140.601,7.53,22.35,140.477
140.546,-0.985936,35.1834,12.3169,-0.0561168,140.628,140.601,7.53,22.35,140.477
140.546,-0.979205,33.8167,11.3366,-0.0815525,140.65,140.614,7.84,22.36,140.263
140.546,-0.979205,33.8167,11.3366,-0.0815525,140.65,140.614,7.84,22.36,140.049
140.546,-0.93812,31.1893,9.90502,-0.103723,140.668,140.623,6.86,22.38,140.049
140.546,-0.93812,31.1893,9.90502,-0.103723,140.668,140.623,6.86,22.38,140.049
140.546,-0.861826,27.3531,8.05885,-0.121646,140.681,140.629,5.7,22.39,139.862
140.546,-0.861826,27.3531,8.05885,-0.121646,140.681,140.629,5.7,22.39,139.731
140.546,-0.751876,22.5789,5.91767,-0.134527,140.688,140.633,5.03,22.4,139.731
140.546,-0.751876,22.5789,5.91767,-0.134527,140.688,140.633,5.03,22.4,139.731
140.546,-0.61597,17.1554,3.60355,-0.142027,140.69,140.634,3.99,22.41,139.676
140.546,-0.61597,17.1554,3.60355,-0.142027,140.69,140.634,3.99,22.41,139.687
140.546,-0.462279,11.1397,1.14551,-0.144062,140.686,140.63,1.49,22.41,139.687
140.546,-0.462279,11.1397,1.14551,-0.144062,140.686,140.63,1.49,22.41,139.687
140.546,-0.292452,4.66391,-1.39974,-0.140401,140.677,140.621,-0.94,22.41,139.747
140.546,-0.292452,4.66391,-1.39974,-0.140401,140.677,140.621,-0.94,22.41,139.829
140.546,-0.110234,-2.06783,-3.94991,-0.130989,140.662,140.609,-3.14,22.4,139.829
140.546,-0.110234,-2.06783,-3.94991,-0.130989,140.662,140.609,-3.14,22.4,139.829
140.546,0.0786174,-8.79549,-6.40428,-0.116031,140.642,140.595,-5.03,22.39,139.928
140.546,0.0786174,-8.79549,-6.40428,-0.116031,140.642,140.595,-5.03,22.39,140.016
140.546,0.266794,-15.2277,-8.65386,-0.0959778,140.618,140.577,-6.49,22.38,140.016
140.546,0.266794,-15.2277,-8.65386,-0.0959778,140.618,140.577,-6.49,22.38,140.016
140.546,0.446132,-21.0855,-10.5984,-0.0715531,140.59,140.559,-7.59,22.36,140.082
140.546,0.446132,-21.0855,-10.5984,-0.0715531,140.59,140.559,-7.59,22.36,140.153
140.546,0.608834,-26.0081,-12.11,-0.0436586,140.56,140.54,-7.84,22.35,140.153
140.546,0.608834,-26.0081,-12.11,-0.0436586,140.56,140.54,-7.84,22.35,140.153
140.546,0.744834,-29.6973,-13.0898,-0.0135648,140.529,140.523,-7.71,22.33,140.208
140.546,0.744834,-29.6973,-13.0898,-0.0135648,140.529,140.523,-7.71,22.33,140.285
140.546,0.845851,-31.8985,-13.4592,0.0173214,140.498,140.507,-7.17,22.32,140.285
140.546,0.845851,-31.8985,-13.4592,0.0173214,140.498,140.507,-7.17,22.32,140.285
140.546,0.904849,-32.5778,-13.2273,0.0474835,140.47,140.492,-7.1,22.3,140.4
140.546,0.904849,-32.5778,-13.2273,0.0474835,140.47,140.492,-7.1,22.3,140.538
140.546,0.921005,-31.8972,-12.478,0.0756239,140.445,140.477,-7.47,22.29,140.538
140.546,0.921005,-31.8972,-12.478,0.0756239,140.445,140.477,-7.47,22.29,140.538
140.546,0.898996,-29.9668,-11.2728,0.100855,140.424,140.465,-7.29,22.27,140.724
140.546,0.898996,-29.9668,-11.2728,0.100855,140.424,140.465,-7.29,22.27,140.944
140.546,0.84203,-26.7622,-9.61935,0.122329,140.407,140.456,-6.13,22.26,140.944
140.546,0.84203,-26.7622,-9.61935,0.122329,140.407,140.456,-6.13,22.26,140.944
140.546,0.749522,-22.4768,-7.60851,0.13909,140.395,140.45,-5.52,22.25,141.153
140.546,0.749522,-22.4768,-7.60851,0.13909,140.395,140.45,-5.52,22.25,141.323
140.546,0.626999,-17.3868,-5.35993,0.150592,140.389,140.446,-4.91,22.24,141.323
140.546,0.626999,-17.3868,-5.35993,0.150592,140.389,140.446,-4.91,22.24,141.323
140.546,0.482302,-11.6965,-2.96129,0.156616,140.389,140.446,-3.56,22.23,141.422
140.546,0.482302,-11.6965,-2.96129,0.156616,140.389,140.446,-3.56,22.23,141.46
140.546,0.32122,-5.64539,-0.510708,0.157053,140.394,140.45,-2.1,22.23,141.46
140.546,0.32122,-5.64539,-0.510708,0.157053,140.394,140.45,-2.1,22.23,141.46
140.546,0.150519,0.75964,1.98646,0.15204,140.404,140.458,0.7,22.23,141.438
140.546,0.150519,0.75964,1.98646,0.15204,140.404,140.458,0.7,22.23,141.372
140.546,-0.0295918,7.26268,4.42957,0.141494,140.42,140.47,2.47,22.23,141.372
140.546,-0.0295918,7.26268,4.42957,0.141494,140.42,140.47,2.47,22.23,141.372
140.546,-0.211912,13.5071,6.68308,0.125771,140.44,140.483,3.75,22.24,141.251
140.546,-0.211912,13.5071,6.68308,0.125771,140.44,140.483,3.75,22.24,141.158
140.546,-0.386432,19.2519,8.66078,0.105636,140.464,140.498,5.15,22.25,141.158
140.546,-0.386432,19.2519,8.66078,0.105636,140.464,140.498,5.15,22.25,141.158
140.546,-0.546424,24.3214,10.3047,0.081894,140.491,140.515,6.44,22.26,141.076
140.546,-0.546424,24.3214,10.3047,0.081894,140.491,140.515,6.44,22.26,140.977
140.546,-0.68701,28.6613,11.6056,0.0554202,140.519,140.534,7.96,22.28,140.977
140.546,-0.68701,28.6613,11.6056,0.0554202,140.519,140.534,7.96,22.28,140.977
140.546,-0.80673,32.1749,12.5384,0.0269656,140.549,140.554,8.82,22.3,140.9
140.546,-0.80673,32.1749,12.5384,0.0269656,140.549,140.554,8.82,22.3,140.796
140.546,-0.902941,34.5164,12.9838,-0.00259547,140.578,140.572,8.08,22.31,140.796
140.546,-0.902941,34.5164,12.9838,-0.00259547,140.578,140.572,8.08,22.31,140.796
140.546,-0.966011,35.6327,12.9389,-0.031897,140.606,140.589,8.27,22.33,140.653
140.546,-0.966011,35.6327,12.9389,-0.031897,140.606,140.589,8.27,22.33,140.472
140.546,-0.994555,35.4502,12.3935,-0.0598871,140.631,140.604,7.96,22.35,140.472
140.546,-0.994555,35.4502,12.3935,-0.0598871,140.631,140.604,7.96,22.35,140.472
140.546,-0.986614,33.8752,11.33,-0.085432,140.653,140.616,7.11,22.36,140.252
140.546,-0.986614,33.8752,11.33,-0.085432,140.653,140.616,7.11,22.36,140.033
140.546,-0.93966,30.9906,9.79946,-0.107371,140.671,140.624,6.56,22.37,140.033
140.546,-0.93966,30.9906,9.79946,-0.107371,140.671,140.624,6.56,22.37,140.033
140.546,-0.85614,26.9706,7.88616,-0.124815,140.683,140.63,5.83,22.39,139.862
140.546,-0.85614,26.9706,7.88616,-0.124815,140.683,140.63,5.83,22.39,139.72
140.546,-0.741049,22.0113,5.67983,-0.13715,140.69,140.633,4.79,22.4,139.72
140.546,-0.741049,22.0113,5.67983,-0.13715,140.69,140.633,4.79,22.4,139.72
140.546,-0.599979,16.3495,3.28268,-0.143967,140.691,140.633,3.38,22.4,139.676
140.546,-0.599979,16.3495,3.28268,-0.143967,140.691,140.633,3.38,22.4,139.687
140.546,-0.439648,10.1732,0.774478,-0.145101,140.686,140.629,1.43,22.41,139.687
140.546,-0.439648,10.1732,0.774478,-0.145101,140.686,140.629,1.43,22.41,139.687
140.546,-0.265379,3.58847,-1.79917,-0.140511,140.676,140.62,-1.18,22.4,139.753
140.546,-0.265379,3.58847,-1.79917,-0.140511,140.676,140.62,-1.18,22.4,139.829
140.546,-0.0801817,-3.13375,-4.33117,-0.13017,140.66,140.609,-3.01,22.4,139.829
140.546,-0.0801817,-3.13375,-4.33117,-0.13017,140.66,140.609,-3.01,22.4,139.829
140.546,0.108316,-9.79062,-6.74443,-0.114433,140.64,140.594,-5.09,22.39,139.923
140.546,0.108316,-9.79062,-6.74443,-0.114433,140.64,140.594,-5.09,22.39,140.016
140.546,0.294423,-16.0513,-8.91568,-0.0937512,140.615,140.577,-6.31,22.37,140.016
140.546,0.294423,-16.0513,-8.91568,-0.0937512,140.615,140.577,-6.31,22.37,140.016
140.546,0.46887,-21.6178,-10.7387,-0.0689576,140.587,140.559,-7.23,22.36,140.098
140.546,0.46887,-21.6178,-10.7387,-0.0689576,140.587,140.559,-7.23,22.36,140.175
140.546,0.623335,-26.3062,-12.1552,-0.0410768,140.557,140.54,-8.2,22.34,140.175
140.546,0.623335,-26.3062,-12.1552,-0.0410768,140.557,140.54,-8.2,22.34,140.175
140.546,0.752728,-29.7898,-13.0542,-0.0111332,140.527,140.522,-7.84,22.33,140.225
140.546,0.752728,-29.7898,-13.0542,-0.0111332,140.527,140.522,-7.84,22.33,140.313
140.546,0.847961,-31.7951,-13.3494,0.019466,140.497,140.506,-7.17,22.31,140.313
140.546,0.847961,-31.7951,-13.3494,0.019466,140.497,140.506,-7.17,22.31,140.313
140.546,0.901461,-32.2919,-13.0513,0.049191,140.469,140.492,-7.1,22.3,140.439
140.546,0.901461,-32.2919,-13.0513,0.049191,140.469,140.492,-7.1,22.3,140.576
140.546,0.912516,-31.3962,-12.2258,0.076785,140.445,140.478,-7.17,22.28,140.576
140.546,0.912516,-31.3962,-12.2258,0.076785,140.445,140.478,-7.17,22.28,140.576
140.546,0.884504,-29.2657,-10.9529,0.101264,140.424,140.466,-7.1,22.27,140.757
140.546,0.884504,-29.2657,-10.9529,0.101264,140.424,140.466,-7.1,22.27,140.977
140.546,0.821974,-25.8774,-9.24059,0.121864,140.408,140.458,-5.88,22.26,140.977
140.546,0.821974,-25.8774,-9.24059,0.121864,140.408,140.458,-5.88,22.26,140.977
140.546,0.724375,-21.4653,-7.19511,0.137656,140.398,140.453,-5.4,22.25,141.175
140.546,0.724375,-21.4653,-7.19511,0.137656,140.398,140.453,-5.4,22.25,141.328
140.546,0.59838,-16.295,-4.93103,0.148174,140.393,140.45,-4.66,22.24,141.328
140.546,0.59838,-16.295,-4.93103,0.148174,140.393,140.45,-4.66,22.24,141.328
140.546,0.451519,-10.5584,-2.53064,0.153228,140.393,140.45,-3.26,22.23,141.427
140.546,0.451519,-10.5584,-2.53064,0.153228,140.393,140.45,-3.26,22.23,141.46
140.546,0.289233,-4.37663,-0.0461924,0.152723,140.399,140.455,-1.18,22.23,141.46
140.546,0.289233,-4.37663,-0.0461924,0.152723,140.399,140.455,-1.18,22.23,141.46
140.546,0.114961,2.10463,2.46258,0.146617,140.411,140.464,1.06,22.23,141.422
140.546,0.114961,2.10463,2.46258,0.146617,140.411,140.464,1.06,22.23,141.339
140.546,-0.0671853,8.59678,4.88333,0.135006,140.428,140.476,2.71,22.24,141.339
140.546,-0.0671853,8.59678,4.88333,0.135006,140.428,140.476,2.71,22.24,141.339
140.546,-0.24909,14.848,7.12192,0.118354,140.449,140.49,4.36,22.25,141.246
140.546,-0.24909,14.848,7.12192,0.118354,140.449,140.49,4.36,22.25,141.142
140.546,-0.423696,20.6105,9.08924,0.0972892,140.473,140.507,5.76,22.26,141.142
140.546,-0.423696,20.6105,9.08924,0.0972892,140.473,140.507,5.76,22.26,141.142
140.546,-0.584081,25.5983,10.685,0.0726322,140.501,140.523,6.5,22.27,141.054
140.546,-0.584081,25.5983,10.685,0.0726322,140.501,140.523,6.5,22.27,140.966
140.546,-0.722272,29.6619,11.8646,0.0454481,140.529,140.541,7.41,22.29,140.966
140.546,-0.722272,29.6619,11.8646,0.0454481,140.529,140.541,7.41,22.29,140.966
140.546,-0.834141,32.7058,12.6065,0.016734,140.558,140.56,8.08,22.3,140.878
140.546,-0.834141,32.7058,12.6065,0.016734,140.558,140.56,8.08,22.3,140.768
140.546,-0.917099,34.707,12.9174,-0.0124992,140.587,140.579,8.69,22.32,140.768
140.546,-0.917099,34.707,12.9174,-0.0124992,140.587,140.579,8.69,22.32,140.768
140.546,-0.970588,35.5605,12.7728,-0.0413226,140.615,140.596,8.57,22.34,140.62
140.546,-0.970588,35.5605,12.7728,-0.0413226,140.615,140.596,8.57,22.34,140.428
140.546,-0.991758,35.1399,12.1406,-0.068698,140.639,140.61,7.96,22.35,140.428
140.546,-0.991758,35.1399,12.1406,-0.068698,140.639,140.61,7.96,22.35,140.428
140.546,-0.977153,33.3701,11.0103,-0.093478,140.661,140.622,7.17,22.37,140.197
140.546,-0.977153,33.3701,11.0103,-0.093478,140.661,140.622,7.17,22.37,139.994
140.546,-0.924777,30.2963,9.41763,-0.114556,140.677,140.63,6.31,22.38,139.994
140.546,-0.924777,30.2963,9.41763,-0.114556,140.677,140.63,6.31,22.38,139.994
140.546,-0.836004,26.0476,7.42944,-0.13103,140.688,140.634,5.34,22.39,139.813
140.546,-0.836004,26.0476,7.42944,-0.13103,140.688,140.634,5.34,22.39,139.703
140.546,-0.714566,21.008,5.20797,-0.142191,140.694,140.638,5.03,22.4,139.703
140.546,-0.714566,21.008,5.20797,-0.142191,140.694,140.638,5.03,22.4,139.703
140.546,-0.571331,15.2713,2.79847,-0.147942,140.694,140.636,2.9,22.41,139.67
140.546,-0.571331,15.2713,2.79847,-0.147942,140.694,140.636,2.9,22.41,139.687
