td_x1_d,adrc_u,eso_z3,eso_z2,esf_e1_d,eso_z1_d,yaw_actual,yaw_dps,yaw_imu_d,yawenc
4.12,0,0,0,0,4.12,4.12,0.27,4.12,123.473
4.12,0,0,0,0,4.12,4.12,0.27,4.12,123.473
4.12,0,0,0,0,4.12,4.12,-0.09,4.12,123.473
4.12,0,0,0,0,4.12,4.12,-0.09,4.12,123.473
4.12,0,0,0,0,4.12,4.12,-0.09,4.12,123.473
4.12,0,0,0,0,4.12,4.12,-0.09,4.12,123.473
4.12,0,0,0,0,4.12,4.12,0.03,4.12,123.473
4.12,0,0,0,0,4.12,4.12,0.03,4.12,123.468
4.12,0,0,0,0,4.12,4.12,-0.02,4.12,123.468
4.12,0,0,0,0,4.12,4.12,-0.02,4.12,123.468
4.12,0,0,0,0,4.12,4.12,0.27,4.12,123.468
4.12,0,0,0,0,4.12,4.12,0.27,4.12,123.462
4.12,0,0,0,0,4.12,4.12,0.58,4.12,123.473
4.12,0,0,0,0,4.12,4.12,0.58,4.12,123.473
4.12,0,0,0,0,4.12,4.12,0.03,4.12,123.473
4.12,0,0,0,0,4.12,4.12,0.03,4.12,123.462
4.12,0,0,0,0,4.12,4.12,-0.21,4.12,123.473
4.12,0,0,0,0,4.12,4.12,-0.21,4.12,123.473
4.12,0,0,0,0,4.12,4.12,-0.21,4.12,123.473
4.12,0,0,0,0,4.12,4.12,-0.21,4.12,123.473
4.12,0,0,0,0,4.12,4.12,0.09,4.12,123.473
4.12,0,0,0,0,4.12,4.12,0.09,4.12,123.473
4.12,0,0,0,0,4.12,4.12,0.21,4.12,123.473
4.12,0,0,0,0,4.12,4.12,0.21,4.12,123.462
4.12,0,0,0,0,4.12,4.12,0.27,4.12,123.473
4.12,0,0,0,0,4.12,4.12,0.27,4.12,123.473
4.12,0,0,0,0,4.12,4.12,0.45,4.12,123.473
4.12,0,0,0,0,4.12,4.12,0.45,4.12,123.473
4.12,0,0,0,0,4.12,4.12,0.27,4.12,123.473
4.12,0,0,0,0,4.12,4.12,0.27,4.12,123.473
4.12,0,0,0,0,4.12,4.12,-0.21,4.12,123.473
4.12,0,0,0,0,4.12,4.12,-0.21,4.12,123.468
4.12,0,0,0,0,4.12,4.12,-0.21,4.12,123.473
4.12,0,0,0,0,4.12,4.12,-0.21,4.12,123.473
4.12,0,0,0,0,4.12,4.12,0.33,4.12,123.473
4.12,0,0,0,0,4.12,4.12,0.33,4.12,123.468
4.12,0,0,0,0,4.12,4.12,0.45,4.12,123.473
4.12,0,0,0,0,4.12,4.12,0.45,4.12,123.473
4.12,0,0,0,0,4.12,4.12,0.03,4.12,123.473
4.12,0,0,0,0,4.12,4.12,0.03,4.12,123.473
4.12,0,0,0,0,4.12,4.12,-0.02,4.12,123.473
4.12,0,0,0,0,4.12,4.12,-0.02,4.12,123.473
4.12,0,0,0,0,4.12,4.12,-0.15,4.12,123.473
4.12,0,0,0,0,4.12,4.12,-0.15,4.12,123.468
4.12,0,0,0,0,4.12,4.12,0.03,4.12,123.468
4.12,0,0,0,0,4.12,4.12,0.03,4.12,123.468
4.12,0,0,0,0,4.12,4.12,-0.02,4.12,123.468
4.12,0,0,0,0,4.12,4.12,-0.02,4.12,123.473
4.12,0,0,0,0,4.12,4.12,-0.02,4.12,123.473
4.12,0,0,0,0,4.12,4.12,-0.02,4.12,123.473
4.12,0,0,0,0,4.12,4.12,0.15,4.12,123.473
4.12,0,0,0,0,4.12,4.12,0.15,4.12,123.473
4.12,0,0,0,0,4.12,4.12,-0.27,4.12,123.462
4.12,0,0,0,0,4.12,4.12,-0.27,4.12,123.462
4.12,0,0,0,0,4.12,4.12,-0.27,4.12,123.462
4.12,0,0,0,0,4.12,4.12,-0.27,4.12,123.468
4.12,0,0,0,0,4.12,4.12,-0.33,4.12,123.473
4.12,0,0,0,0,4.12,4.12,-0.33,4.12,123.473
4.12,0,0,0,0,4.12,4.12,0.21,4.13,123.473
4.13,0,0,0,0,4.13,4.13,0.21,4.13,123.468
4.13,0,0,0,0,4.13,4.13,0.39,4.13,123.462
4.13,0,0,0,0,4.13,4.13,0.39,4.13,123.462
4.13,0,0,0,0,4.13,4.13,0.09,4.13,123.462
4.13,0,0,0,0,4.13,4.13,0.09,4.13,123.468
4.13,0,0,0,0,4.13,4.13,-0.21,4.13,123.473
4.13,0,0,0,0,4.13,4.13,-0.21,4.13,123.473
4.13,0,0,0,0,4.13,4.13,-0.02,4.13,123.473
4.13,0,0,0,0,4.13,4.13,-0.02,4.13,123.462
4.13,0,0,0,0,4.13,4.13,-0.09,4.13,123.462
4.13,0,0,0,0,4.13,4.13,-0.09,4.13,123.462
4.13,0,0,0,0,4.13,4.13,-0.39,4.13,123.462
4.13,0,0,0,0,4.13,4.13,-0.39,4.13,123.462
4.13,0,0,0,0,4.13,4.13,0.03,4.13,123.473
4.13,0,0,0,0,4.13,4.13,0.03,4.13,123.473
4.13,0,0,0,0,4.13,4.13,0.52,4.13,123.473
4.13,0,0,0,0,4.13,4.13,0.52,4.13,123.473
4.13,0,0,0,0,4.13,4.13,-0.21,4.13,123.479
4.13,0,0,0,0,4.13,4.13,-0.21,4.13,123.479
4.13,0,0,0,0,4.13,4.13,-0.02,4.13,123.479
4.13,0,0,0,0,4.13,4.13,-0.02,4.13,123.473
4.13,0,0,0,0,4.13,4.13,0.03,4.13,123.468
4.13,0,0,0,0,4.13,4.13,0.03,4.13,123.468
4.13,0,0,0,0,4.13,4.13,-0.15,4.13,123.468
4.13,0,0,0,0,4.13,4.13,-0.15,4.13,123.473
4.13,0,0,0,0,4.13,4.13,-0.15,4.13,123.462
4.13,0,0,0,0,4.13,4.13,-0.15,4.13,123.462
4.13,0,0,0,0,4.13,4.13,0.03,4.13,123.462
4.13,0,0,0,0,4.13,4.13,0.03,4.13,123.473
4.13,0,0,0,0,4.13,4.13,0.64,4.13,123.468
4.13,0,0,0,0,4.13,4.13,0.64,4.13,123.468
4.13,0,0,0,0,4.13,4.13,-0.09,4.13,123.468
4.13,0,0,0,0,4.13,4.13,-0.09,4.13,123.473
4.13,0,0,0,0,4.13,4.13,-0.57,4.13,123.473
4.13,0,0,0,0,4.13,4.13,-0.57,4.13,123.473
4.13,0,0,0,0,4.13,4.13,-0.02,4.13,123.473
4.13,0,0,0,0,4.13,4.13,-0.02,4.13,123.473
4.13,0,0,0,0,4.13,4.13,0.21,4.13,123.473
4.13,0,0,0,0,4.13,4.13,0.21,4.13,123.473
4.13,0,0,0,0,4.13,4.13,-0.21,4.13,123.473
4.13,0,0,0,0,4.13,4.13,-0.21,4.13,123.468
4.13,0,0,0,0,4.13,4.13,0.03,4.13,123.473
4.13,0,0,0,0,4.13,4.13,0.03,4.13,123.473
4.13,0,0,0,0,4.13,4.13,0.09,4.13,123.473
4.13,0,0,0,0,4.13,4.13,0.09,4.13,123.473
4.13,0,0,0,0,4.13,4.13,-0.09,4.13,123.473
4.13,0,0,0,0,4.13,4.13,-0.09,4.13,123.473
4.13,0,0,0,0,4.13,4.13,0.52,4.13,123.473
4.13,0,0,0,0,4.13,4.13,0.52,4.13,123.473
4.13,0,0,0,0,4.13,4.13,-0.09,4.13,123.462
4.13,0,0,0,0,4.13,4.13,-0.09,4.13,123.462
4.13,0,0,0,0,4.13,4.13,-0.51,4.13,123.462
4.13,0,0,0,0,4.13,4.13,-0.51,4.13,123.473
4.13,0,0,0,0,4.13,4.13,0.15,4.13,123.462
4.13,0,0,0,0,4.13,4.13,0.15,4.13,123.462
4.13,0,0,0,0,4.13,4.13,0.64,4.13,123.462
4.13,0,0,0,0,4.13,4.13,0.64,4.13,123.473
4.13,0,0,0,0,4.13,4.13,-0.15,4.13,123.473
4.13,0,0,0,0,4.13,4.13,-0.15,4.13,123.473
4.13,0,0,0,0,4.13,4.13,-0.02,4.13,123.473
4.13,0,0,0,0,4.13,4.13,-0.02,4.13,123.473
4.13,0,0,0,0,4.13,4.13,-0.21,4.13,123.468
4.13,0,0,0,0,4.13,4.13,-0.21,4.13,123.468
4.13,0,0,0,0,4.13,4.13,-0.27,4.13,123.468
4.13,0,0,0,0,4.13,4.13,-0.27,4.13,123.473
4.13,0,0,0,0,4.13,4.13,-0.09,4.13,123.473
4.13,0,0,0,0,4.13,4.13,-0.09,4.13,123.473
4.13,0,0,0,0,4.13,4.13,-0.21,4.13,123.473
4.13,0,0,0,0,4.13,4.13,-0.21,4.13,123.473
4.13,0,0,0,0,4.13,4.13,0.33,4.13,123.473
4.13,0,0,0,0,4.13,4.13,0.33,4.13,123.473
4.13,0,0,0,0,4.13,4.13,0.52,4.13,123.473
4.13,0,0,0,0,4.13,4.13,0.52,4.13,123.468
4.13,0,0,0,0,4.13,4.13,0.33,4.13,123.462
4.13,0,0,0,0,4.13,4.13,0.33,4.13,123.462
4.13,0,0,0,0,4.13,4.13,-0.15,4.13,123.462
4.13,0,0,0,0,4.13,4.13,-0.15,4.13,123.473
4.13,0,0,0,0,4.13,4.13,-0.27,4.13,123.468
4.13,0,0,0,0,4.13,4.13,-0.27,4.13,123.468
4.13,0,0,0,0,4.13,4.13,-0.21,4.13,123.468
4.13,0,0,0,0,4.13,4.13,-0.21,4.13,123.473
4.13,0,0,0,0,4.13,4.13,0.03,4.13,123.473
4.13,0,0,0,0,4.13,4.13,0.03,4.13,123.473
4.13,0,0,0,0,4.13,4.13,0.58,4.13,123.473
4.13,0,0,0,0,4.13,4.13,0.58,4.13,123.473
4.13,0,0,0,0,4.13,4.13,0.03,4.13,123.473
4.13,0,0,0,0,4.13,4.13,0.03,4.13,123.473
4.13,0,0,0,0,4.13,4.13,-0.39,4.13,123.473
4.13,0,0,0,0,4.13,4.13,-0.39,4.13,123.462
4.13,0,0,0,0,4.13,4.13,0.15,4.13,123.468
4.13,0,0,0,0,4.13,4.13,0.15,4.13,123.468
4.13,0,0,0,0,4.13,4.13,0.03,4.13,123.468
4.13,0,0,0,0,4.13,4.13,0.03,4.13,123.462
4.13,0,0,0,0,4.13,4.13,0.39,4.13,123.468
4.13,0,0,0,0,4.13,4.13,0.39,4.13,123.468
4.13,0,0,0,0,4.13,4.13,0.58,4.13,123.468
4.13,0,0,0,0,4.13,4.13,0.58,4.13,123.468
4.13,0,0,0,0,4.13,4.13,-0.02,4.13,123.473
4.13,0,0,0,0,4.13,4.13,-0.02,4.13,123.473
4.13,0,0,0,0,4.13,4.13,0.03,4.13,123.473
4.13,0,0,0,0,4.13,4.13,0.03,4.13,123.462
4.13,0,0,0,0,4.13,4.13,-0.21,4.13,123.473
4.13,0,0,0,0,4.13,4.13,-0.21,4.13,123.473
4.13,0,0,0,0,4.13,4.13,-0.51,4.13,123.473
4.13,0,0,0,0,4.13,4.13,-0.51,4.13,123.468
4.13,0,0,0,0,4.13,4.13,-0.39,4.13,123.473
4.13,0,0,0,0,4.13,4.13,-0.39,4.13,123.473
4.13,0,0,0,0,4.13,4.13,-0.15,4.13,123.473
4.13,0,0,0,0,4.13,4.13,-0.15,4.13,123.473
4.13,0,0,0,0,4.13,4.13,0.27,4.13,123.468
4.13,0,0,0,0,4.13,4.13,0.27,4.13,123.468
4.13,0,0,0,0,4.13,4.13,0.27,4.13,123.468
4.13,0,0,0,0,4.13,4.13,0.27,4.13,123.473
4.13,0,0,0,0,4.13,4.13,-0.21,4.13,123.473
4.13,0,0,0,0,4.13,4.13,-0.21,4.13,123.473
4.13,0,0,0,0,4.13,4.13,-0.09,4.13,123.473
4.13,0,0,0,0,4.13,4.13,-0.09,4.13,123.473
4.13,0,0,0,0,4.13,4.13,0.03,4.13,123.462
4.13,0,0,0,0,4.13,4.13,0.03,4.13,123.462
4.13,0,0,0,0,4.13,4.13,0.64,4.13,123.462
4.13,0,0,0,0,4.13,4.13,0.64,4.13,123.473
4.13,0,0,0,0,4.13,4.13,-0.09,4.13,123.473
4.13,0,0,0,0,4.13,4.13,-0.09,4.13,123.473
4.13,0,0,0,0,4.13,4.13,-0.21,4.13,123.473
4.13,0,0,0,0,4.13,4.13,-0.21,4.13,123.473
4.13,0,0,0,0,4.13,4.13,0.03,4.13,123.468
4.13,0,0,0,0,4.13,4.13,0.03,4.13,123.468
4.13,0,0,0,0,4.13,4.13,0.03,4.13,123.468
4.13,0,0,0,0,4.13,4.13,0.03,4.13,123.473
4.13,0,0,0,0,4.13,4.13,0.39,4.13,123.473
4.13,0,0,0,0,4.13,4.13,0.39,4.13,123.473
4.13,0,0,0,0,4.13,4.13,0.33,4.13,123.473
4.13,0,0,0,0,4.13,4.13,0.33,4.13,123.473
4.13,0,0,0,0,4.13,4.13,-0.09,4.13,123.462
4.13,0,0,0,0,4.13,4.13,-0.09,4.13,123.462
4.13,0,0,0,0,4.13,4.13,-0.21,4.13,123.462
4.13,0,0,0,0,4.13,4.13,-0.21,4.13,123.468
4.13,0,0,0,0,4.13,4.13,0.27,4.13,123.462
4.13,0,0,0,0,4.13,4.13,0.27,4.13,123.462
4.13,0,0,0,0,4.13,4.13,-0.02,4.13,123.462
4.13,0,0,0,0,4.13,4.13,-0.02,4.13,123.468
4.13,0,0,0,0,4.13,4.13,0.21,4.13,123.473
4.13,0,0,0,0,4.13,4.13,0.21,4.13,123.473
4.13,0,0,0,0,4.13,4.13,-0.21,4.13,123.473
4.13,0,0,0,0,4.13,4.13,-0.21,4.13,123.462
4.13,0,0,0,0,4.13,4.13,-0.02,4.13,123.473
4.13,0,0,0,0,4.13,4.13,-0.02,4.13,123.473
4.13,0,0,0,0,4.13,4.13,-0.02,4.13,123.473
4.13,0,0,0,0,4.13,4.13,-0.02,4.13,123.473
4.13,0,0,0,0,4.13,4.13,-0.02,4.13,123.473
4.13,0,0,0,0,4.13,4.13,-0.02,4.13,123.473
4.13,0,0,0,0,4.13,4.13,0.21,4.13,123.473
4.13,0,0,0,0,4.13,4.13,0.21,4.13,123.479
4.13,0,0,0,0,4.13,4.13,-0.15,4.13,123.473
4.13,0,0,0,0,4.13,4.13,-0.15,4.13,123.473
4.13,0,0,0,0,4.13,4.13,-0.39,4.13,123.473
4.13,0,0,0,0,4.13,4.13,-0.39,4.13,123.462
4.13,0,0,0,0,4.13,4.13,-0.09,4.13,123.462
4.13,0,0,0,0,4.13,4.13,-0.09,4.13,123.462
4.13,0,0,0,0,4.13,4.13,-0.09,4.13,123.462
4.13,0,0,0,0,4.13,4.13,-0.09,4.13,123.468
4.13,0,0,0,0,4.13,4.13,0.09,4.13,123.479
4.13,0,0,0,0,4.13,4.13,0.09,4.13,123.479
4.13,0,0,0,0,4.13,4.13,-0.09,4.13,123.479
4.13,0,0,0,0,4.13,4.13,-0.09,4.13,123.468
4.13,0,0,0,0,4.13,4.13,0.39,4.13,123.468
4.13,0,0,0,0,4.13,4.13,0.39,4.13,123.468
4.13,0,0,0,0,4.13,4.13,0.15,4.13,123.468
4.13,0,0,0,0,4.13,4.13,0.15,4.13,123.462
4.13,0,0,0,0,4.13,4.13,-0.39,4.13,123.473
4.13,0,0,0,0,4.13,4.13,-0.39,4.13,123.473
4.13,0,0,0,0,4.13,4.13,-0.09,4.13,123.473
4.13,0,0,0,0,4.13,4.13,-0.09,4.13,123.462
4.13,0,0,0,0,4.13,4.13,0.09,4.13,123.468
4.13,0,0,0,0,4.13,4.13,0.09,4.13,123.468
4.13,0,0,0,0,4.13,4.13,-0.7,4.13,123.468
4.13,0,0,0,0,4.13,4.13,-0.7,4.13,123.473
4.13,0,0,0,0,4.13,4.13,-0.15,4.13,123.473
4.13,0,0,0,0,4.13,4.13,-0.15,4.13,123.473
4.13,0,0,0,0,4.13,4.13,0.33,4.13,123.473
4.13,0,0,0,0,4.13,4.13,0.33,4.13,123.462
4.13,0,0,0,0,4.13,4.13,0.27,4.13,123.462
4.13,0,0,0,0,4.13,4.13,0.27,4.13,123.462
4.13,0,0,0,0,4.13,4.13,0.03,4.13,123.462
4.13,0,0,0,0,4.13,4.13,0.03,4.13,123.479
4.13,0,0,0,0,4.13,4.13,-0.27,4.13,123.468
4.13,0,0,0,0,4.13,4.13,-0.27,4.13,123.468
4.13,0,0,0,0,4.13,4.13,0.27,4.13,123.468
4.13,0,0,0,0,4.13,4.13,0.27,4.13,123.473
4.13,0,0,0,0,4.13,4.13,0.15,4.13,123.473
4.13,0,0,0,0,4.13,4.13,0.15,4.13,123.473
4.13,0,0,0,0,4.13,4.13,-0.27,4.13,123.473
4.13,0,0,0,0,4.13,4.13,-0.27,4.13,123.473
4.13,0,0,0,0,4.13,4.13,-0.15,4.13,123.473
4.13,0,0,0,0,4.13,4.13,-0.15,4.13,123.473
4.13,0,0,0,0,4.13,4.13,0.27,4.13,123.473
4.13,0,0,0,0,4.13,4.13,0.27,4.13,123.473
4.13,0,0,0,0,4.13,4.13,0.33,4.13,123.473
4.13,0,0,0,0,4.13,4.13,0.33,4.13,123.473
4.13,0,0,0,0,4.13,4.13,-0.02,4.13,123.473
4.13,0,0,0,0,4.13,4.13,-0.02,4.13,123.462
4.13,0,0,0,0,4.13,4.13,-0.15,4.13,123.473
4.13,0,0,0,0,4.13,4.13,-0.15,4.13,123.473
4.13,0,0,0,0,4.13,4.13,0.09,4.13,123.473
4.13,0,0,0,0,4.13,4.13,0.09,4.13,123.473
4.13,0,0,0,0,4.13,4.13,0.15,4.13,123.473
4.13,0,0,0,0,4.13,4.13,0.15,4.13,123.473
4.13,0,0,0,0,4.13,4.13,-0.02,4.13,123.473
4.13,0,0,0,0,4.13,4.13,-0.02,4.13,123.462
4.13,0,0,0,0,4.13,4.13,-0.21,4.13,123.473
4.13,0,0,0,0,4.13,4.13,-0.21,4.13,123.473
4.13,0,0,0,0,4.13,4.13,-0.33,4.13,123.473
4.13,0,0,0,0,4.13,4.13,-0.33,4.13,123.473
4.13,0,0,0,0,4.13,4.13,-0.09,4.13,123.473
4.13,0,0,0,0,4.13,4.13,-0.09,4.13,123.473
4.13,0,0,0,0,4.13,4.13,-0.27,4.13,123.473
4.13,0,0,0,0,4.13,4.13,-0.27,4.13,123.473
4.13,0,0,0,0,4.13,4.13,-0.09,4.13,123.473
4.13,0,0,0,0,4.13,4.13,-0.09,4.13,123.473
4.13,0,0,0,0,4.13,4.13,0.03,4.13,123.473
4.13,0,0,0,0,4.13,4.13,0.03,4.13,123.473
4.13,0,0,0,0,4.13,4.13,0.39,4.13,123.468
4.13,0,0,0,0,4.13,4.13,0.39,4.13,123.468
4.13,0,0,0,0,4.13,4.13,0.21,4.13,123.468
4.13,0,0,0,0,4.13,4.13,0.21,4.13,123.473
4.13,0,0,0,0,4.13,4.13,-0.21,4.13,123.473
4.13,0,0,0,0,4.13,4.13,-0.21,4.13,123.473
4.13,0,0,0,0,4.13,4.13,-0.15,4.13,123.473
4.13,0,0,0,0,4.13,4.13,-0.15,4.13,123.473
4.13,0,0,0,0,4.13,4.13,-0.21,4.13,123.462
4.13,0,0,0,0,4.13,4.13,-0.21,4.13,123.462
4.13,0,0,0,0,4.13,4.13,-0.09,4.13,123.462
4.13,0,0,0,0,4.13,4.13,-0.09,4.13,123.473
4.13,0,0,0,0,4.13,4.13,0.03,4.13,123.462
4.13,0,0,0,0,4.13,4.13,0.03,4.13,123.462
4.13,0,0,0,0,4.13,4.13,0.09,4.13,123.462
4.13,0,0,0,0,4.13,4.13,0.09,4.13,123.468
4.13,0,0,0,0,4.13,4.13,0.03,4.13,123.473
4.13,0,0,0,0,4.13,4.13,0.03,4.13,123.473
4.13,0,0,0,0,4.13,4.13,-0.27,4.13,123.473
4.13,0,0,0,0,4.13,4.13,-0.27,4.13,123.484
4.13,0,0,0,0,4.13,4.13,0.09,4.13,123.473
4.13,0,0,0,0,4.13,4.13,0.09,4.13,123.473
4.13,0,0,0,0,4.13,4.13,0.52,4.13,123.473
4.13,0,0,0,0,4.13,4.13,0.52,4.13,123.473
4.13,0,0,0,0,4.13,4.13,0.09,4.13,123.473
4.13,0,0,0,0,4.13,4.13,0.09,4.13,123.473
4.13,0,0,0,0,4.13,4.13,-0.33,4.13,123.473
4.13,0,0,0,0,4.13,4.13,-0.33,4.13,123.468
4.13,0,0,0,0,4.13,4.13,0.03,4.13,123.473
4.13,0,0,0,0,4.13,4.13,0.03,4.13,123.473
4.13,0,0,0,0,4.13,4.13,-0.33,4.13,123.473
4.13,0,0,0,0,4.13,4.13,-0.33,4.13,123.468
4.13,0,0,0,0,4.13,4.13,-0.27,4.13,123.473
4.13,0,0,0,0,4.13,4.13,-0.27,4.13,123.473
4.13,0,0,0,0,4.13,4.13,0.39,4.13,123.473
4.13,0,0,0,0,4.13,4.13,0.39,4.13,123.473
4.13,0,0,0,0,4.13,4.13,-0.33,4.13,123.473
4.13,0,0,0,0,4.13,4.13,-0.33,4.13,123.473
4.13,0,0,0,0,4.13,4.13,-0.57,4.13,123.473
4.13,0,0,0,0,4.13,4.13,-0.57,4.13,123.473
4.13,0,0,0,0,4.13,4.13,0.39,4.13,123.468
4.13,0,0,0,0,4.13,4.13,0.39,4.13,123.468
4.13,0,0,0,0,4.13,4.13,0.33,4.13,123.468
4.13,0,0,0,0,4.13,4.13,0.33,4.13,123.473
4.13,0,0,0,0,4.13,4.13,-0.09,4.13,123.468
4.13,0,0,0,0,4.13,4.13,-0.09,4.13,123.468
4.13,0,0,0,0,4.13,4.13,-0.09,4.13,123.468
4.13,0,0,0,0,4.13,4.13,-0.09,4.13,123.479
4.13,0,0,0,0,4.13,4.13,0.45,4.13,123.473
4.13,0,0,0,0,4.13,4.13,0.45,4.13,123.473
4.13,0,0,0,0,4.13,4.13,-0.09,4.13,123.473
4.13,0,0,0,0,4.13,4.13,-0.09,4.13,123.473
4.13,0,0,0,0,4.13,4.13,0.21,4.13,123.468
4.13,0,0,0,0,4.13,4.13,0.21,4.13,123.468
4.13,0,0,0,0,4.13,4.13,0.21,4.13,123.468
4.13,0,0,0,0,4.13,4.13,0.21,4.13,123.473
4.13,0,0,0,0,4.13,4.13,0.45,4.13,123.473
4.13,0,0,0,0,4.13,4.13,0.45,4.13,123.473
4.13,0,0,0,0,4.13,4.13,-0.39,4.13,123.473
4.13,0,0,0,0,4.13,4.13,-0.39,4.13,123.473
4.13,0,0,0,0,4.13,4.13,-0.27,4.13,123.473
4.13,0,0,0,0,4.13,4.13,-0.27,4.13,123.473
4.13,0,0,0,0,4.13,4.13,0.27,4.13,123.473
4.13,0,0,0,0,4.13,4.13,0.27,4.13,123.473
4.13,0,0,0,0,4.13,4.13,0.33,4.13,123.473
4.13,0,0,0,0,4.13,4.13,0.33,4.13,123.473
4.13,0,0,0,0,4.13,4.13,-0.27,4.13,123.473
4.13,0,0,0,0,4.13,4.13,-0.27,4.13,123.473
4.13,0,0,0,0,4.13,4.13,0.39,4.13,123.473
4.13,0,0,0,0,4.13,4.13,0.39,4.13,123.473
4.13,0,0,0,0,4.13,4.13,0.15,4.13,123.473
4.13,0,0,0,0,4.13,4.13,0.15,4.13,123.473
4.13,0,0,0,0,4.13,4.13,-0.21,4.13,123.473
4.13,0,0,0,0,4.13,4.13,-0.21,4.13,123.473
4.13,0,0,0,0,4.13,4.13,-0.09,4.13,123.473
4.13,0,0,0,0,4.13,4.13,-0.09,4.13,123.473
4.13,0,0,0,0,4.13,4.13,0.21,4.13,123.468
4.13,0,0,0,0,4.13,4.13,0.21,4.13,123.468
4.13,0,0,0,0,4.13,4.13,0.03,4.13,123.468
4.13,0,0,0,0,4.13,4.13,0.03,4.13,123.468
4.13,0,0,0,0,4.13,4.13,-0.09,4.13,123.468
4.13,0,0,0,0,4.13,4.13,-0.09,4.13,123.468
4.13,0,0,0,0,4.13,4.13,0.27,4.13,123.468
4.13,0,0,0,0,4.13,4.13,0.27,4.13,123.462
4.13,0,0,0,0,4.13,4.13,0.09,4.13,123.468
4.13,0,0,0,0,4.13,4.13,0.09,4.13,123.468
4.13,0,0,0,0,4.13,4.13,0.03,4.13,123.468
4.13,0,0,0,0,4.13,4.13,0.03,4.13,123.473
4.13,0,0,0,0,4.13,4.13,0.39,4.13,123.473
4.13,0,0,0,0,4.13,4.13,0.39,4.13,123.473
4.13,0,0,0,0,4.13,4.13,0.15,4.13,123.473
4.13,0,0,0,0,4.13,4.13,0.15,4.13,123.473
4.13,0,0,0,0,4.13,4.13,-0.09,4.13,123.462
4.13,0,0,0,0,4.13,4.13,-0.09,4.13,123.462
4.13,0,0,0,0,4.13,4.13,-0.27,4.13,123.462
4.13,0,0,0,0,4.13,4.13,-0.27,4.13,123.473
4.13,0,0,0,0,4.13,4.13,-0.51,4.13,123.468
4.13,0,0,0,0,4.13,4.13,-0.51,4.13,123.468
4.13,0,0,0,0,4.13,4.13,0.15,4.13,123.468
4.13,0,0,0,0,4.13,4.13,0.15,4.13,123.468
4.13,0,0,0,0,4.13,4.13,0.64,4.13,123.473
4.13,0,0,0,0,4.13,4.13,0.64,4.13,123.473
4.13,0,0,0,0,4.13,4.13,0.21,4.13,123.473
4.13,0,0,0,0,4.13,4.13,0.21,4.13,123.468
4.13,0,0,0,0,4.13,4.13,0.03,4.13,123.468
4.13,0,0,0,0,4.13,4.13,0.03,4.13,123.468
4.13,0,0,0,0,4.13,4.13,0.09,4.13,123.468
4.13,0,0,0,0,4.13,4.13,0.09,4.13,123.473
4.13,0,0,0,0,4.13,4.13,-0.02,4.13,123.473
4.13,0,0,0,0,4.13,4.13,-0.02,4.13,123.473
4.13,0,0,0,0,4.13,4.13,0.09,4.13,123.473
4.13,0,0,0,0,4.13,4.13,0.09,4.13,123.468
4.13,0,0,0,0,4.13,4.13,-0.09,4.13,123.473
4.13,0,0,0,0,4.13,4.13,-0.09,4.13,123.473
4.13,0,0,0,0,4.13,4.13,-0.21,4.13,123.473
4.13,0,0,0,0,4.13,4.13,-0.21,4.13,123.473
4.13,0,0,0,0,4.13,4.13,-0.21,4.13,123.468
4.13,0,0,0,0,4.13,4.13,-0.21,4.13,123.468
4.13,0,0,0,0,4.13,4.13,-0.02,4.13,123.468
4.13,0,0,0,0,4.13,4.13,-0.02,4.13,123.473
4.13,0,0,0,0,4.13,4.13,0.21,4.13,123.462
4.13,0,0,0,0,4.13,4.13,0.21,4.13,123.462
4.13,0,0,0,0,4.13,4.13,-0.09,4.13,123.462
4.13,0,0,0,0,4.13,4.13,-0.09,4.13,123.468
4.13,0,0,0,0,4.13,4.13,0.03,4.13,123.479
4.13,0,0,0,0,4.13,4.13,0.03,4.13,123.479
4.13,0,0,0,0,4.13,4.13,0.21,4.13,123.479
4.13,0,0,0,0,4.13,4.13,0.21,4.13,123.468
4.13,0,0,0,0,4.13,4.13,0.15,4.13,123.473
4.13,0,0,0,0,4.13,4.13,0.15,4.13,123.473
4.13,0,0,0,0,4.13,4.13,0.21,4.13,123.473
4.13,0,0,0,0,4.13,4.13,0.21,4.13,123.462
4.13,0,0,0,0,4.13,4.13,-0.21,4.13,123.468
4.13,0,0,0,0,4.13,4.13,-0.21,4.13,123.468
4.13,0,0,0,0,4.13,4.13,-0.33,4.13,123.468
4.13,0,0,0,0,4.13,4.13,-0.33,4.13,123.473
4.13,0,0,0,0,4.13,4.13,-0.09,4.13,123.473
4.13,0,0,0,0,4.13,4.13,-0.09,4.13,123.473
4.13,0,0,0,0,4.13,4.13,-0.15,4.13,123.473
4.13,0,0,0,0,4.13,4.13,-0.15,4.13,123.468
4.13,0,0,0,0,4.13,4.13,-0.21,4.13,123.473
4.13,0,0,0,0,4.13,4.13,-0.21,4.13,123.473
4.13,0,0,0,0,4.13,4.13,-0.02,4.13,123.473
4.13,0,0,0,0,4.13,4.13,-0.02,4.13,123.468
4.13,0,0,0,0,4.13,4.13,0.21,4.13,123.468
4.13,0,0,0,0,4.13,4.13,0.21,4.13,123.468
4.13,0,0,0,0,4.13,4.13,-0.15,4.13,123.468
4.13,0,0,0,0,4.13,4.13,-0.15,4.13,123.468
4.13,0,0,0,0,4.13,4.13,-0.09,4.13,123.473
4.13,0,0,0,0,4.13,4.13,-0.09,4.13,123.473
4.13,0,0,0,0,4.13,4.13,0.21,4.13,123.473
4.13,0,0,0,0,4.13,4.13,0.21,4.13,123.468
4.13,0,0,0,0,4.13,4.13,0.09,4.14,123.468
4.14,0,0,0,0,4.14,4.14,0.09,4.14,123.468
4.14,0,0,0,0,4.14,4.14,-0.02,4.14,123.468
4.14,0,0,0,0,4.14,4.14,-0.02,4.14,123.462
4.14,0,0,0,0,4.14,4.14,-0.21,4.13,123.473
4.13,0,0,0,0,4.13,4.13,-0.21,4.13,123.473
4.13,0,0,0,0,4.13,4.13,-0.09,4.13,123.473
4.13,0,0,0,0,4.13,4.13,-0.09,4.13,123.468
4.13,0,0,0,0,4.13,4.13,0.21,4.14,123.473
4.14,0.01,0,0,0,4.14,4.14,0.21,4.14,123.473
4.14,0.01,0,0,0,4.14,4.14,0.39,4.14,123.473
4.14,0,0,0,0,4.14,4.14,0.39,4.14,123.473
4.14,0,0,0,0,4.14,4.14,0.03,4.14,123.462
4.14,0,0,0,0,4.14,4.14,0.03,4.14,123.462
4.14,0,0,0,0,4.14,4.14,-0.21,4.14,123.462
4.14,0,0,0,0,4.14,4.14,-0.21,4.14,123.462
4.14,0,0,0,0,4.14,4.14,-0.02,4.14,123.473
4.14,0,0,0,0,4.14,4.14,-0.02,4.14,123.473
4.14,0,0,0,0,4.14,4.14,0.21,4.14,123.473
4.14,0,0,0,0,4.14,4.14,0.21,4.14,123.473
4.14,0,0,0,0,4.14,4.14,0.03,4.14,123.473
4.14,0,0,0,0,4.14,4.14,0.03,4.14,123.473
4.14,0,0,0,0,4.14,4.14,0.03,4.14,123.473
4.14,0,0,0,0,4.14,4.14,0.03,4.14,123.473
4.14,0,0,0,0,4.14,4.14,-0.39,4.14,123.462
4.14,0,0,0,0,4.14,4.14,-0.39,4.14,123.462
4.14,0,0,0,0,4.14,4.14,-0.27,4.14,123.462
4.14,0,0,0,0,4.14,4.14,-0.27,4.14,123.479
4.14,0,0,0,0,4.14,4.14,-0.02,4.14,123.473
4.14,0,0,0,0,4.14,4.14,-0.02,4.14,123.473
4.14,0,0,0,0,4.14,4.14,0.15,4.14,123.473
4.14,0,0,0,0,4.14,4.14,0.15,4.14,123.473
4.14,0,0,0,0,4.14,4.14,0.03,4.14,123.462
4.14,0,0,0,0,4.14,4.14,0.03,4.14,123.462
4.14,0,0,0,0,4.14,4.14,-0.33,4.13,123.462
4.13,0,0,0,0,4.13,4.13,-0.33,4.13,123.479
4.13,0,0,0,0,4.13,4.13,-0.33,4.13,123.473
4.13,0,0,0,0,4.13,4.13,-0.33,4.13,123.473
4.13,0,0,0,0,4.13,4.13,-0.21,4.13,123.473
4.13,0,0,0,0,4.13,4.13,-0.21,4.13,123.462
4.13,0,0,0,0,4.13,4.13,0.15,4.13,123.473
4.13,0,0,0,0,4.13,4.13,0.15,4.13,123.473
4.13,0,0,0,0,4.13,4.13,0.45,4.14,123.473
4.14,0,0,0,0,4.14,4.14,0.45,4.14,123.473
4.14,0,0,0,0,4.14,4.14,-0.09,4.13,123.473
4.13,0,0,0,0,4.13,4.13,-0.09,4.13,123.473
4.13,0,0,0,0,4.13,4.13,-0.63,4.13,123.473
4.13,0,0,0,0,4.13,4.13,-0.63,4.13,123.473
4.13,0,0,0,0,4.13,4.13,-0.33,4.13,123.473
4.13,0,0,0,0,4.13,4.13,-0.33,4.13,123.473
4.13,0,0,0,0,4.13,4.13,0.15,4.13,123.473
4.13,0,0,0,0,4.13,4.13,0.15,4.13,123.468
4.13,0,0,0,0,4.13,4.13,0.33,4.13,123.468
4.13,0,0,0,0,4.13,4.13,0.33,4.13,123.468
4.13,0,0,0,0,4.13,4.13,-0.09,4.13,123.468
4.13,0,0,0,0,4.13,4.13,-0.09,4.13,123.473
4.13,0,0,0,0,4.13,4.13,-0.27,4.13,123.468
4.13,0,0,0,0,4.13,4.13,-0.27,4.13,123.468
4.13,0,0,0,0,4.13,4.13,-0.15,4.13,123.468
4.13,0,0,0,0,4.13,4.13,-0.15,4.13,123.468
4.13,0,0,0,0,4.13,4.13,0.09,4.13,123.473
4.13,0,0,0,0,4.13,4.13,0.09,4.13,123.473
4.13,0,0,0,0,4.13,4.13,-0.33,4.13,123.473
4.13,0,0,0,0,4.13,4.13,-0.33,4.13,123.473
4.13,0,0,0,0,4.13,4.13,-0.09,4.13,123.473
4.13,0,0,0,0,4.13,4.13,-0.09,4.13,123.473
4.13,0,0,0,0,4.13,4.13,-0.21,4.13,123.473
4.13,0,0,0,0,4.13,4.13,-0.21,4.13,123.468
4.13,0,0,0,0,4.13,4.13,-0.09,4.13,123.468
4.13,0,0,0,0,4.13,4.13,-0.09,4.13,123.468
4.13,0,0,0,0,4.13,4.13,0.21,4.13,123.468
4.13,0,0,0,0,4.13,4.13,0.21,4.13,123.473
4.13,0,0,0,0,4.13,4.13,-0.21,4.13,123.473
4.13,0,0,0,0,4.13,4.13,-0.21,4.13,123.473
4.13,0,0,0,0,4.13,4.13,-0.21,4.13,123.473
4.13,0,0,0,0,4.13,4.13,-0.21,4.13,123.473
4.13,0,0,0,0,4.13,4.13,0.09,4.13,123.468
4.13,0,0,0,0,4.13,4.13,0.09,4.13,123.468
4.13,0,0,0,0,4.13,4.13,0.7,4.13,123.468
4.13,0,0,0,0,4.13,4.13,0.7,4.13,123.473
4.13,0,0,0,0,4.13,4.13,0.03,4.13,123.473
4.13,0,0,0,0,4.13,4.13,0.03,4.13,123.473
4.13,0,0,0,0,4.13,4.13,-0.15,4.13,123.473
4.13,0,0,0,0,4.13,4.13,-0.15,4.13,123.473
4.13,0,0,0,0,4.13,4.13,-0.57,4.13,123.473
4.13,0,0,0,0,4.13,4.13,-0.57,4.13,123.473
4.13,0,0,0,0,4.13,4.13,-0.02,4.13,123.473
4.13,0,0,0,0,4.13,4.13,-0.02,4.13,123.473
4.13,0,0,0,0,4.13,4.13,0.45,4.13,123.479
4.13,0,0,0,0,4.13,4.13,0.45,4.13,123.479
4.13,0,0,0,0,4.13,4.13,0.27,4.13,123.479
4.13,0,0,0,0,4.13,4.13,0.27,4.13,123.473
4.13,0,0,0,0,4.13,4.13,0.15,4.14,123.473
4.14,0,0,0,0,4.14,4.14,0.15,4.14,123.473
4.14,0,0,0,0,4.14,4.14,-0.33,4.14,123.473
4.14,0,0,0,0,4.14,4.14,-0.33,4.14,123.473
4.14,0,0,0,0,4.14,4.14,-0.09,4.13,123.462
4.13,0,0,0,0,4.13,4.13,-0.09,4.13,123.462
4.13,0,0,0,0,4.13,4.13,0.15,4.13,123.462
4.13,0,0,0,0,4.13,4.13,0.15,4.13,123.479
4.13,0,0,0,0,4.13,4.13,-0.02,4.13,123.468
4.13,0,0,0,0,4.13,4.13,-0.02,4.13,123.468
4.13,0,0,0,0,4.13,4.13,-0.09,4.13,123.468
4.13,0,0,0,0,4.13,4.13,-0.09,4.13,123.462
4.13,0,0,0,0,4.13,4.13,0.52,4.13,123.473
4.13,0,0,0,0,4.13,4.13,0.52,4.13,123.473
4.13,0,0,0,0,4.13,4.13,0.21,4.14,123.473
4.14,0,0,0,0,4.14,4.14,0.21,4.14,123.473
4.14,0,0,0,0,4.14,4.14,-0.21,4.14,123.473
4.14,0,0,0,0,4.14,4.14,-0.21,4.14,123.473
4.14,0,0,0,0,4.14,4.14,-0.02,4.14,123.473
4.14,0,0,0,0,4.14,4.14,-0.02,4.14,123.468
4.14,0,0,0,0,4.14,4.14,-0.15,4.13,123.473
4.13,0,0,0,0,4.13,4.13,-0.15,4.13,123.473
4.13,0,0,0,0,4.13,4.13,0.58,4.14,123.473
4.14,0,0,0,0,4.14,4.14,0.58,4.14,123.473
4.14,0,0,0,0,4.14,4.14,0.21,4.14,123.473
4.14,0,0,0,0,4.14,4.14,0.21,4.14,123.473
4.14,0,0,0,0,4.14,4.14,-0.45,4.13,123.473
4.13,-0.01,0,0,0,4.13,4.13,-0.45,4.13,123.468
4.13,-0.01,0,0,0,4.13,4.13,-0.15,4.13,123.468
4.13,0,0,0,0,4.13,4.13,-0.15,4.13,123.468
4.13,0,0,0,0,4.13,4.13,0.45,4.14,123.468
4.14,0,0,0,0,4.14,4.14,0.45,4.14,123.468
4.14,0,0,0,0,4.14,4.14,-0.21,4.13,123.473
4.13,0,0,0,0,4.13,4.13,-0.21,4.13,123.473
4.13,0,0,0,0,4.13,4.13,-0.21,4.13,123.473
4.13,0,0,0,0,4.13,4.13,-0.21,4.13,123.473
4.13,0,0,0,0,4.13,4.13,0.03,4.13,123.468
4.13,0,0,0,0,4.13,4.13,0.03,4.13,123.468
4.13,0,0,0,0,4.13,4.13,0.45,4.14,123.468
4.14,0,0,0,0,4.14,4.14,0.45,4.14,123.473
4.14,0,0,0,0,4.14,4.14,-0.02,4.14,123.473
4.14,0,0,0,0,4.14,4.14,-0.02,4.14,123.473
4.14,0,0,0,0,4.14,4.14,-0.27,4.14,123.473
4.14,0,0,0,0,4.14,4.14,-0.27,4.14,123.473
4.14,0,0,0,0,4.14,4.14,0.52,4.14,123.462
4.14,0,0,0,0,4.14,4.14,0.52,4.14,123.462
4.14,0,0,0,0,4.14,4.14,0.33,4.14,123.462
4.14,0,0,0,0,4.14,4.14,0.33,4.14,123.479
4.14,0,0,0,0,4.14,4.14,-0.39,4.14,123.468
4.14,0,0,0,0,4.14,4.14,-0.39,4.14,123.468
4.14,0,0,0,0,4.14,4.14,-0.39,4.14,123.468
4.14,0,0,0,0,4.14,4.14,-0.39,4.14,123.473
4.14,0,0,0,0,4.14,4.14,-0.21,4.14,123.473
4.14,0,0,0,0,4.14,4.14,-0.21,4.14,123.473
4.14,0,0,0,0,4.14,4.14,-0.09,4.14,123.473
4.14,0,0,0,0,4.14,4.14,-0.09,4.14,123.473
4.14,0,0,0,0,4.14,4.14,0.21,4.14,123.462
4.14,0,0,0,0,4.14,4.14,0.21,4.14,123.462
4.14,0,0,0,0,4.14,4.14,0.09,4.14,123.462
4.14,0,0,0,0,4.14,4.14,0.09,4.14,123.473
4.14,0,0,0,0,4.14,4.14,0.15,4.14,123.473
4.14,0,0,0,0,4.14,4.14,0.15,4.14,123.473
4.14,0,0,0,0,4.14,4.14,-0.09,4.14,123.473
4.14,0,0,0,0,4.14,4.14,-0.09,4.14,123.473
4.14,0,0,0,0,4.14,4.14,0.09,4.14,123.462
4.14,0,0,0,0,4.14,4.14,0.09,4.14,123.462
4.14,0,0,0,0,4.14,4.14,-0.15,4.14,123.462
4.14,0,0,0,0,4.14,4.14,-0.15,4.14,123.479
4.14,0,0,0,0,4.14,4.14,0.33,4.14,123.462
4.14,0,0,0,0,4.14,4.14,0.33,4.14,123.462
4.14,0,0,0,0,4.14,4.14,-0.27,4.14,123.462
4.14,0,0,0,0,4.14,4.14,-0.27,4.14,123.473
4.14,0,0,0,0,4.14,4.14,0.09,4.14,123.468
4.14,0,0,0,0,4.14,4.14,0.09,4.14,123.468
4.14,0,0,0,0,4.14,4.14,0.33,4.14,123.468
4.14,0,0,0,0,4.14,4.14,0.33,4.14,123.473
4.14,0,0,0,0,4.14,4.14,-0.02,4.14,123.468
4.14,0,0,0,0,4.14,4.14,-0.02,4.14,123.468
4.14,0,0,0,0,4.14,4.14,0.27,4.14,123.468
4.14,0,0,0,0,4.14,4.14,0.27,4.14,123.473
4.14,0,0,0,0,4.14,4.14,0.39,4.14,123.473
4.14,0,0,0,0,4.14,4.14,0.39,4.14,123.473
4.14,0,0,0,0,4.14,4.14,-0.02,4.14,123.473
4.14,0,0,0,0,4.14,4.14,-0.02,4.14,123.473
4.14,0,0,0,0,4.14,4.14,-0.21,4.14,123.473
4.14,0,0,0,0,4.14,4.14,-0.21,4.14,123.473
4.14,0,0,0,0,4.14,4.14,0.09,4.14,123.473
4.14,0,0,0,0,4.14,4.14,0.09,4.14,123.479
4.14,0,0,0,0,4.14,4.14,0.03,4.14,123.473
4.14,0,0,0,0,4.14,4.14,0.03,4.14,123.473
4.14,0,0,0,0,4.14,4.14,-0.15,4.14,123.473
4.14,0,0,0,0,4.14,4.14,-0.15,4.14,123.473
4.14,0,0,0,0,4.14,4.14,-0.09,4.14,123.473
4.14,0,0,0,0,4.14,4.14,-0.09,4.14,123.473
4.14,0,0,0,0,4.14,4.14,0.27,4.14,123.473
4.14,0,0,0,0,4.14,4.14,0.27,4.14,123.468
4.14,0,0,0,0,4.14,4.14,-0.09,4.14,123.468
4.14,0,0,0,0,4.14,4.14,-0.09,4.14,123.468
4.14,0,0,0,0,4.14,4.14,-0.27,4.14,123.468
4.14,0,0,0,0,4.14,4.14,-0.27,4.14,123.468
4.14,0,0,0,0,4.14,4.14,0.15,4.14,123.473
4.14,0,0,0,0,4.14,4.14,0.15,4.14,123.473
4.14,0,0,0,0,4.14,4.14,-0.33,4.14,123.473
4.14,0,0,0,0,4.14,4.14,-0.33,4.14,123.473
4.14,0,0,0,0,4.14,4.14,0.21,4.14,123.468
4.14,0,0,0,0,4.14,4.14,0.21,4.14,123.468
4.14,0,0,0,0,4.14,4.14,-0.15,4.14,123.468
4.14,0,0,0,0,4.14,4.14,-0.15,4.14,123.468
4.14,0,0,0,0,4.14,4.14,-0.63,4.14,123.468
4.14,0,0,0,0,4.14,4.14,-0.63,4.14,123.468
4.14,0,0,0,0,4.14,4.14,-0.09,4.14,123.468
4.14,0,0,0,0,4.14,4.14,-0.09,4.14,123.468
4.14,0,0,0,0,4.14,4.14,0.09,4.14,123.462
4.14,0,0,0,0,4.14,4.14,0.09,4.14,123.462
4.14,0,0,0,0,4.14,4.14,0.33,4.14,123.462
4.14,0,0,0,0,4.14,4.14,0.33,4.14,123.473
4.14,0,0,0,0,4.14,4.14,0.03,4.14,123.473
4.14,0,0,0,0,4.14,4.14,0.03,4.14,123.473
4.14,0,0,0,0,4.14,4.14,-0.45,4.14,123.473
4.14,0,0,0,0,4.14,4.14,-0.45,4.14,123.479
4.14,0,0,0,0,4.14,4.14,-0.02,4.14,123.462
4.14,0,0,0,0,4.14,4.14,-0.02,4.14,123.462
4.14,0,0,0,0,4.14,4.14,0.15,4.14,123.462
4.14,0,0,0,0,4.14,4.14,0.15,4.14,123.473
4.14,0,0,0,0,4.14,4.14,-0.57,4.13,123.462
4.13,0,0,0,0,4.13,4.13,-0.57,4.13,123.462
4.13,0,0,0,0,4.13,4.13,-0.15,4.13,123.462
4.13,0,0,0,0,4.13,4.13,-0.15,4.13,123.468
4.13,0,0,0,0,4.13,4.13,0.64,4.14,123.468
4.14,0,0,0,0,4.14,4.14,0.64,4.14,123.468
4.14,0,0,0,0,4.14,4.14,0.45,4.14,123.468
4.14,0,0,0,0,4.14,4.14,0.45,4.14,123.473
4.14,0,0,0,0,4.14,4.14,-0.21,4.14,123.468
4.14,0,0,0,0,4.14,4.14,-0.21,4.14,123.468
4.14,0,0,0,0,4.14,4.14,0.21,4.14,123.468
4.14,0,0,0,0,4.14,4.14,0.21,4.14,123.473
4.14,0,0,0,0,4.14,4.14,-0.33,4.14,123.479
4.14,0,0,0,0,4.14,4.14,-0.33,4.14,123.479
4.14,0,0,0,0,4.14,4.14,-0.21,4.14,123.479
4.14,0,0,0,0,4.14,4.14,-0.21,4.14,123.473
4.14,0,0,0,0,4.14,4.14,0.45,4.14,123.473
4.14,0,0,0,0,4.14,4.14,0.45,4.14,123.473
4.14,0,0,0,0,4.14,4.14,0.52,4.14,123.473
4.14,0,0,0,0,4.14,4.14,0.52,4.14,123.462
4.14,0,0,0,0,4.14,4.14,0.39,4.14,123.473
4.14,0,0,0,0,4.14,4.14,0.39,4.14,123.473
4.14,0,0,0,0,4.14,4.14,-0.02,4.14,123.473
4.14,0,0,0,0,4.14,4.14,-0.02,4.14,123.473
4.14,0,0,0,0,4.14,4.14,-0.21,4.14,123.462
4.14,0,0,0,0,4.14,4.14,-0.21,4.14,123.462
4.14,0,0,0,0,4.14,4.14,0.27,4.14,123.462
4.14,0,0,0,0,4.14,4.14,0.27,4.14,123.479
4.14,0,0,0,0,4.14,4.14,0.03,4.14,123.473
4.14,0,0,0,0,4.14,4.14,0.03,4.14,123.473
4.14,0,0,0,0,4.14,4.14,0.58,4.14,123.473
4.14,0,0,0,0,4.14,4.14,0.58,4.14,123.462
4.14,0,0,0,0,4.14,4.14,-0.21,4.14,123.468
4.14,0,0,0,0,4.14,4.14,-0.21,4.14,123.468
4.14,0,0,0,0,4.14,4.14,-0.15,4.14,123.468
4.14,0,0,0,0,4.14,4.14,-0.15,4.14,123.473
4.14,0,0,0,0,4.14,4.14,0.09,4.14,123.473
4.14,0,0,0,0,4.14,4.14,0.09,4.14,123.473
4.14,0,0,0,0,4.14,4.14,-0.51,4.14,123.473
4.14,0,0,0,0,4.14,4.14,-0.51,4.14,123.473
4.14,0,0,0,0,4.14,4.14,-0.09,4.14,123.473
4.14,0,0,0,0,4.14,4.14,-0.09,4.14,123.473
4.14,0,0,0,0,4.14,4.14,0.33,4.14,123.473
4.14,0,0,0,0,4.14,4.14,0.33,4.14,123.468
4.14,0,0,0,0,4.14,4.14,0.21,4.14,123.468
4.14,0,0,0,0,4.14,4.14,0.21,4.14,123.468
4.14,0,0,0,0,4.14,4.14,0.33,4.14,123.468
4.14,0,0,0,0,4.14,4.14,0.33,4.14,123.462
4.14,0,0,0,0,4.14,4.14,-0.45,4.14,123.462
4.14,0,0,0,0,4.14,4.14,-0.45,4.14,123.462
4.14,0,0,0,0,4.14,4.14,-0.45,4.14,123.462
4.14,0,0,0,0,4.14,4.14,-0.45,4.14,123.468
4.14,0,0,0,0,4.14,4.14,0.09,4.14,123.468
4.14,0,0,0,0,4.14,4.14,0.09,4.14,123.468
4.14,0,0,0,0,4.14,4.14,0.7,4.14,123.468
4.14,0,0,0,0,4.14,4.14,0.7,4.14,123.462
4.14,0,0,0,0,4.14,4.14,0.03,4.14,123.468
4.14,0,0,0,0,4.14,4.14,0.03,4.14,123.468
4.14,0,0,0,0,4.14,4.14,-0.09,4.14,123.468
4.14,0,0,0,0,4.14,4.14,-0.09,4.14,123.473
4.14,0,0,0,0,4.14,4.14,0.33,4.14,123.468
4.14,0,0,0,0,4.14,4.14,0.33,4.14,123.468
4.14,0,0,0,0,4.14,4.14,0.03,4.14,123.468
4.14,0,0,0,0,4.14,4.14,0.03,4.14,123.462
4.14,0,0,0,0,4.14,4.14,0.33,4.14,123.462
4.14,0,0,0,0,4.14,4.14,0.33,4.14,123.462
4.14,0,0,0,0,4.14,4.14,0.27,4.14,123.462
4.14,0,0,0,0,4.14,4.14,0.27,4.14,123.473
4.14,0,0,0,0,4.14,4.14,-0.45,4.14,123.473
4.14,0,0,0,0,4.14,4.14,-0.45,4.14,123.473
4.14,0,0,0,0,4.14,4.14,-0.45,4.14,123.473
4.14,0,0,0,0,4.14,4.14,-0.45,4.14,123.473
4.14,0,0,0,0,4.14,4.14,0.21,4.14,123.473
4.14,0,0,0,0,4.14,4.14,0.21,4.14,123.473
4.14,0,0,0,0,4.14,4.14,-0.15,4.14,123.473
4.14,0,0,0,0,4.14,4.14,-0.15,4.14,123.468
4.14,0,0,0,0,4.14,4.14,-0.21,4.14,123.468
4.14,0,0,0,0,4.14,4.14,-0.21,4.14,123.468
4.14,0,0,0,0,4.14,4.14,-0.15,4.14,123.468
4.14,0,0,0,0,4.14,4.14,-0.15,4.14,123.473
4.14,0,0,0,0,4.14,4.14,0.09,4.14,123.468
4.14,0,0,0,0,4.14,4.14,0.09,4.14,123.468
4.14,0,0,0,0,4.14,4.14,-0.09,4.14,123.468
4.14,0,0,0,0,4.14,4.14,-0.09,4.14,123.473
4.14,0,0,0,0,4.14,4.14,0.09,4.14,123.473
4.14,0,0,0,0,4.14,4.14,0.09,4.14,123.473
4.14,0,0,0,0,4.14,4.14,0.15,4.14,123.473
4.14,0,0,0,0,4.14,4.14,0.15,4.14,123.462
4.14,0,0,0,0,4.14,4.14,0.15,4.14,123.473
4.14,0,0,0,0,4.14,4.14,0.15,4.14,123.473
4.14,0,0,0,0,4.14,4.14,0.39,4.14,123.473
4.14,0,0,0,0,4.14,4.14,0.39,4.14,123.468
4.14,0,0,0,0,4.14,4.14,-0.76,4.14,123.462
4.14,0,0,0,0,4.14,4.14,-0.76,4.14,123.462
4.14,0,0,0,0,4.14,4.14,-0.57,4.14,123.462
4.14,0,0,0,0,4.14,4.14,-0.57,4.14,123.473
4.14,0,0,0,0,4.14,4.14,-0.15,4.14,123.468
4.14,0,0,0,0,4.14,4.14,-0.15,4.14,123.468
4.14,0,0,0,0,4.14,4.14,-0.15,4.14,123.468
4.14,0,0,0,0,4.14,4.14,-0.15,4.14,123.468
4.14,0,0,0,0,4.14,4.14,-0.09,4.14,123.473
4.14,0,0,0,0,4.14,4.14,-0.09,4.14,123.473
4.14,0,0,0,0,4.14,4.14,0.09,4.14,123.473
4.14,0,0,0,0,4.14,4.14,0.09,4.14,123.473
4.14,0,0,0,0,4.14,4.14,0.45,4.14,123.473
4.14,0,0,0,0,4.14,4.14,0.45,4.14,123.473
4.14,0,0,0,0,4.14,4.14,0.52,4.14,123.473
4.14,0,0,0,0,4.14,4.14,0.52,4.14,123.473
4.14,0,0,0,0,4.14,4.14,0.09,4.14,123.468
4.14,0,0,0,0,4.14,4.14,0.09,4.14,123.468
4.14,0,0,0,0,4.14,4.14,-0.45,4.14,123.468
4.14,0,0,0,0,4.14,4.14,-0.45,4.14,123.473
4.14,0,0,0,0,4.14,4.14,-0.45,4.14,123.468
4.14,0,0,0,0,4.14,4.14,-0.45,4.14,123.468
4.14,0,0,0,0,4.14,4.14,0.15,4.14,123.468
4.14,0,0,0,0,4.14,4.14,0.15,4.14,123.473
4.14,0,0,0,0,4.14,4.14,-0.21,4.14,123.473
4.14,0,0,0,0,4.14,4.14,-0.21,4.14,123.473
4.14,0,0,0,0,4.14,4.14,-0.02,4.14,123.473
4.14,0,0,0,0,4.14,4.14,-0.02,4.14,123.462
4.14,0,0,0,0,4.14,4.14,0.15,4.14,123.473
4.14,0,0,0,0,4.14,4.14,0.15,4.14,123.473
4.14,0,0,0,0,4.14,4.14,0.27,4.14,123.473
4.14,0,0,0,0,4.14,4.14,0.27,4.14,123.473
4.14,0,0,0,0,4.14,4.14,0.27,4.14,123.473
4.14,0,0,0,0,4.14,4.14,0.27,4.14,123.473
4.14,0,0,0,0,4.14,4.14,0.15,4.14,123.473
4.14,0,0,0,0,4.14,4.14,0.15,4.14,123.473
4.14,0,0,0,0,4.14,4.14,0.03,4.14,123.468
4.14,0,0,0,0,4.14,4.14,0.03,4.14,123.468
4.14,0,0,0,0,4.14,4.14,-0.21,4.14,123.468
4.14,0,0,0,0,4.14,4.14,-0.21,4.14,123.473
4.14,0,0,0,0,4.14,4.14,0.09,4.14,123.473
4.14,0,0,0,0,4.14,4.14,0.09,4.14,123.473
4.14,0,0,0,0,4.14,4.14,-0.02,4.14,123.473
4.14,0,0,0,0,4.14,4.14,-0.02,4.14,123.462
4.14,0,0,0,0,4.14,4.14,0.03,4.14,123.473
4.14,0,0,0,0,4.14,4.14,0.03,4.14,123.473
4.14,0,0,0,0,4.14,4.14,0.27,4.14,123.473
4.14,0,0,0,0,4.14,4.14,0.27,4.14,123.468
4.14,0,0,0,0,4.14,4.14,0.39,4.14,123.479
4.14,0,0,0,0,4.14,4.14,0.39,4.14,123.479
4.14,0,0,0,0,4.14,4.14,-0.15,4.14,123.479
4.14,0,0,0,0,4.14,4.14,-0.15,4.14,123.468
4.14,0,0,0,0,4.14,4.14,-0.02,4.14,123.473
4.14,0,0,0,0,4.14,4.14,-0.02,4.14,123.473
4.14,0,0,0,0,4.14,4.14,-0.15,4.14,123.473
4.14,0,0,0,0,4.14,4.14,-0.15,4.14,123.479
4.14,0,0,0,0,4.14,4.14,-0.27,4.14,123.462
4.14,0,0,0,0,4.14,4.14,-0.27,4.14,123.462
4.14,0,0,0,0,4.14,4.14,0.39,4.14,123.462
4.14,0,0,0,0,4.14,4.14,0.39,4.14,123.462
4.14,0,0,0,0,4.14,4.14,0.52,4.14,123.468
4.14,0,0,0,0,4.14,4.14,0.52,4.14,123.468
4.14,0,0,0,0,4.14,4.14,0.21,4.14,123.468
4.14,0,0,0,0,4.14,4.14,0.21,4.14,123.462
4.14,0,0,0,0,4.14,4.14,-0.21,4.14,123.462
4.14,0,0,0,0,4.14,4.14,-0.21,4.14,123.462
4.14,0,0,0,0,4.14,4.14,-0.21,4.14,123.462
4.14,0,0,0,0,4.14,4.14,-0.21,4.14,123.468
4.14,0,0,0,0,4.14,4.14,-0.09,4.14,123.468
4.14,0,0,0,0,4.14,4.14,-0.09,4.14,123.468
4.14,0,0,0,0,4.14,4.14,-0.15,4.14,123.468
4.14,0,0,0,0,4.14,4.14,-0.15,4.14,123.473
4.14,0,0,0,0,4.14,4.14,0.03,4.14,123.462
4.14,0,0,0,0,4.14,4.14,0.03,4.14,123.462
4.14,0,0,0,0,4.14,4.14,0.03,4.14,123.462
4.14,0,0,0,0,4.14,4.14,0.03,4.14,123.468
4.14,0,0,0,0,4.14,4.14,-0.09,4.14,123.473
4.14,0,0,0,0,4.14,4.14,-0.09,4.14,123.473
4.14,0,0,0,0,4.14,4.14,0.33,4.14,123.473
4.14,0,0,0,0,4.14,4.14,0.33,4.14,123.473
4.14,0,0,0,0,4.14,4.14,-0.09,4.14,123.473
4.14,0,0,0,0,4.14,4.14,-0.09,4.14,123.473
4.14,0,0,0,0,4.14,4.14,-0.51,4.14,123.473
4.14,0,0,0,0,4.14,4.14,-0.51,4.14,123.468
4.14,0,0,0,0,4.14,4.14,-0.27,4.14,123.468
4.14,0,0,0,0,4.14,4.14,-0.27,4.14,123.468
4.14,0,0,0,0,4.14,4.14,0.21,4.14,123.468
4.14,0,0,0,0,4.14,4.14,0.21,4.14,123.473
4.14,0,0,0,0,4.14,4.14,-0.02,4.14,123.473
4.14,0,0,0,0,4.14,4.14,-0.02,4.14,123.473
4.14,0,0,0,0,4.14,4.14,-0.21,4.14,123.473
4.14,0,0,0,0,4.14,4.14,-0.21,4.14,123.468
4.14,0,0,0,0,4.14,4.14,0.09,4.14,123.468
4.14,0,0,0,0,4.14,4.14,0.09,4.14,123.468
4.14,0,0,0,0,4.14,4.14,0.03,4.14,123.468
4.14,0,0,0,0,4.14,4.14,0.03,4.14,123.468
4.14,0,0,0,0,4.14,4.14,-0.51,4.14,123.473
4.14,0,0,0,0,4.14,4.14,-0.51,4.14,123.473
4.14,0,0,0,0,4.14,4.14,-0.02,4.14,123.473
4.14,0,0,0,0,4.14,4.14,-0.02,4.14,123.468
4.14,0,0,0,0,4.14,4.14,-0.27,4.14,123.473
4.14,0,0,0,0,4.14,4.14,-0.27,4.14,123.473
4.14,0,0,0,0,4.14,4.14,-0.15,4.14,123.473
4.14,0,0,0,0,4.14,4.14,-0.15,4.14,123.462
4.14,0,0,0,0,4.14,4.14,0.88,4.14,123.473
4.14,0,0,0,0,4.14,4.14,0.88,4.14,123.473
4.14,0,0,0,0,4.14,4.14,0.15,4.14,123.473
4.14,0,0,0,0,4.14,4.14,0.15,4.14,123.468
4.14,0,0,0,0,4.14,4.14,-0.39,4.14,123.473
4.14,0,0,0,0,4.14,4.14,-0.39,4.14,123.473
4.14,0,0,0,0,4.14,4.14,-0.02,4.14,123.473
4.14,0,0,0,0,4.14,4.14,-0.02,4.14,123.468
4.14,0,0,0,0,4.14,4.14,0.03,4.14,123.479
4.14,0,0,0,0,4.14,4.14,0.03,4.14,123.479
4.14,0,0,0,0,4.14,4.14,0.39,4.14,123.479
4.14,0,0,0,0,4.14,4.14,0.39,4.14,123.473
4.14,0,0,0,0,4.14,4.14,-0.02,4.14,123.473
4.14,0,0,0,0,4.14,4.14,-0.02,4.14,123.473
4.14,0,0,0,0,4.14,4.14,-0.27,4.14,123.473
4.14,0,0,0,0,4.14,4.14,-0.27,4.14,123.473
4.14,0,0,0,0,4.14,4.14,-0.09,4.14,123.473
4.14,0,0,0,0,4.14,4.14,-0.09,4.14,123.473
4.14,0,0,0,0,4.14,4.14,0.03,4.14,123.473
4.14,0,0,0,0,4.14,4.14,0.03,4.14,123.473
4.14,0,0,0,0,4.14,4.14,0.03,4.14,123.468
4.14,0,0,0,0,4.14,4.14,0.03,4.14,123.468
4.14,0,0,0,0,4.14,4.14,-0.02,4.14,123.468
4.14,0,0,0,0,4.14,4.14,-0.02,4.14,123.473
4.14,0,0,0,0,4.14,4.14,-0.63,4.14,123.468
4.14,0,0,0,0,4.14,4.14,-0.63,4.14,123.468
4.14,0,0,0,0,4.14,4.14,-0.09,4.14,123.468
4.14,0,0,0,0,4.14,4.14,-0.09,4.14,123.468
4.14,0,0,0,0,4.14,4.14,0.33,4.14,123.473
4.14,0,0,0,0,4.14,4.14,0.33,4.14,123.473
4.14,0,0,0,0,4.14,4.14,0.58,4.14,123.473
4.14,0,0,0,0,4.14,4.14,0.58,4.14,123.473
4.14,0,0,0,0,4.14,4.14,0.21,4.14,123.473
4.14,0,0,0,0,4.14,4.14,0.21,4.14,123.473
4.14,0,0,0,0,4.14,4.14,-0.15,4.14,123.473
4.14,0,0,0,0,4.14,4.14,-0.15,4.14,123.473
4.14,0,0,0,0,4.14,4.14,0.09,4.14,123.473
4.14,0,0,0,0,4.14,4.14,0.09,4.14,123.473
4.14,0,0,0,0,4.14,4.14,0.03,4.14,123.473
4.14,0,0,0,0,4.14,4.14,0.03,4.14,123.462
4.14,0,0,0,0,4.14,4.14,-0.51,4.14,123.473
4.14,0,0,0,0,4.14,4.14,-0.51,4.14,123.473
4.14,0,0,0,0,4.14,4.14,0.09,4.14,123.473
4.14,0,0,0,0,4.14,4.14,0.09,4.14,123.473
4.14,0,0,0,0,4.14,4.14,-0.27,4.14,123.468
4.14,0,0,0,0,4.14,4.14,-0.27,4.14,123.468
4.14,0,0,0,0,4.14,4.14,-0.33,4.14,123.468
4.14,0,0,0,0,4.14,4.14,-0.33,4.14,123.473
4.14,0,0,0,0,4.14,4.14,0.21,4.14,123.468
4.14,0,0,0,0,4.14,4.14,0.21,4.14,123.468
4.14,0,0,0,0,4.14,4.14,-0.02,4.14,123.468
4.14,0,0,0,0,4.14,4.14,-0.02,4.14,123.468
4.14,0,0,0,0,4.14,4.14,0.03,4.14,123.479
4.14,0,0,0,0,4.14,4.14,0.03,4.14,123.479
4.14,0,0,0,0,4.14,4.14,0.15,4.14,123.479
4.14,0,0,0,0,4.14,4.14,0.15,4.14,123.473
4.14,0,0,0,0,4.14,4.14,-0.51,4.14,123.468
4.14,0,0,0,0,4.14,4.14,-0.51,4.14,123.468
4.14,0,0,0,0,4.14,4.14,-0.15,4.14,123.468
4.14,0,0,0,0,4.14,4.14,-0.15,4.14,123.473
4.14,0,0,0,0,4.14,4.14,0.33,4.14,123.468
4.14,0,0,0,0,4.14,4.14,0.33,4.14,123.468
4.14,0,0,0,0,4.14,4.14,-0.15,4.14,123.468
4.14,0,0,0,0,4.14,4.14,-0.15,4.14,123.462
4.14,0,0,0,0,4.14,4.14,-0.45,4.14,123.473
4.14,0,0,0,0,4.14,4.14,-0.45,4.14,123.473
4.14,0,0,0,0,4.14,4.14,-0.7,4.13,123.473
4.13,-0.01,0,0,0,4.13,4.13,-0.7,4.13,123.473
4.13,-0.01,0,0,0,4.13,4.13,0.45,4.13,123.468
4.13,0,0,0,0,4.13,4.13,0.45,4.13,123.468
4.13,0,0,0,0,4.13,4.13,0.58,4.14,123.468
4.14,0,0,0,0,4.14,4.14,0.58,4.14,123.462
4.14,0,0,0,0,4.14,4.14,-0.27,4.14,123.468
4.14,0,0,0,0,4.14,4.14,-0.27,4.14,123.468
4.14,0,0,0,0,4.14,4.14,-0.02,4.14,123.468
4.14,0,0,0,0,4.14,4.14,-0.02,4.14,123.479
4.14,0,0,0,0,4.14,4.14,-0.21,4.13,123.473
4.13,-0.01,0,0,0,4.13,4.13,-0.21,4.13,123.473
4.13,-0.01,0,0,0,4.13,4.13,-0.39,4.13,123.473
4.13,0,0,0,0,4.13,4.13,-0.39,4.13,123.468
4.13,0,0,0,0,4.13,4.13,0.45,4.14,123.473
4.14,0,0,0,0,4.14,4.14,0.45,4.14,123.473
4.14,0,0,0,0,4.14,4.14,-0.09,4.14,123.473
4.14,0,0,0,0,4.14,4.14,-0.09,4.14,123.473
4.14,0,0,0,0,4.14,4.14,-0.09,4.14,123.462
4.14,0,0,0,0,4.14,4.14,-0.09,4.14,123.462
4.14,0,0,0,0,4.14,4.14,-0.09,4.14,123.462
4.14,0,0,0,0,4.14,4.14,-0.09,4.14,123.479
4.14,0,0,0,0,4.14,4.14,0.03,4.14,123.468
4.14,0,0,0,0,4.14,4.14,0.03,4.14,123.468
4.14,0,0,0,0,4.14,4.14,-0.09,4.14,123.468
4.14,0,0,0,0,4.14,4.14,-0.09,4.14,123.462
4.14,0,0,0,0,4.14,4.14,-0.09,4.14,123.468
4.14,0,0,0,0,4.14,4.14,-0.09,4.14,123.468
4.14,0,0,0,0,4.14,4.14,-0.15,4.14,123.468
4.14,0,0,0,0,4.14,4.14,-0.15,4.14,123.473
4.14,0,0,0,0,4.14,4.14,0.03,4.14,123.462
4.14,0,0,0,0,4.14,4.14,0.03,4.14,123.462
4.14,0,0,0,0,4.14,4.14,0.03,4.14,123.462
4.14,0,0,0,0,4.14,4.14,0.03,4.14,123.473
4.14,0,0,0,0,4.14,4.14,0.03,4.14,123.468
4.14,0,0,0,0,4.14,4.14,0.03,4.14,123.468
4.14,0,0,0,0,4.14,4.14,0.09,4.14,123.468
4.14,0,0,0,0,4.14,4.14,0.09,4.14,123.462
4.14,0,0,0,0,4.14,4.14,0.21,4.14,123.473
4.14,0,0,0,0,4.14,4.14,0.21,4.14,123.473
4.14,0,0,0,0,4.14,4.14,-0.21,4.14,123.473
4.14,0,0,0,0,4.14,4.14,-0.21,4.14,123.468
4.14,0,0,0,0,4.14,4.14,-0.33,4.14,123.462
4.14,0,0,0,0,4.14,4.14,-0.33,4.14,123.462
4.14,0,0,0,0,4.14,4.14,-0.33,4.14,123.462
4.14,0,0,0,0,4.14,4.14,-0.33,4.14,123.468
4.14,0,0,0,0,4.14,4.14,0.09,4.14,123.473
4.14,0,0,0,0,4.14,4.14,0.09,4.14,123.473
4.14,0,0,0,0,4.14,4.14,-0.15,4.13,123.473
4.13,0,0,0,0,4.13,4.13,-0.15,4.13,123.468
4.13,0,0,0,0,4.13,4.13,0.21,4.14,123.462
4.14,0.01,0,0,0,4.14,4.14,0.21,4.14,123.462
4.14,0.01,0,0,0,4.14,4.14,0.45,4.14,123.462
4.14,0,0,0,0,4.14,4.14,0.45,4.14,123.473
4.14,0,0,0,0,4.14,4.14,0.09,4.14,123.473
4.14,0,0,0,0,4.14,4.14,0.09,4.14,123.473
4.14,0,0,0,0,4.14,4.14,-0.33,4.14,123.473
4.14,0,0,0,0,4.14,4.14,-0.33,4.14,123.468
4.14,0,0,0,0,4.14,4.14,-0.33,4.14,123.468
4.14,0,0,0,0,4.14,4.14,-0.33,4.14,123.468
4.14,0,0,0,0,4.14,4.14,0.03,4.14,123.468
4.14,0,0,0,0,4.14,4.14,0.03,4.14,123.473
4.14,0,0,0,0,4.14,4.14,0.21,4.14,123.473
4.14,0,0,0,0,4.14,4.14,0.21,4.14,123.473
4.14,0,0,0,0,4.14,4.14,0.21,4.14,123.473
4.14,0,0,0,0,4.14,4.14,0.21,4.14,123.468
4.14,0,0,0,0,4.14,4.14,0.21,4.14,123.473
4.14,0,0,0,0,4.14,4.14,0.21,4.14,123.473
4.14,0,0,0,0,4.14,4.14,-0.21,4.14,123.473
4.14,0,0,0,0,4.14,4.14,-0.21,4.14,123.462
4.14,0,0,0,0,4.14,4.14,-0.09,4.14,123.473
4.14,0,0,0,0,4.14,4.14,-0.09,4.14,123.473
4.14,0,0,0,0,4.14,4.14,0.21,4.14,123.473
4.14,0,0,0,0,4.14,4.14,0.21,4.14,123.473
4.14,0,0,0,0,4.14,4.14,-0.09,4.14,123.473
4.14,0,0,0,0,4.14,4.14,-0.09,4.14,123.473
4.14,0,0,0,0,4.14,4.14,-0.15,4.14,123.473
4.14,0,0,0,0,4.14,4.14,-0.15,4.14,123.468
4.14,0,0,0,0,4.14,4.14,0.27,4.14,123.473
4.14,0,0,0,0,4.14,4.14,0.27,4.14,123.473
4.14,0,0,0,0,4.14,4.14,0.21,4.14,123.473
4.14,0,0,0,0,4.14,4.14,0.21,4.14,123.468
4.14,0,0,0,0,4.14,4.14,-0.21,4.14,123.462
4.14,0,0,0,0,4.14,4.14,-0.21,4.14,123.462
4.14,0,0,0,0,4.14,4.14,0.03,4.14,123.462
4.14,0,0,0,0,4.14,4.14,0.03,4.14,123.468
4.14,0,0,0,0,4.14,4.14,-0.02,4.14,123.473
4.14,0,0,0,0,4.14,4.14,-0.02,4.14,123.473
4.14,0,0,0,0,4.14,4.14,-0.02,4.14,123.473
4.14,0,0,0,0,4.14,4.14,-0.02,4.14,123.473
4.14,0,0,0,0,4.14,4.14,0.03,4.14,123.468
4.14,0,0,0,0,4.14,4.14,0.03,4.14,123.468
4.14,0,0,0,0,4.14,4.14,0.39,4.14,123.468
4.14,0,0,0,0,4.14,4.14,0.39,4.14,123.479
4.14,0,0,0,0,4.14,4.14,0.27,4.14,123.473
4.14,0,0,0,0,4.14,4.14,0.27,4.14,123.473
4.14,0,0,0,0,4.14,4.14,-0.63,4.14,123.473
4.14,0,0,0,0,4.14,4.14,-0.63,4.14,123.468
4.14,0,0,0,0,4.14,4.14,-0.02,4.14,123.473
4.14,0,0,0,0,4.14,4.14,-0.02,4.14,123.473
4.14,0,0,0,0,4.14,4.14,0.33,4.14,123.473
4.14,0,0,0,0,4.14,4.14,0.33,4.14,123.473
4.14,0,0,0,0,4.14,4.14,0.03,4.14,123.479
4.14,0,0,0,0,4.14,4.14,0.03,4.14,123.479
4.14,0,0,0,0,4.14,4.14,-0.27,4.14,123.479
4.14,0,0,0,0,4.14,4.14,-0.27,4.14,123.468
4.14,0,0,0,0,4.14,4.14,-0.15,4.14,123.468
4.14,0,0,0,0,4.14,4.14,-0.15,4.14,123.468
4.14,0,0,0,0,4.14,4.14,0.15,4.14,123.468
4.14,0,0,0,0,4.14,4.14,0.15,4.14,123.473
4.14,0,0,0,0,4.14,4.14,-0.15,4.14,123.468
4.14,0,0,0,0,4.14,4.14,-0.15,4.14,123.468
4.14,0,0,0,0,4.14,4.14,0.45,4.14,123.468
4.14,0,0,0,0,4.14,4.14,0.45,4.14,123.473
4.14,0,0,0,0,4.14,4.14,0.52,4.14,123.473
4.14,0,0,0,0,4.14,4.14,0.52,4.14,123.473
4.14,0,0,0,0,4.14,4.14,-0.02,4.14,123.473
4.14,0,0,0,0,4.14,4.14,-0.02,4.14,123.473
4.14,0,0,0,0,4.14,4.14,0.09,4.14,123.462
4.14,0,0,0,0,4.14,4.14,0.09,4.14,123.462
4.14,0,0,0,0,4.14,4.14,0.09,4.14,123.462
4.14,0,0,0,0,4.14,4.14,0.09,4.14,123.473
4.14,0,0,0,0,4.14,4.14,-0.45,4.14,123.484
4.14,0,0,0,0,4.14,4.14,-0.45,4.14,123.484
4.14,0,0,0,0,4.14,4.14,-0.27,4.14,123.484
4.14,0,0,0,0,4.14,4.14,-0.27,4.14,123.473
4.14,0,0,0,0,4.14,4.14,-0.21,4.14,123.473
4.14,0,0,0,0,4.14,4.14,-0.21,4.14,123.473
4.14,0,0,0,0,4.14,4.14,0.21,4.14,123.473
4.14,0,0,0,0,4.14,4.14,0.21,4.14,123.479
4.14,0,0,0,0,4.14,4.14,0.15,4.14,123.473
4.14,0,0,0,0,4.14,4.14,0.15,4.14,123.473
4.14,0,0,0,0,4.14,4.14,0.03,4.14,123.473
4.14,0,0,0,0,4.14,4.14,0.03,4.14,123.468
4.14,0,0,0,0,4.14,4.14,0.09,4.14,123.479
4.14,0,0,0,0,4.14,4.14,0.09,4.14,123.479
4.14,0,0,0,0,4.14,4.14,0.21,4.14,123.479
4.14,0,0,0,0,4.14,4.14,0.21,4.14,123.473
4.14,0,0,0,0,4.14,4.14,-0.39,4.14,123.473
4.14,0,0,0,0,4.14,4.14,-0.39,4.14,123.473
4.14,0,0,0,0,4.14,4.14,-0.39,4.14,123.473
4.14,0,0,0,0,4.14,4.14,-0.39,4.14,123.462
4.14,0,0,0,0,4.14,4.14,0.33,4.14,123.473
4.14,0,0,0,0,4.14,4.14,0.33,4.14,123.473
4.14,0,0,0,0,4.14,4.14,0.15,4.14,123.473
4.14,0,0,0,0,4.14,4.14,0.15,4.14,123.473
4.14,0,0,0,0,4.14,4.14,-0.02,4.14,123.473
4.14,0,0,0,0,4.14,4.14,-0.02,4.14,123.473
4.14,0,0,0,0,4.14,4.14,0.03,4.14,123.473
4.14,0,0,0,0,4.14,4.14,0.03,4.14,123.468
4.14,0,0,0,0,4.14,4.14,0.33,4.14,123.473
4.14,0,0,0,0,4.14,4.14,0.33,4.14,123.473
4.14,0,0,0,0,4.14,4.14,-0.33,4.14,123.473
4.14,0,0,0,0,4.14,4.14,-0.33,4.14,123.462
4.14,0,0,0,0,4.14,4.14,-0.02,4.14,123.468
4.14,0,0,0,0,4.14,4.14,-0.02,4.14,123.468
4.14,0,0,0,0,4.14,4.14,0.39,4.14,123.468
4.14,0,0,0,0,4.14,4.14,0.39,4.14,123.473
4.14,0,0,0,0,4.14,4.14,0.45,4.14,123.473
4.14,0,0,0,0,4.14,4.14,0.45,4.14,123.473
4.14,0,0,0,0,4.14,4.14,-0.21,4.14,123.473
4.14,0,0,0,0,4.14,4.14,-0.21,4.14,123.473
4.14,0,0,0,0,4.14,4.14,-0.09,4.14,123.473
4.14,0,0,0,0,4.14,4.14,-0.09,4.14,123.473
4.14,0,0,0,0,4.14,4.14,-0.33,4.14,123.473
4.14,0,0,0,0,4.14,4.14,-0.33,4.14,123.468
4.14,0,0,0,0,4.14,4.14,-0.15,4.14,123.468
4.14,0,0,0,0,4.14,4.14,-0.15,4.14,123.468
4.14,0,0,0,0,4.14,4.14,-0.02,4.14,123.468
4.14,0,0,0,0,4.14,4.14,-0.02,4.14,123.468
4.14,0,0,0,0,4.14,4.14,0.39,4.14,123.473
4.14,0,0,0,0,4.14,4.14,0.39,4.14,123.473
4.14,0,0,0,0,4.14,4.14,-0.02,4.14,123.473
4.14,0,0,0,0,4.14,4.14,-0.02,4.14,123.473
4.14,0,0,0,0,4.14,4.14,-0.45,4.14,123.473
4.14,0,0,0,0,4.14,4.14,-0.45,4.14,123.473
4.14,0,0,0,0,4.14,4.14,0.03,4.14,123.473
4.14,0,0,0,0,4.14,4.14,0.03,4.14,123.473
4.14,0,0,0,0,4.14,4.14,0.39,4.14,123.473
4.14,0,0,0,0,4.14,4.14,0.39,4.14,123.473
4.14,0,0,0,0,4.14,4.14,0.21,4.14,123.473
4.14,0,0,0,0,4.14,4.14,0.21,4.14,123.468
4.14,0,0,0,0,4.14,4.14,-0.27,4.14,123.473
4.14,0,0,0,0,4.14,4.14,-0.27,4.14,123.473
4.14,0,0,0,0,4.14,4.14,-0.33,4.14,123.473
4.14,0,0,0,0,4.14,4.14,-0.33,4.14,123.468
4.14,0,0,0,0,4.14,4.14,0.45,4.14,123.473
4.14,0,0,0,0,4.14,4.14,0.45,4.14,123.473
4.14,0,0,0,0,4.14,4.14,-0.15,4.14,123.473
4.14,0,0,0,0,4.14,4.14,-0.15,4.14,123.473
4.14,0,0,0,0,4.14,4.14,-0.21,4.14,123.473
4.14,0,0,0,0,4.14,4.14,-0.21,4.14,123.473
4.14,0,0,0,0,4.14,4.14,0.03,4.14,123.473
4.14,0,0,0,0,4.14,4.14,0.03,4.14,123.473
4.14,0,0,0,0,4.14,4.14,0.03,4.14,123.473
4.14,0,0,0,0,4.14,4.14,0.03,4.14,123.473
4.14,0,0,0,0,4.14,4.14,0.15,4.14,123.473
4.14,0,0,0,0,4.14,4.14,0.15,4.14,123.462
4.14,0,0,0,0,4.14,4.14,0.21,4.14,123.462
4.14,0,0,0,0,4.14,4.14,0.21,4.14,123.462
4.14,0,0,0,0,4.14,4.14,0.03,4.14,123.462
4.14,0,0,0,0,4.14,4.14,0.03,4.14,123.462
4.14,0,0,0,0,4.14,4.14,-0.02,4.14,123.473
4.14,0,0,0,0,4.14,4.14,-0.02,4.14,123.473
4.14,0,0,0,0,4.14,4.14,-0.02,4.14,123.473
4.14,0,0,0,0,4.14,4.14,-0.02,4.14,123.468
4.14,0,0,0,0,4.14,4.14,0.45,4.14,123.468
4.14,0,0,0,0,4.14,4.14,0.45,4.14,123.468
4.14,0,0,0,0,4.14,4.14,0.27,4.14,123.468
4.14,0,0,0,0,4.14,4.14,0.27,4.14,123.473
4.14,0,0,0,0,4.14,4.14,0.21,4.14,123.473
4.14,0,0,0,0,4.14,4.14,0.21,4.14,123.473
4.14,0,0,0,0,4.14,4.14,-0.09,4.14,123.473
4.14,0,0,0,0,4.14,4.14,-0.09,4.14,123.468
4.14,0,0,0,0,4.14,4.14,-0.27,4.14,123.473
4.14,0,0,0,0,4.14,4.14,-0.27,4.14,123.473
4.14,0,0,0,0,4.14,4.14,0.15,4.14,123.473
4.14,0,0,0,0,4.14,4.14,0.15,4.14,123.473
4.14,0,0,0,0,4.14,4.14,0.15,4.14,123.473
4.14,0,0,0,0,4.14,4.14,0.15,4.14,123.473
4.14,0,0,0,0,4.14,4.14,-0.02,4.14,123.473
4.14,0,0,0,0,4.14,4.14,-0.02,4.14,123.473
4.14,0,0,0,0,4.14,4.14,0.03,4.14,123.468
4.14,0,0,0,0,4.14,4.14,0.03,4.14,123.468
4.14,0,0,0,0,4.14,4.14,0.09,4.14,123.468
4.14,0,0,0,0,4.14,4.14,0.09,4.14,123.468
4.14,0,0,0,0,4.14,4.14,-0.45,4.14,123.473
4.14,0,0,0,0,4.14,4.14,-0.45,4.14,123.473
4.14,0,0,0,0,4.14,4.14,-0.27,4.14,123.473
4.14,0,0,0,0,4.14,4.14,-0.27,4.14,123.473
4.14,0,0,0,0,4.14,4.14,-0.57,4.14,123.462
4.14,0,0,0,0,4.14,4.14,-0.57,4.14,123.462
4.14,0,0,0,0,4.14,4.14,-0.02,4.14,123.462
4.14,0,0,0,0,4.14,4.14,-0.02,4.14,123.468
4.14,0,0,0,0,4.14,4.14,0.33,4.14,123.468
4.14,0,0,0,0,4.14,4.14,0.33,4.14,123.468
4.14,0,0,0,0,4.14,4.14,-0.39,4.14,123.468
4.14,0,0,0,0,4.14,4.14,-0.39,4.14,123.473
4.14,0,0,0,0,4.14,4.14,-0.57,4.14,123.468
4.14,0,0,0,0,4.14,4.14,-0.57,4.14,123.468
4.14,0,0,0,0,4.14,4.14,-0.21,4.14,123.468
4.14,0,0,0,0,4.14,4.14,-0.21,4.14,123.473
4.14,0,0,0,0,4.14,4.14,0.33,4.14,123.473
4.14,0,0,0,0,4.14,4.14,0.33,4.14,123.473
4.14,0,0,0,0,4.14,4.14,0.45,4.14,123.473
4.14,0,0,0,0,4.14,4.14,0.45,4.14,123.473
4.14,0,0,0,0,4.14,4.14,0.15,4.14,123.473
4.14,0,0,0,0,4.14,4.14,0.15,4.14,123.473
4.14,0,0,0,0,4.14,4.14,0.33,4.14,123.473
4.14,0,0,0,0,4.14,4.14,0.33,4.14,123.473
4.14,0,0,0,0,4.14,4.14,-0.27,4.14,123.473
4.14,0,0,0,0,4.14,4.14,-0.27,4.14,123.473
4.14,0,0,0,0,4.14,4.14,-0.15,4.14,123.473
4.14,0,0,0,0,4.14,4.14,-0.15,4.14,123.473
4.14,0,0,0,0,4.14,4.14,-0.33,4.14,123.473
4.14,0,0,0,0,4.14,4.14,-0.33,4.14,123.473
4.14,0,0,0,0,4.14,4.14,0.15,4.14,123.473
4.14,0,0,0,0,4.14,4.14,0.15,4.14,123.473
4.14,0,0,0,0,4.14,4.14,0.03,4.14,123.473
4.14,0,0,0,0,4.14,4.14,0.03,4.14,123.473
4.14,0,0,0,0,4.14,4.14,-0.33,4.14,123.473
4.14,0,0,0,0,4.14,4.14,-0.33,4.14,123.473
4.14,0,0,0,0,4.14,4.14,-0.21,4.14,123.473
4.14,0,0,0,0,4.14,4.14,-0.21,4.14,123.473
4.14,0,0,0,0,4.14,4.14,0.27,4.14,123.473
4.14,0,0,0,0,4.14,4.14,0.27,4.14,123.473
4.14,0,0,0,0,4.14,4.14,-0.02,4.14,123.468
4.14,0,0,0,0,4.14,4.14,-0.02,4.14,123.468
4.14,0,0,0,0,4.14,4.14,-0.21,4.14,123.468
4.14,0,0,0,0,4.14,4.14,-0.21,4.14,123.473
4.14,0,0,0,0,4.14,4.14,-0.21,4.14,123.468
4.14,0,0,0,0,4.14,4.14,-0.21,4.14,123.468
4.14,0,0,0,0,4.14,4.14,-0.27,4.14,123.468
4.14,0,0,0,0,4.14,4.14,-0.27,4.14,123.468
4.14,0,0,0,0,4.14,4.14,-0.39,4.14,123.473
4.14,0,0,0,0,4.14,4.14,-0.39,4.14,123.473
4.14,0,0,0,0,4.14,4.14,0.33,4.14,123.473
4.14,0,0,0,0,4.14,4.14,0.33,4.14,123.468
4.14,0,0,0,0,4.14,4.14,0.27,4.14,123.473
4.14,0,0,0,0,4.14,4.14,0.27,4.14,123.473
4.14,0,0,0,0,4.14,4.14,0.45,4.14,123.473
4.14,0,0,0,0,4.14,4.14,0.45,4.14,123.473
4.14,0,0,0,0,4.14,4.14,-0.02,4.14,123.462
4.14,0,0,0,0,4.14,4.14,-0.02,4.14,123.462
4.14,0,0,0,0,4.14,4.14,-0.33,4.14,123.462
4.14,0,0,0,0,4.14,4.14,-0.33,4.14,123.473
4.14,0,0,0,0,4.14,4.14,-0.15,4.14,123.479
4.14,0,0,0,0,4.14,4.14,-0.15,4.14,123.479
4.14,0,0,0,0,4.14,4.14,-0.02,4.14,123.479
4.14,0,0,0,0,4.14,4.14,-0.02,4.14,123.479
4.14,0,0,0,0,4.14,4.14,-0.09,4.14,123.473
4.14,0,0,0,0,4.14,4.14,-0.09,4.14,123.473
4.14,0,0,0,0,4.14,4.14,-0.02,4.14,123.473
4.14,0,0,0,0,4.14,4.14,-0.02,4.14,123.468
4.14,0,0,0,0,4.14,4.14,0.39,4.14,123.468
4.14,0,0,0,0,4.14,4.14,0.39,4.14,123.468
4.14,0,0,0,0,4.14,4.14,-0.21,4.14,123.468
4.14,0,0,0,0,4.14,4.14,-0.21,4.14,123.473
4.14,0,0,0,0,4.14,4.14,-0.15,4.14,123.462
4.14,0,0,0,0,4.14,4.14,-0.15,4.14,123.462
4.14,0,0,0,0,4.14,4.14,0.21,4.14,123.462
4.14,0,0,0,0,4.14,4.14,0.21,4.14,123.473
4.14,0,0,0,0,4.14,4.14,-0.21,4.14,123.468
4.14,0,0,0,0,4.14,4.14,-0.21,4.14,123.468
4.14,0,0,0,0,4.14,4.14,0.27,4.14,123.468
4.14,0,0,0,0,4.14,4.14,0.27,4.14,123.473
4.14,0,0,0,0,4.14,4.14,0.27,4.14,123.473
4.14,0,0,0,0,4.14,4.14,0.27,4.14,123.473
4.14,0,0,0,0,4.14,4.14,0.21,4.14,123.473
4.14,0,0,0,0,4.14,4.14,0.21,4.14,123.468
4.14,0,0,0,0,4.14,4.14,0.27,4.14,123.462
4.14,0,0,0,0,4.14,4.14,0.27,4.14,123.462
4.14,0,0,0,0,4.14,4.14,-0.27,4.14,123.462
4.14,0,0,0,0,4.14,4.14,-0.27,4.14,123.473
4.14,0,0,0,0,4.14,4.14,-0.27,4.14,123.468
4.14,0,0,0,0,4.14,4.14,-0.27,4.14,123.468
4.14,0,0,0,0,4.14,4.14,0.09,4.14,123.468
4.14,0,0,0,0,4.14,4.14,0.09,4.14,123.473
4.14,0,0,0,0,4.14,4.14,0.21,4.14,123.473
4.14,0,0,0,0,4.14,4.14,0.21,4.14,123.473
4.14,0,0,0,0,4.14,4.14,-0.33,4.14,123.473
4.14,0,0,0,0,4.14,4.14,-0.33,4.14,123.473
4.14,0,0,0,0,4.14,4.14,-0.51,4.14,123.468
4.14,0,0,0,0,4.14,4.14,-0.51,4.14,123.468
4.14,0,0,0,0,4.14,4.14,-0.15,4.14,123.468
4.14,0,0,0,0,4.14,4.14,-0.15,4.14,123.479
4.14,0,0,0,0,4.14,4.14,0.03,4.14,123.473
4.14,0,0,0,0,4.14,4.14,0.03,4.14,123.473
4.14,0,0,0,0,4.14,4.14,0.27,4.14,123.473
4.14,0,0,0,0,4.14,4.14,0.27,4.14,123.473
4.14,0,0,0,0,4.14,4.14,0.15,4.14,123.473
4.14,0,0,0,0,4.14,4.14,0.15,4.14,123.473
4.14,0,0,0,0,4.14,4.14,0.09,4.14,123.473
4.14,0,0,0,0,4.14,4.14,0.09,4.14,123.468
4.14,0,0,0,0,4.14,4.14,-0.15,4.14,123.473
4.14,0,0,0,0,4.14,4.14,-0.15,4.14,123.473
4.14,0,0,0,0,4.14,4.14,0.03,4.14,123.473
4.14,0,0,0,0,4.14,4.14,0.03,4.14,123.473
4.14,0,0,0,0,4.14,4.14,-0.02,4.14,123.473
4.14,0,0,0,0,4.14,4.14,-0.02,4.14,123.473
4.14,0,0,0,0,4.14,4.14,0.03,4.14,123.473
4.14,0,0,0,0,4.14,4.14,0.03,4.14,123.468
4.14,0,0,0,0,4.14,4.14,0.39,4.14,123.473
4.14,0,0,0,0,4.14,4.14,0.39,4.14,123.473
4.14,0,0,0,0,4.14,4.14,0.27,4.14,123.473
4.14,0,0,0,0,4.14,4.14,0.27,4.14,123.462
4.14,0,0,0,0,4.14,4.14,0.09,4.14,123.473
4.14,0,0,0,0,4.14,4.14,0.09,4.14,123.473
4.14,0,0,0,0,4.14,4.14,-0.39,4.14,123.473
4.14,0,0,0,0,4.14,4.14,-0.39,4.14,123.479
4.14,0,0,0,0,4.14,4.14,-0.21,4.14,123.473
4.14,0,0,0,0,4.14,4.14,-0.21,4.14,123.473
4.14,0,0,0,0,4.14,4.14,0.58,4.14,123.473
4.14,0,0,0,0,4.14,4.14,0.58,4.14,123.473
4.14,0,0,0,0,4.14,4.14,0.03,4.14,123.479
4.14,0,0,0,0,4.14,4.14,0.03,4.14,123.479
4.14,0,0,0,0,4.14,4.14,-0.45,4.14,123.479
4.14,0,0,0,0,4.14,4.14,-0.45,4.14,123.468
4.14,0,0,0,0,4.14,4.14,0.03,4.14,123.462
4.14,0,0,0,0,4.14,4.14,0.03,4.14,123.462
4.14,0,0,0,0,4.14,4.14,-0.45,4.14,123.462
4.14,0,0,0,0,4.14,4.14,-0.45,4.14,123.473
4.14,0,0,0,0,4.14,4.14,0.33,4.14,123.468
4.14,0,0,0,0,4.14,4.14,0.33,4.14,123.468
4.14,0,0,0,0,4.14,4.14,0.33,4.14,123.468
4.14,0,0,0,0,4.14,4.14,0.33,4.14,123.473
4.14,0,0,0,0,4.14,4.14,-0.15,4.14,123.462
4.14,0,0,0,0,4.14,4.14,-0.15,4.14,123.462
4.14,0,0,0,0,4.14,4.14,0.09,4.14,123.462
4.14,0,0,0,0,4.14,4.14,0.09,4.14,123.479
4.14,0,0,0,0,4.14,4.14,-0.27,4.14,123.473
4.14,0,0,0,0,4.14,4.14,-0.27,4.14,123.473
4.14,0,0,0,0,4.14,4.14,0.03,4.14,123.473
4.14,0,0,0,0,4.14,4.14,0.03,4.14,123.462
4.14,0,0,0,0,4.14,4.14,-0.02,4.14,123.484
4.14,0,0,0,0,4.14,4.14,-0.02,4.14,123.484
4.14,0,0,0,0,4.14,4.14,-0.33,4.14,123.484
4.14,0,0,0,0,4.14,4.14,-0.33,4.14,123.473
4.14,0,0,0,0,4.14,4.14,0.09,4.14,123.468
4.14,0,0,0,0,4.14,4.14,0.09,4.14,123.468
4.14,0,0,0,0,4.14,4.14,0.58,4.14,123.468
4.14,0,0,0,0,4.14,4.14,0.58,4.14,123.468
4.14,0,0,0,0,4.14,4.14,0.09,4.14,123.473
4.14,0,0,0,0,4.14,4.14,0.09,4.14,123.473
4.14,0,0,0,0,4.14,4.14,0.45,4.14,123.473
4.14,0,0,0,0,4.14,4.14,0.45,4.14,123.468
4.14,0,0,0,0,4.14,4.14,0.76,4.14,123.462
4.14,0,0,0,0,4.14,4.14,0.76,4.14,123.462
4.14,0,0,0,0,4.14,4.14,-0.02,4.14,123.462
4.14,0,0,0,0,4.14,4.14,-0.02,4.14,123.473
4.14,0,0,0,0,4.14,4.14,-0.51,4.14,123.473
4.14,0,0,0,0,4.14,4.14,-0.51,4.14,123.473
4.14,0,0,0,0,4.14,4.14,-0.33,4.14,123.473
4.14,0,0,0,0,4.14,4.14,-0.33,4.14,123.473
4.14,0,0,0,0,4.14,4.14,0.21,4.14,123.473
4.14,0,0,0,0,4.14,4.14,0.21,4.14,123.473
4.14,0,0,0,0,4.14,4.14,0.64,4.14,123.473
4.14,0,0,0,0,4.14,4.14,0.64,4.14,123.473
4.14,0,0,0,0,4.14,4.14,-0.21,4.14,123.462
4.14,0,0,0,0,4.14,4.14,-0.21,4.14,123.462
4.14,0,0,0,0,4.14,4.14,-0.57,4.14,123.462
4.14,0,0,0,0,4.14,4.14,-0.57,4.14,123.473
4.14,0,0,0,0,4.14,4.14,0.09,4.14,123.468
4.14,0,0,0,0,4.14,4.14,0.09,4.14,123.468
4.14,0,0,0,0,4.14,4.14,0.27,4.14,123.468
4.14,0,0,0,0,4.14,4.14,0.27,4.14,123.462
4.14,0,0,0,0,4.14,4.14,0.21,4.14,123.473
4.14,0,0,0,0,4.14,4.14,0.21,4.14,123.473
4.14,0,0,0,0,4.14,4.14,0.39,4.14,123.473
4.14,0,0,0,0,4.14,4.14,0.39,4.14,123.462
4.14,0,0,0,0,4.14,4.14,0.52,4.14,123.462
4.14,0,0,0,0,4.14,4.14,0.52,4.14,123.462
4.14,0,0,0,0,4.14,4.14,-0.33,4.14,123.462
4.14,0,0,0,0,4.14,4.14,-0.33,4.14,123.462
4.14,0,0,0,0,4.14,4.14,-0.09,4.14,123.468
4.14,0,0,0,0,4.14,4.14,-0.09,4.14,123.468
4.14,0,0,0,0,4.14,4.14,0.15,4.14,123.468
4.14,0,0,0,0,4.14,4.14,0.15,4.14,123.473
4.14,0,0,0,0,4.14,4.14,0.03,4.14,123.473
4.14,0,0,0,0,4.14,4.14,0.03,4.14,123.473
4.14,0,0,0,0,4.14,4.14,0.09,4.14,123.473
4.14,0,0,0,0,4.14,4.14,0.09,4.14,123.473
4.14,0,0,0,0,4.14,4.14,0.09,4.14,123.468
4.14,0,0,0,0,4.14,4.14,0.09,4.14,123.468
4.14,0,0,0,0,4.14,4.14,-0.27,4.14,123.468
4.14,0,0,0,0,4.14,4.14,-0.27,4.14,123.473
4.14,0,0,0,0,4.14,4.14,-0.39,4.14,123.473
4.14,0,0,0,0,4.14,4.14,-0.39,4.14,123.473
4.14,0,0,0,0,4.14,4.14,0.03,4.14,123.473
4.14,0,0,0,0,4.14,4.14,0.03,4.14,123.473
4.14,0,0,0,0,4.14,4.14,0.03,4.14,123.473
4.14,0,0,0,0,4.14,4.14,0.03,4.14,123.473
4.14,0,0,0,0,4.14,4.14,0.33,4.14,123.473
4.14,0,0,0,0,4.14,4.14,0.33,4.14,123.468
4.14,0,0,0,0,4.14,4.14,0.15,4.14,123.473
4.14,0,0,0,0,4.14,4.14,0.15,4.14,123.473
4.14,0,0,0,0,4.14,4.14,-0.27,4.14,123.473
4.14,0,0,0,0,4.14,4.14,-0.27,4.14,123.473
4.14,0,0,0,0,4.14,4.14,0.21,4.14,123.473
4.14,0,0,0,0,4.14,4.14,0.21,4.14,123.473
4.14,0,0,0,0,4.14,4.14,-0.33,4.14,123.473
4.14,0,0,0,0,4.14,4.14,-0.33,4.14,123.468
4.14,0,0,0,0,4.14,4.14,-0.51,4.14,123.462
4.14,0,0,0,0,4.14,4.14,-0.51,4.14,123.462
4.14,0,0,0,0,4.14,4.14,-0.27,4.14,123.462
4.14,0,0,0,0,4.14,4.14,-0.27,4.14,123.468
4.14,0,0,0,0,4.14,4.14,0.64,4.14,123.473
4.14,0,0,0,0,4.14,4.14,0.64,4.14,123.473
4.14,0,0,0,0,4.14,4.14,0.33,4.14,123.473
4.14,0,0,0,0,4.14,4.14,0.33,4.14,123.468
4.14,0,0,0,0,4.14,4.14,-0.27,4.14,123.462
4.14,0,0,0,0,4.14,4.14,-0.27,4.14,123.462
4.14,0,0,0,0,4.14,4.14,0.03,4.14,123.462
4.14,0,0,0,0,4.14,4.14,0.03,4.14,123.462
4.14,0,0,0,0,4.14,4.14,0.27,4.14,123.462
4.14,0,0,0,0,4.14,4.14,0.27,4.14,123.462
4.14,0,0,0,0,4.14,4.14,0.03,4.14,123.462
4.14,0,0,0,0,4.14,4.14,0.03,4.14,123.473
4.14,0,0,0,0,4.14,4.14,0.15,4.14,123.473
4.14,0,0,0,0,4.14,4.14,0.15,4.14,123.473
4.14,0,0,0,0,4.14,4.14,0.09,4.14,123.473
4.14,0,0,0,0,4.14,4.14,0.09,4.14,123.468
4.14,0,0,0,0,4.14,4.14,0.21,4.14,123.479
4.14,0,0,0,0,4.14,4.14,0.21,4.14,123.479
4.14,0,0,0,0,4.14,4.14,0.15,4.14,123.479
4.14,0,0,0,0,4.14,4.14,0.15,4.14,123.468
4.14,0,0,0,0,4.14,4.14,-0.27,4.14,123.473
4.14,0,0,0,0,4.14,4.14,-0.27,4.14,123.473
4.14,0,0,0,0,4.14,4.14,0.09,4.15,123.473
4.15,0,0,0,0,4.15,4.15,0.09,4.15,123.462
4.15,0,0,0,0,4.15,4.15,0.03,4.15,123.457
4.15,0,0,0,0,4.15,4.15,0.03,4.15,123.457
4.15,0,0,0,0,4.15,4.15,-0.45,4.14,123.457
4.14,0,0,0,0,4.14,4.14,-0.45,4.14,123.462
4.14,0,0,0,0,4.14,4.14,-0.09,4.14,123.479
4.14,0,0,0,0,4.14,4.14,-0.09,4.14,123.479
4.14,0,0,0,0,4.14,4.14,-0.21,4.14,123.479
4.14,0,0,0,0,4.14,4.14,-0.21,4.14,123.473
4.14,0,0,0,0,4.14,4.14,-0.76,4.14,123.473
4.14,0,0,0,0,4.14,4.14,-0.76,4.14,123.473
4.14,0,0,0,0,4.14,4.14,-0.02,4.14,123.473
4.14,0,0,0,0,4.14,4.14,-0.02,4.14,123.468
4.14,0,0,0,0,4.14,4.14,-0.21,4.14,123.473
4.14,0,0,0,0,4.14,4.14,-0.21,4.14,123.473
4.14,0,0,0,0,4.14,4.14,-0.02,4.14,123.473
4.14,0,0,0,0,4.14,4.14,-0.02,4.14,123.473
4.14,0,0,0,0,4.14,4.14,0.15,4.14,123.473
4.14,0,0,0,0,4.14,4.14,0.15,4.14,123.473
4.14,0,0,0,0,4.14,4.14,0.15,4.14,123.473
4.14,0,0,0,0,4.14,4.14,0.15,4.14,123.473
4.14,0,0,0,0,4.14,4.14,-0.15,4.14,123.468
4.14,0,0,0,0,4.14,4.14,-0.15,4.14,123.468
4.14,0,0,0,0,4.14,4.14,-0.33,4.14,123.468
4.14,0,0,0,0,4.14,4.14,-0.33,4.14,123.473
4.14,0,0,0,0,4.14,4.14,-0.09,4.14,123.468
4.14,0,0,0,0,4.14,4.14,-0.09,4.14,123.468
4.14,0,0,0,0,4.14,4.14,-0.33,4.14,123.468
4.14,0,0,0,0,4.14,4.14,-0.33,4.14,123.473
4.14,0,0,0,0,4.14,4.14,-0.02,4.14,123.462
4.14,0,0,0,0,4.14,4.14,-0.02,4.14,123.462
4.14,0,0,0,0,4.14,4.14,-0.09,4.14,123.462
4.14,0,0,0,0,4.14,4.14,-0.09,4.14,123.473
4.14,0,0,0,0,4.14,4.14,0.15,4.14,123.473
4.14,0,0,0,0,4.14,4.14,0.15,4.14,123.473
4.14,0,0,0,0,4.14,4.14,-0.02,4.14,123.473
4.14,0,0,0,0,4.14,4.14,-0.02,4.14,123.473
4.14,0,0,0,0,4.14,4.14,0.33,4.14,123.468
4.14,0,0,0,0,4.14,4.14,0.33,4.14,123.468
4.14,0,0,0,0,4.14,4.14,0.21,4.14,123.468
4.14,0,0,0,0,4.14,4.14,0.21,4.14,123.468
4.14,0,0,0,0,4.14,4.14,-0.15,4.14,123.462
4.14,0,0,0,0,4.14,4.14,-0.15,4.14,123.462
4.14,0,0,0,0,4.14,4.14,-0.57,4.14,123.462
4.14,0,0,0,0,4.14,4.14,-0.57,4.14,123.468
4.14,0,0,0,0,4.14,4.14,-0.39,4.14,123.468
4.14,0,0,0,0,4.14,4.14,-0.39,4.14,123.468
4.14,0,0,0,0,4.14,4.14,-0.33,4.14,123.468
4.14,0,0,0,0,4.14,4.14,-0.33,4.14,123.462
4.14,0,0,0,0,4.14,4.14,0.33,4.14,123.462
4.14,0,0,0,0,4.14,4.14,0.33,4.14,123.462
4.14,0,0,0,0,4.14,4.14,-0.15,4.14,123.462
4.14,0,0,0,0,4.14,4.14,-0.15,4.14,123.473
4.14,0,0,0,0,4.14,4.14,-0.09,4.14,123.468
4.14,0,0,0,0,4.14,4.14,-0.09,4.14,123.468
4.14,0,0,0,0,4.14,4.14,-0.09,4.14,123.468
4.14,0,0,0,0,4.14,4.14,-0.09,4.14,123.468
4.14,0,0,0,0,4.14,4.14,0.33,4.14,123.473
4.14,0,0,0,0,4.14,4.14,0.33,4.14,123.473
4.14,0,0,0,0,4.14,4.14,0.09,4.14,123.473
4.14,0,0,0,0,4.14,4.14,0.09,4.14,123.468
4.14,0,0,0,0,4.14,4.14,0.21,4.14,123.473
4.14,0,0,0,0,4.14,4.14,0.21,4.14,123.473
4.14,0,0,0,0,4.14,4.14,0.21,4.14,123.473
4.14,0,0,0,0,4.14,4.14,0.21,4.14,123.468
4.14,0,0,0,0,4.14,4.14,0.27,4.14,123.468
4.14,0,0,0,0,4.14,4.14,0.27,4.14,123.468
4.14,0,0,0,0,4.14,4.14,-0.15,4.14,123.468
4.14,0,0,0,0,4.14,4.14,-0.15,4.14,123.473
4.14,0,0,0,0,4.14,4.14,-0.02,4.14,123.462
4.14,0,0,0,0,4.14,4.14,-0.02,4.14,123.462
4.14,0,0,0,0,4.14,4.14,0.27,4.14,123.462
4.14,0,0,0,0,4.14,4.14,0.27,4.14,123.473
4.14,0,0,0,0,4.14,4.14,-0.02,4.14,123.473
4.14,0,0,0,0,4.14,4.14,-0.02,4.14,123.473
4.14,0,0,0,0,4.14,4.14,-0.33,4.14,123.473
4.14,0,0,0,0,4.14,4.14,-0.33,4.14,123.479
4.14,0,0,0,0,4.14,4.14,0.15,4.14,123.473
4.14,0,0,0,0,4.14,4.14,0.15,4.14,123.473
4.14,0,0,0,0,4.14,4.14,-0.15,4.14,123.473
4.14,0,0,0,0,4.14,4.14,-0.15,4.14,123.468
4.14,0,0,0,0,4.14,4.14,0.64,4.14,123.468
4.14,0,0,0,0,4.14,4.14,0.64,4.14,123.468
4.14,0,0,0,0,4.14,4.14,0.33,4.14,123.468
4.14,0,0,0,0,4.14,4.14,0.33,4.14,123.473
4.14,0,0,0,0,4.14,4.14,-0.27,4.14,123.462
4.14,0,0,0,0,4.14,4.14,-0.27,4.14,123.462
4.14,0,0,0,0,4.14,4.14,0.09,4.14,123.462
4.14,0,0,0,0,4.14,4.14,0.09,4.14,123.473
4.14,0,0,0,0,4.14,4.14,0.03,4.14,123.473
4.14,0,0,0,0,4.14,4.14,0.03,4.14,123.473
4.14,0,0,0,0,4.14,4.14,-0.33,4.14,123.473
4.14,0,0,0,0,4.14,4.14,-0.33,4.14,123.479
4.14,0,0,0,0,4.14,4.14,0.15,4.14,123.473
4.14,0,0,0,0,4.14,4.14,0.15,4.14,123.473
4.14,0,0,0,0,4.14,4.14,0.21,4.14,123.473
4.14,0,0,0,0,4.14,4.14,0.21,4.14,123.462
4.14,0,0,0,0,4.14,4.14,0.09,4.14,123.462
4.14,0,0,0,0,4.14,4.14,0.09,4.14,123.462
4.14,0,0,0,0,4.14,4.14,-0.09,4.14,123.462
4.14,0,0,0,0,4.14,4.14,-0.09,4.14,123.462
4.14,0,0,0,0,4.14,4.14,0.21,4.14,123.473
4.14,0,0,0,0,4.14,4.14,0.21,4.14,123.473
4.14,0,0,0,0,4.14,4.14,-0.7,4.14,123.473
4.14,0,0,0,0,4.14,4.14,-0.7,4.14,123.473
4.14,0,0,0,0,4.14,4.14,-0.09,4.14,123.468
4.14,0,0,0,0,4.14,4.14,-0.09,4.14,123.468
4.14,0,0,0,0,4.14,4.14,-0.09,4.14,123.468
4.14,0,0,0,0,4.14,4.14,-0.09,4.14,123.473
4.14,0,0,0,0,4.14,4.14,0.33,4.14,123.468
4.14,0,0,0,0,4.14,4.14,0.33,4.14,123.468
4.14,0,0,0,0,4.14,4.14,0.33,4.14,123.468
4.14,0,0,0,0,4.14,4.14,0.33,4.14,123.468
4.14,0,0,0,0,4.14,4.14,-0.15,4.14,123.473
4.14,0,0,0,0,4.14,4.14,-0.15,4.14,123.473
4.14,0,0,0,0,4.14,4.14,0.15,4.14,123.473
4.14,0,0,0,0,4.14,4.14,0.15,4.14,123.479
4.14,0,0,0,0,4.14,4.14,-0.02,4.14,123.473
4.14,0,0,0,0,4.14,4.14,-0.02,4.14,123.473
4.14,0,0,0,0,4.14,4.14,-0.21,4.14,123.473
4.14,0,0,0,0,4.14,4.14,-0.21,4.14,123.468
4.14,0,0,0,0,4.14,4.14,0.15,4.14,123.473
4.14,0,0,0,0,4.14,4.14,0.15,4.14,123.473
4.14,0,0,0,0,4.14,4.14,-0.02,4.14,123.473
4.14,0,0,0,0,4.14,4.14,-0.02,4.14,123.468
4.14,0,0,0,0,4.14,4.14,-0.57,4.14,123.468
4.14,0,0,0,0,4.14,4.14,-0.57,4.14,123.468
4.14,0,0,0,0,4.14,4.14,0.21,4.14,123.468
4.14,0,0,0,0,4.14,4.14,0.21,4.14,123.473
4.14,0,0,0,0,4.14,4.14,0.39,4.14,123.479
4.14,0,0,0,0,4.14,4.14,0.39,4.14,123.479
4.14,0,0,0,0,4.14,4.14,-0.09,4.14,123.479
4.14,0,0,0,0,4.14,4.14,-0.09,4.14,123.468
4.14,0,0,0,0,4.14,4.14,-0.33,4.14,123.473
4.14,0,0,0,0,4.14,4.14,-0.33,4.14,123.473
4.14,0,0,0,0,4.14,4.14,0.09,4.14,123.473
4.14,0,0,0,0,4.14,4.14,0.09,4.14,123.462
4.14,0,0,0,0,4.14,4.14,0.58,4.14,123.468
4.14,0,0,0,0,4.14,4.14,0.58,4.14,123.468
4.14,0,0,0,0,4.14,4.14,-0.33,4.14,123.468
4.14,0,0,0,0,4.14,4.14,-0.33,4.14,123.473
4.14,0,0,0,0,4.14,4.14,0.15,4.14,123.473
4.14,0,0,0,0,4.14,4.14,0.15,4.14,123.473
4.14,0,0,0,0,4.14,4.14,0.33,4.14,123.473
4.14,0,0,0,0,4.14,4.14,0.33,4.14,123.473
4.14,0,0,0,0,4.14,4.14,0.27,4.14,123.473
4.14,0,0,0,0,4.14,4.14,0.27,4.14,123.473
4.14,0,0,0,0,4.14,4.14,-0.27,4.14,123.473
4.14,0,0,0,0,4.14,4.14,-0.27,4.14,123.473
4.14,0,0,0,0,4.14,4.14,-0.09,4.14,123.468
4.14,0,0,0,0,4.14,4.14,-0.09,4.14,123.468
4.14,0,0,0,0,4.14,4.14,-0.21,4.14,123.468
4.14,0,0,0,0,4.14,4.14,-0.21,4.14,123.468
4.14,0,0,0,0,4.14,4.14,0.15,4.14,123.473
4.14,0,0,0,0,4.14,4.14,0.15,4.14,123.473
4.14,0,0,0,0,4.14,4.14,-0.02,4.14,123.473
4.14,0,0,0,0,4.14,4.14,-0.02,4.14,123.473
4.14,0,0,0,0,4.14,4.14,-0.09,4.14,123.462
4.14,0,0,0,0,4.14,4.14,-0.09,4.14,123.462
4.14,0,0,0,0,4.14,4.14,0.21,4.14,123.462
4.14,0,0,0,0,4.14,4.14,0.21,4.14,123.473
4.14,0,0,0,0,4.14,4.14,0.88,4.14,123.473
4.14,0,0,0,0,4.14,4.14,0.88,4.14,123.473
4.14,0,0,0,0,4.14,4.14,-0.15,4.14,123.473
4.14,0,0,0,0,4.14,4.14,-0.15,4.14,123.468
4.14,0,0,0,0,4.14,4.14,-0.57,4.14,123.462
4.14,0,0,0,0,4.14,4.14,-0.57,4.14,123.462
4.14,0,0,0,0,4.14,4.14,-0.02,4.14,123.462
4.14,0,0,0,0,4.14,4.14,-0.02,4.14,123.468
4.14,0,0,0,0,4.14,4.14,0.03,4.14,123.468
4.14,0,0,0,0,4.14,4.14,0.03,4.14,123.468
4.14,0,0,0,0,4.14,4.14,-0.09,4.14,123.468
4.14,0,0,0,0,4.14,4.14,-0.09,4.14,123.473
4.14,0,0,0,0,4.14,4.14,0.39,4.14,123.468
4.14,0,0,0,0,4.14,4.14,0.39,4.14,123.468
4.14,0,0,0,0,4.14,4.14,0.27,4.14,123.468
4.14,0,0,0,0,4.14,4.14,0.27,4.14,123.468
4.14,0,0,0,0,4.14,4.14,-0.21,4.14,123.468
4.14,0,0,0,0,4.14,4.14,-0.21,4.14,123.468
4.14,0,0,0,0,4.14,4.14,-0.02,4.14,123.468
4.14,0,0,0,0,4.14,4.14,-0.02,4.14,123.462
4.14,0,0,0,0,4.14,4.14,-0.09,4.14,123.468
4.14,0,0,0,0,4.14,4.14,-0.09,4.14,123.468
4.14,0,0,0,0,4.14,4.14,-0.09,4.14,123.468
4.14,0,0,0,0,4.14,4.14,-0.09,4.14,123.468
4.14,0,0,0,0,4.14,4.14,0.21,4.14,123.473
4.14,0,0,0,0,4.14,4.14,0.21,4.14,123.473
4.14,0,0,0,0,4.14,4.14,-0.15,4.14,123.473
4.14,0,0,0,0,4.14,4.14,-0.15,4.14,123.473
4.14,0,0,0,0,4.14,4.14,0.09,4.14,123.473
4.14,0,0,0,0,4.14,4.14,0.09,4.14,123.473
4.14,0,0,0,0,4.14,4.14,0.03,4.14,123.473
4.14,0,0,0,0,4.14,4.14,0.03,4.14,123.468
4.14,0,0,0,0,4.14,4.14,-0.09,4.14,123.473
4.14,0,0,0,0,4.14,4.14,-0.09,4.14,123.473
4.14,0,0,0,0,4.14,4.14,0.03,4.14,123.473
4.14,0,0,0,0,4.14,4.14,0.03,4.14,123.468
4.14,0,0,0,0,4.14,4.14,-0.39,4.14,123.468
4.14,0,0,0,0,4.14,4.14,-0.39,4.14,123.468
4.14,0,0,0,0,4.14,4.14,0.03,4.14,123.468
4.14,0,0,0,0,4.14,4.14,0.03,4.14,123.473
4.14,0,0,0,0,4.14,4.14,0.21,4.14,123.468
4.14,0,0,0,0,4.14,4.14,0.21,4.14,123.468
4.14,0,0,0,0,4.14,4.14,0.09,4.14,123.468
4.14,0,0,0,0,4.14,4.14,0.09,4.14,123.473
4.14,0,0,0,0,4.14,4.14,0.27,4.14,123.462
4.14,0,0,0,0,4.14,4.14,0.27,4.14,123.462
4.14,0,0,0,0,4.14,4.14,0.27,4.14,123.462
4.14,0,0,0,0,4.14,4.14,0.27,4.14,123.462
4.14,0,0,0,0,4.14,4.14,-0.02,4.14,123.473
4.14,0,0,0,0,4.14,4.14,-0.02,4.14,123.473
4.14,0,0,0,0,4.14,4.14,0.27,4.14,123.473
4.14,0,0,0,0,4.14,4.14,0.27,4.14,123.468
4.14,0,0,0,0,4.14,4.14,-0.33,4.14,123.462
4.14,0,0,0,0,4.14,4.14,-0.33,4.14,123.462
4.14,0,0,0,0,4.14,4.14,0.03,4.14,123.462
4.14,0,0,0,0,4.14,4.14,0.03,4.14,123.473
4.14,0,0,0,0,4.14,4.14,-0.33,4.14,123.468
4.14,0,0,0,0,4.14,4.14,-0.33,4.14,123.468
4.14,0,0,0,0,4.14,4.14,-0.27,4.14,123.468
4.14,0,0,0,0,4.14,4.14,-0.27,4.14,123.473
4.14,0,0,0,0,4.14,4.14,0.21,4.14,123.468
4.14,0,0,0,0,4.14,4.14,0.21,4.14,123.468
4.14,0,0,0,0,4.14,4.14,0.09,4.14,123.468
4.14,0,0,0,0,4.14,4.14,0.09,4.14,123.468
4.14,0,0,0,0,4.14,4.14,0.21,4.14,123.473
4.14,0,0,0,0,4.14,4.14,0.21,4.14,123.473
4.14,0,0,0,0,4.14,4.14,-0.09,4.14,123.473
4.14,0,0,0,0,4.14,4.14,-0.09,4.14,123.468
4.14,0,0,0,0,4.14,4.14,-0.51,4.14,123.479
4.14,0,0,0,0,4.14,4.14,-0.51,4.14,123.479
4.14,0,0,0,0,4.14,4.14,0.03,4.14,123.479
4.14,0,0,0,0,4.14,4.14,0.03,4.14,123.468
4.14,0,0,0,0,4.14,4.14,0.21,4.14,123.473
4.14,0,0,0,0,4.14,4.14,0.21,4.14,123.473
4.14,0,0,0,0,4.14,4.14,-0.21,4.14,123.473
4.14,0,0,0,0,4.14,4.14,-0.21,4.14,123.484
4.14,0,0,0,0,4.14,4.14,0.15,4.14,123.473
4.14,0,0,0,0,4.14,4.14,0.15,4.14,123.473
4.14,0,0,0,0,4.14,4.14,0.33,4.14,123.473
4.14,0,0,0,0,4.14,4.14,0.33,4.14,123.473
4.14,0,0,0,0,4.14,4.14,0.03,4.14,123.473
4.14,0,0,0,0,4.14,4.14,0.03,4.14,123.473
4.14,0,0,0,0,4.14,4.14,0.27,4.14,123.473
4.14,0,0,0,0,4.14,4.14,0.27,4.14,123.473
4.14,0,0,0,0,4.14,4.14,-0.15,4.14,123.468
4.14,0,0,0,0,4.14,4.14,-0.15,4.14,123.468
4.14,0,0,0,0,4.14,4.14,-0.45,4.14,123.468
4.14,0,0,0,0,4.14,4.14,-0.45,4.14,123.468
4.14,0,0,0,0,4.14,4.14,0.09,4.14,123.468
4.14,0,0,0,0,4.14,4.14,0.09,4.14,123.468
4.14,0,0,0,0,4.14,4.14,0.03,4.14,123.468
4.14,0,0,0,0,4.14,4.14,0.03,4.14,123.473
4.14,0,0,0,0,4.14,4.14,-0.21,4.14,123.473
4.14,0,0,0,0,4.14,4.14,-0.21,4.14,123.473
4.14,0,0,0,0,4.14,4.14,-0.27,4.14,123.473
4.14,0,0,0,0,4.14,4.14,-0.27,4.14,123.473
4.14,0,0,0,0,4.14,4.14,0.09,4.14,123.473
4.14,0,0,0,0,4.14,4.14,0.09,4.14,123.473
4.14,0,0,0,0,4.14,4.14,0.39,4.14,123.473
4.14,0,0,0,0,4.14,4.14,0.39,4.14,123.473
4.14,0,0,0,0,4.14,4.14,0.03,4.14,123.468
4.14,0,0,0,0,4.14,4.14,0.03,4.14,123.468
4.14,0,0,0,0,4.14,4.14,-0.27,4.14,123.468
4.14,0,0,0,0,4.14,4.14,-0.27,4.14,123.468
4.14,0,0,0,0,4.14,4.14,-0.02,4.14,123.473
4.14,0,0,0,0,4.14,4.14,-0.02,4.14,123.473
4.14,0,0,0,0,4.14,4.14,-0.09,4.14,123.473
4.14,0,0,0,0,4.14,4.14,-0.09,4.14,123.468
4.14,0,0,0,0,4.14,4.14,-0.21,4.14,123.462
4.14,0,0,0,0,4.14,4.14,-0.21,4.14,123.462
4.14,0,0,0,0,4.14,4.14,-0.33,4.14,123.462
4.14,0,0,0,0,4.14,4.14,-0.33,4.14,123.462
4.14,0,0,0,0,4.14,4.14,0.33,4.14,123.462
4.14,0,0,0,0,4.14,4.14,0.33,4.14,123.462
4.14,0,0,0,0,4.14,4.14,0.45,4.14,123.462
4.14,0,0,0,0,4.14,4.14,0.45,4.14,123.473
4.14,0,0,0,0,4.14,4.14,-0.21,4.14,123.468
4.14,0,0,0,0,4.14,4.14,-0.21,4.14,123.468
4.14,0,0,0,0,4.14,4.14,-0.21,4.14,123.468
4.14,0,0,0,0,4.14,4.14,-0.21,4.14,123.462
4.14,0,0,0,0,4.14,4.14,0.15,4.14,123.473
4.14,0,0,0,0,4.14,4.14,0.15,4.14,123.473
4.14,0,0,0,0,4.14,4.14,-0.09,4.14,123.473
4.14,0,0,0,0,4.14,4.14,-0.09,4.14,123.473
4.14,0,0,0,0,4.14,4.14,-0.27,4.14,123.468
4.14,0,0,0,0,4.14,4.14,-0.27,4.14,123.468
4.14,0,0,0,0,4.14,4.14,0.03,4.14,123.468
4.14,0,0,0,0,4.14,4.14,0.03,4.14,123.462
4.14,0,0,0,0,4.14,4.14,0.27,4.14,123.473
4.14,0,0,0,0,4.14,4.14,0.27,4.14,123.473
4.14,0,0,0,0,4.14,4.14,0.03,4.14,123.473
4.14,0,0,0,0,4.14,4.14,0.03,4.14,123.468
4.14,0,0,0,0,4.14,4.14,-0.51,4.14,123.462
4.14,0,0,0,0,4.14,4.14,-0.51,4.14,123.462
4.14,0,0,0,0,4.14,4.14,0.15,4.14,123.462
4.14,0,0,0,0,4.14,4.14,0.15,4.14,123.473
4.14,0,0,0,0,4.14,4.14,0.27,4.14,123.473
4.14,0,0,0,0,4.14,4.14,0.27,4.14,123.473
4.14,0,0,0,0,4.14,4.14,0.21,4.14,123.473
4.14,0,0,0,0,4.14,4.14,0.21,4.14,123.479
4.14,0,0,0,0,4.14,4.14,0.45,4.14,123.468
4.14,0,0,0,0,4.14,4.14,0.45,4.14,123.468
4.14,0,0,0,0,4.14,4.14,-0.21,4.14,123.468
4.14,0,0,0,0,4.14,4.14,-0.21,4.14,123.473
4.14,0,0,0,0,4.14,4.14,0.03,4.14,123.462
4.14,0,0,0,0,4.14,4.14,0.03,4.14,123.462
4.14,0,0,0,0,4.14,4.14,-0.15,4.14,123.462
4.14,0,0,0,0,4.14,4.14,-0.15,4.14,123.473
4.14,0,0,0,0,4.14,4.14,-0.21,4.14,123.473
4.14,0,0,0,0,4.14,4.14,-0.21,4.14,123.473
4.14,0,0,0,0,4.14,4.14,0.58,4.14,123.473
4.14,0,0,0,0,4.14,4.14,0.58,4.14,123.473
4.14,0,0,0,0,4.14,4.14,0.33,4.14,123.473
4.14,0,0,0,0,4.14,4.14,0.33,4.14,123.473
4.14,0,0,0,0,4.14,4.14,-0.09,4.14,123.473
4.14,0,0,0,0,4.14,4.14,-0.09,4.14,123.473
4.14,0,0,0,0,4.14,4.14,-0.21,4.14,123.468
4.14,0,0,0,0,4.14,4.14,-0.21,4.14,123.468
4.14,0,0,0,0,4.14,4.14,-0.27,4.14,123.468
4.14,0,0,0,0,4.14,4.14,-0.27,4.14,123.468
4.14,0,0,0,0,4.14,4.14,-0.21,4.14,123.468
4.14,0,0,0,0,4.14,4.14,-0.21,4.14,123.468
4.14,0,0,0,0,4.14,4.14,-0.09,4.14,123.468
4.14,0,0,0,0,4.14,4.14,-0.09,4.14,123.473
4.14,0,0,0,0,4.14,4.14,0.58,4.14,123.473
4.14,0,0,0,0,4.14,4.14,0.58,4.14,123.473
4.14,0,0,0,0,4.14,4.14,0.39,4.14,123.473
4.14,0,0,0,0,4.14,4.14,0.39,4.14,123.468
4.14,0,0,0,0,4.14,4.14,-0.63,4.14,123.473
4.14,0,0,0,0,4.14,4.14,-0.63,4.14,123.473
4.14,0,0,0,0,4.14,4.14,0.03,4.14,123.473
4.14,0,0,0,0,4.14,4.14,0.03,4.14,123.473
4.14,0,0,0,0,4.14,4.14,0.03,4.14,123.468
4.14,0,0,0,0,4.14,4.14,0.03,4.14,123.468
4.14,0,0,0,0,4.14,4.14,-0.02,4.14,123.468
4.14,0,0,0,0,4.14,4.14,-0.02,4.14,123.473
4.14,0,0,0,0,4.14,4.14,0.15,4.14,123.462
4.14,0,0,0,0,4.14,4.14,0.15,4.14,123.462
4.14,0,0,0,0,4.14,4.14,0.52,4.14,123.462
4.14,0,0,0,0,4.14,4.14,0.52,4.14,123.473
4.14,0,0,0,0,4.14,4.14,0.52,4.14,123.462
4.14,0,0,0,0,4.14,4.14,0.52,4.14,123.462
4.14,0,0,0,0,4.14,4.14,0.09,4.14,123.462
4.14,0,0,0,0,4.14,4.14,0.09,4.14,123.462
4.14,0,0,0,0,4.14,4.14,0.03,4.14,123.462
4.14,0,0,0,0,4.14,4.14,0.03,4.14,123.462
4.14,0,0,0,0,4.14,4.14,-0.15,4.14,123.462
4.14,0,0,0,0,4.14,4.14,-0.15,4.14,123.473
4.14,0,0,0,0,4.14,4.14,-0.15,4.14,123.473
4.14,0,0,0,0,4.14,4.14,-0.15,4.14,123.473
4.14,0,0,0,0,4.14,4.14,0.88,4.14,123.473
4.14,0,0,0,0,4.14,4.14,0.88,4.14,123.468
4.14,0,0,0,0,4.14,4.14,0.09,4.14,123.473
4.14,0,0,0,0,4.14,4.14,0.09,4.14,123.473
4.14,0,0,0,0,4.14,4.14,-0.09,4.14,123.473
4.14,0,0,0,0,4.14,4.14,-0.09,4.14,123.473
4.14,0,0,0,0,4.14,4.14,0.21,4.14,123.473
4.14,0,0,0,0,4.14,4.14,0.21,4.14,123.473
4.14,0,0,0,0,4.14,4.14,0.15,4.14,123.473
4.14,0,0,0,0,4.14,4.14,0.15,4.14,123.468
4.14,0,0,0,0,4.14,4.14,-0.51,4.14,123.468
4.14,0,0,0,0,4.14,4.14,-0.51,4.14,123.468
4.14,0,0,0,0,4.14,4.14,-0.51,4.14,123.468
4.14,0,0,0,0,4.14,4.14,-0.51,4.14,123.473
4.14,0,0,0,0,4.14,4.14,-0.02,4.14,123.468
4.14,0,0,0,0,4.14,4.14,-0.02,4.14,123.468
4.14,0,0,0,0,4.14,4.14,0.27,4.14,123.468
4.14,0,0,0,0,4.14,4.14,0.27,4.14,123.468
4.14,0,0,0,0,4.14,4.14,-0.33,4.14,123.473
4.14,0,0,0,0,4.14,4.14,-0.33,4.14,123.473
4.14,0,0,0,0,4.14,4.14,-0.02,4.14,123.473
4.14,0,0,0,0,4.14,4.14,-0.02,4.14,123.468
4.14,0,0,0,0,4.14,4.14,0.21,4.14,123.468
4.14,0,0,0,0,4.14,4.14,0.21,4.14,123.468
4.14,0,0,0,0,4.14,4.14,-0.15,4.14,123.468
4.14,0,0,0,0,4.14,4.14,-0.15,4.14,123.473
4.14,0,0,0,0,4.14,4.14,-0.09,4.14,123.468
4.14,0,0,0,0,4.14,4.14,-0.09,4.14,123.468
4.14,0,0,0,0,4.14,4.14,0.03,4.14,123.468
4.14,0,0,0,0,4.14,4.14,0.03,4.14,123.473
4.14,0,0,0,0,4.14,4.14,0.45,4.14,123.473
4.14,0,0,0,0,4.14,4.14,0.45,4.14,123.473
4.14,0,0,0,0,4.14,4.14,0.09,4.14,123.473
4.14,0,0,0,0,4.14,4.14,0.09,4.14,123.473
4.14,0,0,0,0,4.14,4.14,-0.21,4.14,123.473
4.14,0,0,0,0,4.14,4.14,-0.21,4.14,123.473
4.14,0,0,0,0,4.14,4.14,-0.27,4.14,123.473
4.14,0,0,0,0,4.14,4.14,-0.27,4.14,123.462
4.14,0,0,0,0,4.14,4.14,0.21,4.14,123.473
4.14,0,0,0,0,4.14,4.14,0.21,4.14,123.473
4.14,0,0,0,0,4.14,4.14,-0.15,4.14,123.473
4.14,0,0,0,0,4.14,4.14,-0.15,4.14,123.473
4.14,0,0,0,0,4.14,4.14,-0.21,4.14,123.462
4.14,0,0,0,0,4.14,4.14,-0.21,4.14,123.462
4.14,0,0,0,0,4.14,4.14,0.09,4.14,123.462
4.14,0,0,0,0,4.14,4.14,0.09,4.14,123.468
4.14,0,0,0,0,4.14,4.14,0.45,4.15,123.473
4.15,0,0,0,0,4.15,4.15,0.45,4.15,123.473
4.15,0,0,0,0,4.15,4.15,-0.15,4.15,123.473
4.15,0,0,0,0,4.15,4.15,-0.15,4.15,123.468
4.15,0,0,0,0,4.15,4.15,-0.09,4.15,123.473
4.15,0,0,0,0,4.15,4.15,-0.09,4.15,123.473
4.15,0,0,0,0,4.15,4.15,0.27,4.15,123.473
4.15,0,0,0,0,4.15,4.15,0.27,4.15,123.468
4.15,0,0,0,0,4.15,4.15,-0.02,4.15,123.473
4.15,0,0,0,0,4.15,4.15,-0.02,4.15,123.473
4.15,0,0,0,0,4.15,4.15,-0.33,4.15,123.473
4.15,0,0,0,0,4.15,4.15,-0.33,4.15,123.473
4.15,0,0,0,0,4.15,4.15,-0.27,4.15,123.479
4.15,0,0,0,0,4.15,4.15,-0.27,4.15,123.479
4.15,0,0,0,0,4.15,4.15,-0.27,4.15,123.479
4.15,0,0,0,0,4.15,4.15,-0.27,4.15,123.473
4.15,0,0,0,0,4.15,4.15,-0.09,4.15,123.473
4.15,0,0,0,0,4.15,4.15,-0.09,4.15,123.473
4.15,0,0,0,0,4.15,4.15,-0.21,4.14,123.473
4.14,0,0,0,0,4.14,4.14,-0.21,4.14,123.468
4.14,0,0,0,0,4.14,4.14,0.09,4.14,123.468
4.14,0,0,0,0,4.14,4.14,0.09,4.14,123.468
4.14,0,0,0,0,4.14,4.14,0.45,4.15,123.468
4.15,0,0,0,0,4.15,4.15,0.45,4.15,123.473
4.15,0,0,0,0,4.15,4.15,0.09,4.15,123.468
4.15,0,0,0,0,4.15,4.15,0.09,4.15,123.468
4.15,0,0,0,0,4.15,4.15,-0.33,4.14,123.468
4.14,0,0,0,0,4.14,4.14,-0.33,4.14,123.468
4.14,0,0,0,0,4.14,4.14,-0.21,4.14,123.468
4.14,0,0,0,0,4.14,4.14,-0.21,4.14,123.468
4.14,0,0,0,0,4.14,4.14,-0.09,4.14,123.468
4.14,0,0,0,0,4.14,4.14,-0.09,4.14,123.468
4.14,0,0,0,0,4.14,4.14,-0.09,4.14,123.473
4.14,0,0,0,0,4.14,4.14,-0.09,4.14,123.473
4.14,0,0,0,0,4.14,4.14,0.03,4.14,123.473
4.14,0,0,0,0,4.14,4.14,0.03,4.14,123.462
4.14,0,0,0,0,4.14,4.14,-0.09,4.14,123.468
4.14,0,0,0,0,4.14,4.14,-0.09,4.14,123.468
4.14,0,0,0,0,4.14,4.14,-0.33,4.14,123.468
4.14,0,0,0,0,4.14,4.14,-0.33,4.14,123.473
4.14,0,0,0,0,4.14,4.14,-0.02,4.14,123.468
4.14,0,0,0,0,4.14,4.14,-0.02,4.14,123.468
4.14,0,0,0,0,4.14,4.14,-0.09,4.14,123.468
4.14,0,0,0,0,4.14,4.14,-0.09,4.14,123.468
4.14,0,0,0,0,4.14,4.14,0.21,4.14,123.473
4.14,0,0,0,0,4.14,4.14,0.21,4.14,123.473
4.14,0,0,0,0,4.14,4.14,0.09,4.14,123.473
4.14,0,0,0,0,4.14,4.14,0.09,4.14,123.462
4.14,0,0,0,0,4.14,4.14,0.15,4.14,123.473
4.14,0,0,0,0,4.14,4.14,0.15,4.14,123.473
4.14,0,0,0,0,4.14,4.14,0.09,4.14,123.473
4.14,0,0,0,0,4.14,4.14,0.09,4.14,123.468
4.14,0,0,0,0,4.14,4.14,0.21,4.14,123.468
4.14,0,0,0,0,4.14,4.14,0.21,4.14,123.468
4.14,0,0,0,0,4.14,4.14,-0.21,4.14,123.468
4.14,0,0,0,0,4.14,4.14,-0.21,4.14,123.473
4.14,0,0,0,0,4.14,4.14,-0.21,4.14,123.468
4.14,0,0,0,0,4.14,4.14,-0.21,4.14,123.468
4.14,0,0,0,0,4.14,4.14,0.03,4.14,123.468
4.14,0,0,0,0,4.14,4.14,0.03,4.14,123.473
4.14,0,0,0,0,4.14,4.14,-0.02,4.14,123.479
4.14,0,0,0,0,4.14,4.14,-0.02,4.14,123.479
4.14,0,0,0,0,4.14,4.14,0.09,4.14,123.479
4.14,0,0,0,0,4.14,4.14,0.09,4.14,123.473
4.14,0,0,0,0,4.14,4.14,0.09,4.14,123.468
4.14,0,0,0,0,4.14,4.14,0.09,4.14,123.468
4.14,0,0,0,0,4.14,4.14,0.33,4.14,123.468
4.14,0,0,0,0,4.14,4.14,0.33,4.14,123.473
4.14,0,0,0,0,4.14,4.14,-0.39,4.14,123.473
4.14,0,0,0,0,4.14,4.14,-0.39,4.14,123.473
4.14,0,0,0,0,4.14,4.14,-0.51,4.14,123.473
4.14,0,0,0,0,4.14,4.14,-0.51,4.14,123.468
4.14,0,0,0,0,4.14,4.14,0.21,4.14,123.468
4.14,0,0,0,0,4.14,4.14,0.21,4.14,123.468
4.14,0,0,0,0,4.14,4.14,0.21,4.14,123.468
4.14,0,0,0,0,4.14,4.14,0.21,4.14,123.473
4.14,0,0,0,0,4.14,4.14,-0.45,4.14,123.462
4.14,0,0,0,0,4.14,4.14,-0.45,4.14,123.462
4.14,0,0,0,0,4.14,4.14,-0.33,4.14,123.462
4.14,0,0,0,0,4.14,4.14,-0.33,4.14,123.473
4.14,0,0,0,0,4.14,4.14,0.09,4.14,123.473
4.14,0,0,0,0,4.14,4.14,0.09,4.14,123.473
4.14,0,0,0,0,4.14,4.14,0.27,4.14,123.473
4.14,0,0,0,0,4.14,4.14,0.27,4.14,123.473
4.14,0,0,0,0,4.14,4.14,0.45,4.15,123.462
4.15,0.01,0,0,0,4.15,4.15,0.45,4.15,123.462
4.15,0.01,0,0,0,4.15,4.15,0.03,4.15,123.462
4.15,0,0,0,0,4.15,4.15,0.03,4.15,123.473
4.15,0,0,0,0,4.15,4.15,-0.27,4.15,123.468
4.15,0,0,0,0,4.15,4.15,-0.27,4.15,123.468
4.15,0,0,0,0,4.15,4.15,-0.09,4.15,123.468
4.15,0,0,0,0,4.15,4.15,-0.09,4.15,123.479
4.15,0,0,0,0,4.15,4.15,-0.02,4.15,123.468
4.15,0,0,0,0,4.15,4.15,-0.02,4.15,123.468
4.15,0,0,0,0,4.15,4.15,-0.02,4.15,123.468
4.15,0,0,0,0,4.15,4.15,-0.02,4.15,123.473
4.15,0,0,0,0,4.15,4.15,0.09,4.15,123.473
4.15,0,0,0,0,4.15,4.15,0.09,4.15,123.473
4.15,0,0,0,0,4.15,4.15,-0.15,4.15,123.473
4.15,0,0,0,0,4.15,4.15,-0.15,4.15,123.473
4.15,0,0,0,0,4.15,4.15,0.09,4.15,123.473
4.15,0,0,0,0,4.15,4.15,0.09,4.15,123.473
4.15,0,0,0,0,4.15,4.15,0.39,4.15,123.473
4.15,0,0,0,0,4.15,4.15,0.39,4.15,123.468
4.15,0,0,0,0,4.15,4.15,0.03,4.15,123.473
4.15,0,0,0,0,4.15,4.15,0.03,4.15,123.473
4.15,0,0,0,0,4.15,4.15,0.27,4.15,123.473
4.15,0,0,0,0,4.15,4.15,0.27,4.15,123.462
4.15,0,0,0,0,4.15,4.15,0.21,4.15,123.473
4.15,0,0,0,0,4.15,4.15,0.21,4.15,123.473
4.15,0,0,0,0,4.15,4.15,0.27,4.15,123.473
4.15,0,0,0,0,4.15,4.15,0.27,4.15,123.473
4.15,0,0,0,0,4.15,4.15,0.15,4.15,123.473
4.15,0,0,0,0,4.15,4.15,0.15,4.15,123.473
4.15,0,0,0,0,4.15,4.15,-0.15,4.15,123.473
4.15,0,0,0,0,4.15,4.15,-0.15,4.15,123.468
4.15,0,0,0,0,4.15,4.15,-0.09,4.15,123.468
4.15,0,0,0,0,4.15,4.15,-0.09,4.15,123.468
4.15,0,0,0,0,4.15,4.15,0.15,4.15,123.468
4.15,0,0,0,0,4.15,4.15,0.15,4.15,123.473
4.15,0,0,0,0,4.15,4.15,0.45,4.15,123.468
4.15,0,0,0,0,4.15,4.15,0.45,4.15,123.468
4.15,0,0,0,0,4.15,4.15,0.09,4.15,123.468
4.15,0,0,0,0,4.15,4.15,0.09,4.15,123.473
4.15,0,0,0,0,4.15,4.15,-0.02,4.15,123.468
4.15,0,0,0,0,4.15,4.15,-0.02,4.15,123.468
4.15,0,0,0,0,4.15,4.15,-0.51,4.15,123.468
4.15,0,0,0,0,4.15,4.15,-0.51,4.15,123.468
4.15,0,0,0,0,4.15,4.15,0.21,4.15,123.473
4.15,0,0,0,0,4.15,4.15,0.21,4.15,123.473
4.15,0,0,0,0,4.15,4.15,0.76,4.15,123.473
4.15,0,0,0,0,4.15,4.15,0.76,4.15,123.473
4.15,0,0,0,0,4.15,4.15,0.09,4.15,123.468
4.15,0,0,0,0,4.15,4.15,0.09,4.15,123.468
4.15,0,0,0,0,4.15,4.15,-0.15,4.15,123.468
4.15,0,0,0,0,4.15,4.15,-0.15,4.15,123.473
4.15,0,0,0,0,4.15,4.15,-0.15,4.15,123.468
4.15,0,0,0,0,4.15,4.15,-0.15,4.15,123.468
4.15,0,0,0,0,4.15,4.15,-0.15,4.15,123.468
4.15,0,0,0,0,4.15,4.15,-0.15,4.15,123.473
4.15,0,0,0,0,4.15,4.15,0.45,4.15,123.462
4.15,0,0,0,0,4.15,4.15,0.45,4.15,123.462
4.15,0,0,0,0,4.15,4.15,-0.02,4.15,123.462
4.15,0,0,0,0,4.15,4.15,-0.02,4.15,123.473
4.15,0,0,0,0,4.15,4.15,-0.09,4.15,123.473
4.15,0,0,0,0,4.15,4.15,-0.09,4.15,123.473
4.15,0,0,0,0,4.15,4.15,-0.15,4.15,123.473
4.15,0,0,0,0,4.15,4.15,-0.15,4.15,123.462
4.15,0,0,0,0,4.15,4.15,-0.21,4.15,123.462
4.15,0,0,0,0,4.15,4.15,-0.21,4.15,123.462
4.15,0,0,0,0,4.15,4.15,0.15,4.15,123.462
4.15,0,0,0,0,4.15,4.15,0.15,4.15,123.479
4.15,0,0,0,0,4.15,4.15,0.21,4.15,123.468
4.15,0,0,0,0,4.15,4.15,0.21,4.15,123.468
4.15,0,0,0,0,4.15,4.15,0.58,4.15,123.468
4.15,0,0,0,0,4.15,4.15,0.58,4.15,123.473
4.15,0,0,0,0,4.15,4.15,0.15,4.15,123.473
4.15,0,0,0,0,4.15,4.15,0.15,4.15,123.473
4.15,0,0,0,0,4.15,4.15,0.09,4.15,123.473
4.15,0,0,0,0,4.15,4.15,0.09,4.15,123.462
4.15,0,0,0,0,4.15,4.15,-0.21,4.15,123.473
4.15,0,0,0,0,4.15,4.15,-0.21,4.15,123.473
4.15,0,0,0,0,4.15,4.15,-0.21,4.15,123.473
4.15,0,0,0,0,4.15,4.15,-0.21,4.15,123.479
4.15,0,0,0,0,4.15,4.15,-0.02,4.15,123.468
4.15,0,0,0,0,4.15,4.15,-0.02,4.15,123.468
4.15,0,0,0,0,4.15,4.15,0.27,4.15,123.468
4.15,0,0,0,0,4.15,4.15,0.27,4.15,123.468
4.15,0,0,0,0,4.15,4.15,0.09,4.15,123.462
4.15,0,0,0,0,4.15,4.15,0.09,4.15,123.462
4.15,0,0,0,0,4.15,4.15,0.09,4.15,123.462
4.15,0,0,0,0,4.15,4.15,0.09,4.15,123.473
4.15,0,0,0,0,4.15,4.15,-0.02,4.15,123.462
4.15,0,0,0,0,4.15,4.15,-0.02,4.15,123.462
4.15,0,0,0,0,4.15,4.15,-0.33,4.15,123.462
4.15,0,0,0,0,4.15,4.15,-0.33,4.15,123.462
4.15,0,0,0,0,4.15,4.15,-0.45,4.15,123.484
4.15,0,0,0,0,4.15,4.15,-0.45,4.15,123.484
4.15,0,0,0,0,4.15,4.15,0.09,4.15,123.484
4.15,0,0,0,0,4.15,4.15,0.09,4.15,123.479
4.15,0,0,0,0,4.15,4.15,0.09,4.15,123.473
4.15,0,0,0,0,4.15,4.15,0.09,4.15,123.473
4.15,0,0,0,0,4.15,4.15,0.45,4.15,123.473
4.15,0,0,0,0,4.15,4.15,0.45,4.15,123.468
4.15,0,0,0,0,4.15,4.15,-0.09,4.15,123.468
4.15,0,0,0,0,4.15,4.15,-0.09,4.15,123.468
4.15,0,0,0,0,4.15,4.15,-0.09,4.15,123.468
4.15,0,0,0,0,4.15,4.15,-0.09,4.15,123.473
4.15,0,0,0,0,4.15,4.15,0.39,4.15,123.479
4.15,0,0,0,0,4.15,4.15,0.39,4.15,123.479
4.15,0,0,0,0,4.15,4.15,-0.09,4.15,123.479
4.15,0,0,0,0,4.15,4.15,-0.09,4.15,123.462
4.15,0,0,0,0,4.15,4.15,-0.21,4.15,123.462
4.15,0,0,0,0,4.15,4.15,-0.21,4.15,123.462
4.15,0,0,0,0,4.15,4.15,0.21,4.15,123.462
4.15,0,0,0,0,4.15,4.15,0.21,4.15,123.473
4.15,0,0,0,0,4.15,4.15,-0.09,4.15,123.473
4.15,0,0,0,0,4.15,4.15,-0.09,4.15,123.473
4.15,0,0,0,0,4.15,4.15,-0.09,4.15,123.473
4.15,0,0,0,0,4.15,4.15,-0.09,4.15,123.468
4.15,0,0,0,0,4.15,4.15,0.09,4.15,123.468
4.15,0,0,0,0,4.15,4.15,0.09,4.15,123.468
4.15,0,0,0,0,4.15,4.15,-0.02,4.15,123.468
4.15,0,0,0,0,4.15,4.15,-0.02,4.15,123.473
4.15,0,0,0,0,4.15,4.15,-0.27,4.15,123.473
4.15,0,0,0,0,4.15,4.15,-0.27,4.15,123.473
4.15,0,0,0,0,4.15,4.15,-0.15,4.15,123.473
4.15,0,0,0,0,4.15,4.15,-0.15,4.15,123.473
4.15,0,0,0,0,4.15,4.15,-0.09,4.15,123.468
4.15,0,0,0,0,4.15,4.15,-0.09,4.15,123.468
4.15,0,0,0,0,4.15,4.15,0.33,4.15,123.468
4.15,0,0,0,0,4.15,4.15,0.33,4.15,123.473
4.15,0,0,0,0,4.15,4.15,0.03,4.15,123.468
4.15,0,0,0,0,4.15,4.15,0.03,4.15,123.468
4.15,0,0,0,0,4.15,4.15,-0.09,4.15,123.468
4.15,0,0,0,0,4.15,4.15,-0.09,4.15,123.468
4.15,0,0,0,0,4.15,4.15,0.03,4.15,123.468
4.15,0,0,0,0,4.15,4.15,0.03,4.15,123.468
4.15,0,0,0,0,4.15,4.15,0.09,4.15,123.468
4.15,0,0,0,0,4.15,4.15,0.09,4.15,123.473
4.15,0,0,0,0,4.15,4.15,0.15,4.15,123.473
4.15,0,0,0,0,4.15,4.15,0.15,4.15,123.473
4.15,0,0,0,0,4.15,4.15,0.03,4.15,123.473
4.15,0,0,0,0,4.15,4.15,0.03,4.15,123.473
4.15,0,0,0,0,4.15,4.15,0.39,4.15,123.473
4.15,0,0,0,0,4.15,4.15,0.39,4.15,123.473
4.15,0,0,0,0,4.15,4.15,-0.15,4.15,123.473
4.15,0,0,0,0,4.15,4.15,-0.15,4.15,123.468
4.15,0,0,0,0,4.15,4.15,-0.39,4.15,123.468
4.15,0,0,0,0,4.15,4.15,-0.39,4.15,123.468
4.15,0,0,0,0,4.15,4.15,0.21,4.15,123.468
4.15,0,0,0,0,4.15,4.15,0.21,4.15,123.473
4.15,0,0,0,0,4.15,4.15,0.52,4.15,123.468
4.15,0,0,0,0,4.15,4.15,0.52,4.15,123.468
4.15,0,0,0,0,4.15,4.15,0.33,4.15,123.468
4.15,0,0,0,0,4.15,4.15,0.33,4.15,123.473
4.15,0,0,0,0,4.15,4.15,0.03,4.15,123.473
4.15,0,0,0,0,4.15,4.15,0.03,4.15,123.473
4.15,0,0,0,0,4.15,4.15,-0.33,4.15,123.473
4.15,0,0,0,0,4.15,4.15,-0.33,4.15,123.473
4.15,0,0,0,0,4.15,4.15,-0.27,4.15,123.473
4.15,0,0,0,0,4.15,4.15,-0.27,4.15,123.473
4.15,0,0,0,0,4.15,4.15,-0.27,4.15,123.473
4.15,0,0,0,0,4.15,4.15,-0.27,4.15,123.468
4.15,0,0,0,0,4.15,4.15,-0.09,4.15,123.468
4.15,0,0,0,0,4.15,4.15,-0.09,4.15,123.468
4.15,0,0,0,0,4.15,4.15,0.64,4.15,123.468
4.15,0,0,0,0,4.15,4.15,0.64,4.15,123.473
4.15,0,0,0,0,4.15,4.15,0.33,4.15,123.473
4.15,0,0,0,0,4.15,4.15,0.33,4.15,123.473
4.15,0,0,0,0,4.15,4.15,-0.09,4.15,123.473
4.15,0,0,0,0,4.15,4.15,-0.09,4.15,123.462
4.15,0,0,0,0,4.15,4.15,-0.09,4.15,123.473
4.15,0,0,0,0,4.15,4.15,-0.09,4.15,123.473
4.15,0,0,0,0,4.15,4.15,0.03,4.15,123.473
4.15,0,0,0,0,4.15,4.15,0.03,4.15,123.468
4.15,0,0,0,0,4.15,4.15,0.27,4.16,123.468
4.16,0,0,0,0,4.16,4.16,0.27,4.16,123.468
4.16,0,0,0,0,4.16,4.16,-0.15,4.16,123.468
4.16,0,0,0,0,4.16,4.16,-0.15,4.16,123.468
4.16,0,0,0,0,4.16,4.16,-0.27,4.16,123.462
4.16,0,0,0,0,4.16,4.16,-0.27,4.16,123.462
4.16,0,0,0,0,4.16,4.16,-0.15,4.15,123.462
4.15,0,0,0,0,4.15,4.15,-0.15,4.15,123.462
4.15,0,0,0,0,4.15,4.15,0.03,4.16,123.473
4.16,0.01,0,0,0,4.16,4.16,0.03,4.16,123.473
4.16,0.01,0,0,0,4.16,4.16,0.15,4.16,123.473
4.16,0,0,0,0,4.16,4.16,0.15,4.16,123.473
4.16,0,0,0,0,4.16,4.16,0.09,4.16,123.473
4.16,0,0,0,0,4.16,4.16,0.09,4.16,123.473
4.16,0,0,0,0,4.16,4.16,-0.02,4.16,123.473
4.16,0,0,0,0,4.16,4.16,-0.02,4.16,123.468
4.16,0,0,0,0,4.16,4.16,-0.63,4.15,123.473
4.15,0,0,0,0,4.15,4.15,-0.63,4.15,123.473
4.15,0,0,0,0,4.15,4.15,-0.02,4.15,123.473
4.15,0,0,0,0,4.15,4.15,-0.02,4.15,123.473
4.15,0,0,0,0,4.15,4.15,-0.15,4.15,123.468
4.15,0,0,0,0,4.15,4.15,-0.15,4.15,123.468
4.15,0,0,0,0,4.15,4.15,-0.39,4.15,123.468
4.15,0,0,0,0,4.15,4.15,-0.39,4.15,123.473
4.15,0,0,0,0,4.15,4.15,-0.27,4.15,123.473
4.15,0,0,0,0,4.15,4.15,-0.27,4.15,123.473
4.15,0,0,0,0,4.15,4.15,0.09,4.15,123.473
4.15,0,0,0,0,4.15,4.15,0.09,4.15,123.473
4.15,0,0,0,0,4.15,4.15,0.27,4.15,123.473
4.15,0,0,0,0,4.15,4.15,0.27,4.15,123.473
4.15,0,0,0,0,4.15,4.15,0.15,4.15,123.473
4.15,0,0,0,0,4.15,4.15,0.15,4.15,123.462
4.15,0,0,0,0,4.15,4.15,-0.09,4.15,123.473
4.15,0,0,0,0,4.15,4.15,-0.09,4.15,123.473
4.15,0,0,0,0,4.15,4.15,-0.21,4.15,123.473
4.15,0,0,0,0,4.15,4.15,-0.21,4.15,123.462
4.15,0,0,0,0,4.15,4.15,0.03,4.15,123.473
4.15,0,0,0,0,4.15,4.15,0.03,4.15,123.473
4.15,0,0,0,0,4.15,4.15,-0.09,4.15,123.473
4.15,0,0,0,0,4.15,4.15,-0.09,4.15,123.473
4.15,0,0,0,0,4.15,4.15,0.33,4.15,123.473
4.15,0,0,0,0,4.15,4.15,0.33,4.15,123.473
4.15,0,0,0,0,4.15,4.15,0.21,4.15,123.473
4.15,0,0,0,0,4.15,4.15,0.21,4.15,123.468
4.15,0,0,0,0,4.15,4.15,-0.63,4.15,123.468
4.15,0,0,0,0,4.15,4.15,-0.63,4.15,123.468
4.15,0,0,0,0,4.15,4.15,0.21,4.15,123.468
4.15,0,0,0,0,4.15,4.15,0.21,4.15,123.473
4.15,0,0,0,0,4.15,4.15,0.7,4.16,123.479
4.16,0.01,0,0,0,4.16,4.16,0.7,4.16,123.479
4.16,0.01,0,0,0,4.16,4.16,0.21,4.16,123.479
4.16,0,0,0,0,4.16,4.16,0.21,4.16,123.473
4.16,0,0,0,0,4.16,4.16,0.21,4.16,123.473
4.16,0,0,0,0,4.16,4.16,0.21,4.16,123.473
4.16,0,0,0,0,4.16,4.16,0.15,4.16,123.473
4.16,0,0,0,0,4.16,4.16,0.15,4.16,123.468
4.16,0,0,0,0,4.16,4.16,-0.02,4.16,123.473
4.16,0,0,0,0,4.16,4.16,-0.02,4.16,123.473
4.16,0,0,0,0,4.16,4.16,-0.45,4.15,123.473
4.15,-0.01,0,0,0,4.15,4.15,-0.45,4.15,123.473
4.15,-0.01,0,0,0,4.15,4.15,-0.45,4.15,123.473
4.15,0,0,0,0,4.15,4.15,-0.45,4.15,123.473
4.15,0,0,0,0,4.15,4.15,0.21,4.15,123.473
4.15,0,0,0,0,4.15,4.15,0.21,4.15,123.473
4.15,0,0,0,0,4.15,4.15,-0.15,4.15,123.473
4.15,0,0,0,0,4.15,4.15,-0.15,4.15,123.473
4.15,0,0,0,0,4.15,4.15,-0.09,4.15,123.473
4.15,0,0,0,0,4.15,4.15,-0.09,4.15,123.473
4.15,0,0,0,0,4.15,4.15,0.27,4.15,123.473
4.15,0,0,0,0,4.15,4.15,0.27,4.15,123.473
4.15,0,0,0,0,4.15,4.15,0.21,4.15,123.473
4.15,0,0,0,0,4.15,4.15,0.21,4.15,123.473
4.15,0,0,0,0,4.15,4.15,-0.15,4.15,123.473
4.15,0,0,0,0,4.15,4.15,-0.15,4.15,123.473
4.15,0,0,0,0,4.15,4.15,0.45,4.15,123.473
4.15,0,0,0,0,4.15,4.15,0.45,4.15,123.468
4.15,0,0,0,0,4.15,4.15,-0.02,4.15,123.473
4.15,0,0,0,0,4.15,4.15,-0.02,4.15,123.473
4.15,0,0,0,0,4.15,4.15,0.27,4.15,123.473
4.15,0,0,0,0,4.15,4.15,0.27,4.15,123.468
4.15,0,0,0,0,4.15,4.15,-0.09,4.15,123.468
4.15,0,0,0,0,4.15,4.15,-0.09,4.15,123.468
4.15,0,0,0,0,4.15,4.15,0.03,4.15,123.468
4.15,0,0,0,0,4.15,4.15,0.03,4.15,123.473
4.15,0,0,0,0,4.15,4.15,0.58,4.16,123.473
4.16,0,0,0,0,4.16,4.16,0.58,4.16,123.473
4.16,0,0,0,0,4.16,4.16,-0.02,4.16,123.473
4.16,0,0,0,0,4.16,4.16,-0.02,4.16,123.479
4.16,0,0,0,0,4.16,4.16,0.09,4.16,123.468
4.16,0,0,0,0,4.16,4.16,0.09,4.16,123.468
4.16,0,0,0,0,4.16,4.16,0.15,4.16,123.468
4.16,0,0,0,0,4.16,4.16,0.15,4.16,123.473
4.16,0,0,0,0,4.16,4.16,-0.21,4.16,123.473
4.16,0,0,0,0,4.16,4.16,-0.21,4.16,123.473
4.16,0,0,0,0,4.16,4.16,-0.33,4.16,123.473
4.16,0,0,0,0,4.16,4.16,-0.33,4.16,123.473
4.16,0,0,0,0,4.16,4.16,0.52,4.16,123.468
4.16,0,0,0,0,4.16,4.16,0.52,4.16,123.468
4.16,0,0,0,0,4.16,4.16,0.27,4.16,123.468
4.16,0,0,0,0,4.16,4.16,0.27,4.16,123.462
4.16,0,0,0,0,4.16,4.16,-0.51,4.16,123.468
4.16,0,0,0,0,4.16,4.16,-0.51,4.16,123.468
4.16,0,0,0,0,4.16,4.16,-0.57,4.16,123.468
4.16,0,0,0,0,4.16,4.16,-0.57,4.16,123.462
4.16,0,0,0,0,4.16,4.16,-0.33,4.15,123.473
4.15,0,0,0,0,4.15,4.15,-0.33,4.15,123.473
4.15,0,0,0,0,4.15,4.15,0.09,4.15,123.473
4.15,0,0,0,0,4.15,4.15,0.09,4.15,123.484
4.15,0,0,0,0,4.15,4.15,0.21,4.15,123.473
4.15,0,0,0,0,4.15,4.15,0.21,4.15,123.473
4.15,0,0,0,0,4.15,4.15,-0.27,4.15,123.473
4.15,0,0,0,0,4.15,4.15,-0.27,4.15,123.468
4.15,0,0,0,0,4.15,4.15,0.09,4.16,123.473
4.16,0,0,0,0,4.16,4.16,0.09,4.16,123.473
4.16,0,0,0,0,4.16,4.16,-0.02,4.16,123.473
4.16,0,0,0,0,4.16,4.16,-0.02,4.16,123.468
4.16,0,0,0,0,4.16,4.16,-0.27,4.15,123.468
4.15,0,0,0,0,4.15,4.15,-0.27,4.15,123.468
4.15,0,0,0,0,4.15,4.15,-0.15,4.15,123.468
4.15,0,0,0,0,4.15,4.15,-0.15,4.15,123.473
4.15,0,0,0,0,4.15,4.15,-0.27,4.15,123.473
4.15,0,0,0,0,4.15,4.15,-0.27,4.15,123.473
4.15,0,0,0,0,4.15,4.15,0.27,4.15,123.473
4.15,0,0,0,0,4.15,4.15,0.27,4.15,123.473
4.15,0,0,0,0,4.15,4.15,0.21,4.15,123.462
4.15,0,0,0,0,4.15,4.15,0.21,4.15,123.462
4.15,0,0,0,0,4.15,4.15,0.27,4.15,123.462
4.15,0,0,0,0,4.15,4.15,0.27,4.15,123.462
4.15,0,0,0,0,4.15,4.15,0.21,4.15,123.468
4.15,0,0,0,0,4.15,4.15,0.21,4.15,123.468
4.15,0,0,0,0,4.15,4.15,-0.57,4.15,123.468
4.15,0,0,0,0,4.15,4.15,-0.57,4.15,123.468
4.15,0,0,0,0,4.15,4.15,-0.21,4.15,123.473
4.15,0,0,0,0,4.15,4.15,-0.21,4.15,123.473
4.15,0,0,0,0,4.15,4.15,0.21,4.15,123.473
4.15,0,0,0,0,4.15,4.15,0.21,4.15,123.473
4.15,0,0,0,0,4.15,4.15,0.39,4.15,123.468
4.15,0,0,0,0,4.15,4.15,0.39,4.15,123.468
4.15,0,0,0,0,4.15,4.15,-0.09,4.15,123.468
4.15,0,0,0,0,4.15,4.15,-0.09,4.15,123.462
4.15,0,0,0,0,4.15,4.15,-0.09,4.15,123.479
4.15,0,0,0,0,4.15,4.15,-0.09,4.15,123.479
4.15,0,0,0,0,4.15,4.15,-0.27,4.15,123.479
4.15,0,0,0,0,4.15,4.15,-0.27,4.15,123.473
4.15,0,0,0,0,4.15,4.15,0.09,4.15,123.473
4.15,0,0,0,0,4.15,4.15,0.09,4.15,123.473
4.15,0,0,0,0,4.15,4.15,-0.27,4.15,123.473
4.15,0,0,0,0,4.15,4.15,-0.27,4.15,123.473
4.15,0,0,0,0,4.15,4.15,-0.15,4.15,123.473
4.15,0,0,0,0,4.15,4.15,-0.15,4.15,123.473
4.15,0,0,0,0,4.15,4.15,0.15,4.15,123.473
4.15,0,0,0,0,4.15,4.15,0.15,4.15,123.473
4.15,0,0,0,0,4.15,4.15,0.27,4.15,123.468
4.15,0,0,0,0,4.15,4.15,0.27,4.15,123.468
4.15,0,0,0,0,4.15,4.15,0.39,4.15,123.468
4.15,0,0,0,0,4.15,4.15,0.39,4.15,123.468
4.15,0,0,0,0,4.15,4.15,-0.21,4.15,123.468
4.15,0,0,0,0,4.15,4.15,-0.21,4.15,123.468
4.15,0,0,0,0,4.15,4.15,-0.02,4.15,123.468
4.15,0,0,0,0,4.15,4.15,-0.02,4.15,123.473
4.15,0,0,0,0,4.15,4.15,-0.09,4.15,123.462
4.15,0,0,0,0,4.15,4.15,-0.09,4.15,123.462
4.15,0,0,0,0,4.15,4.15,0.09,4.15,123.462
4.15,0,0,0,0,4.15,4.15,0.09,4.15,123.468
4.15,0,0,0,0,4.15,4.15,-0.39,4.15,123.468
4.15,0,0,0,0,4.15,4.15,-0.39,4.15,123.468
4.15,0,0,0,0,4.15,4.15,0.21,4.15,123.468
4.15,0,0,0,0,4.15,4.15,0.21,4.15,123.473
4.15,0,0,0,0,4.15,4.15,0.21,4.15,123.468
4.15,0,0,0,0,4.15,4.15,0.21,4.15,123.468
4.15,0,0,0,0,4.15,4.15,0.03,4.15,123.468
4.15,0,0,0,0,4.15,4.15,0.03,4.15,123.473
4.15,0,0,0,0,4.15,4.15,-0.27,4.15,123.462
4.15,0,0,0,0,4.15,4.15,-0.27,4.15,123.462
4.15,0,0,0,0,4.15,4.15,-0.09,4.15,123.462
4.15,0,0,0,0,4.15,4.15,-0.09,4.15,123.468
4.15,0,0,0,0,4.15,4.15,0.09,4.15,123.473
4.15,0,0,0,0,4.15,4.15,0.09,4.15,123.473
4.15,0,0,0,0,4.15,4.15,-0.82,4.15,123.473
4.15,0,0,0,0,4.15,4.15,-0.82,4.15,123.468
4.15,0,0,0,0,4.15,4.15,0.09,4.15,123.468
4.15,0,0,0,0,4.15,4.15,0.09,4.15,123.468
4.15,0,0,0,0,4.15,4.15,0.03,4.15,123.468
4.15,0,0,0,0,4.15,4.15,0.03,4.15,123.473
4.15,0,0,0,0,4.15,4.15,-0.63,4.15,123.473
4.15,0,0,0,0,4.15,4.15,-0.63,4.15,123.473
4.15,0,0,0,0,4.15,4.15,0.45,4.15,123.473
4.15,0,0,0,0,4.15,4.15,0.45,4.15,123.473
4.15,0,0,0,0,4.15,4.15,0.09,4.15,123.462
4.15,0,0,0,0,4.15,4.15,0.09,4.15,123.462
4.15,0,0,0,0,4.15,4.15,-0.09,4.15,123.462
4.15,0,0,0,0,4.15,4.15,-0.09,4.15,123.473
4.15,0,0,0,0,4.15,4.15,0.03,4.15,123.473
4.15,0,0,0,0,4.15,4.15,0.03,4.15,123.473
4.15,0,0,0,0,4.15,4.15,-0.21,4.15,123.473
4.15,0,0,0,0,4.15,4.15,-0.21,4.15,123.468
4.15,0,0,0,0,4.15,4.15,0.15,4.15,123.473
4.15,0,0,0,0,4.15,4.15,0.15,4.15,123.473
4.15,0,0,0,0,4.15,4.15,0.09,4.15,123.473
4.15,0,0,0,0,4.15,4.15,0.09,4.15,123.468
4.15,0,0,0,0,4.15,4.15,-0.09,4.15,123.473
4.15,0,0,0,0,4.15,4.15,-0.09,4.15,123.473
4.15,0,0,0,0,4.15,4.15,0.45,4.15,123.473
4.15,0,0,0,0,4.15,4.15,0.45,4.15,123.473
4.15,0,0,0,0,4.15,4.15,0.45,4.15,123.473
4.15,0,0,0,0,4.15,4.15,0.45,4.15,123.473
4.15,0,0,0,0,4.15,4.15,-0.33,4.15,123.473
4.15,0,0,0,0,4.15,4.15,-0.33,4.15,123.473
4.15,0,0,0,0,4.15,4.15,-0.15,4.15,123.468
4.15,0,0,0,0,4.15,4.15,-0.15,4.15,123.468
4.15,0,0,0,0,4.15,4.15,-0.21,4.15,123.468
4.15,0,0,0,0,4.15,4.15,-0.21,4.15,123.462
4.15,0,0,0,0,4.15,4.15,0.39,4.15,123.473
4.15,0,0,0,0,4.15,4.15,0.39,4.15,123.473
4.15,0,0,0,0,4.15,4.15,0.45,4.15,123.473
4.15,0,0,0,0,4.15,4.15,0.45,4.15,123.468
4.15,0,0,0,0,4.15,4.15,-0.09,4.15,123.473
4.15,0,0,0,0,4.15,4.15,-0.09,4.15,123.473
4.15,0,0,0,0,4.15,4.15,-0.15,4.15,123.473
4.15,0,0,0,0,4.15,4.15,-0.15,4.15,123.473
4.15,0,0,0,0,4.15,4.15,0.03,4.15,123.473
4.15,0,0,0,0,4.15,4.15,0.03,4.15,123.473
4.15,0,0,0,0,4.15,4.15,0.15,4.15,123.473
4.15,0,0,0,0,4.15,4.15,0.15,4.15,123.462
4.15,0,0,0,0,4.15,4.15,0.03,4.15,123.473
4.15,0,0,0,0,4.15,4.15,0.03,4.15,123.473
4.15,0,0,0,0,4.15,4.15,-0.33,4.15,123.473
4.15,0,0,0,0,4.15,4.15,-0.33,4.15,123.473
4.15,0,0,0,0,4.15,4.15,-0.15,4.15,123.473
4.15,0,0,0,0,4.15,4.15,-0.15,4.15,123.473
4.15,0,0,0,0,4.15,4.15,-0.02,4.15,123.473
4.15,0,0,0,0,4.15,4.15,-0.02,4.15,123.468
4.15,0,0,0,0,4.15,4.15,0.52,4.15,123.473
4.15,0,0,0,0,4.15,4.15,0.52,4.15,123.473
4.15,0,0,0,0,4.15,4.15,-0.15,4.15,123.473
4.15,0,0,0,0,4.15,4.15,-0.15,4.15,123.473
4.15,0,0,0,0,4.15,4.15,-0.09,4.15,123.468
4.15,0,0,0,0,4.15,4.15,-0.09,4.15,123.468
4.15,0,0,0,0,4.15,4.15,0.09,4.15,123.468
4.15,0,0,0,0,4.15,4.15,0.09,4.15,123.468
4.15,0,0,0,0,4.15,4.15,0.21,4.15,123.468
4.15,0,0,0,0,4.15,4.15,0.21,4.15,123.468
4.15,0,0,0,0,4.15,4.15,-0.02,4.15,123.468
4.15,0,0,0,0,4.15,4.15,-0.02,4.15,123.468
4.15,0,0,0,0,4.15,4.15,0.03,4.15,123.473
4.15,0,0,0,0,4.15,4.15,0.03,4.15,123.473
4.15,0,0,0,0,4.15,4.15,0.15,4.15,123.473
4.15,0,0,0,0,4.15,4.15,0.15,4.15,123.473
4.15,0,0,0,0,4.15,4.15,-0.21,4.15,123.473
4.15,0,0,0,0,4.15,4.15,-0.21,4.15,123.473
4.15,0,0,0,0,4.15,4.15,-0.33,4.15,123.473
4.15,0,0,0,0,4.15,4.15,-0.33,4.15,123.462
4.15,0,0,0,0,4.15,4.15,-0.02,4.15,123.473
4.15,0,0,0,0,4.15,4.15,-0.02,4.15,123.473
4.15,0,0,0,0,4.15,4.15,0.03,4.15,123.473
4.15,0,0,0,0,4.15,4.15,0.03,4.15,123.462
4.15,0,0,0,0,4.15,4.15,-0.27,4.15,123.462
4.15,0,0,0,0,4.15,4.15,-0.27,4.15,123.462
4.15,0,0,0,0,4.15,4.15,0.03,4.15,123.462
4.15,0,0,0,0,4.15,4.15,0.03,4.15,123.468
4.15,0,0,0,0,4.15,4.15,-0.45,4.15,123.462
4.15,0,0,0,0,4.15,4.15,-0.45,4.15,123.462
4.15,0,0,0,0,4.15,4.15,0.21,4.15,123.462
4.15,0,0,0,0,4.15,4.15,0.21,4.15,123.468
4.15,0,0,0,0,4.15,4.15,0.82,4.15,123.468
4.15,0,0,0,0,4.15,4.15,0.82,4.15,123.468
4.15,0,0,0,0,4.15,4.15,0.27,4.15,123.468
4.15,0,0,0,0,4.15,4.15,0.27,4.15,123.473
4.15,0,0,0,0,4.15,4.15,-0.21,4.15,123.473
4.15,0,0,0,0,4.15,4.15,-0.21,4.15,123.473
4.15,0,0,0,0,4.15,4.15,-0.51,4.15,123.473
4.15,0,0,0,0,4.15,4.15,-0.51,4.15,123.473
4.15,0,0,0,0,4.15,4.15,-0.45,4.15,123.473
4.15,0,0,0,0,4.15,4.15,-0.45,4.15,123.473
4.15,0,0,0,0,4.15,4.15,-0.02,4.15,123.473
4.15,0,0,0,0,4.15,4.15,-0.02,4.15,123.468
4.15,0,0,0,0,4.15,4.15,-0.09,4.15,123.462
4.15,0,0,0,0,4.15,4.15,-0.09,4.15,123.462
4.15,0,0,0,0,4.15,4.15,0.21,4.15,123.462
4.15,0,0,0,0,4.15,4.15,0.21,4.15,123.473
4.15,0,0,0,0,4.15,4.15,0.15,4.15,123.473
4.15,0,0,0,0,4.15,4.15,0.15,4.15,123.473
4.15,0,0,0,0,4.15,4.15,-0.39,4.15,123.473
4.15,0,0,0,0,4.15,4.15,-0.39,4.15,123.473
4.15,0,0,0,0,4.15,4.15,-0.27,4.15,123.473
4.15,0,0,0,0,4.15,4.15,-0.27,4.15,123.473
4.15,0,0,0,0,4.15,4.15,0.09,4.15,123.473
4.15,0,0,0,0,4.15,4.15,0.09,4.15,123.473
4.15,0,0,0,0,4.15,4.15,0.33,4.15,123.473
4.15,0,0,0,0,4.15,4.15,0.33,4.15,123.473
4.15,0,0,0,0,4.15,4.15,-0.21,4.15,123.473
4.15,0,0,0,0,4.15,4.15,-0.21,4.15,123.473
4.15,0,0,0,0,4.15,4.15,-0.15,4.15,123.468
4.15,0,0,0,0,4.15,4.15,-0.15,4.15,123.468
4.15,0,0,0,0,4.15,4.15,0.33,4.15,123.468
4.15,0,0,0,0,4.15,4.15,0.33,4.15,123.473
4.15,0,0,0,0,4.15,4.15,0.27,4.15,123.473
4.15,0,0,0,0,4.15,4.15,0.27,4.15,123.473
4.15,0,0,0,0,4.15,4.15,-0.15,4.15,123.473
4.15,0,0,0,0,4.15,4.15,-0.15,4.15,123.473
4.15,0,0,0,0,4.15,4.15,-0.02,4.15,123.473
4.15,0,0,0,0,4.15,4.15,-0.02,4.15,123.473
4.15,0,0,0,0,4.15,4.15,-0.21,4.15,123.473
4.15,0,0,0,0,4.15,4.15,-0.21,4.15,123.473
4.15,0,0,0,0,4.15,4.15,0.21,4.15,123.473
4.15,0,0,0,0,4.15,4.15,0.21,4.15,123.473
4.15,0,0,0,0,4.15,4.15,-0.09,4.15,123.473
4.15,0,0,0,0,4.15,4.15,-0.09,4.15,123.468
4.15,0,0,0,0,4.15,4.15,-0.02,4.15,123.473
4.15,0,0,0,0,4.15,4.15,-0.02,4.15,123.473
4.15,0,0,0,0,4.15,4.15,0.52,4.15,123.473
4.15,0,0,0,0,4.15,4.15,0.52,4.15,123.473
4.15,0,0,0,0,4.15,4.15,0.33,4.15,123.484
4.15,0,0,0,0,4.15,4.15,0.33,4.15,123.484
4.15,0,0,0,0,4.15,4.15,-0.21,4.15,123.484
4.15,0,0,0,0,4.15,4.15,-0.21,4.15,123.473
4.15,0,0,0,0,4.15,4.15,-0.45,4.15,123.473
4.15,0,0,0,0,4.15,4.15,-0.45,4.15,123.473
4.15,0,0,0,0,4.15,4.15,-0.39,4.15,123.473
4.15,0,0,0,0,4.15,4.15,-0.39,4.15,123.473
4.15,0,0,0,0,4.15,4.15,0.09,4.15,123.468
4.15,0,0,0,0,4.15,4.15,0.09,4.15,123.468
4.15,0,0,0,0,4.15,4.15,-0.02,4.15,123.468
4.15,0,0,0,0,4.15,4.15,-0.02,4.15,123.473
4.15,0,0,0,0,4.15,4.15,-0.39,4.15,123.468
4.15,0,0,0,0,4.15,4.15,-0.39,4.15,123.468
4.15,0,0,0,0,4.15,4.15,-0.09,4.15,123.468
4.15,0,0,0,0,4.15,4.15,-0.09,4.15,123.473
4.15,0,0,0,0,4.15,4.15,0.21,4.15,123.473
4.15,0,0,0,0,4.15,4.15,0.21,4.15,123.473
4.15,0,0,0,0,4.15,4.15,0.52,4.15,123.473
4.15,0,0,0,0,4.15,4.15,0.52,4.15,123.473
4.15,0,0,0,0,4.15,4.15,-0.09,4.15,123.462
4.15,0,0,0,0,4.15,4.15,-0.09,4.15,123.462
4.15,0,0,0,0,4.15,4.15,-0.21,4.15,123.462
4.15,0,0,0,0,4.15,4.15,-0.21,4.15,123.462
4.15,0,0,0,0,4.15,4.15,0.39,4.15,123.468
4.15,0,0,0,0,4.15,4.15,0.39,4.15,123.468
4.15,0,0,0,0,4.15,4.15,0.33,4.15,123.468
4.15,0,0,0,0,4.15,4.15,0.33,4.15,123.468
4.15,0,0,0,0,4.15,4.15,-0.09,4.15,123.468
4.15,0,0,0,0,4.15,4.15,-0.09,4.15,123.468
4.15,0,0,0,0,4.15,4.15,-0.15,4.15,123.468
4.15,0,0,0,0,4.15,4.15,-0.15,4.15,123.468
4.15,0,0,0,0,4.15,4.15,-0.09,4.15,123.468
4.15,0,0,0,0,4.15,4.15,-0.09,4.15,123.468
4.15,0,0,0,0,4.15,4.15,-0.21,4.15,123.468
4.15,0,0,0,0,4.15,4.15,-0.21,4.15,123.473
4.15,0,0,0,0,4.15,4.15,0.03,4.15,123.473
4.15,0,0,0,0,4.15,4.15,0.03,4.15,123.473
4.15,0,0,0,0,4.15,4.15,0.45,4.15,123.473
4.15,0,0,0,0,4.15,4.15,0.45,4.15,123.473
4.15,0,0,0,0,4.15,4.15,-0.39,4.15,123.473
4.15,0,0,0,0,4.15,4.15,-0.39,4.15,123.473
4.15,0,0,0,0,4.15,4.15,-0.45,4.15,123.473
4.15,0,0,0,0,4.15,4.15,-0.45,4.15,123.468
4.15,0,0,0,0,4.15,4.15,0.39,4.15,123.468
4.15,0,0,0,0,4.15,4.15,0.39,4.15,123.468
4.15,0,0,0,0,4.15,4.15,0.58,4.15,123.468
4.15,0,0,0,0,4.15,4.15,0.58,4.15,123.473
4.15,0,0,0,0,4.15,4.15,0.09,4.15,123.479
4.15,0,0,0,0,4.15,4.15,0.09,4.15,123.479
4.15,0,0,0,0,4.15,4.15,-0.39,4.15,123.479
4.15,0,0,0,0,4.15,4.15,-0.39,4.15,123.473
4.15,0,0,0,0,4.15,4.15,0.03,4.15,123.473
4.15,0,0,0,0,4.15,4.15,0.03,4.15,123.473
4.15,0,0,0,0,4.15,4.15,0.09,4.15,123.473
4.15,0,0,0,0,4.15,4.15,0.09,4.15,123.473
4.15,0,0,0,0,4.15,4.15,-0.21,4.15,123.479
4.15,0,0,0,0,4.15,4.15,-0.21,4.15,123.479
4.15,0,0,0,0,4.15,4.15,0.21,4.15,123.479
4.15,0,0,0,0,4.15,4.15,0.21,4.15,123.473
4.15,0,0,0,0,4.15,4.15,0.52,4.15,123.473
4.15,0,0,0,0,4.15,4.15,0.52,4.15,123.473
4.15,0,0,0,0,4.15,4.15,-0.33,4.15,123.473
4.15,0,0,0,0,4.15,4.15,-0.33,4.15,123.468
4.15,0,0,0,0,4.15,4.15,-0.15,4.15,123.473
4.15,0,0,0,0,4.15,4.15,-0.15,4.15,123.473
4.15,0,0,0,0,4.15,4.15,-0.21,4.15,123.473
4.15,0,0,0,0,4.15,4.15,-0.21,4.15,123.473
4.15,0,0,0,0,4.15,4.15,0.09,4.15,123.473
4.15,0,0,0,0,4.15,4.15,0.09,4.15,123.473
4.15,0,0,0,0,4.15,4.15,0.09,4.15,123.473
4.15,0,0,0,0,4.15,4.15,0.09,4.15,123.473
4.15,0,0,0,0,4.15,4.15,-0.09,4.15,123.473
4.15,0,0,0,0,4.15,4.15,-0.09,4.15,123.473
4.15,0,0,0,0,4.15,4.15,-0.15,4.15,123.473
4.15,0,0,0,0,4.15,4.15,-0.15,4.15,123.468
4.15,0,0,0,0,4.15,4.15,-0.27,4.15,123.473
4.15,0,0,0,0,4.15,4.15,-0.27,4.15,123.473
4.15,0,0,0,0,4.15,4.15,0.52,4.15,123.473
4.15,0,0,0,0,4.15,4.15,0.52,4.15,123.473
4.15,0,0,0,0,4.15,4.15,-0.02,4.15,123.473
4.15,0,0,0,0,4.15,4.15,-0.02,4.15,123.473
4.15,0,0,0,0,4.15,4.15,0.21,4.15,123.473
4.15,0,0,0,0,4.15,4.15,0.21,4.15,123.473
4.15,0,0,0,0,4.15,4.15,0.15,4.15,123.468
4.15,0,0,0,0,4.15,4.15,0.15,4.15,123.468
4.15,0,0,0,0,4.15,4.15,-0.15,4.15,123.468
4.15,0,0,0,0,4.15,4.15,-0.15,4.15,123.462
4.15,0,0,0,0,4.15,4.15,-0.51,4.15,123.473
4.15,0,0,0,0,4.15,4.15,-0.51,4.15,123.473
4.15,0,0,0,0,4.15,4.15,-0.02,4.15,123.473
4.15,0,0,0,0,4.15,4.15,-0.02,4.15,123.473
4.15,0,0,0,0,4.15,4.15,0.03,4.15,123.473
4.15,0,0,0,0,4.15,4.15,0.03,4.15,123.473
4.15,0,0,0,0,4.15,4.15,0.09,4.15,123.473
4.15,0,0,0,0,4.15,4.15,0.09,4.15,123.473
4.15,0,0,0,0,4.15,4.15,0.58,4.15,123.479
4.15,0,0,0,0,4.15,4.15,0.58,4.15,123.479
4.15,0,0,0,0,4.15,4.15,0.15,4.15,123.479
4.15,0,0,0,0,4.15,4.15,0.15,4.15,123.473
4.15,0,0,0,0,4.15,4.15,-0.09,4.15,123.468
4.15,0,0,0,0,4.15,4.15,-0.09,4.15,123.468
4.15,0,0,0,0,4.15,4.15,-0.21,4.15,123.468
4.15,0,0,0,0,4.15,4.15,-0.21,4.15,123.484
4.15,0,0,0,0,4.15,4.15,0.21,4.15,123.473
4.15,0,0,0,0,4.15,4.15,0.21,4.15,123.473
4.15,0,0,0,0,4.15,4.15,-0.02,4.15,123.473
4.15,0,0,0,0,4.15,4.15,-0.02,4.15,123.479
4.15,0,0,0,0,4.15,4.15,-0.33,4.15,123.468
4.15,0,0,0,0,4.15,4.15,-0.33,4.15,123.468
4.15,0,0,0,0,4.15,4.15,-0.15,4.15,123.468
4.15,0,0,0,0,4.15,4.15,-0.15,4.15,123.462
4.15,0,0,0,0,4.15,4.15,0.39,4.15,123.473
4.15,0,0,0,0,4.15,4.15,0.39,4.15,123.473
4.15,0,0,0,0,4.15,4.15,0.33,4.15,123.473
4.15,0,0,0,0,4.15,4.15,0.33,4.15,123.468
4.15,0,0,0,0,4.15,4.15,-0.76,4.15,123.473
4.15,0,0,0,0,4.15,4.15,-0.76,4.15,123.473
4.15,0,0,0,0,4.15,4.15,-0.21,4.15,123.473
4.15,0,0,0,0,4.15,4.15,-0.21,4.15,123.473
4.15,0,0,0,0,4.15,4.15,0.21,4.15,123.473
4.15,0,0,0,0,4.15,4.15,0.21,4.15,123.473
4.15,0,0,0,0,4.15,4.15,0.27,4.15,123.473
4.15,0,0,0,0,4.15,4.15,0.27,4.15,123.468
4.15,0,0,0,0,4.15,4.15,-0.33,4.15,123.473
4.15,0,0,0,0,4.15,4.15,-0.33,4.15,123.473
4.15,0,0,0,0,4.15,4.15,-0.51,4.15,123.473
4.15,0,0,0,0,4.15,4.15,-0.51,4.15,123.484
4.15,0,0,0,0,4.15,4.15,-0.27,4.15,123.473
4.15,0,0,0,0,4.15,4.15,-0.27,4.15,123.473
4.15,0,0,0,0,4.15,4.15,0.33,4.15,123.473
4.15,0,0,0,0,4.15,4.15,0.33,4.15,123.468
4.15,0,0,0,0,4.15,4.15,0.21,4.15,123.473
4.15,0,0,0,0,4.15,4.15,0.21,4.15,123.473
4.15,0,0,0,0,4.15,4.15,-0.51,4.15,123.473
4.15,0,0,0,0,4.15,4.15,-0.51,4.15,123.468
4.15,0,0,0,0,4.15,4.15,-0.21,4.15,123.473
4.15,0,0,0,0,4.15,4.15,-0.21,4.15,123.473
4.15,0,0,0,0,4.15,4.15,0.45,4.15,123.473
4.15,0,0,0,0,4.15,4.15,0.45,4.15,123.473
4.15,0,0,0,0,4.15,4.15,0.21,4.15,123.468
4.15,0,0,0,0,4.15,4.15,0.21,4.15,123.468
4.15,0,0,0,0,4.15,4.15,0.21,4.15,123.468
4.15,0,0,0,0,4.15,4.15,0.21,4.15,123.473
4.15,0,0,0,0,4.15,4.15,0.82,4.15,123.473
4.15,0,0,0,0,4.15,4.15,0.82,4.15,123.473
4.15,0,0,0,0,4.15,4.15,0.09,4.15,123.473
4.15,0,0,0,0,4.15,4.15,0.09,4.15,123.462
4.15,0,0,0,0,4.15,4.15,-0.15,4.15,123.473
4.15,0,0,0,0,4.15,4.15,-0.15,4.15,123.473
4.15,0,0,0,0,4.15,4.15,0.21,4.15,123.473
4.15,0,0,0,0,4.15,4.15,0.21,4.15,123.473
4.15,0,0,0,0,4.15,4.15,-0.33,4.15,123.462
4.15,0,0,0,0,4.15,4.15,-0.33,4.15,123.462
4.15,0,0,0,0,4.15,4.15,-0.27,4.15,123.462
4.15,0,0,0,0,4.15,4.15,-0.27,4.15,123.473
4.15,0,0,0,0,4.15,4.15,0.45,4.15,123.468
4.15,0,0,0,0,4.15,4.15,0.45,4.15,123.468
4.15,0,0,0,0,4.15,4.15,0.21,4.15,123.468
4.15,0,0,0,0,4.15,4.15,0.21,4.15,123.468
4.15,0,0,0,0,4.15,4.15,-0.39,4.15,123.468
4.15,0,0,0,0,4.15,4.15,-0.39,4.15,123.468
4.15,0,0,0,0,4.15,4.15,-0.09,4.15,123.468
4.15,0,0,0,0,4.15,4.15,-0.09,4.15,123.462
4.15,0,0,0,0,4.15,4.15,0.27,4.15,123.473
4.15,0,0,0,0,4.15,4.15,0.27,4.15,123.473
4.15,0,0,0,0,4.15,4.15,0.15,4.15,123.473
4.15,0,0,0,0,4.15,4.15,0.15,4.15,123.473
4.15,0,0,0,0,4.15,4.15,0.15,4.15,123.468
4.15,0,0,0,0,4.15,4.15,0.15,4.15,123.468
4.15,0,0,0,0,4.15,4.15,-0.45,4.15,123.468
4.15,0,0,0,0,4.15,4.15,-0.45,4.15,123.462
4.15,0,0,0,0,4.15,4.15,0.15,4.15,123.468
4.15,0,0,0,0,4.15,4.15,0.15,4.15,123.468
4.15,0,0,0,0,4.15,4.15,0.09,4.15,123.468
4.15,0,0,0,0,4.15,4.15,0.09,4.15,123.462
4.15,0,0,0,0,4.15,4.15,-0.21,4.15,123.473
4.15,0,0,0,0,4.15,4.15,-0.21,4.15,123.473
4.15,0,0,0,0,4.15,4.15,0.82,4.15,123.473
4.15,0,0,0,0,4.15,4.15,0.82,4.15,123.473
4.15,0,0,0,0,4.15,4.15,-0.15,4.15,123.462
4.15,0,0,0,0,4.15,4.15,-0.15,4.15,123.462
4.15,0,0,0,0,4.15,4.15,-0.27,4.15,123.462
4.15,0,0,0,0,4.15,4.15,-0.27,4.15,123.462
4.15,0,0,0,0,4.15,4.15,-0.09,4.15,123.473
4.15,0,0,0,0,4.15,4.15,-0.09,4.15,123.473
4.15,0,0,0,0,4.15,4.15,0.27,4.15,123.473
4.15,0,0,0,0,4.15,4.15,0.27,4.15,123.473
4.15,0,0,0,0,4.15,4.15,-0.45,4.15,123.473
4.15,0,0,0,0,4.15,4.15,-0.45,4.15,123.473
4.15,0,0,0,0,4.15,4.15,-0.02,4.15,123.473
4.15,0,0,0,0,4.15,4.15,-0.02,4.15,123.473
4.15,0,0,0,0,4.15,4.15,0.27,4.15,123.462
4.15,0,0,0,0,4.15,4.15,0.27,4.15,123.462
4.15,0,0,0,0,4.15,4.15,0.09,4.15,123.462
4.15,0,0,0,0,4.15,4.15,0.09,4.15,123.473
4.15,0,0,0,0,4.15,4.15,-0.39,4.15,123.479
4.15,0,0,0,0,4.15,4.15,-0.39,4.15,123.479
4.15,0,0,0,0,4.15,4.15,-0.15,4.15,123.479
4.15,0,0,0,0,4.15,4.15,-0.15,4.15,123.462
4.15,0,0,0,0,4.15,4.15,0.03,4.15,123.468
4.15,0,0,0,0,4.15,4.15,0.03,4.15,123.468
4.15,0,0,0,0,4.15,4.15,0.15,4.15,123.468
4.15,0,0,0,0,4.15,4.15,0.15,4.15,123.468
4.15,0,0,0,0,4.15,4.15,0.21,4.15,123.473
4.15,0,0,0,0,4.15,4.15,0.21,4.15,123.473
4.15,0,0,0,0,4.15,4.15,0.15,4.15,123.473
4.15,0,0,0,0,4.15,4.15,0.15,4.15,123.462
4.15,0,0,0,0,4.15,4.15,-0.21,4.15,123.462
4.15,0,0,0,0,4.15,4.15,-0.21,4.15,123.462
4.15,0,0,0,0,4.15,4.15,-0.02,4.15,123.462
4.15,0,0,0,0,4.15,4.15,-0.02,4.15,123.479
4.15,0,0,0,0,4.15,4.15,0.21,4.15,123.462
4.15,0,0,0,0,4.15,4.15,0.21,4.15,123.462
4.15,0,0,0,0,4.15,4.15,0.15,4.15,123.462
4.15,0,0,0,0,4.15,4.15,0.15,4.15,123.473
4.15,0,0,0,0,4.15,4.15,0.03,4.15,123.473
4.15,0,0,0,0,4.15,4.15,0.03,4.15,123.473
4.15,0,0,0,0,4.15,4.15,-0.27,4.15,123.473
4.15,0,0,0,0,4.15,4.15,-0.27,4.15,123.462
4.15,0,0,0,0,4.15,4.15,-0.09,4.15,123.462
4.15,0,0,0,0,4.15,4.15,-0.09,4.15,123.462
4.15,0,0,0,0,4.15,4.15,-0.21,4.15,123.462
4.15,0,0,0,0,4.15,4.15,-0.21,4.15,123.462
4.15,0,0,0,0,4.15,4.15,0.03,4.15,123.468
4.15,0,0,0,0,4.15,4.15,0.03,4.15,123.468
4.15,0,0,0,0,4.15,4.15,0.09,4.15,123.468
4.15,0,0,0,0,4.15,4.15,0.09,4.15,123.473
4.15,0,0,0,0,4.15,4.15,0.09,4.15,123.473
4.15,0,0,0,0,4.15,4.15,0.09,4.15,123.473
4.15,0,0,0,0,4.15,4.15,-0.21,4.15,123.473
4.15,0,0,0,0,4.15,4.15,-0.21,4.15,123.468
4.15,0,0,0,0,4.15,4.15,-0.33,4.15,123.468
4.15,0,0,0,0,4.15,4.15,-0.33,4.15,123.468
4.15,0,0,0,0,4.15,4.15,-0.21,4.15,123.468
4.15,0,0,0,0,4.15,4.15,-0.21,4.15,123.473
4.15,0,0,0,0,4.15,4.15,-0.09,4.15,123.473
4.15,0,0,0,0,4.15,4.15,-0.09,4.15,123.473
4.15,0,0,0,0,4.15,4.15,0.39,4.15,123.473
4.15,0,0,0,0,4.15,4.15,0.39,4.15,123.462
4.15,0,0,0,0,4.15,4.15,0.33,4.15,123.473
4.15,0,0,0,0,4.15,4.15,0.33,4.15,123.473
4.15,0,0,0,0,4.15,4.15,0.39,4.15,123.473
4.15,0,0,0,0,4.15,4.15,0.39,4.15,123.468
4.15,0,0,0,0,4.15,4.15,-0.51,4.15,123.473
4.15,0,0,0,0,4.15,4.15,-0.51,4.15,123.473
4.15,0,0,0,0,4.15,4.15,0.09,4.15,123.473
4.15,0,0,0,0,4.15,4.15,0.09,4.15,123.473
4.15,0,0,0,0,4.15,4.15,0.33,4.15,123.468
4.15,0,0,0,0,4.15,4.15,0.33,4.15,123.468
4.15,0,0,0,0,4.15,4.15,0.33,4.15,123.468
4.15,0,0,0,0,4.15,4.15,0.33,4.15,123.473
4.15,0,0,0,0,4.15,4.15,0.27,4.15,123.473
4.15,0,0,0,0,4.15,4.15,0.27,4.15,123.473
4.15,0,0,0,0,4.15,4.15,-0.09,4.15,123.473
4.15,0,0,0,0,4.15,4.15,-0.09,4.15,123.473
4.15,0,0,0,0,4.15,4.15,-0.02,4.15,123.473
4.15,0,0,0,0,4.15,4.15,-0.02,4.15,123.473
4.15,0,0,0,0,4.15,4.15,-0.27,4.15,123.473
4.15,0,0,0,0,4.15,4.15,-0.27,4.15,123.473
4.15,0,0,0,0,4.15,4.15,0.03,4.15,123.473
4.15,0,0,0,0,4.15,4.15,0.03,4.15,123.473
4.15,0,0,0,0,4.15,4.15,0.33,4.15,123.473
4.15,0,0,0,0,4.15,4.15,0.33,4.15,123.473
4.15,0,0,0,0,4.15,4.15,0.09,4.15,123.473
4.15,0,0,0,0,4.15,4.15,0.09,4.15,123.473
4.15,0,0,0,0,4.15,4.15,0.03,4.15,123.473
4.15,0,0,0,0,4.15,4.15,0.03,4.15,123.473
4.15,0,0,0,0,4.15,4.15,0.09,4.15,123.473
4.15,0,0,0,0,4.15,4.15,0.09,4.15,123.473
4.15,0,0,0,0,4.15,4.15,-0.09,4.15,123.473
4.15,0,0,0,0,4.15,4.15,-0.09,4.15,123.468
4.15,0,0,0,0,4.15,4.15,-0.02,4.15,123.462
4.15,0,0,0,0,4.15,4.15,-0.02,4.15,123.462
4.15,0,0,0,0,4.15,4.15,-0.39,4.15,123.462
4.15,0,0,0,0,4.15,4.15,-0.39,4.15,123.468
4.15,0,0,0,0,4.15,4.15,-0.09,4.15,123.462
4.15,0,0,0,0,4.15,4.15,-0.09,4.15,123.462
4.15,0,0,0,0,4.15,4.15,0.52,4.15,123.462
4.15,0,0,0,0,4.15,4.15,0.52,4.15,123.473
4.15,0,0,0,0,4.15,4.15,-0.15,4.15,123.473
4.15,0,0,0,0,4.15,4.15,-0.15,4.15,123.473
4.15,0,0,0,0,4.15,4.15,-0.45,4.15,123.473
4.15,0,0,0,0,4.15,4.15,-0.45,4.15,123.462
4.15,0,0,0,0,4.15,4.15,-0.09,4.15,123.473
4.15,0,0,0,0,4.15,4.15,-0.09,4.15,123.473
4.15,0,0,0,0,4.15,4.15,-0.09,4.15,123.473
4.15,0,0,0,0,4.15,4.15,-0.09,4.15,123.468
4.15,0,0,0,0,4.15,4.15,0.33,4.15,123.473
4.15,0,0,0,0,4.15,4.15,0.33,4.15,123.473
4.15,0,0,0,0,4.15,4.15,-0.39,4.15,123.473
4.15,0,0,0,0,4.15,4.15,-0.39,4.15,123.473
4.15,0,0,0,0,4.15,4.15,-0.33,4.15,123.473
4.15,0,0,0,0,4.15,4.15,-0.33,4.15,123.473
4.15,0,0,0,0,4.15,4.15,-0.15,4.15,123.473
4.15,0,0,0,0,4.15,4.15,-0.15,4.15,123.462
4.15,0,0,0,0,4.15,4.15,-0.15,4.15,123.468
4.15,0,0,0,0,4.15,4.15,-0.15,4.15,123.468
4.15,0,0,0,0,4.15,4.15,-0.21,4.15,123.468
4.15,0,0,0,0,4.15,4.15,-0.21,4.15,123.473
4.15,0,0,0,0,4.15,4.15,-0.15,4.15,123.462
4.15,0,0,0,0,4.15,4.15,-0.15,4.15,123.462
4.15,0,0,0,0,4.15,4.15,0.09,4.15,123.462
4.15,0,0,0,0,4.15,4.15,0.09,4.15,123.468
4.15,0,0,0,0,4.15,4.15,0.15,4.15,123.473
4.15,0,0,0,0,4.15,4.15,0.15,4.15,123.473
4.15,0,0,0,0,4.15,4.15,0.27,4.15,123.473
4.15,0,0,0,0,4.15,4.15,0.27,4.15,123.468
4.15,0,0,0,0,4.15,4.15,0.15,4.15,123.473
4.15,0,0,0,0,4.15,4.15,0.15,4.15,123.473
4.15,0,0,0,0,4.15,4.15,-0.02,4.15,123.473
4.15,0,0,0,0,4.15,4.15,-0.02,4.15,123.473
4.15,0,0,0,0,4.15,4.15,-0.21,4.15,123.473
4.15,0,0,0,0,4.15,4.15,-0.21,4.15,123.473
4.15,0,0,0,0,4.15,4.15,-0.39,4.15,123.473
4.15,0,0,0,0,4.15,4.15,-0.39,4.15,123.468
4.15,0,0,0,0,4.15,4.15,0.15,4.15,123.473
4.15,0,0,0,0,4.15,4.15,0.15,4.15,123.473
4.15,0,0,0,0,4.15,4.15,0.52,4.15,123.473
4.15,0,0,0,0,4.15,4.15,0.52,4.15,123.468
4.15,0,0,0,0,4.15,4.15,-0.09,4.15,123.473
4.15,0,0,0,0,4.15,4.15,-0.09,4.15,123.473
4.15,0,0,0,0,4.15,4.15,-0.15,4.15,123.473
4.15,0,0,0,0,4.15,4.15,-0.15,4.15,123.462
4.15,0,0,0,0,4.15,4.15,-0.39,4.15,123.473
4.15,0,0,0,0,4.15,4.15,-0.39,4.15,123.473
4.15,0,0,0,0,4.15,4.15,-0.09,4.15,123.473
4.15,0,0,0,0,4.15,4.15,-0.09,4.15,123.468
4.15,0,0,0,0,4.15,4.15,0.21,4.15,123.473
4.15,0,0,0,0,4.15,4.15,0.21,4.15,123.473
4.15,0,0,0,0,4.15,4.15,0.03,4.15,123.473
4.15,0,0,0,0,4.15,4.15,0.03,4.15,123.462
4.15,0,0,0,0,4.15,4.15,0.09,4.15,123.473
4.15,0,0,0,0,4.15,4.15,0.09,4.15,123.473
4.15,0,0,0,0,4.15,4.15,0.09,4.15,123.473
4.15,0,0,0,0,4.15,4.15,0.09,4.15,123.468
4.15,0,0,0,0,4.15,4.15,0.15,4.15,123.473
4.15,0,0,0,0,4.15,4.15,0.15,4.15,123.473
4.15,0,0,0,0,4.15,4.15,-0.27,4.15,123.473
4.15,0,0,0,0,4.15,4.15,-0.27,4.15,123.462
4.15,0,0,0,0,4.15,4.15,-0.21,4.15,123.468
4.15,0,0,0,0,4.15,4.15,-0.21,4.15,123.468
4.15,0,0,0,0,4.15,4.15,-0.15,4.15,123.468
4.15,0,0,0,0,4.15,4.15,-0.15,4.15,123.473
4.15,0,0,0,0,4.15,4.15,-0.09,4.15,123.479
4.15,0,0,0,0,4.15,4.15,-0.09,4.15,123.479
4.15,0,0,0,0,4.15,4.15,0.21,4.15,123.479
4.15,0,0,0,0,4.15,4.15,0.21,4.15,123.473
4.15,0,0,0,0,4.15,4.15,0.45,4.15,123.473
4.15,0,0,0,0,4.15,4.15,0.45,4.15,123.473
4.15,0,0,0,0,4.15,4.15,0.27,4.15,123.473
4.15,0,0,0,0,4.15,4.15,0.27,4.15,123.473
4.15,0,0,0,0,4.15,4.15,-0.09,4.15,123.468
4.15,0,0,0,0,4.15,4.15,-0.09,4.15,123.468
4.15,0,0,0,0,4.15,4.15,-0.09,4.15,123.468
4.15,0,0,0,0,4.15,4.15,-0.09,4.15,123.462
4.15,0,0,0,0,4.15,4.15,-0.09,4.15,123.468
4.15,0,0,0,0,4.15,4.15,-0.09,4.15,123.468
4.15,0,0,0,0,4.15,4.15,-0.02,4.15,123.468
4.15,0,0,0,0,4.15,4.15,-0.02,4.15,123.468
4.15,0,0,0,0,4.15,4.15,0.52,4.15,123.473
4.15,0,0,0,0,4.15,4.15,0.52,4.15,123.473
4.15,0,0,0,0,4.15,4.15,0.27,4.16,123.473
4.16,0,0,0,0,4.16,4.16,0.27,4.16,123.473
4.16,0,0,0,0,4.16,4.16,-0.09,4.16,123.473
4.16,0,0,0,0,4.16,4.16,-0.09,4.16,123.473
4.16,0,0,0,0,4.16,4.16,-0.57,4.15,123.473
4.15,-0.01,0,0,0,4.15,4.15,-0.57,4.15,123.473
4.15,-0.01,0,0,0,4.15,4.15,0.39,4.15,123.468
4.15,0,0,0,0,4.15,4.15,0.39,4.15,123.468
4.15,0,0,0,0,4.15,4.15,0.21,4.15,123.468
4.15,0,0,0,0,4.15,4.15,0.21,4.15,123.479
4.15,0,0,0,0,4.15,4.15,-0.57,4.15,123.473
4.15,0,0,0,0,4.15,4.15,-0.57,4.15,123.473
4.15,0,0,0,0,4.15,4.15,-0.09,4.15,123.473
4.15,0,0,0,0,4.15,4.15,-0.09,4.15,123.468
4.15,0,0,0,0,4.15,4.15,0.15,4.15,123.473
4.15,0,0,0,0,4.15,4.15,0.15,4.15,123.473
4.15,0,0,0,0,4.15,4.15,0.09,4.15,123.473
4.15,0,0,0,0,4.15,4.15,0.09,4.15,123.462
4.15,0,0,0,0,4.15,4.15,-0.39,4.15,123.468
4.15,0,0,0,0,4.15,4.15,-0.39,4.15,123.468
4.15,0,0,0,0,4.15,4.15,0.03,4.15,123.468
4.15,0,0,0,0,4.15,4.15,0.03,4.15,123.462
4.15,0,0,0,0,4.15,4.15,0.03,4.15,123.468
4.15,0,0,0,0,4.15,4.15,0.03,4.15,123.468
4.15,0,0,0,0,4.15,4.15,0.21,4.15,123.468
4.15,0,0,0,0,4.15,4.15,0.21,4.15,123.473
4.15,0,0,0,0,4.15,4.15,-0.02,4.15,123.473
4.15,0,0,0,0,4.15,4.15,-0.02,4.15,123.473
4.15,0,0,0,0,4.15,4.15,-0.45,4.15,123.473
4.15,0,0,0,0,4.15,4.15,-0.45,4.15,123.473
4.15,0,0,0,0,4.15,4.15,0.33,4.15,123.468
4.15,0,0,0,0,4.15,4.15,0.33,4.15,123.468
4.15,0,0,0,0,4.15,4.15,0.58,4.15,123.468
4.15,0,0,0,0,4.15,4.15,0.58,4.15,123.479
4.15,0,0,0,0,4.15,4.15,0.7,4.15,123.462
4.15,0,0,0,0,4.15,4.15,0.7,4.15,123.462
4.15,0,0,0,0,4.15,4.15,-0.09,4.15,123.462
4.15,0,0,0,0,4.15,4.15,-0.09,4.15,123.468
4.15,0,0,0,0,4.15,4.15,-0.09,4.15,123.473
4.15,0,0,0,0,4.15,4.15,-0.09,4.15,123.473
4.15,0,0,0,0,4.15,4.15,0.09,4.15,123.473
4.15,0,0,0,0,4.15,4.15,0.09,4.15,123.462
4.15,0,0,0,0,4.15,4.15,0.03,4.15,123.473
4.15,0,0,0,0,4.15,4.15,0.03,4.15,123.473
4.15,0,0,0,0,4.15,4.15,0.33,4.16,123.473
4.16,0.01,0,0,0,4.16,4.16,0.33,4.16,123.473
4.16,0.01,0,0,0,4.16,4.16,0.33,4.16,123.473
4.16,0,0,0,0,4.16,4.16,0.33,4.16,123.473
4.16,0,0,0,0,4.16,4.16,-0.09,4.16,123.473
4.16,0,0,0,0,4.16,4.16,-0.09,4.16,123.479
4.16,0,0,0,0,4.16,4.16,-0.02,4.16,123.468
4.16,0,0,0,0,4.16,4.16,-0.02,4.16,123.468
4.16,0,0,0,0,4.16,4.16,-0.33,4.16,123.468
4.16,0,0,0,0,4.16,4.16,-0.33,4.16,123.473
4.16,0,0,0,0,4.16,4.16,0.15,4.16,123.473
4.16,0,0,0,0,4.16,4.16,0.15,4.16,123.473
4.16,0,0,0,0,4.16,4.16,0.03,4.16,123.473
4.16,0,0,0,0,4.16,4.16,0.03,4.16,123.468
4.16,0,0,0,0,4.16,4.16,0.15,4.15,123.473
4.15,0,0,0,0,4.15,4.15,0.15,4.15,123.473
4.15,0,0,0,0,4.15,4.15,-0.33,4.15,123.473
4.15,0,0,0,0,4.15,4.15,-0.33,4.15,123.479
4.15,0,0,0,0,4.15,4.15,-0.15,4.15,123.468
4.15,0,0,0,0,4.15,4.15,-0.15,4.15,123.468
4.15,0,0,0,0,4.15,4.15,-0.02,4.15,123.468
4.15,0,0,0,0,4.15,4.15,-0.02,4.15,123.462
4.15,0,0,0,0,4.15,4.15,0.03,4.15,123.468
4.15,0,0,0,0,4.15,4.15,0.03,4.15,123.468
4.15,0,0,0,0,4.15,4.15,-0.39,4.15,123.468
4.15,0,0,0,0,4.15,4.15,-0.39,4.15,123.473
4.15,0,0,0,0,4.15,4.15,0.03,4.15,123.479
4.15,0,0,0,0,4.15,4.15,0.03,4.15,123.479
4.15,0,0,0,0,4.15,4.15,0.33,4.15,123.479
4.15,0,0,0,0,4.15,4.15,0.33,4.15,123.473
4.15,0,0,0,0,4.15,4.15,0.03,4.15,123.462
4.15,0,0,0,0,4.15,4.15,0.03,4.15,123.462
4.15,0,0,0,0,4.15,4.15,0.39,4.15,123.462
4.15,0,0,0,0,4.15,4.15,0.39,4.15,123.473
4.15,0,0,0,0,4.15,4.15,-0.39,4.15,123.473
4.15,0,0,0,0,4.15,4.15,-0.39,4.15,123.473
4.15,0,0,0,0,4.15,4.15,-0.15,4.15,123.473
4.15,0,0,0,0,4.15,4.15,-0.15,4.15,123.473
4.15,0,0,0,0,4.15,4.15,0.21,4.15,123.473
4.15,0,0,0,0,4.15,4.15,0.21,4.15,123.473
4.15,0,0,0,0,4.15,4.15,0.21,4.15,123.473
4.15,0,0,0,0,4.15,4.15,0.21,4.15,123.473
4.15,0,0,0,0,4.15,4.15,0.33,4.15,123.462
4.15,0,0,0,0,4.15,4.15,0.33,4.15,123.462
4.15,0,0,0,0,4.15,4.15,-0.02,4.15,123.462
4.15,0,0,0,0,4.15,4.15,-0.02,4.15,123.473
4.15,0,0,0,0,4.15,4.15,-0.39,4.15,123.473
4.15,0,0,0,0,4.15,4.15,-0.39,4.15,123.473
4.15,0,0,0,0,4.15,4.15,0.03,4.15,123.473
4.15,0,0,0,0,4.15,4.15,0.03,4.15,123.468
4.15,0,0,0,0,4.15,4.15,0.15,4.15,123.462
4.15,0,0,0,0,4.15,4.15,0.15,4.15,123.462
4.15,0,0,0,0,4.15,4.15,-0.27,4.15,123.462
4.15,0,0,0,0,4.15,4.15,-0.27,4.15,123.473
4.15,0,0,0,0,4.15,4.15,0.03,4.15,123.473
4.15,0,0,0,0,4.15,4.15,0.03,4.15,123.473
4.15,0,0,0,0,4.15,4.15,0.09,4.15,123.473
4.15,0,0,0,0,4.15,4.15,0.09,4.15,123.468
4.15,0,0,0,0,4.15,4.15,0.09,4.15,123.468
4.15,0,0,0,0,4.15,4.15,0.09,4.15,123.468
4.15,0,0,0,0,4.15,4.15,-0.09,4.15,123.468
4.15,0,0,0,0,4.15,4.15,-0.09,4.15,123.473
4.15,0,0,0,0,4.15,4.15,-0.09,4.15,123.468
4.15,0,0,0,0,4.15,4.15,-0.09,4.15,123.468
4.15,0,0,0,0,4.15,4.15,-0.45,4.15,123.468
4.15,0,0,0,0,4.15,4.15,-0.45,4.15,123.473
4.15,0,0,0,0,4.15,4.15,-0.33,4.15,123.473
4.15,0,0,0,0,4.15,4.15,-0.33,4.15,123.473
4.15,0,0,0,0,4.15,4.15,0.27,4.15,123.473
4.15,0,0,0,0,4.15,4.15,0.27,4.15,123.473
4.15,0,0,0,0,4.15,4.15,0.27,4.15,123.468
4.15,0,0,0,0,4.15,4.15,0.27,4.15,123.468
4.15,0,0,0,0,4.15,4.15,0.09,4.15,123.468
4.15,0,0,0,0,4.15,4.15,0.09,4.15,123.473
4.15,0,0,0,0,4.15,4.15,-0.21,4.15,123.468
4.15,0,0,0,0,4.15,4.15,-0.21,4.15,123.468
4.15,0,0,0,0,4.15,4.15,0.03,4.15,123.468
4.15,0,0,0,0,4.15,4.15,0.03,4.15,123.468
4.15,0,0,0,0,4.15,4.15,0.33,4.15,123.468
4.15,0,0,0,0,4.15,4.15,0.33,4.15,123.468
4.15,0,0,0,0,4.15,4.15,0.45,4.15,123.468
4.15,0,0,0,0,4.15,4.15,0.45,4.15,123.468
4.15,0,0,0,0,4.15,4.15,-0.33,4.15,123.462
4.15,0,0,0,0,4.15,4.15,-0.33,4.15,123.462
4.15,0,0,0,0,4.15,4.15,-0.15,4.15,123.462
4.15,0,0,0,0,4.15,4.15,-0.15,4.15,123.468
4.15,0,0,0,0,4.15,4.15,0.58,4.15,123.473
4.15,0,0,0,0,4.15,4.15,0.58,4.15,123.473
4.15,0,0,0,0,4.15,4.15,-0.27,4.15,123.473
4.15,0,0,0,0,4.15,4.15,-0.27,4.15,123.468
4.15,0,0,0,0,4.15,4.15,-0.33,4.15,123.473
4.15,0,0,0,0,4.15,4.15,-0.33,4.15,123.473
4.15,0,0,0,0,4.15,4.15,-0.27,4.15,123.473
4.15,0,0,0,0,4.15,4.15,-0.27,4.15,123.473
4.15,0,0,0,0,4.15,4.15,-0.15,4.15,123.473
4.15,0,0,0,0,4.15,4.15,-0.15,4.15,123.473
4.15,0,0,0,0,4.15,4.15,0.09,4.15,123.473
4.15,0,0,0,0,4.15,4.15,0.09,4.15,123.462
4.15,0,0,0,0,4.15,4.15,0.03,4.15,123.473
4.15,0,0,0,0,4.15,4.15,0.03,4.15,123.473
4.15,0,0,0,0,4.15,4.15,0.15,4.15,123.473
4.15,0,0,0,0,4.15,4.15,0.15,4.15,123.462
4.15,0,0,0,0,4.15,4.15,0.03,4.15,123.479
4.15,0,0,0,0,4.15,4.15,0.03,4.15,123.479
4.15,0,0,0,0,4.15,4.15,0.09,4.15,123.479
4.15,0,0,0,0,4.15,4.15,0.09,4.15,123.473
4.15,0,0,0,0,4.15,4.15,-0.02,4.15,123.473
4.15,0,0,0,0,4.15,4.15,-0.02,4.15,123.473
4.15,0,0,0,0,4.15,4.15,-0.09,4.15,123.473
4.15,0,0,0,0,4.15,4.15,-0.09,4.15,123.479
4.15,0,0,0,0,4.15,4.15,0.52,4.15,123.473
4.15,0,0,0,0,4.15,4.15,0.52,4.15,123.473
4.15,0,0,0,0,4.15,4.15,-0.45,4.15,123.473
4.15,0,0,0,0,4.15,4.15,-0.45,4.15,123.473
4.15,0,0,0,0,4.15,4.15,-0.09,4.15,123.473
4.15,0,0,0,0,4.15,4.15,-0.09,4.15,123.473
4.15,0,0,0,0,4.15,4.15,-0.09,4.15,123.473
4.15,0,0,0,0,4.15,4.15,-0.09,4.15,123.473
4.15,0,0,0,0,4.15,4.15,0.15,4.15,123.468
4.15,0,0,0,0,4.15,4.15,0.15,4.15,123.468
4.15,0,0,0,0,4.15,4.15,0.09,4.15,123.468
4.15,0,0,0,0,4.15,4.15,0.09,4.15,123.473
4.15,0,0,0,0,4.15,4.15,-0.7,4.15,123.468
4.15,0,0,0,0,4.15,4.15,-0.7,4.15,123.468
4.15,0,0,0,0,4.15,4.15,-0.09,4.15,123.468
4.15,0,0,0,0,4.15,4.15,-0.09,4.15,123.473
4.15,0,0,0,0,4.15,4.15,0.03,4.15,123.473
4.15,0,0,0,0,4.15,4.15,0.03,4.15,123.473
4.15,0,0,0,0,4.15,4.15,-0.33,4.15,123.473
4.15,0,0,0,0,4.15,4.15,-0.33,4.15,123.473
4.15,0,0,0,0,4.15,4.15,0.15,4.15,123.468
4.15,0,0,0,0,4.15,4.15,0.15,4.15,123.468
4.15,0,0,0,0,4.15,4.15,0.21,4.15,123.468
4.15,0,0,0,0,4.15,4.15,0.21,4.15,123.473
4.15,0,0,0,0,4.15,4.15,0.21,4.15,123.473
4.15,0,0,0,0,4.15,4.15,0.21,4.15,123.473
4.15,0,0,0,0,4.15,4.15,0.15,4.15,123.473
4.15,0,0,0,0,4.15,4.15,0.15,4.15,123.468
4.15,0,0,0,0,4.15,4.15,0.03,4.15,123.473
4.15,0,0,0,0,4.15,4.15,0.03,4.15,123.473
4.15,0,0,0,0,4.15,4.15,0.03,4.15,123.473
4.15,0,0,0,0,4.15,4.15,0.03,4.15,123.462
4.15,0,0,0,0,4.15,4.15,0.03,4.15,123.468
4.15,0,0,0,0,4.15,4.15,0.03,4.15,123.468
4.15,0,0,0,0,4.15,4.15,-0.02,4.15,123.468
4.15,0,0,0,0,4.15,4.15,-0.02,4.15,123.473
4.15,0,0,0,0,4.15,4.15,-0.09,4.15,123.473
4.15,0,0,0,0,4.15,4.15,-0.09,4.15,123.473
4.15,0,0,0,0,4.15,4.15,-0.15,4.15,123.473
4.15,0,0,0,0,4.15,4.15,-0.15,4.15,123.473
4.15,0,0,0,0,4.15,4.15,0.09,4.15,123.473
4.15,0,0,0,0,4.15,4.15,0.09,4.15,123.473
4.15,0,0,0,0,4.15,4.15,0.03,4.15,123.473
4.15,0,0,0,0,4.15,4.15,0.03,4.15,123.473
4.15,0,0,0,0,4.15,4.15,-0.09,4.15,123.468
4.15,0,0,0,0,4.15,4.15,-0.09,4.15,123.468
4.15,0,0,0,0,4.15,4.15,0.03,4.15,123.468
4.15,0,0,0,0,4.15,4.15,0.03,4.15,123.468
4.15,0,0,0,0,4.15,4.15,0.03,4.15,123.462
4.15,0,0,0,0,4.15,4.15,0.03,4.15,123.462
4.15,0,0,0,0,4.15,4.15,0.03,4.15,123.462
4.15,0,0,0,0,4.15,4.15,0.03,4.15,123.473
4.15,0,0,0,0,4.15,4.15,-0.02,4.15,123.473
4.15,0,0,0,0,4.15,4.15,-0.02,4.15,123.473
4.15,0,0,0,0,4.15,4.15,-0.09,4.15,123.473
4.15,0,0,0,0,4.15,4.15,-0.09,4.15,123.473
4.15,0,0,0,0,4.15,4.15,0.15,4.15,123.473
4.15,0,0,0,0,4.15,4.15,0.15,4.15,123.473
4.15,0,0,0,0,4.15,4.15,-0.02,4.15,123.473
4.15,0,0,0,0,4.15,4.15,-0.02,4.15,123.473
4.15,0,0,0,0,4.15,4.15,0.09,4.15,123.473
4.15,0,0,0,0,4.15,4.15,0.09,4.15,123.473
4.15,0,0,0,0,4.15,4.15,0.03,4.15,123.473
4.15,0,0,0,0,4.15,4.15,0.03,4.15,123.468
4.15,0,0,0,0,4.15,4.15,0.03,4.15,123.462
4.15,0,0,0,0,4.15,4.15,0.03,4.15,123.462
4.15,0,0,0,0,4.15,4.15,0.45,4.15,123.462
4.15,0,0,0,0,4.15,4.15,0.45,4.15,123.468
4.15,0,0,0,0,4.15,4.15,0.09,4.15,123.468
4.15,0,0,0,0,4.15,4.15,0.09,4.15,123.468
4.15,0,0,0,0,4.15,4.15,0.15,4.15,123.468
4.15,0,0,0,0,4.15,4.15,0.15,4.15,123.479
4.15,0,0,0,0,4.15,4.15,-0.57,4.15,123.462
4.15,0,0,0,0,4.15,4.15,-0.57,4.15,123.462
4.15,0,0,0,0,4.15,4.15,-0.51,4.15,123.462
4.15,0,0,0,0,4.15,4.15,-0.51,4.15,123.473
4.15,0,0,0,0,4.15,4.15,0.09,4.15,123.462
4.15,0,0,0,0,4.15,4.15,0.09,4.15,123.462
4.15,0,0,0,0,4.15,4.15,0.03,4.15,123.462
4.15,0,0,0,0,4.15,4.15,0.03,4.15,123.473
4.15,0,0,0,0,4.15,4.15,0.09,4.15,123.462
4.15,0,0,0,0,4.15,4.15,0.09,4.15,123.462
4.15,0,0,0,0,4.15,4.15,0.27,4.15,123.462
4.15,0,0,0,0,4.15,4.15,0.27,4.15,123.468
4.15,0,0,0,0,4.15,4.15,-0.02,4.15,123.479
4.15,0,0,0,0,4.15,4.15,-0.02,4.15,123.479
4.15,0,0,0,0,4.15,4.15,0.09,4.15,123.479
4.15,0,0,0,0,4.15,4.15,0.09,4.15,123.473
4.15,0,0,0,0,4.15,4.15,0.27,4.15,123.473
4.15,0,0,0,0,4.15,4.15,0.27,4.15,123.473
4.15,0,0,0,0,4.15,4.15,-0.02,4.15,123.473
4.15,0,0,0,0,4.15,4.15,-0.02,4.15,123.468
4.15,0,0,0,0,4.15,4.15,0.09,4.15,123.462
4.15,0,0,0,0,4.15,4.15,0.09,4.15,123.462
4.15,0,0,0,0,4.15,4.15,-0.02,4.15,123.462
4.15,0,0,0,0,4.15,4.15,-0.02,4.15,123.473
4.15,0,0,0,0,4.15,4.15,-0.09,4.15,123.473
4.15,0,0,0,0,4.15,4.15,-0.09,4.15,123.473
4.15,0,0,0,0,4.15,4.15,-0.09,4.15,123.473
4.15,0,0,0,0,4.15,4.15,-0.09,4.15,123.473
4.15,0,0,0,0,4.15,4.15,0.09,4.15,123.473
4.15,0,0,0,0,4.15,4.15,0.09,4.15,123.473
4.15,0,0,0,0,4.15,4.15,-0.09,4.15,123.473
4.15,0,0,0,0,4.15,4.15,-0.09,4.15,123.462
4.15,0,0,0,0,4.15,4.15,0.45,4.15,123.468
4.15,0,0,0,0,4.15,4.15,0.45,4.15,123.468
4.15,0,0,0,0,4.15,4.15,-0.15,4.15,123.468
4.15,0,0,0,0,4.15,4.15,-0.15,4.15,123.473
4.15,0,0,0,0,4.15,4.15,-0.39,4.15,123.462
4.15,0,0,0,0,4.15,4.15,-0.39,4.15,123.462
4.15,0,0,0,0,4.15,4.15,-0.15,4.15,123.462
4.15,0,0,0,0,4.15,4.15,-0.15,4.15,123.468
4.15,0,0,0,0,4.15,4.15,0.27,4.15,123.473
4.15,0,0,0,0,4.15,4.15,0.27,4.15,123.473
4.15,0,0,0,0,4.15,4.15,0.52,4.15,123.473
4.15,0,0,0,0,4.15,4.15,0.52,4.15,123.468
4.15,0,0,0,0,4.15,4.15,-0.21,4.15,123.462
4.15,0,0,0,0,4.15,4.15,-0.21,4.15,123.462
4.15,0,0,0,0,4.15,4.15,-0.21,4.15,123.462
4.15,0,0,0,0,4.15,4.15,-0.21,4.15,123.468
4.15,0,0,0,0,4.15,4.15,-0.27,4.15,123.468
4.15,0,0,0,0,4.15,4.15,-0.27,4.15,123.468
4.15,0,0,0,0,4.15,4.15,-0.21,4.15,123.468
4.15,0,0,0,0,4.15,4.15,-0.21,4.15,123.468
4.15,0,0,0,0,4.15,4.15,0.03,4.15,123.468
4.15,0,0,0,0,4.15,4.15,0.03,4.15,123.468
4.15,0,0,0,0,4.15,4.15,-0.15,4.15,123.468
4.15,0,0,0,0,4.15,4.15,-0.15,4.15,123.479
4.15,0,0,0,0,4.15,4.15,-0.02,4.15,123.462
4.15,0,0,0,0,4.15,4.15,-0.02,4.15,123.462
4.15,0,0,0,0,4.15,4.15,0.27,4.15,123.462
4.15,0,0,0,0,4.15,4.15,0.27,4.15,123.468
4.15,0,0,0,0,4.15,4.15,0.21,4.15,123.473
4.15,0,0,0,0,4.15,4.15,0.21,4.15,123.473
4.15,0,0,0,0,4.15,4.15,-0.02,4.15,123.473
4.15,0,0,0,0,4.15,4.15,-0.02,4.15,123.473
4.15,0,0,0,0,4.15,4.15,-0.15,4.15,123.468
4.15,0,0,0,0,4.15,4.15,-0.15,4.15,123.468
4.15,0,0,0,0,4.15,4.15,0.15,4.15,123.468
4.15,0,0,0,0,4.15,4.15,0.15,4.15,123.473
4.15,0,0,0,0,4.15,4.15,-0.45,4.15,123.473
4.15,0,0,0,0,4.15,4.15,-0.45,4.15,123.473
4.15,0,0,0,0,4.15,4.15,0.39,4.15,123.473
4.15,0,0,0,0,4.15,4.15,0.39,4.15,123.468
4.15,0,0,0,0,4.15,4.15,0.03,4.15,123.473
4.15,0,0,0,0,4.15,4.15,0.03,4.15,123.473
4.15,0,0,0,0,4.15,4.15,-0.02,4.15,123.473
4.15,0,0,0,0,4.15,4.15,-0.02,4.15,123.462
4.15,0,0,0,0,4.15,4.15,0.09,4.15,123.473
4.15,0,0,0,0,4.15,4.15,0.09,4.15,123.473
4.15,0,0,0,0,4.15,4.15,-0.02,4.15,123.473
4.15,0,0,0,0,4.15,4.15,-0.02,4.15,123.473
4.15,0,0,0,0,4.15,4.15,-0.09,4.15,123.473
4.15,0,0,0,0,4.15,4.15,-0.09,4.15,123.473
4.15,0,0,0,0,4.15,4.15,0.03,4.15,123.473
4.15,0,0,0,0,4.15,4.15,0.03,4.15,123.473
4.15,0,0,0,0,4.15,4.15,0.03,4.15,123.468
4.15,0,0,0,0,4.15,4.15,0.03,4.15,123.468
4.15,0,0,0,0,4.15,4.15,0.21,4.15,123.468
4.15,0,0,0,0,4.15,4.15,0.21,4.15,123.462
4.15,0,0,0,0,4.15,4.15,0.45,4.15,123.473
4.15,0,0,0,0,4.15,4.15,0.45,4.15,123.473
4.15,0,0,0,0,4.15,4.15,0.39,4.15,123.473
4.15,0,0,0,0,4.15,4.15,0.39,4.15,123.473
4.15,0,0,0,0,4.15,4.15,-0.02,4.15,123.468
4.15,0,0,0,0,4.15,4.15,-0.02,4.15,123.468
4.15,0,0,0,0,4.15,4.15,-0.45,4.15,123.468
4.15,0,0,0,0,4.15,4.15,-0.45,4.15,123.473
4.15,0,0,0,0,4.15,4.15,-0.09,4.15,123.468
4.15,0,0,0,0,4.15,4.15,-0.09,4.15,123.468
4.15,0,0,0,0,4.15,4.15,0.09,4.15,123.468
4.15,0,0,0,0,4.15,4.15,0.09,4.15,123.473
4.15,0,0,0,0,4.15,4.15,-0.09,4.15,123.462
4.15,0,0,0,0,4.15,4.15,-0.09,4.15,123.462
4.15,0,0,0,0,4.15,4.15,-0.21,4.15,123.462
4.15,0,0,0,0,4.15,4.15,-0.21,4.15,123.468
4.15,0,0,0,0,4.15,4.15,0.15,4.15,123.468
4.15,0,0,0,0,4.15,4.15,0.15,4.15,123.468
4.15,0,0,0,0,4.15,4.15,0.27,4.15,123.468
4.15,0,0,0,0,4.15,4.15,0.27,4.15,123.473
4.15,0,0,0,0,4.15,4.15,-0.02,4.15,123.473
4.15,0,0,0,0,4.15,4.15,-0.02,4.15,123.473
4.15,0,0,0,0,4.15,4.15,-0.09,4.15,123.473
4.15,0,0,0,0,4.15,4.15,-0.09,4.15,123.473
4.15,0,0,0,0,4.15,4.15,-0.21,4.15,123.462
4.15,0,0,0,0,4.15,4.15,-0.21,4.15,123.462
4.15,0,0,0,0,4.15,4.15,-0.39,4.15,123.462
4.15,0,0,0,0,4.15,4.15,-0.39,4.15,123.468
4.15,0,0,0,0,4.15,4.15,-0.02,4.15,123.468
4.15,0,0,0,0,4.15,4.15,-0.02,4.15,123.468
4.15,0,0,0,0,4.15,4.15,0.15,4.15,123.468
4.15,0,0,0,0,4.15,4.15,0.15,4.15,123.473
4.15,0,0,0,0,4.15,4.15,0.09,4.15,123.468
4.15,0,0,0,0,4.15,4.15,0.09,4.15,123.468
4.15,0,0,0,0,4.15,4.15,0.39,4.15,123.468
4.15,0,0,0,0,4.15,4.15,0.39,4.15,123.473
4.15,0,0,0,0,4.15,4.15,0.27,4.15,123.462
4.15,0,0,0,0,4.15,4.15,0.27,4.15,123.462
4.15,0,0,0,0,4.15,4.15,0.03,4.15,123.462
4.15,0,0,0,0,4.15,4.15,0.03,4.15,123.468
4.15,0,0,0,0,4.15,4.15,-0.63,4.15,123.473
4.15,0,0,0,0,4.15,4.15,-0.63,4.15,123.473
4.15,0,0,0,0,4.15,4.15,0.09,4.15,123.473
4.15,0,0,0,0,4.15,4.15,0.09,4.15,123.473
4.15,0,0,0,0,4.15,4.15,0.09,4.15,123.479
4.15,0,0,0,0,4.15,4.15,0.09,4.15,123.479
4.15,0,0,0,0,4.15,4.15,-0.09,4.15,123.479
4.15,0,0,0,0,4.15,4.15,-0.09,4.15,123.468
4.15,0,0,0,0,4.15,4.15,-0.21,4.15,123.468
4.15,0,0,0,0,4.15,4.15,-0.21,4.15,123.468
4.15,0,0,0,0,4.15,4.15,0.09,4.15,123.468
4.15,0,0,0,0,4.15,4.15,0.09,4.15,123.468
4.15,0,0,0,0,4.15,4.15,0.15,4.15,123.473
4.15,0,0,0,0,4.15,4.15,0.15,4.15,123.473
4.15,0,0,0,0,4.15,4.15,-0.02,4.15,123.473
4.15,0,0,0,0,4.15,4.15,-0.02,4.15,123.473
4.15,0,0,0,0,4.15,4.15,-0.09,4.15,123.473
4.15,0,0,0,0,4.15,4.15,-0.09,4.15,123.473
4.15,0,0,0,0,4.15,4.15,-0.27,4.15,123.473
4.15,0,0,0,0,4.15,4.15,-0.27,4.15,123.473
4.15,0,0,0,0,4.15,4.15,-0.09,4.15,123.462
4.15,0,0,0,0,4.15,4.15,-0.09,4.15,123.462
4.15,0,0,0,0,4.15,4.15,0.03,4.15,123.462
4.15,0,0,0,0,4.15,4.15,0.03,4.15,123.473
4.15,0,0,0,0,4.15,4.15,0.09,4.15,123.473
4.15,0,0,0,0,4.15,4.15,0.09,4.15,123.473
4.15,0,0,0,0,4.15,4.15,0.03,4.15,123.473
4.15,0,0,0,0,4.15,4.15,0.03,4.15,123.473
4.15,0,0,0,0,4.15,4.15,0.15,4.15,123.462
4.15,0,0,0,0,4.15,4.15,0.15,4.15,123.462
4.15,0,0,0,0,4.15,4.15,0.09,4.15,123.462
4.15,0,0,0,0,4.15,4.15,0.09,4.15,123.468
4.15,0,0,0,0,4.15,4.15,0.33,4.15,123.473
4.15,0,0,0,0,4.15,4.15,0.33,4.15,123.473
4.15,0,0,0,0,4.15,4.15,0.33,4.15,123.473
4.15,0,0,0,0,4.15,4.15,0.33,4.15,123.462
4.15,0,0,0,0,4.15,4.15,-0.02,4.15,123.473
4.15,0,0,0,0,4.15,4.15,-0.02,4.15,123.473
4.15,0,0,0,0,4.15,4.15,-0.57,4.15,123.473
4.15,0,0,0,0,4.15,4.15,-0.57,4.15,123.468
4.15,0,0,0,0,4.15,4.15,-0.09,4.15,123.462
4.15,0,0,0,0,4.15,4.15,-0.09,4.15,123.462
4.15,0,0,0,0,4.15,4.15,0.33,4.15,123.462
4.15,0,0,0,0,4.15,4.15,0.33,4.15,123.462
4.15,0,0,0,0,4.15,4.15,-0.09,4.15,123.468
4.15,0,0,0,0,4.15,4.15,-0.09,4.15,123.468
4.15,0,0,0,0,4.15,4.15,-0.33,4.15,123.468
4.15,0,0,0,0,4.15,4.15,-0.33,4.15,123.462
4.15,0,0,0,0,4.15,4.15,0.15,4.15,123.479
4.15,0,0,0,0,4.15,4.15,0.15,4.15,123.479
4.15,0,0,0,0,4.15,4.15,-0.15,4.15,123.479
4.15,0,0,0,0,4.15,4.15,-0.15,4.15,123.473
4.15,0,0,0,0,4.15,4.15,0.03,4.15,123.473
4.15,0,0,0,0,4.15,4.15,0.03,4.15,123.473
4.15,0,0,0,0,4.15,4.15,0.27,4.15,123.473
4.15,0,0,0,0,4.15,4.15,0.27,4.15,123.473
4.15,0,0,0,0,4.15,4.15,-0.21,4.15,123.473
4.15,0,0,0,0,4.15,4.15,-0.21,4.15,123.473
4.15,0,0,0,0,4.15,4.15,-0.27,4.15,123.473
4.15,0,0,0,0,4.15,4.15,-0.27,4.15,123.473
4.15,0,0,0,0,4.15,4.15,0.03,4.15,123.473
4.15,0,0,0,0,4.15,4.15,0.03,4.15,123.473
4.15,0,0,0,0,4.15,4.15,-0.15,4.15,123.473
4.15,0,0,0,0,4.15,4.15,-0.15,4.15,123.468
4.15,0,0,0,0,4.15,4.15,0.88,4.15,123.473
4.15,0,0,0,0,4.15,4.15,0.88,4.15,123.473
4.15,0,0,0,0,4.15,4.15,0.09,4.15,123.473
4.15,0,0,0,0,4.15,4.15,0.09,4.15,123.473
4.15,0,0,0,0,4.15,4.15,-0.21,4.15,123.468
4.15,0,0,0,0,4.15,4.15,-0.21,4.15,123.468
4.15,0,0,0,0,4.15,4.15,0.15,4.15,123.468
4.15,0,0,0,0,4.15,4.15,0.15,4.15,123.468
4.15,0,0,0,0,4.15,4.15,0.45,4.15,123.473
4.15,0,0,0,0,4.15,4.15,0.45,4.15,123.473
4.15,0,0,0,0,4.15,4.15,0.39,4.15,123.473
4.15,0,0,0,0,4.15,4.15,0.39,4.15,123.462
4.15,0,0,0,0,4.15,4.15,-0.39,4.15,123.468
4.15,0,0,0,0,4.15,4.15,-0.39,4.15,123.468
4.15,0,0,0,0,4.15,4.15,-0.15,4.15,123.468
4.15,0,0,0,0,4.15,4.15,-0.15,4.15,123.468
4.15,0,0,0,0,4.15,4.15,-0.45,4.15,123.473
4.15,0,0,0,0,4.15,4.15,-0.45,4.15,123.473
4.15,0,0,0,0,4.15,4.15,-0.21,4.15,123.473
4.15,0,0,0,0,4.15,4.15,-0.21,4.15,123.473
4.15,0,0,0,0,4.15,4.15,0.03,4.15,123.468
4.15,0,0,0,0,4.15,4.15,0.03,4.15,123.468
4.15,0,0,0,0,4.15,4.15,0.21,4.15,123.468
4.15,0,0,0,0,4.15,4.15,0.21,4.15,123.473
4.15,0,0,0,0,4.15,4.15,0.52,4.15,123.473
4.15,0,0,0,0,4.15,4.15,0.52,4.15,123.473
4.15,0,0,0,0,4.15,4.15,0.39,4.15,123.473
4.15,0,0,0,0,4.15,4.15,0.39,4.15,123.473
4.15,0,0,0,0,4.15,4.15,-0.15,4.15,123.468
4.15,0,0,0,0,4.15,4.15,-0.15,4.15,123.468
4.15,0,0,0,0,4.15,4.15,-0.27,4.15,123.468
4.15,0,0,0,0,4.15,4.15,-0.27,4.15,123.468
4.15,0,0,0,0,4.15,4.15,0.03,4.15,123.468
4.15,0,0,0,0,4.15,4.15,0.03,4.15,123.468
4.15,0,0,0,0,4.15,4.15,0.21,4.15,123.468
4.15,0,0,0,0,4.15,4.15,0.21,4.15,123.473
4.15,0,0,0,0,4.15,4.15,0.39,4.15,123.473
4.15,0,0,0,0,4.15,4.15,0.39,4.15,123.473
4.15,0,0,0,0,4.15,4.15,0.15,4.15,123.473
4.15,0,0,0,0,4.15,4.15,0.15,4.15,123.473
4.15,0,0,0,0,4.15,4.15,0.03,4.15,123.468
4.15,0,0,0,0,4.15,4.15,0.03,4.15,123.468
4.15,0,0,0,0,4.15,4.15,-0.21,4.15,123.468
4.15,0,0,0,0,4.15,4.15,-0.21,4.15,123.468
4.15,0,0,0,0,4.15,4.15,-0.57,4.15,123.468
4.15,0,0,0,0,4.15,4.15,-0.57,4.15,123.468
4.15,0,0,0,0,4.15,4.15,-0.21,4.15,123.468
4.15,0,0,0,0,4.15,4.15,-0.21,4.15,123.473
4.15,0,0,0,0,4.15,4.15,0.03,4.15,123.479
4.15,0,0,0,0,4.15,4.15,0.03,4.15,123.479
4.15,0,0,0,0,4.15,4.15,0.27,4.15,123.479
4.15,0,0,0,0,4.15,4.15,0.27,4.15,123.473
4.15,0,0,0,0,4.15,4.15,0.09,4.15,123.473
4.15,0,0,0,0,4.15,4.15,0.09,4.15,123.473
4.15,0,0,0,0,4.15,4.15,-0.21,4.15,123.473
4.15,0,0,0,0,4.15,4.15,-0.21,4.15,123.473
4.15,0,0,0,0,4.15,4.15,0.21,4.15,123.468
4.15,0,0,0,0,4.15,4.15,0.21,4.15,123.468
4.15,0,0,0,0,4.15,4.15,-0.02,4.15,123.468
4.15,0,0,0,0,4.15,4.15,-0.02,4.15,123.479
4.15,0,0,0,0,4.15,4.15,0.09,4.15,123.473
4.15,0,0,0,0,4.15,4.15,0.09,4.15,123.473
4.15,0,0,0,0,4.15,4.15,0.27,4.15,123.473
4.15,0,0,0,0,4.15,4.15,0.27,4.15,123.473
4.15,0,0,0,0,4.15,4.15,-0.02,4.15,123.473
4.15,0,0,0,0,4.15,4.15,-0.02,4.15,123.473
4.15,0,0,0,0,4.15,4.15,-0.33,4.15,123.473
4.15,0,0,0,0,4.15,4.15,-0.33,4.15,123.473
4.15,0,0,0,0,4.15,4.15,0.21,4.15,123.462
4.15,0,0,0,0,4.15,4.15,0.21,4.15,123.462
4.15,0,0,0,0,4.15,4.15,0.33,4.15,123.462
4.15,0,0,0,0,4.15,4.15,0.33,4.15,123.468
4.15,0,0,0,0,4.15,4.15,0.21,4.15,123.473
4.15,0,0,0,0,4.15,4.15,0.21,4.15,123.473
4.15,0,0,0,0,4.15,4.15,0.09,4.15,123.473
4.15,0,0,0,0,4.15,4.15,0.09,4.15,123.468
4.15,0,0,0,0,4.15,4.15,-0.15,4.15,123.473
4.15,0,0,0,0,4.15,4.15,-0.15,4.15,123.473
4.15,0,0,0,0,4.15,4.15,0.21,4.15,123.473
4.15,0,0,0,0,4.15,4.15,0.21,4.15,123.473
4.15,0,0,0,0,4.15,4.15,0.15,4.15,123.473
4.15,0,0,0,0,4.15,4.15,0.15,4.15,123.473
4.15,0,0,0,0,4.15,4.15,-0.21,4.15,123.473
4.15,0,0,0,0,4.15,4.15,-0.21,4.15,123.473
4.15,0,0,0,0,4.15,4.15,-0.27,4.15,123.473
4.15,0,0,0,0,4.15,4.15,-0.27,4.15,123.473
4.15,0,0,0,0,4.15,4.15,-0.21,4.15,123.473
4.15,0,0,0,0,4.15,4.15,-0.21,4.15,123.479
4.15,0,0,0,0,4.15,4.15,0.09,4.15,123.473
4.15,0,0,0,0,4.15,4.15,0.09,4.15,123.473
4.15,0,0,0,0,4.15,4.15,0.21,4.15,123.473
4.15,0,0,0,0,4.15,4.15,0.21,4.15,123.468
4.15,0,0,0,0,4.15,4.15,0.27,4.15,123.479
4.15,0,0,0,0,4.15,4.15,0.27,4.15,123.479
4.15,0,0,0,0,4.15,4.15,-0.33,4.15,123.479
4.15,0,0,0,0,4.15,4.15,-0.33,4.15,123.462
4.15,0,0,0,0,4.15,4.15,0.21,4.15,123.473
4.15,0,0,0,0,4.15,4.15,0.21,4.15,123.473
4.15,0,0,0,0,4.15,4.15,-0.02,4.15,123.473
4.15,0,0,0,0,4.15,4.15,-0.02,4.15,123.473
4.15,0,0,0,0,4.15,4.15,0.03,4.15,123.479
4.15,0,0,0,0,4.15,4.15,0.03,4.15,123.479
4.15,0,0,0,0,4.15,4.15,0.03,4.15,123.479
4.15,0,0,0,0,4.15,4.15,0.03,4.15,123.473
4.15,0,0,0,0,4.15,4.15,-0.02,4.15,123.473
4.15,0,0,0,0,4.15,4.15,-0.02,4.15,123.473
4.15,0,0,0,0,4.15,4.15,-0.39,4.15,123.473
4.15,0,0,0,0,4.15,4.15,-0.39,4.15,123.473
4.15,0,0,0,0,4.15,4.15,0.27,4.15,123.473
4.15,0,0,0,0,4.15,4.15,0.27,4.15,123.473
4.15,0,0,0,0,4.15,4.15,0.27,4.15,123.473
4.15,0,0,0,0,4.15,4.15,0.27,4.15,123.468
4.15,0,0,0,0,4.15,4.15,-0.02,4.15,123.473
4.15,0,0,0,0,4.15,4.15,-0.02,4.15,123.473
4.15,0,0,0,0,4.15,4.15,-0.39,4.15,123.473
4.15,0,0,0,0,4.15,4.15,-0.39,4.15,123.473
4.15,0,0,0,0,4.15,4.15,-0.02,4.15,123.468
4.15,0,0,0,0,4.15,4.15,-0.02,4.15,123.468
4.15,0,0,0,0,4.15,4.15,-0.27,4.15,123.468
4.15,0,0,0,0,4.15,4.15,-0.27,4.15,123.468
4.15,0,0,0,0,4.15,4.15,-0.27,4.15,123.473
4.15,0,0,0,0,4.15,4.15,-0.27,4.15,123.473
4.15,0,0,0,0,4.15,4.15,-0.09,4.15,123.473
4.15,0,0,0,0,4.15,4.15,-0.09,4.15,123.473
4.15,0,0,0,0,4.15,4.15,-0.02,4.15,123.462
4.15,0,0,0,0,4.15,4.15,-0.02,4.15,123.462
4.15,0,0,0,0,4.15,4.15,0.03,4.15,123.462
4.15,0,0,0,0,4.15,4.15,0.03,4.15,123.473
4.15,0,0,0,0,4.15,4.15,-0.51,4.15,123.473
4.15,0,0,0,0,4.15,4.15,-0.51,4.15,123.473
4.15,0,0,0,0,4.15,4.15,-0.09,4.15,123.473
4.15,0,0,0,0,4.15,4.15,-0.09,4.15,123.468
4.15,0,0,0,0,4.15,4.15,0.03,4.15,123.473
4.15,0,0,0,0,4.15,4.15,0.03,4.15,123.473
4.15,0,0,0,0,4.15,4.15,0.03,4.15,123.473
4.15,0,0,0,0,4.15,4.15,0.03,4.15,123.468
4.15,0,0,0,0,4.15,4.15,0.03,4.15,123.473
4.15,0,0,0,0,4.15,4.15,0.03,4.15,123.473
4.15,0,0,0,0,4.15,4.15,0.15,4.15,123.473
4.15,0,0,0,0,4.15,4.15,0.15,4.15,123.462
4.15,0,0,0,0,4.15,4.15,-0.21,4.15,123.473
4.15,0,0,0,0,4.15,4.15,-0.21,4.15,123.473
4.15,0,0,0,0,4.15,4.15,0.15,4.15,123.473
4.15,0,0,0,0,4.15,4.15,0.15,4.15,123.473
4.15,0,0,0,0,4.15,4.15,-0.02,4.15,123.473
4.15,0,0,0,0,4.15,4.15,-0.02,4.15,123.473
4.15,0,0,0,0,4.15,4.15,-0.27,4.15,123.473
4.15,0,0,0,0,4.15,4.15,-0.27,4.15,123.473
4.15,0,0,0,0,4.15,4.15,0.03,4.15,123.473
4.15,0,0,0,0,4.15,4.15,0.03,4.15,123.473
4.15,0,0,0,0,4.15,4.15,-0.09,4.15,123.473
4.15,0,0,0,0,4.15,4.15,-0.09,4.15,123.468
4.15,0,0,0,0,4.15,4.15,0.09,4.15,123.468
4.15,0,0,0,0,4.15,4.15,0.09,4.15,123.468
4.15,0,0,0,0,4.15,4.15,0.27,4.15,123.468
4.15,0,0,0,0,4.15,4.15,0.27,4.15,123.473
4.15,0,0,0,0,4.15,4.15,-0.21,4.15,123.468
4.15,0,0,0,0,4.15,4.15,-0.21,4.15,123.468
4.15,0,0,0,0,4.15,4.15,-0.09,4.15,123.468
4.15,0,0,0,0,4.15,4.15,-0.09,4.15,123.473
4.15,0,0,0,0,4.15,4.15,-0.09,4.15,123.473
4.15,0,0,0,0,4.15,4.15,-0.09,4.15,123.473
4.15,0,0,0,0,4.15,4.15,0.21,4.15,123.473
4.15,0,0,0,0,4.15,4.15,0.21,4.15,123.468
4.15,0,0,0,0,4.15,4.15,-0.15,4.15,123.473
4.15,0,0,0,0,4.15,4.15,-0.15,4.15,123.473
4.15,0,0,0,0,4.15,4.15,0.21,4.15,123.473
4.15,0,0,0,0,4.15,4.15,0.21,4.15,123.473
4.15,0,0,0,0,4.15,4.15,0.64,4.15,123.468
4.15,0,0,0,0,4.15,4.15,0.64,4.15,123.468
4.15,0,0,0,0,4.15,4.15,-0.21,4.15,123.468
4.15,0,0,0,0,4.15,4.15,-0.21,4.15,123.473
4.15,0,0,0,0,4.15,4.15,-0.27,4.15,123.473
4.15,0,0,0,0,4.15,4.15,-0.27,4.15,123.473
4.15,0,0,0,0,4.15,4.15,0.09,4.15,123.473
4.15,0,0,0,0,4.15,4.15,0.09,4.15,123.473
4.15,0,0,0,0,4.15,4.15,0.03,4.15,123.468
4.15,0,0,0,0,4.15,4.15,0.03,4.15,123.468
4.15,0,0,0,0,4.15,4.15,-0.39,4.15,123.468
4.15,0,0,0,0,4.15,4.15,-0.39,4.15,123.473
4.15,0,0,0,0,4.15,4.15,-0.45,4.15,123.473
4.15,0,0,0,0,4.15,4.15,-0.45,4.15,123.473
4.15,0,0,0,0,4.15,4.15,-0.15,4.15,123.473
4.15,0,0,0,0,4.15,4.15,-0.15,4.15,123.468
4.15,0,0,0,0,4.15,4.15,0.21,4.15,123.468
4.15,0,0,0,0,4.15,4.15,0.21,4.15,123.468
4.15,0,0,0,0,4.15,4.15,0.03,4.15,123.468
4.15,0,0,0,0,4.15,4.15,0.03,4.15,123.473
4.15,0,0,0,0,4.15,4.15,-0.02,4.15,123.468
4.15,0,0,0,0,4.15,4.15,-0.02,4.15,123.468
4.15,0,0,0,0,4.15,4.15,-0.39,4.15,123.468
4.15,0,0,0,0,4.15,4.15,-0.39,4.15,123.468
4.15,0,0,0,0,4.15,4.15,-0.09,4.15,123.479
4.15,0,0,0,0,4.15,4.15,-0.09,4.15,123.479
4.15,0,0,0,0,4.15,4.15,-0.09,4.15,123.479
4.15,0,0,0,0,4.15,4.15,-0.09,4.15,123.473
4.15,0,0,0,0,4.15,4.15,0.03,4.15,123.473
4.15,0,0,0,0,4.15,4.15,0.03,4.15,123.473
4.15,0,0,0,0,4.15,4.15,-0.09,4.15,123.473
4.15,0,0,0,0,4.15,4.15,-0.09,4.15,123.473
4.15,0,0,0,0,4.15,4.15,0.03,4.14,123.462
4.14,0,0,0,0,4.14,4.14,0.03,4.14,123.462
4.14,0,0,0,0,4.14,4.14,0.39,4.14,123.462
4.14,0,0,0,0,4.14,4.14,0.39,4.14,123.468
4.14,0,0,0,0,4.14,4.14,0.03,4.14,123.468
4.14,0,0,0,0,4.14,4.14,0.03,4.14,123.468
4.14,0,0,0,0,4.14,4.14,-0.51,4.14,123.468
4.14,0,0,0,0,4.14,4.14,-0.51,4.14,123.468
4.14,0,0,0,0,4.14,4.14,-0.09,4.14,123.468
4.14,0,0,0,0,4.14,4.14,-0.09,4.14,123.468
4.14,0,0,0,0,4.14,4.14,0.09,4.14,123.468
4.14,0,0,0,0,4.14,4.14,0.09,4.14,123.473
4.14,0,0,0,0,4.14,4.14,-0.33,4.14,123.473
4.14,0,0,0,0,4.14,4.14,-0.33,4.14,123.473
4.14,0,0,0,0,4.14,4.14,-0.21,4.14,123.473
4.14,0,0,0,0,4.14,4.14,-0.21,4.14,123.473
4.14,0,0,0,0,4.14,4.14,-0.21,4.14,123.473
4.14,0,0,0,0,4.14,4.14,-0.21,4.14,123.473
4.14,0,0,0,0,4.14,4.14,-0.33,4.14,123.473
4.14,0,0,0,0,4.14,4.14,-0.33,4.14,123.468
4.14,0,0,0,0,4.14,4.14,-0.15,4.14,123.479
4.14,0,0,0,0,4.14,4.14,-0.15,4.14,123.479
4.14,0,0,0,0,4.14,4.14,0.33,4.14,123.479
4.14,0,0,0,0,4.14,4.14,0.33,4.14,123.473
4.14,0,0,0,0,4.14,4.14,-0.02,4.14,123.473
4.14,0,0,0,0,4.14,4.14,-0.02,4.14,123.473
4.14,0,0,0,0,4.14,4.14,0.09,4.14,123.473
4.14,0,0,0,0,4.14,4.14,0.09,4.14,123.468
4.14,0,0,0,0,4.14,4.14,-0.09,4.14,123.473
4.14,0,0,0,0,4.14,4.14,-0.09,4.14,123.473
4.14,0,0,0,0,4.14,4.14,-0.15,4.14,123.473
4.14,0,0,0,0,4.14,4.14,-0.15,4.14,123.473
4.14,0,0,0,0,4.14,4.14,-0.15,4.14,123.473
4.14,0,0,0,0,4.14,4.14,-0.15,4.14,123.473
4.14,0,0,0,0,4.14,4.14,0.39,4.14,123.473
4.14,0,0,0,0,4.14,4.14,0.39,4.14,123.473
4.14,0,0,0,0,4.14,4.14,0.21,4.14,123.473
4.14,0,0,0,0,4.14,4.14,0.21,4.14,123.473
4.14,0,0,0,0,4.14,4.14,-0.15,4.14,123.473
4.14,0,0,0,0,4.14,4.14,-0.15,4.14,123.462
4.14,0,0,0,0,4.14,4.14,0.15,4.14,123.473
4.14,0,0,0,0,4.14,4.14,0.15,4.14,123.473
4.14,0,0,0,0,4.14,4.14,0.03,4.14,123.473
4.14,0,0,0,0,4.14,4.14,0.03,4.14,123.462
4.14,0,0,0,0,4.14,4.14,-0.21,4.14,123.473
4.14,0,0,0,0,4.14,4.14,-0.21,4.14,123.473
4.14,0,0,0,0,4.14,4.14,-0.15,4.14,123.473
4.14,0,0,0,0,4.14,4.14,-0.15,4.14,123.462
4.14,0,0,0,0,4.14,4.14,-0.09,4.14,123.473
4.14,0,0,0,0,4.14,4.14,-0.09,4.14,123.473
4.14,0,0,0,0,4.14,4.14,-0.33,4.14,123.473
4.14,0,0,0,0,4.14,4.14,-0.33,4.14,123.473
4.14,0,0,0,0,4.14,4.14,-0.09,4.14,123.473
4.14,0,0,0,0,4.14,4.14,-0.09,4.14,123.473
4.14,0,0,0,0,4.14,4.14,0.52,4.14,123.473
4.14,0,0,0,0,4.14,4.14,0.52,4.14,123.468
4.14,0,0,0,0,4.14,4.14,-0.27,4.14,123.473
4.14,0,0,0,0,4.14,4.14,-0.27,4.14,123.473
4.14,0,0,0,0,4.14,4.14,-0.09,4.14,123.473
4.14,0,0,0,0,4.14,4.14,-0.09,4.14,123.468
4.14,0,0,0,0,4.14,4.14,-0.09,4.14,123.462
4.14,0,0,0,0,4.14,4.14,-0.09,4.14,123.462
4.14,0,0,0,0,4.14,4.14,-0.09,4.14,123.462
4.14,0,0,0,0,4.14,4.14,-0.09,4.14,123.468
4.14,0,0,0,0,4.14,4.14,0.27,4.14,123.473
4.14,0,0,0,0,4.14,4.14,0.27,4.14,123.473
4.14,0,0,0,0,4.14,4.14,0.09,4.14,123.473
4.14,0,0,0,0,4.14,4.14,0.09,4.14,123.468
4.14,0,0,0,0,4.14,4.14,0.21,4.14,123.473
4.14,0,0,0,0,4.14,4.14,0.21,4.14,123.473
4.14,0,0,0,0,4.14,4.14,0.33,4.14,123.473
4.14,0,0,0,0,4.14,4.14,0.33,4.14,123.468
4.14,0,0,0,0,4.14,4.14,0.15,4.14,123.473
4.14,0,0,0,0,4.14,4.14,0.15,4.14,123.473
4.14,0,0,0,0,4.14,4.14,-0.21,4.14,123.473
4.14,0,0,0,0,4.14,4.14,-0.21,4.14,123.462
4.14,0,0,0,0,4.14,4.14,-0.09,4.14,123.473
4.14,0,0,0,0,4.14,4.14,-0.09,4.14,123.473
4.14,0,0,0,0,4.14,4.14,0.39,4.14,123.473
4.14,0,0,0,0,4.14,4.14,0.39,4.14,123.473
4.14,0,0,0,0,4.14,4.14,0.15,4.14,123.468
4.14,0,0,0,0,4.14,4.14,0.15,4.14,123.468
4.14,0,0,0,0,4.14,4.14,-0.02,4.14,123.468
4.14,0,0,0,0,4.14,4.14,-0.02,4.14,123.473
4.14,0,0,0,0,4.14,4.14,-0.33,4.14,123.468
4.14,0,0,0,0,4.14,4.14,-0.33,4.14,123.468
4.14,0,0,0,0,4.14,4.14,-0.27,4.14,123.468
4.14,0,0,0,0,4.14,4.14,-0.27,4.14,123.457
4.14,0,0,0,0,4.14,4.14,0.27,4.14,123.473
4.14,0,0,0,0,4.14,4.14,0.27,4.14,123.473
4.14,0,0,0,0,4.14,4.14,0.21,4.14,123.473
4.14,0,0,0,0,4.14,4.14,0.21,4.14,123.473
4.14,0,0,0,0,4.14,4.14,0.09,4.14,123.479
4.14,0,0,0,0,4.14,4.14,0.09,4.14,123.479
4.14,0,0,0,0,4.14,4.14,0.39,4.15,123.479
4.15,0,0,0,0,4.15,4.15,0.39,4.15,123.473
4.15,0,0,0,0,4.15,4.15,-0.15,4.14,123.468
4.14,-0.01,0,0,0,4.14,4.14,-0.15,4.14,123.468
4.14,-0.01,0,0,0,4.14,4.14,-0.15,4.14,123.468
4.14,0,0,0,0,4.14,4.14,-0.15,4.14,123.468
4.14,0,0,0,0,4.14,4.14,0.21,4.14,123.479
4.14,0,0,0,0,4.14,4.14,0.21,4.14,123.479
4.14,0,0,0,0,4.14,4.14,0.21,4.14,123.479
4.14,0,0,0,0,4.14,4.14,0.21,4.14,123.473
4.14,0,0,0,0,4.14,4.14,0.15,4.14,123.473
4.14,0,0,0,0,4.14,4.14,0.15,4.14,123.473
4.14,0,0,0,0,4.14,4.14,0.03,4.14,123.473
4.14,0,0,0,0,4.14,4.14,0.03,4.14,123.479
4.14,0,0,0,0,4.14,4.14,0.03,4.14,123.473
4.14,0,0,0,0,4.14,4.14,0.03,4.14,123.473
4.14,0,0,0,0,4.14,4.14,-0.02,4.14,123.473
4.14,0,0,0,0,4.14,4.14,-0.02,4.14,123.473
4.14,0,0,0,0,4.14,4.14,0.09,4.14,123.473
4.14,0,0,0,0,4.14,4.14,0.09,4.14,123.473
4.14,0,0,0,0,4.14,4.14,0.03,4.14,123.473
4.14,0,0,0,0,4.14,4.14,0.03,4.14,123.473
4.14,0,0,0,0,4.14,4.14,0.21,4.14,123.473
4.14,0,0,0,0,4.14,4.14,0.21,4.14,123.473
4.14,0,0,0,0,4.14,4.14,-0.09,4.14,123.473
4.14,0,0,0,0,4.14,4.14,-0.09,4.14,123.479
4.14,0,0,0,0,4.14,4.14,-0.21,4.14,123.462
4.14,0,0,0,0,4.14,4.14,-0.21,4.14,123.462
4.14,0,0,0,0,4.14,4.14,0.39,4.14,123.462
4.14,0,0,0,0,4.14,4.14,0.39,4.14,123.473
4.14,0,0,0,0,4.14,4.14,0.33,4.15,123.468
4.15,0,0,0,0,4.15,4.15,0.33,4.15,123.468
4.15,0,0,0,0,4.15,4.15,0.21,4.15,123.468
4.15,0,0,0,0,4.15,4.15,0.21,4.15,123.473
4.15,0,0,0,0,4.15,4.15,0.15,4.15,123.468
4.15,0,0,0,0,4.15,4.15,0.15,4.15,123.468
4.15,0,0,0,0,4.15,4.15,-0.09,4.15,123.468
4.15,0,0,0,0,4.15,4.15,-0.09,4.15,123.468
4.15,0,0,0,0,4.15,4.15,0.39,4.15,123.473
4.15,0,0,0,0,4.15,4.15,0.39,4.15,123.473
4.15,0,0,0,0,4.15,4.15,0.33,4.15,123.473
4.15,0,0,0,0,4.15,4.15,0.33,4.15,123.468
4.15,0,0,0,0,4.15,4.15,0.39,4.15,123.473
4.15,0,0,0,0,4.15,4.15,0.39,4.15,123.473
4.15,0,0,0,0,4.15,4.15,-0.02,4.15,123.473
4.15,0,0,0,0,4.15,4.15,-0.02,4.15,123.468
4.15,0,0,0,0,4.15,4.15,-0.15,4.15,123.462
4.15,0,0,0,0,4.15,4.15,-0.15,4.15,123.462
4.15,0,0,0,0,4.15,4.15,0.09,4.15,123.462
4.15,0,0,0,0,4.15,4.15,0.09,4.15,123.479
4.15,0,0,0,0,4.15,4.15,-0.09,4.15,123.473
4.15,0,0,0,0,4.15,4.15,-0.09,4.15,123.473
4.15,0,0,0,0,4.15,4.15,-0.33,4.15,123.473
4.15,0,0,0,0,4.15,4.15,-0.33,4.15,123.462
4.15,0,0,0,0,4.15,4.15,0.03,4.15,123.473
4.15,0,0,0,0,4.15,4.15,0.03,4.15,123.473
4.15,0,0,0,0,4.15,4.15,0.7,4.15,123.473
4.15,0,0,0,0,4.15,4.15,0.7,4.15,123.462
4.15,0,0,0,0,4.15,4.15,0.03,4.15,123.468
4.15,0,0,0,0,4.15,4.15,0.03,4.15,123.468
4.15,0,0,0,0,4.15,4.15,-0.09,4.15,123.468
4.15,0,0,0,0,4.15,4.15,-0.09,4.15,123.462
4.15,0,0,0,0,4.15,4.15,-0.39,4.15,123.468
4.15,0,0,0,0,4.15,4.15,-0.39,4.15,123.468
4.15,0,0,0,0,4.15,4.15,-0.15,4.15,123.468
4.15,0,0,0,0,4.15,4.15,-0.15,4.15,123.473
4.15,0,0,0,0,4.15,4.15,-0.15,4.15,123.462
4.15,0,0,0,0,4.15,4.15,-0.15,4.15,123.462
4.15,0,0,0,0,4.15,4.15,-0.15,4.15,123.462
4.15,0,0,0,0,4.15,4.15,-0.15,4.15,123.479
4.15,0,0,0,0,4.15,4.15,0.33,4.15,123.473
4.15,0,0,0,0,4.15,4.15,0.33,4.15,123.473
4.15,0,0,0,0,4.15,4.15,0.58,4.15,123.473
4.15,0,0,0,0,4.15,4.15,0.58,4.15,123.473
4.15,0,0,0,0,4.15,4.15,-0.09,4.15,123.468
4.15,0,0,0,0,4.15,4.15,-0.09,4.15,123.468
4.15,0,0,0,0,4.15,4.15,0.15,4.15,123.468
4.15,0,0,0,0,4.15,4.15,0.15,4.15,123.473
4.15,0,0,0,0,4.15,4.15,0.27,4.15,123.462
4.15,0,0,0,0,4.15,4.15,0.27,4.15,123.462
4.15,0,0,0,0,4.15,4.15,-0.33,4.15,123.462
4.15,0,0,0,0,4.15,4.15,-0.33,4.15,123.473
4.15,0,0,0,0,4.15,4.15,-0.09,4.15,123.462
4.15,0,0,0,0,4.15,4.15,-0.09,4.15,123.462
4.15,0,0,0,0,4.15,4.15,0.45,4.15,123.462
4.15,0,0,0,0,4.15,4.15,0.45,4.15,123.468
4.15,0,0,0,0,4.15,4.15,0.58,4.15,123.473
4.15,0,0,0,0,4.15,4.15,0.58,4.15,123.473
4.15,0,0,0,0,4.15,4.15,-0.21,4.15,123.473
4.15,0,0,0,0,4.15,4.15,-0.21,4.15,123.462
4.15,0,0,0,0,4.15,4.15,-0.27,4.15,123.473
4.15,0,0,0,0,4.15,4.15,-0.27,4.15,123.473
4.15,0,0,0,0,4.15,4.15,-0.39,4.15,123.473
4.15,0,0,0,0,4.15,4.15,-0.39,4.15,123.462
4.15,0,0,0,0,4.15,4.15,0.03,4.15,123.468
4.15,0,0,0,0,4.15,4.15,0.03,4.15,123.468
4.15,0,0,0,0,4.15,4.15,0.27,4.15,123.468
4.15,0,0,0,0,4.15,4.15,0.27,4.15,123.468
4.15,0,0,0,0,4.15,4.15,0.09,4.15,123.473
4.15,0,0,0,0,4.15,4.15,0.09,4.15,123.473
4.15,0,0,0,0,4.15,4.15,0.15,4.15,123.473
4.15,0,0,0,0,4.15,4.15,0.15,4.15,123.468
4.15,0,0,0,0,4.15,4.15,-0.09,4.15,123.473
4.15,0,0,0,0,4.15,4.15,-0.09,4.15,123.473
4.15,0,0,0,0,4.15,4.15,0.09,4.15,123.473
4.15,0,0,0,0,4.15,4.15,0.09,4.15,123.468
4.15,0,0,0,0,4.15,4.15,0.21,4.15,123.473
4.15,0,0,0,0,4.15,4.15,0.21,4.15,123.473
4.15,0,0,0,0,4.15,4.15,-0.02,4.15,123.473
4.15,0,0,0,0,4.15,4.15,-0.02,4.15,123.468
4.15,0,0,0,0,4.15,4.15,0.15,4.15,123.473
4.15,0,0,0,0,4.15,4.15,0.15,4.15,123.473
4.15,0,0,0,0,4.15,4.15,-0.21,4.15,123.473
4.15,0,0,0,0,4.15,4.15,-0.21,4.15,123.473
4.15,0,0,0,0,4.15,4.15,-0.45,4.15,123.468
4.15,0,0,0,0,4.15,4.15,-0.45,4.15,123.468
4.15,0,0,0,0,4.15,4.15,0.03,4.15,123.468
4.15,0,0,0,0,4.15,4.15,0.03,4.15,123.473
4.15,0,0,0,0,4.15,4.15,0.39,4.15,123.473
4.15,0,0,0,0,4.15,4.15,0.39,4.15,123.473
4.15,0,0,0,0,4.15,4.15,0.21,4.15,123.473
4.15,0,0,0,0,4.15,4.15,0.21,4.15,123.473
4.15,0,0,0,0,4.15,4.15,-0.09,4.15,123.468
4.15,0,0,0,0,4.15,4.15,-0.09,4.15,123.468
4.15,0,0,0,0,4.15,4.15,-0.15,4.15,123.468
4.15,0,0,0,0,4.15,4.15,-0.15,4.15,123.473
4.15,0,0,0,0,4.15,4.15,-0.09,4.15,123.468
4.15,0,0,0,0,4.15,4.15,-0.09,4.15,123.468
4.15,0,0,0,0,4.15,4.15,-0.09,4.15,123.468
4.15,0,0,0,0,4.15,4.15,-0.09,4.15,123.473
4.15,0,0,0,0,4.15,4.15,-0.27,4.15,123.473
4.15,0,0,0,0,4.15,4.15,-0.27,4.15,123.473
4.15,0,0,0,0,4.15,4.15,0.09,4.15,123.473
4.15,0,0,0,0,4.15,4.15,0.09,4.15,123.468
4.15,0,0,0,0,4.15,4.15,0.33,4.15,123.473
4.15,0,0,0,0,4.15,4.15,0.33,4.15,123.473
4.15,0,0,0,0,4.15,4.15,0.33,4.15,123.473
4.15,0,0,0,0,4.15,4.15,0.33,4.15,123.479
4.15,0,0,0,0,4.15,4.15,0.03,4.15,123.462
4.15,0,0,0,0,4.15,4.15,0.03,4.15,123.462
4.15,0,0,0,0,4.15,4.15,0.21,4.15,123.462
4.15,0,0,0,0,4.15,4.15,0.21,4.15,123.462
4.15,0,0,0,0,4.15,4.15,-0.15,4.15,123.468
4.15,0,0,0,0,4.15,4.15,-0.15,4.15,123.468
4.15,0,0,0,0,4.15,4.15,-0.02,4.15,123.468
4.15,0,0,0,0,4.15,4.15,-0.02,4.15,123.468
4.15,0,0,0,0,4.15,4.15,-0.51,4.15,123.473
4.15,0,0,0,0,4.15,4.15,-0.51,4.15,123.473
4.15,0,0,0,0,4.15,4.15,-0.02,4.15,123.473
4.15,0,0,0,0,4.15,4.15,-0.02,4.15,123.468
4.15,0,0,0,0,4.15,4.15,0.03,4.15,123.473
4.15,0,0,0,0,4.15,4.15,0.03,4.15,123.473
4.15,0,0,0,0,4.15,4.15,-0.09,4.15,123.473
4.15,0,0,0,0,4.15,4.15,-0.09,4.15,123.473
4.15,0,0,0,0,4.15,4.15,-0.09,4.15,123.468
4.15,0,0,0,0,4.15,4.15,-0.09,4.15,123.468
4.15,0,0,0,0,4.15,4.15,-0.27,4.15,123.468
4.15,0,0,0,0,4.15,4.15,-0.27,4.15,123.473
4.15,0,0,0,0,4.15,4.15,0.09,4.15,123.473
4.15,0,0,0,0,4.15,4.15,0.09,4.15,123.473
4.15,0,0,0,0,4.15,4.15,0.39,4.15,123.473
4.15,0,0,0,0,4.15,4.15,0.39,4.15,123.473
4.15,0,0,0,0,4.15,4.15,0.03,4.15,123.462
4.15,0,0,0,0,4.15,4.15,0.03,4.15,123.462
4.15,0,0,0,0,4.15,4.15,-0.15,4.15,123.462
4.15,0,0,0,0,4.15,4.15,-0.15,4.15,123.462
4.15,0,0,0,0,4.15,4.15,0.09,4.15,123.468
4.15,0,0,0,0,4.15,4.15,0.09,4.15,123.468
4.15,0,0,0,0,4.15,4.15,0.27,4.15,123.468
4.15,0,0,0,0,4.15,4.15,0.27,4.15,123.468
4.15,0,0,0,0,4.15,4.15,-0.02,4.15,123.473
4.15,0,0,0,0,4.15,4.15,-0.02,4.15,123.473
4.15,0,0,0,0,4.15,4.15,-0.51,4.15,123.473
4.15,0,0,0,0,4.15,4.15,-0.51,4.15,123.479
4.15,0,0,0,0,4.15,4.15,-0.39,4.15,123.473
4.15,0,0,0,0,4.15,4.15,-0.39,4.15,123.473
4.15,0,0,0,0,4.15,4.15,0.64,4.15,123.473
4.15,0,0,0,0,4.15,4.15,0.64,4.15,123.473
4.15,0,0,0,0,4.15,4.15,0.45,4.15,123.468
4.15,0,0,0,0,4.15,4.15,0.45,4.15,123.468
4.15,0,0,0,0,4.15,4.15,-0.27,4.15,123.468
4.15,0,0,0,0,4.15,4.15,-0.27,4.15,123.473
4.15,0,0,0,0,4.15,4.15,0.09,4.15,123.468
4.15,0,0,0,0,4.15,4.15,0.09,4.15,123.468
4.15,0,0,0,0,4.15,4.15,0.09,4.15,123.468
4.15,0,0,0,0,4.15,4.15,0.09,4.15,123.468
4.15,0,0,0,0,4.15,4.15,0.03,4.15,123.473
4.15,0,0,0,0,4.15,4.15,0.03,4.15,123.473
4.15,0,0,0,0,4.15,4.15,0.03,4.15,123.473
4.15,0,0,0,0,4.15,4.15,0.03,4.15,123.479
4.15,0,0,0,0,4.15,4.15,0.33,4.15,123.468
4.15,0,0,0,0,4.15,4.15,0.33,4.15,123.468
4.15,0,0,0,0,4.15,4.15,-0.09,4.15,123.468
4.15,0,0,0,0,4.15,4.15,-0.09,4.15,123.473
4.15,0,0,0,0,4.15,4.15,-0.15,4.15,123.473
4.15,0,0,0,0,4.15,4.15,-0.15,4.15,123.473
4.15,0,0,0,0,4.15,4.15,-0.02,4.15,123.473
4.15,0,0,0,0,4.15,4.15,-0.02,4.15,123.473
4.15,0,0,0,0,4.15,4.15,0.33,4.15,123.473
4.15,0,0,0,0,4.15,4.15,0.33,4.15,123.473
4.15,0,0,0,0,4.15,4.15,0.52,4.15,123.473
4.15,0,0,0,0,4.15,4.15,0.52,4.15,123.473
4.15,0,0,0,0,4.15,4.15,0.03,4.15,123.473
4.15,0,0,0,0,4.15,4.15,0.03,4.15,123.473
4.15,0,0,0,0,4.15,4.15,0.09,4.15,123.473
4.15,0,0,0,0,4.15,4.15,0.09,4.15,123.473
4.15,0,0,0,0,4.15,4.15,0.15,4.15,123.473
4.15,0,0,0,0,4.15,4.15,0.15,4.15,123.473
4.15,0,0,0,0,4.15,4.15,0.27,4.15,123.473
4.15,0,0,0,0,4.15,4.15,0.27,4.15,123.468
4.15,0,0,0,0,4.15,4.15,0.33,4.15,123.468
4.15,0,0,0,0,4.15,4.15,0.33,4.15,123.468
4.15,0,0,0,0,4.15,4.15,-0.02,4.15,123.468
4.15,0,0,0,0,4.15,4.15,-0.02,4.15,123.473
4.15,0,0,0,0,4.15,4.15,-0.39,4.15,123.473
4.15,0,0,0,0,4.15,4.15,-0.39,4.15,123.473
4.15,0,0,0,0,4.15,4.15,-0.21,4.15,123.473
4.15,0,0,0,0,4.15,4.15,-0.21,4.15,123.473
4.15,0,0,0,0,4.15,4.15,-0.02,4.15,123.468
4.15,0,0,0,0,4.15,4.15,-0.02,4.15,123.468
4.15,0,0,0,0,4.15,4.15,-0.02,4.15,123.468
4.15,0,0,0,0,4.15,4.15,-0.02,4.15,123.473
4.15,0,0,0,0,4.15,4.15,0.21,4.15,123.468
4.15,0,0,0,0,4.15,4.15,0.21,4.15,123.468
4.15,0,0,0,0,4.15,4.15,-0.09,4.15,123.468
4.15,0,0,0,0,4.15,4.15,-0.09,4.15,123.468
4.15,0,0,0,0,4.15,4.15,-0.15,4.15,123.468
4.15,0,0,0,0,4.15,4.15,-0.15,4.15,123.468
4.15,0,0,0,0,4.15,4.15,-0.45,4.15,123.468
4.15,0,0,0,0,4.15,4.15,-0.45,4.15,123.462
4.15,0,0,0,0,4.15,4.15,0.21,4.15,123.462
4.15,0,0,0,0,4.15,4.15,0.21,4.15,123.462
4.15,0,0,0,0,4.15,4.15,0.27,4.15,123.462
4.15,0,0,0,0,4.15,4.15,0.27,4.15,123.473
4.15,0,0,0,0,4.15,4.15,0.45,4.15,123.473
4.15,0,0,0,0,4.15,4.15,0.45,4.15,123.473
4.15,0,0,0,0,4.15,4.15,-0.27,4.15,123.473
4.15,0,0,0,0,4.15,4.15,-0.27,4.15,123.462
4.15,0,0,0,0,4.15,4.15,-0.45,4.15,123.473
4.15,0,0,0,0,4.15,4.15,-0.45,4.15,123.473
4.15,0,0,0,0,4.15,4.15,0.09,4.15,123.473
4.15,0,0,0,0,4.15,4.15,0.09,4.15,123.473
4.15,0,0,0,0,4.15,4.15,-0.21,4.15,123.479
4.15,0,0,0,0,4.15,4.15,-0.21,4.15,123.479
4.15,0,0,0,0,4.15,4.15,-0.15,4.15,123.479
4.15,0,0,0,0,4.15,4.15,-0.15,4.15,123.473
4.15,0,0,0,0,4.15,4.15,0.21,4.15,123.462
4.15,0,0,0,0,4.15,4.15,0.21,4.15,123.462
4.15,0,0,0,0,4.15,4.15,-0.09,4.15,123.462
4.15,0,0,0,0,4.15,4.15,-0.09,4.15,123.468
4.15,0,0,0,0,4.15,4.15,0.03,4.15,123.473
4.15,0,0,0,0,4.15,4.15,0.03,4.15,123.473
4.15,0,0,0,0,4.15,4.15,-0.39,4.15,123.473
4.15,0,0,0,0,4.15,4.15,-0.39,4.15,123.468
4.15,0,0,0,0,4.15,4.15,0.33,4.15,123.468
4.15,0,0,0,0,4.15,4.15,0.33,4.15,123.468
4.15,0,0,0,0,4.15,4.15,-0.09,4.15,123.468
4.15,0,0,0,0,4.15,4.15,-0.09,4.15,123.473
4.15,0,0,0,0,4.15,4.15,-0.27,4.15,123.468
4.15,0,0,0,0,4.15,4.15,-0.27,4.15,123.468
4.15,0,0,0,0,4.15,4.15,0.15,4.15,123.468
4.15,0,0,0,0,4.15,4.15,0.15,4.15,123.473
4.15,0,0,0,0,4.15,4.15,0.33,4.15,123.473
4.15,0,0,0,0,4.15,4.15,0.33,4.15,123.473
4.15,0,0,0,0,4.15,4.15,-0.02,4.15,123.473
4.15,0,0,0,0,4.15,4.15,-0.02,4.15,123.468
4.15,0,0,0,0,4.15,4.15,0.03,4.15,123.468
4.15,0,0,0,0,4.15,4.15,0.03,4.15,123.468
4.15,0,0,0,0,4.15,4.15,0.09,4.15,123.468
4.15,0,0,0,0,4.15,4.15,0.09,4.15,123.468
4.15,0,0,0,0,4.15,4.15,-0.39,4.15,123.473
4.15,0,0,0,0,4.15,4.15,-0.39,4.15,123.473
4.15,0,0,0,0,4.15,4.15,-0.39,4.15,123.473
4.15,0,0,0,0,4.15,4.15,-0.39,4.15,123.473
4.15,0,0,0,0,4.15,4.15,0.33,4.15,123.468
4.15,0,0,0,0,4.15,4.15,0.33,4.15,123.468
4.15,0,0,0,0,4.15,4.15,0.27,4.15,123.468
4.15,0,0,0,0,4.15,4.15,0.27,4.15,123.473
4.15,0,0,0,0,4.15,4.15,-0.09,4.15,123.462
4.15,0,0,0,0,4.15,4.15,-0.09,4.15,123.462
4.15,0,0,0,0,4.15,4.15,0.09,4.15,123.462
4.15,0,0,0,0,4.15,4.15,0.09,4.15,123.473
4.15,0,0,0,0,4.15,4.15,0.03,4.15,123.462
4.15,0,0,0,0,4.15,4.15,0.03,4.15,123.462
4.15,0,0,0,0,4.15,4.15,0.03,4.15,123.462
4.15,0,0,0,0,4.15,4.15,0.03,4.15,123.473
4.15,0,0,0,0,4.15,4.15,-0.39,4.15,123.479
4.15,0,0,0,0,4.15,4.15,-0.39,4.15,123.479
4.15,0,0,0,0,4.15,4.15,-0.51,4.15,123.479
4.15,0,0,0,0,4.15,4.15,-0.51,4.15,123.468
4.15,0,0,0,0,4.15,4.15,0.15,4.15,123.473
4.15,0,0,0,0,4.15,4.15,0.15,4.15,123.473
4.15,0,0,0,0,4.15,4.15,-0.09,4.15,123.473
4.15,0,0,0,0,4.15,4.15,-0.09,4.15,123.468
4.15,0,0,0,0,4.15,4.15,0.03,4.15,123.468
4.15,0,0,0,0,4.15,4.15,0.03,4.15,123.468
4.15,0,0,0,0,4.15,4.15,0.03,4.15,123.468
4.15,0,0,0,0,4.15,4.15,0.03,4.15,123.473
4.15,0,0,0,0,4.15,4.15,0.09,4.15,123.473
4.15,0,0,0,0,4.15,4.15,0.09,4.15,123.473
4.15,0,0,0,0,4.15,4.15,0.39,4.15,123.473
4.15,0,0,0,0,4.15,4.15,0.39,4.15,123.468
4.15,0,0,0,0,4.15,4.15,-0.02,4.15,123.462
4.15,0,0,0,0,4.15,4.15,-0.02,4.15,123.462
4.15,0,0,0,0,4.15,4.15,0.39,4.15,123.462
4.15,0,0,0,0,4.15,4.15,0.39,4.15,123.473
4.15,0,0,0,0,4.15,4.15,0.52,4.15,123.473
4.15,0,0,0,0,4.15,4.15,0.52,4.15,123.473
4.15,0,0,0,0,4.15,4.15,-0.45,4.15,123.473
4.15,0,0,0,0,4.15,4.15,-0.45,4.15,123.468
4.15,0,0,0,0,4.15,4.15,0.03,4.15,123.473
4.15,0,0,0,0,4.15,4.15,0.03,4.15,123.473
4.15,0,0,0,0,4.15,4.15,-0.21,4.15,123.473
4.15,0,0,0,0,4.15,4.15,-0.21,4.15,123.462
4.15,0,0,0,0,4.15,4.15,0.03,4.15,123.468
4.15,0,0,0,0,4.15,4.15,0.03,4.15,123.468
4.15,0,0,0,0,4.15,4.15,0.27,4.15,123.468
4.15,0,0,0,0,4.15,4.15,0.27,4.15,123.473
4.15,0,0,0,0,4.15,4.15,-0.21,4.15,123.468
4.15,0,0,0,0,4.15,4.15,-0.21,4.15,123.468
4.15,0,0,0,0,4.15,4.15,-0.15,4.15,123.468
4.15,0,0,0,0,4.15,4.15,-0.15,4.15,123.479
4.15,0,0,0,0,4.15,4.15,-0.02,4.15,123.473
4.15,0,0,0,0,4.15,4.15,-0.02,4.15,123.473
4.15,0,0,0,0,4.15,4.15,0.27,4.15,123.473
4.15,0,0,0,0,4.15,4.15,0.27,4.15,123.473
4.15,0,0,0,0,4.15,4.15,0.09,4.15,123.473
4.15,0,0,0,0,4.15,4.15,0.09,4.15,123.473
4.15,0,0,0,0,4.15,4.15,0.09,4.15,123.473
4.15,0,0,0,0,4.15,4.15,0.09,4.15,123.473
4.15,0,0,0,0,4.15,4.15,0.21,4.15,123.473
4.15,0,0,0,0,4.15,4.15,0.21,4.15,123.473
4.15,0,0,0,0,4.15,4.15,-0.09,4.15,123.473
4.15,0,0,0,0,4.15,4.15,-0.09,4.15,123.468
4.15,0,0,0,0,4.15,4.15,-0.33,4.15,123.473
4.15,0,0,0,0,4.15,4.15,-0.33,4.15,123.473
4.15,0,0,0,0,4.15,4.15,-0.21,4.15,123.473
4.15,0,0,0,0,4.15,4.15,-0.21,4.15,123.473
4.15,0,0,0,0,4.15,4.15,0.64,4.15,123.473
4.15,0,0,0,0,4.15,4.15,0.64,4.15,123.473
4.15,0,0,0,0,4.15,4.15,0.52,4.15,123.473
4.15,0,0,0,0,4.15,4.15,0.52,4.15,123.473
4.15,0,0,0,0,4.15,4.15,0.21,4.15,123.473
4.15,0,0,0,0,4.15,4.15,0.21,4.15,123.473
4.15,0,0,0,0,4.15,4.15,-0.15,4.15,123.473
4.15,0,0,0,0,4.15,4.15,-0.15,4.15,123.468
4.15,0,0,0,0,4.15,4.15,-0.33,4.15,123.468
4.15,0,0,0,0,4.15,4.15,-0.33,4.15,123.468
4.15,0,0,0,0,4.15,4.15,0.21,4.15,123.468
4.15,0,0,0,0,4.15,4.15,0.21,4.15,123.462
4.15,0,0,0,0,4.15,4.15,0.09,4.15,123.468
4.15,0,0,0,0,4.15,4.15,0.09,4.15,123.468
4.15,0,0,0,0,4.15,4.15,0.09,4.15,123.468
4.15,0,0,0,0,4.15,4.15,0.09,4.15,123.468
4.15,0,0,0,0,4.15,4.15,0.15,4.15,123.473
4.15,0,0,0,0,4.15,4.15,0.15,4.15,123.473
4.15,0,0,0,0,4.15,4.15,-0.45,4.15,123.473
4.15,0,0,0,0,4.15,4.15,-0.45,4.15,123.468
4.15,0,0,0,0,4.15,4.15,-0.76,4.15,123.462
4.15,0,0,0,0,4.15,4.15,-0.76,4.15,123.462
4.15,0,0,0,0,4.15,4.15,-0.02,4.15,123.462
4.15,0,0,0,0,4.15,4.15,-0.02,4.15,123.473
4.15,0,0,0,0,4.15,4.15,0.33,4.15,123.473
4.15,0,0,0,0,4.15,4.15,0.33,4.15,123.473
4.15,0,0,0,0,4.15,4.15,0.09,4.15,123.473
4.15,0,0,0,0,4.15,4.15,0.09,4.15,123.468
4.15,0,0,0,0,4.15,4.15,-0.57,4.15,123.479
4.15,0,0,0,0,4.15,4.15,-0.57,4.15,123.479
4.15,0,0,0,0,4.15,4.15,-0.51,4.15,123.479
4.15,0,0,0,0,4.15,4.15,-0.51,4.15,123.462
4.15,0,0,0,0,4.15,4.15,0.39,4.15,123.473
4.15,0,0,0,0,4.15,4.15,0.39,4.15,123.473
4.15,0,0,0,0,4.15,4.15,0.45,4.15,123.473
4.15,0,0,0,0,4.15,4.15,0.45,4.15,123.473
4.15,0,0,0,0,4.15,4.15,-0.09,4.15,123.468
4.15,0,0,0,0,4.15,4.15,-0.09,4.15,123.468
4.15,0,0,0,0,4.15,4.15,-0.33,4.15,123.468
4.15,0,0,0,0,4.15,4.15,-0.33,4.15,123.473
4.15,0,0,0,0,4.15,4.15,-0.27,4.15,123.468
4.15,0,0,0,0,4.15,4.15,-0.27,4.15,123.468
4.15,0,0,0,0,4.15,4.15,0.27,4.15,123.468
4.15,0,0,0,0,4.15,4.15,0.27,4.15,123.473
4.15,0,0,0,0,4.15,4.15,0.15,4.15,123.473
4.15,0,0,0,0,4.15,4.15,0.15,4.15,123.473
4.15,0,0,0,0,4.15,4.15,-0.27,4.15,123.473
4.15,0,0,0,0,4.15,4.15,-0.27,4.15,123.468
4.15,0,0,0,0,4.15,4.15,0.33,4.15,123.473
4.15,0,0,0,0,4.15,4.15,0.33,4.15,123.473
4.15,0,0,0,0,4.15,4.15,-0.09,4.15,123.473
4.15,0,0,0,0,4.15,4.15,-0.09,4.15,123.473
4.15,0,0,0,0,4.15,4.15,0.03,4.15,123.462
4.15,0,0,0,0,4.15,4.15,0.03,4.15,123.462
4.15,0,0,0,0,4.15,4.15,-0.02,4.15,123.462
4.15,0,0,0,0,4.15,4.15,-0.02,4.15,123.468
4.15,0,0,0,0,4.15,4.15,0.15,4.15,123.468
4.15,0,0,0,0,4.15,4.15,0.15,4.15,123.468
4.15,0,0,0,0,4.15,4.15,0.03,4.15,123.468
4.15,0,0,0,0,4.15,4.15,0.03,4.15,123.462
4.15,0,0,0,0,4.15,4.15,0.03,4.15,123.479
4.15,0,0,0,0,4.15,4.15,0.03,4.15,123.479
4.15,0,0,0,0,4.15,4.15,-0.02,4.15,123.479
4.15,0,0,0,0,4.15,4.15,-0.02,4.15,123.468
4.15,0,0,0,0,4.15,4.15,0.09,4.15,123.462
4.15,0,0,0,0,4.15,4.15,0.09,4.15,123.462
4.15,0,0,0,0,4.15,4.15,0.09,4.15,123.462
4.15,0,0,0,0,4.15,4.15,0.09,4.15,123.468
4.15,0,0,0,0,4.15,4.15,0.21,4.15,123.468
4.15,0,0,0,0,4.15,4.15,0.21,4.15,123.468
4.15,0,0,0,0,4.15,4.15,0.33,4.15,123.468
4.15,0,0,0,0,4.15,4.15,0.33,4.15,123.473
4.15,0,0,0,0,4.15,4.15,-0.21,4.15,123.468
4.15,0,0,0,0,4.15,4.15,-0.21,4.15,123.468
4.15,0,0,0,0,4.15,4.15,-0.02,4.15,123.468
4.15,0,0,0,0,4.15,4.15,-0.02,4.15,123.473
4.15,0,0,0,0,4.15,4.15,-0.02,4.15,123.473
4.15,0,0,0,0,4.15,4.15,-0.02,4.15,123.473
4.15,0,0,0,0,4.15,4.15,-0.27,4.15,123.473
4.15,0,0,0,0,4.15,4.15,-0.27,4.15,123.473
4.15,0,0,0,0,4.15,4.15,-0.15,4.15,123.473
4.15,0,0,0,0,4.15,4.15,-0.15,4.15,123.473
4.15,0,0,0,0,4.15,4.15,0.27,4.15,123.473
4.15,0,0,0,0,4.15,4.15,0.27,4.15,123.468
4.15,0,0,0,0,4.15,4.15,0.09,4.15,123.473
4.15,0,0,0,0,4.15,4.15,0.09,4.15,123.473
4.15,0,0,0,0,4.15,4.15,-0.15,4.15,123.473
4.15,0,0,0,0,4.15,4.15,-0.15,4.15,123.473
4.15,0,0,0,0,4.15,4.15,-0.45,4.15,123.468
4.15,0,0,0,0,4.15,4.15,-0.45,4.15,123.468
4.15,0,0,0,0,4.15,4.15,-0.02,4.15,123.468
4.15,0,0,0,0,4.15,4.15,-0.02,4.15,123.468
4.15,0,0,0,0,4.15,4.15,0.21,4.15,123.473
4.15,0,0,0,0,4.15,4.15,0.21,4.15,123.473
4.15,0,0,0,0,4.15,4.15,0.33,4.15,123.473
4.15,0,0,0,0,4.15,4.15,0.33,4.15,123.473
4.15,0,0,0,0,4.15,4.15,0.45,4.15,123.468
4.15,0,0,0,0,4.15,4.15,0.45,4.15,123.468
4.15,0,0,0,0,4.15,4.15,0.27,4.15,123.468
4.15,0,0,0,0,4.15,4.15,0.27,4.15,123.473
4.15,0,0,0,0,4.15,4.15,-0.21,4.15,123.462
4.15,0,0,0,0,4.15,4.15,-0.21,4.15,123.462
4.15,0,0,0,0,4.15,4.15,-0.39,4.15,123.462
4.15,0,0,0,0,4.15,4.15,-0.39,4.15,123.473
4.15,0,0,0,0,4.15,4.15,-0.27,4.15,123.468
4.15,0,0,0,0,4.15,4.15,-0.27,4.15,123.468
4.15,0,0,0,0,4.15,4.15,0.21,4.15,123.468
4.15,0,0,0,0,4.15,4.15,0.21,4.15,123.468
4.15,0,0,0,0,4.15,4.15,0.15,4.15,123.468
4.15,0,0,0,0,4.15,4.15,0.15,4.15,123.468
4.15,0,0,0,0,4.15,4.15,-0.63,4.15,123.468
4.15,0,0,0,0,4.15,4.15,-0.63,4.15,123.473
4.15,0,0,0,0,4.15,4.15,0.09,4.15,123.468
4.15,0,0,0,0,4.15,4.15,0.09,4.15,123.468
4.15,0,0,0,0,4.15,4.15,0.27,4.15,123.468
4.15,0,0,0,0,4.15,4.15,0.27,4.15,123.473
4.15,0,0,0,0,4.15,4.15,0.33,4.15,123.479
4.15,0,0,0,0,4.15,4.15,0.33,4.15,123.479
4.15,0,0,0,0,4.15,4.15,0.21,4.15,123.479
4.15,0,0,0,0,4.15,4.15,0.21,4.15,123.473
4.15,0,0,0,0,4.15,4.15,-0.33,4.15,123.473
4.15,0,0,0,0,4.15,4.15,-0.33,4.15,123.473
4.15,0,0,0,0,4.15,4.15,-0.57,4.15,123.473
4.15,0,0,0,0,4.15,4.15,-0.57,4.15,123.473
4.15,0,0,0,0,4.15,4.15,0.03,4.15,123.473
4.15,0,0,0,0,4.15,4.15,0.03,4.15,123.473
4.15,0,0,0,0,4.15,4.15,0.33,4.15,123.473
4.15,0,0,0,0,4.15,4.15,0.33,4.15,123.473
4.15,0,0,0,0,4.15,4.15,0.21,4.15,123.479
4.15,0,0,0,0,4.15,4.15,0.21,4.15,123.479
4.15,0,0,0,0,4.15,4.15,-0.39,4.15,123.479
4.15,0,0,0,0,4.15,4.15,-0.39,4.15,123.468
4.15,0,0,0,0,4.15,4.15,0.45,4.15,123.468
4.15,0,0,0,0,4.15,4.15,0.45,4.15,123.468
4.15,0,0,0,0,4.15,4.15,0.21,4.15,123.468
4.15,0,0,0,0,4.15,4.15,0.21,4.15,123.473
4.15,0,0,0,0,4.15,4.15,-0.57,4.15,123.473
4.15,0,0,0,0,4.15,4.15,-0.57,4.15,123.473
4.15,0,0,0,0,4.15,4.15,-0.09,4.15,123.473
4.15,0,0,0,0,4.15,4.15,-0.09,4.15,123.468
4.15,0,0,0,0,4.15,4.15,-0.27,4.15,123.473
4.15,0,0,0,0,4.15,4.15,-0.27,4.15,123.473
4.15,0,0,0,0,4.15,4.15,-0.27,4.15,123.473
4.15,0,0,0,0,4.15,4.15,-0.27,4.15,123.468
4.15,0,0,0,0,4.15,4.15,-0.21,4.15,123.473
4.15,0,0,0,0,4.15,4.15,-0.21,4.15,123.473
4.15,0,0,0,0,4.15,4.15,0.21,4.15,123.473
4.15,0,0,0,0,4.15,4.15,0.21,4.15,123.468
4.15,0,0,0,0,4.15,4.15,-0.09,4.15,123.473
4.15,0,0,0,0,4.15,4.15,-0.09,4.15,123.473
4.15,0,0,0,0,4.15,4.15,0.21,4.15,123.473
4.15,0,0,0,0,4.15,4.15,0.21,4.15,123.468
4.15,0,0,0,0,4.15,4.15,-0.15,4.15,123.473
4.15,0,0,0,0,4.15,4.15,-0.15,4.15,123.473
4.15,0,0,0,0,4.15,4.15,0.09,4.15,123.473
4.15,0,0,0,0,4.15,4.15,0.09,4.15,123.468
4.15,0,0,0,0,4.15,4.15,0.39,4.15,123.479
4.15,0,0,0,0,4.15,4.15,0.39,4.15,123.479
4.15,0,0,0,0,4.15,4.15,-0.02,4.15,123.479
4.15,0,0,0,0,4.15,4.15,-0.02,4.15,123.468
4.15,0,0,0,0,4.15,4.15,-0.15,4.15,123.473
4.15,0,0,0,0,4.15,4.15,-0.15,4.15,123.473
4.15,0,0,0,0,4.15,4.15,0.09,4.15,123.473
4.15,0,0,0,0,4.15,4.15,0.09,4.15,123.473
4.15,0,0,0,0,4.15,4.15,0.21,4.15,123.473
4.15,0,0,0,0,4.15,4.15,0.21,4.15,123.473
4.15,0,0,0,0,4.15,4.15,-0.15,4.15,123.473
4.15,0,0,0,0,4.15,4.15,-0.15,4.15,123.468
4.15,0,0,0,0,4.15,4.15,-0.39,4.15,123.468
4.15,0,0,0,0,4.15,4.15,-0.39,4.15,123.468
4.15,0,0,0,0,4.15,4.15,0.09,4.15,123.468
4.15,0,0,0,0,4.15,4.15,0.09,4.15,123.473
4.15,0,0,0,0,4.15,4.15,0.27,4.15,123.468
4.15,0,0,0,0,4.15,4.15,0.27,4.15,123.468
4.15,0,0,0,0,4.15,4.15,0.03,4.15,123.468
4.15,0,0,0,0,4.15,4.15,0.03,4.15,123.462
4.15,0,0,0,0,4.15,4.15,0.09,4.15,123.468
4.15,0,0,0,0,4.15,4.15,0.09,4.15,123.468
4.15,0,0,0,0,4.15,4.15,0.33,4.15,123.468
4.15,0,0,0,0,4.15,4.15,0.33,4.15,123.473
4.15,0,0,0,0,4.15,4.15,-0.09,4.15,123.473
4.15,0,0,0,0,4.15,4.15,-0.09,4.15,123.473
4.15,0,0,0,0,4.15,4.15,0.15,4.15,123.473
4.15,0,0,0,0,4.15,4.15,0.15,4.15,123.473
4.15,0,0,0,0,4.15,4.15,0.7,4.15,123.473
4.15,0,0,0,0,4.15,4.15,0.7,4.15,123.473
4.15,0,0,0,0,4.15,4.15,0.27,4.15,123.473
4.15,0,0,0,0,4.15,4.15,0.27,4.15,123.479
4.15,0,0,0,0,4.15,4.15,-0.39,4.15,123.473
4.15,0,0,0,0,4.15,4.15,-0.39,4.15,123.473
4.15,0,0,0,0,4.15,4.15,-0.33,4.15,123.473
4.15,0,0,0,0,4.15,4.15,-0.33,4.15,123.468
4.15,0,0,0,0,4.15,4.15,0.39,4.15,123.468
4.15,0,0,0,0,4.15,4.15,0.39,4.15,123.468
4.15,0,0,0,0,4.15,4.15,-0.15,4.15,123.468
4.15,0,0,0,0,4.15,4.15,-0.15,4.15,123.468
4.15,0,0,0,0,4.15,4.15,-0.21,4.15,123.468
4.15,0,0,0,0,4.15,4.15,-0.21,4.15,123.468
4.15,0,0,0,0,4.15,4.15,-0.09,4.15,123.468
4.15,0,0,0,0,4.15,4.15,-0.09,4.15,123.473
4.15,0,0,0,0,4.15,4.15,0.27,4.15,123.473
4.15,0,0,0,0,4.15,4.15,0.27,4.15,123.473
4.15,0,0,0,0,4.15,4.15,0.09,4.15,123.473
4.15,0,0,0,0,4.15,4.15,0.09,4.15,123.468
4.15,0,0,0,0,4.15,4.15,-0.45,4.15,123.468
4.15,0,0,0,0,4.15,4.15,-0.45,4.15,123.468
4.15,0,0,0,0,4.15,4.15,-0.02,4.15,123.468
4.15,0,0,0,0,4.15,4.15,-0.02,4.15,123.473
4.15,0,0,0,0,4.15,4.15,-0.02,4.15,123.473
4.15,0,0,0,0,4.15,4.15,-0.02,4.15,123.473
4.15,0,0,0,0,4.15,4.15,0.03,4.15,123.473
4.15,0,0,0,0,4.15,4.15,0.03,4.15,123.468
4.15,0,0,0,0,4.15,4.15,-0.27,4.15,123.473
4.15,0,0,0,0,4.15,4.15,-0.27,4.15,123.473
4.15,0,0,0,0,4.15,4.15,-0.15,4.15,123.473
4.15,0,0,0,0,4.15,4.15,-0.15,4.15,123.473
4.15,0,0,0,0,4.15,4.15,0.03,4.15,123.462
4.15,0,0,0,0,4.15,4.15,0.03,4.15,123.462
4.15,0,0,0,0,4.15,4.15,0.03,4.15,123.462
4.15,0,0,0,0,4.15,4.15,0.03,4.15,123.473
4.15,0,0,0,0,4.15,4.15,-0.57,4.15,123.473
4.15,0,0,0,0,4.15,4.15,-0.57,4.15,123.473
4.15,0,0,0,0,4.15,4.15,0.21,4.15,123.473
4.15,0,0,0,0,4.15,4.15,0.21,4.15,123.468
4.15,0,0,0,0,4.15,4.15,0.52,4.15,123.473
4.15,0,0,0,0,4.15,4.15,0.52,4.15,123.473
4.15,0,0,0,0,4.15,4.15,-0.02,4.15,123.473
4.15,0,0,0,0,4.15,4.15,-0.02,4.15,123.462
4.15,0,0,0,0,4.15,4.15,-0.02,4.15,123.473
4.15,0,0,0,0,4.15,4.15,-0.02,4.15,123.473
4.15,0,0,0,0,4.15,4.15,-0.02,4.15,123.473
4.15,0,0,0,0,4.15,4.15,-0.02,4.15,123.473
4.15,0,0,0,0,4.15,4.15,0.15,4.15,123.473
4.15,0,0,0,0,4.15,4.15,0.15,4.15,123.473
4.15,0,0,0,0,4.15,4.15,0.45,4.15,123.473
4.15,0,0,0,0,4.15,4.15,0.45,4.15,123.484
4.15,0,0,0,0,4.15,4.15,-0.21,4.15,123.473
4.15,0,0,0,0,4.15,4.15,-0.21,4.15,123.473
4.15,0,0,0,0,4.15,4.15,-0.09,4.15,123.473
4.15,0,0,0,0,4.15,4.15,-0.09,4.15,123.468
4.15,0,0,0,0,4.15,4.15,-0.21,4.15,123.468
4.15,0,0,0,0,4.15,4.15,-0.21,4.15,123.468
4.15,0,0,0,0,4.15,4.15,-0.21,4.15,123.468
4.15,0,0,0,0,4.15,4.15,-0.21,4.15,123.468
4.15,0,0,0,0,4.15,4.15,0.15,4.15,123.468
4.15,0,0,0,0,4.15,4.15,0.15,4.15,123.468
4.15,0,0,0,0,4.15,4.15,0.39,4.15,123.468
4.15,0,0,0,0,4.15,4.15,0.39,4.15,123.473
4.15,0,0,0,0,4.15,4.15,0.15,4.15,123.473
4.15,0,0,0,0,4.15,4.15,0.15,4.15,123.473
4.15,0,0,0,0,4.15,4.15,-0.09,4.15,123.473
4.15,0,0,0,0,4.15,4.15,-0.09,4.15,123.473
4.15,0,0,0,0,4.15,4.15,-0.15,4.15,123.473
4.15,0,0,0,0,4.15,4.15,-0.15,4.15,123.473
4.15,0,0,0,0,4.15,4.15,-0.09,4.15,123.473
4.15,0,0,0,0,4.15,4.15,-0.09,4.15,123.473
4.15,0,0,0,0,4.15,4.15,0.03,4.15,123.473
4.15,0,0,0,0,4.15,4.15,0.03,4.15,123.473
4.15,0,0,0,0,4.15,4.15,0.45,4.15,123.473
4.15,0,0,0,0,4.15,4.15,0.45,4.15,123.462
4.15,0,0,0,0,4.15,4.15,0.21,4.15,123.468
4.15,0,0,0,0,4.15,4.15,0.21,4.15,123.468
4.15,0,0,0,0,4.15,4.15,-0.33,4.15,123.468
4.15,0,0,0,0,4.15,4.15,-0.33,4.15,123.468
4.15,0,0,0,0,4.15,4.15,-0.27,4.15,123.473
4.15,0,0,0,0,4.15,4.15,-0.27,4.15,123.473
4.15,0,0,0,0,4.15,4.15,-0.21,4.15,123.473
4.15,0,0,0,0,4.15,4.15,-0.21,4.15,123.473
4.15,0,0,0,0,4.15,4.15,0.58,4.15,123.473
4.15,0,0,0,0,4.15,4.15,0.58,4.15,123.473
4.15,0,0,0,0,4.15,4.15,-0.33,4.15,123.473
4.15,0,0,0,0,4.15,4.15,-0.33,4.15,123.468
4.15,0,0,0,0,4.15,4.15,-0.63,4.15,123.468
4.15,0,0,0,0,4.15,4.15,-0.63,4.15,123.468
4.15,0,0,0,0,4.15,4.15,0.15,4.15,123.468
4.15,0,0,0,0,4.15,4.15,0.15,4.15,123.468
4.15,0,0,0,0,4.15,4.15,0.09,4.15,123.473
4.15,0,0,0,0,4.15,4.15,0.09,4.15,123.473
4.15,0,0,0,0,4.15,4.15,-0.39,4.15,123.473
4.15,0,0,0,0,4.15,4.15,-0.39,4.15,123.462
4.15,0,0,0,0,4.15,4.15,0.09,4.15,123.473
4.15,0,0,0,0,4.15,4.15,0.09,4.15,123.473
4.15,0,0,0,0,4.15,4.15,0.09,4.15,123.473
4.15,0,0,0,0,4.15,4.15,0.09,4.15,123.473
4.15,0,0,0,0,4.15,4.15,-0.33,4.15,123.468
4.15,0,0,0,0,4.15,4.15,-0.33,4.15,123.468
4.15,0,0,0,0,4.15,4.15,-0.51,4.15,123.468
4.15,0,0,0,0,4.15,4.15,-0.51,4.15,123.468
4.15,0,0,0,0,4.15,4.15,-0.39,4.15,123.468
4.15,0,0,0,0,4.15,4.15,-0.39,4.15,123.468
4.15,0,0,0,0,4.15,4.15,-0.09,4.15,123.468
4.15,0,0,0,0,4.15,4.15,-0.09,4.15,123.468
4.15,0,0,0,0,4.15,4.15,0.58,4.15,123.468
4.15,0,0,0,0,4.15,4.15,0.58,4.15,123.468
4.15,0,0,0,0,4.15,4.15,0.27,4.15,123.468
4.15,0,0,0,0,4.15,4.15,0.27,4.15,123.473
4.15,0,0,0,0,4.15,4.15,-0.15,4.15,123.473
4.15,0,0,0,0,4.15,4.15,-0.15,4.15,123.473
4.15,0,0,0,0,4.15,4.15,0.15,4.15,123.473
4.15,0,0,0,0,4.15,4.15,0.15,4.15,123.462
4.15,0,0,0,0,4.15,4.15,0.33,4.15,123.473
4.15,0,0,0,0,4.15,4.15,0.33,4.15,123.473
4.15,0,0,0,0,4.15,4.15,-0.15,4.15,123.473
4.15,0,0,0,0,4.15,4.15,-0.15,4.15,123.468
4.15,0,0,0,0,4.15,4.15,0.09,4.15,123.473
4.15,0,0,0,0,4.15,4.15,0.09,4.15,123.473
4.15,0,0,0,0,4.15,4.15,-0.15,4.15,123.473
4.15,0,0,0,0,4.15,4.15,-0.15,4.15,123.473
4.15,0,0,0,0,4.15,4.15,0.09,4.15,123.462
4.15,0,0,0,0,4.15,4.15,0.09,4.15,123.462
4.15,0,0,0,0,4.15,4.15,0.58,4.15,123.462
4.15,0,0,0,0,4.15,4.15,0.58,4.15,123.473
4.15,0,0,0,0,4.15,4.15,0.21,4.15,123.468
4.15,0,0,0,0,4.15,4.15,0.21,4.15,123.468
4.15,0,0,0,0,4.15,4.15,0.21,4.15,123.468
4.15,0,0,0,0,4.15,4.15,0.21,4.15,123.468
4.15,0,0,0,0,4.15,4.15,0.15,4.15,123.473
4.15,0,0,0,0,4.15,4.15,0.15,4.15,123.473
4.15,0,0,0,0,4.15,4.15,-0.45,4.15,123.473
4.15,0,0,0,0,4.15,4.15,-0.45,4.15,123.473
4.15,0,0,0,0,4.15,4.15,-0.09,4.15,123.473
4.15,0,0,0,0,4.15,4.15,-0.09,4.15,123.473
4.15,0,0,0,0,4.15,4.15,0.15,4.15,123.473
4.15,0,0,0,0,4.15,4.15,0.15,4.15,123.462
4.15,0,0,0,0,4.15,4.15,-0.21,4.15,123.462
4.15,0,0,0,0,4.15,4.15,-0.21,4.15,123.462
4.15,0,0,0,0,4.15,4.15,0.09,4.15,123.462
4.15,0,0,0,0,4.15,4.15,0.09,4.15,123.462
4.15,0,0,0,0,4.15,4.15,-0.02,4.15,123.473
4.15,0,0,0,0,4.15,4.15,-0.02,4.15,123.473
4.15,0,0,0,0,4.15,4.15,-0.02,4.15,123.473
4.15,0,0,0,0,4.15,4.15,-0.02,4.15,123.462
4.15,0,0,0,0,4.15,4.15,0.09,4.15,123.468
4.15,0,0,0,0,4.15,4.15,0.09,4.15,123.468
4.15,0,0,0,0,4.15,4.15,-0.09,4.15,123.468
4.15,0,0,0,0,4.15,4.15,-0.09,4.15,123.462
4.15,0,0,0,0,4.15,4.15,-0.15,4.15,123.462
4.15,0,0,0,0,4.15,4.15,-0.15,4.15,123.462
4.15,0,0,0,0,4.15,4.15,0.39,4.15,123.462
4.15,0,0,0,0,4.15,4.15,0.39,4.15,123.462
4.15,0,0,0,0,4.15,4.15,0.76,4.15,123.473
4.15,0,0,0,0,4.15,4.15,0.76,4.15,123.473
4.15,0,0,0,0,4.15,4.15,0.03,4.15,123.473
4.15,0,0,0,0,4.15,4.15,0.03,4.15,123.468
4.15,0,0,0,0,4.15,4.15,0.09,4.15,123.462
4.15,0,0,0,0,4.15,4.15,0.09,4.15,123.462
4.15,0,0,0,0,4.15,4.15,-0.39,4.15,123.462
4.15,0,0,0,0,4.15,4.15,-0.39,4.15,123.473
4.15,0,0,0,0,4.15,4.15,-0.02,4.15,123.473
4.15,0,0,0,0,4.15,4.15,-0.02,4.15,123.473
4.15,0,0,0,0,4.15,4.15,-0.21,4.15,123.473
4.15,0,0,0,0,4.15,4.15,-0.21,4.15,123.462
4.15,0,0,0,0,4.15,4.15,0.09,4.15,123.473
4.15,0,0,0,0,4.15,4.15,0.09,4.15,123.473
4.15,0,0,0,0,4.15,4.15,0.15,4.15,123.473
4.15,0,0,0,0,4.15,4.15,0.15,4.15,123.468
4.15,0,0,0,0,4.15,4.15,-0.15,4.15,123.462
4.15,0,0,0,0,4.15,4.15,-0.15,4.15,123.462
4.15,0,0,0,0,4.15,4.15,0.09,4.15,123.462
4.15,0,0,0,0,4.15,4.15,0.09,4.15,123.468
4.15,0,0,0,0,4.15,4.15,0.03,4.15,123.468
4.15,0,0,0,0,4.15,4.15,0.03,4.15,123.468
4.15,0,0,0,0,4.15,4.15,-0.02,4.15,123.468
4.15,0,0,0,0,4.15,4.15,-0.02,4.15,123.468
4.15,0,0,0,0,4.15,4.15,0.09,4.15,123.473
4.15,0,0,0,0,4.15,4.15,0.09,4.15,123.473
4.15,0,0,0,0,4.15,4.15,0.15,4.15,123.473
4.15,0,0,0,0,4.15,4.15,0.15,4.15,123.473
4.15,0,0,0,0,4.15,4.15,0.33,4.15,123.473
4.15,0,0,0,0,4.15,4.15,0.33,4.15,123.473
4.15,0,0,0,0,4.15,4.15,0.09,4.15,123.473
4.15,0,0,0,0,4.15,4.15,0.09,4.15,123.462
4.15,0,0,0,0,4.15,4.15,-0.51,4.15,123.468
4.15,0,0,0,0,4.15,4.15,-0.51,4.15,123.468
4.15,0,0,0,0,4.15,4.15,-0.33,4.15,123.468
4.15,0,0,0,0,4.15,4.15,-0.33,4.15,123.468
4.15,0,0,0,0,4.15,4.15,0.03,4.15,123.462
4.15,0,0,0,0,4.15,4.15,0.03,4.15,123.462
4.15,0,0,0,0,4.15,4.15,0.09,4.15,123.462
4.15,0,0,0,0,4.15,4.15,0.09,4.15,123.468
4.15,0,0,0,0,4.15,4.15,-0.15,4.15,123.473
4.15,0,0,0,0,4.15,4.15,-0.15,4.15,123.473
4.15,0,0,0,0,4.15,4.15,0.33,4.15,123.473
4.15,0,0,0,0,4.15,4.15,0.33,4.15,123.479
4.15,0,0,0,0,4.15,4.15,0.58,4.15,123.468
4.15,0,0,0,0,4.15,4.15,0.58,4.15,123.468
4.15,0,0,0,0,4.15,4.15,0.27,4.15,123.468
4.15,0,0,0,0,4.15,4.15,0.27,4.15,123.473
4.15,0,0,0,0,4.15,4.15,-0.02,4.15,123.468
4.15,0,0,0,0,4.15,4.15,-0.02,4.15,123.468
4.15,0,0,0,0,4.15,4.15,-0.02,4.15,123.468
4.15,0,0,0,0,4.15,4.15,-0.02,4.15,123.473
4.15,0,0,0,0,4.15,4.15,-0.15,4.15,123.473
4.15,0,0,0,0,4.15,4.15,-0.15,4.15,123.473
4.15,0,0,0,0,4.15,4.15,-0.02,4.15,123.473
4.15,0,0,0,0,4.15,4.15,-0.02,4.15,123.468
4.15,0,0,0,0,4.15,4.15,0.52,4.15,123.473
4.15,0,0,0,0,4.15,4.15,0.52,4.15,123.473
4.15,0,0,0,0,4.15,4.15,0.15,4.15,123.473
4.15,0,0,0,0,4.15,4.15,0.15,4.15,123.468
4.15,0,0,0,0,4.15,4.15,-0.27,4.15,123.468
4.15,0,0,0,0,4.15,4.15,-0.27,4.15,123.468
4.15,0,0,0,0,4.15,4.15,-0.39,4.15,123.468
4.15,0,0,0,0,4.15,4.15,-0.39,4.15,123.479
4.15,0,0,0,0,4.15,4.15,-0.15,4.15,123.473
4.15,0,0,0,0,4.15,4.15,-0.15,4.15,123.473
4.15,0,0,0,0,4.15,4.15,0.45,4.15,123.473
4.15,0,0,0,0,4.15,4.15,0.45,4.15,123.462
4.15,0,0,0,0,4.15,4.15,0.64,4.15,123.473
4.15,0,0,0,0,4.15,4.15,0.64,4.15,123.473
4.15,0,0,0,0,4.15,4.15,0.58,4.15,123.473
4.15,0,0,0,0,4.15,4.15,0.58,4.15,123.468
4.15,0,0,0,0,4.15,4.15,0.27,4.15,123.468
4.15,0,0,0,0,4.15,4.15,0.27,4.15,123.468
4.15,0,0,0,0,4.15,4.15,0.15,4.15,123.468
4.15,0,0,0,0,4.15,4.15,0.15,4.15,123.473
4.15,0,0,0,0,4.15,4.15,0.33,4.15,123.468
4.15,0,0,0,0,4.15,4.15,0.33,4.15,123.468
4.15,0,0,0,0,4.15,4.15,0.15,4.15,123.468
4.15,0,0,0,0,4.15,4.15,0.15,4.15,123.468
4.15,0,0,0,0,4.15,4.15,-0.09,4.15,123.473
4.15,0,0,0,0,4.15,4.15,-0.09,4.15,123.473
4.15,0,0,0,0,4.15,4.15,-0.21,4.15,123.473
4.15,0,0,0,0,4.15,4.15,-0.21,4.15,123.473
4.15,0,0,0,0,4.15,4.15,-0.15,4.15,123.473
4.15,0,0,0,0,4.15,4.15,-0.15,4.15,123.473
4.15,0,0,0,0,4.15,4.15,0.09,4.15,123.473
4.15,0,0,0,0,4.15,4.15,0.09,4.15,123.462
4.15,0,0,0,0,4.15,4.15,0.09,4.15,123.468
4.15,0,0,0,0,4.15,4.15,0.09,4.15,123.468
4.15,0,0,0,0,4.15,4.15,0.09,4.15,123.468
4.15,0,0,0,0,4.15,4.15,0.09,4.15,123.473
4.15,0,0,0,0,4.15,4.15,0.03,4.15,123.468
4.15,0,0,0,0,4.15,4.15,0.03,4.15,123.468
4.15,0,0,0,0,4.15,4.15,0.45,4.15,123.468
4.15,0,0,0,0,4.15,4.15,0.45,4.15,123.473
4.15,0,0,0,0,4.15,4.15,0.27,4.15,123.468
4.15,0,0,0,0,4.15,4.15,0.27,4.15,123.468
4.15,0,0,0,0,4.15,4.15,-0.27,4.15,123.468
4.15,0,0,0,0,4.15,4.15,-0.27,4.15,123.462
4.15,0,0,0,0,4.15,4.15,-0.39,4.15,123.473
4.15,0,0,0,0,4.15,4.15,-0.39,4.15,123.473
4.15,0,0,0,0,4.15,4.15,0.15,4.15,123.473
4.15,0,0,0,0,4.15,4.15,0.15,4.15,123.473
4.15,0,0,0,0,4.15,4.15,0.03,4.15,123.473
4.15,0,0,0,0,4.15,4.15,0.03,4.15,123.473
4.15,0,0,0,0,4.15,4.15,-0.33,4.15,123.473
4.15,0,0,0,0,4.15,4.15,-0.33,4.15,123.468
4.15,0,0,0,0,4.15,4.15,-0.02,4.15,123.468
4.15,0,0,0,0,4.15,4.15,-0.02,4.15,123.468
4.15,0,0,0,0,4.15,4.15,0.33,4.15,123.468
4.15,0,0,0,0,4.15,4.15,0.33,4.15,123.473
4.15,0,0,0,0,4.15,4.15,0.09,4.15,123.473
4.15,0,0,0,0,4.15,4.15,0.09,4.15,123.473
4.15,0,0,0,0,4.15,4.15,0.58,4.15,123.473
4.15,0,0,0,0,4.15,4.15,0.58,4.15,123.462
4.15,0,0,0,0,4.15,4.15,-0.15,4.15,123.473
4.15,0,0,0,0,4.15,4.15,-0.15,4.15,123.473
4.15,0,0,0,0,4.15,4.15,-0.51,4.15,123.473
4.15,0,0,0,0,4.15,4.15,-0.51,4.15,123.468
4.15,0,0,0,0,4.15,4.15,0.27,4.15,123.473
4.15,0,0,0,0,4.15,4.15,0.27,4.15,123.473
4.15,0,0,0,0,4.15,4.15,0.45,4.15,123.473
4.15,0,0,0,0,4.15,4.15,0.45,4.15,123.473
4.15,0,0,0,0,4.15,4.15,0.03,4.15,123.462
4.15,0,0,0,0,4.15,4.15,0.03,4.15,123.462
4.15,0,0,0,0,4.15,4.15,0.03,4.15,123.462
4.15,0,0,0,0,4.15,4.15,0.03,4.15,123.473
4.15,0,0,0,0,4.15,4.15,0.27,4.15,123.473
4.15,0,0,0,0,4.15,4.15,0.27,4.15,123.473
4.15,0,0,0,0,4.15,4.15,-0.33,4.15,123.473
4.15,0,0,0,0,4.15,4.15,-0.33,4.15,123.468
4.15,0,0,0,0,4.15,4.15,-0.33,4.15,123.462
4.15,0,0,0,0,4.15,4.15,-0.33,4.15,123.462
4.15,0,0,0,0,4.15,4.15,0.21,4.15,123.462
4.15,0,0,0,0,4.15,4.15,0.21,4.15,123.473
4.15,0,0,0,0,4.15,4.15,-0.09,4.16,123.473
4.16,0,0,0,0,4.16,4.16,-0.09,4.16,123.473
4.16,0,0,0,0,4.16,4.16,-0.02,4.16,123.473
4.16,0,0,0,0,4.16,4.16,-0.02,4.16,123.462
4.16,0,0,0,0,4.16,4.16,0.52,4.16,123.462
4.16,0,0,0,0,4.16,4.16,0.52,4.16,123.462
4.16,0,0,0,0,4.16,4.16,-0.09,4.16,123.462
4.16,0,0,0,0,4.16,4.16,-0.09,4.16,123.468
4.16,0,0,0,0,4.16,4.16,-0.33,4.16,123.468
4.16,0,0,0,0,4.16,4.16,-0.33,4.16,123.468
4.16,0,0,0,0,4.16,4.16,0.15,4.16,123.468
4.16,0,0,0,0,4.16,4.16,0.15,4.16,123.462
4.16,0,0,0,0,4.16,4.16,-0.39,4.15,123.473
4.15,0,0,0,0,4.15,4.15,-0.39,4.15,123.473
4.15,0,0,0,0,4.15,4.15,0.15,4.15,123.473
4.15,0,0,0,0,4.15,4.15,0.15,4.15,123.468
4.15,0,0,0,0,4.15,4.15,0.39,4.16,123.473
4.16,0,0,0,0,4.16,4.16,0.39,4.16,123.473
4.16,0,0,0,0,4.16,4.16,0.7,4.16,123.473
4.16,0,0,0,0,4.16,4.16,0.7,4.16,123.462
4.16,0,0,0,0,4.16,4.16,0.03,4.16,123.468
4.16,0,0,0,0,4.16,4.16,0.03,4.16,123.468
4.16,0,0,0,0,4.16,4.16,-0.82,4.16,123.468
4.16,0,0,0,0,4.16,4.16,-0.82,4.16,123.473
4.16,0,0,0,0,4.16,4.16,-0.7,4.15,123.473
4.15,0,0,0,0,4.15,4.15,-0.7,4.15,123.473
4.15,0,0,0,0,4.15,4.15,0.33,4.15,123.473
4.15,0,0,0,0,4.15,4.15,0.33,4.15,123.462
4.15,0,0,0,0,4.15,4.15,0.03,4.15,123.473
4.15,0,0,0,0,4.15,4.15,0.03,4.15,123.473
4.15,0,0,0,0,4.15,4.15,0.15,4.16,123.473
4.16,0,0,0,0,4.16,4.16,0.15,4.16,123.473
4.16,0,0,0,0,4.16,4.16,-0.02,4.16,123.468
4.16,0,0,0,0,4.16,4.16,-0.02,4.16,123.468
4.16,0,0,0,0,4.16,4.16,-0.02,4.16,123.468
4.16,0,0,0,0,4.16,4.16,-0.02,4.16,123.468
4.16,0,0,0,0,4.16,4.16,0.33,4.16,123.473
4.16,0,0,0,0,4.16,4.16,0.33,4.16,123.473
4.16,0,0,0,0,4.16,4.16,0.09,4.16,123.473
4.16,0,0,0,0,4.16,4.16,0.09,4.16,123.468
4.16,0,0,0,0,4.16,4.16,0.03,4.16,123.468
4.16,0,0,0,0,4.16,4.16,0.03,4.16,123.468
4.16,0,0,0,0,4.16,4.16,-0.02,4.16,123.468
4.16,0,0,0,0,4.16,4.16,-0.02,4.16,123.468
4.16,0,0,0,0,4.16,4.16,0.15,4.16,123.473
4.16,0,0,0,0,4.16,4.16,0.15,4.16,123.473
4.16,0,0,0,0,4.16,4.16,0.21,4.16,123.473
4.16,0,0,0,0,4.16,4.16,0.21,4.16,123.473
4.16,0,0,0,0,4.16,4.16,-0.15,4.16,123.468
4.16,0,0,0,0,4.16,4.16,-0.15,4.16,123.468
4.16,0,0,0,0,4.16,4.16,-0.33,4.16,123.468
4.16,0,0,0,0,4.16,4.16,-0.33,4.16,123.473
4.16,0,0,0,0,4.16,4.16,0.15,4.16,123.473
4.16,0,0,0,0,4.16,4.16,0.15,4.16,123.473
4.16,0,0,0,0,4.16,4.16,-0.09,4.16,123.473
4.16,0,0,0,0,4.16,4.16,-0.09,4.16,123.468
4.16,0,0,0,0,4.16,4.16,-0.09,4.16,123.473
4.16,0,0,0,0,4.16,4.16,-0.09,4.16,123.473
4.16,0,0,0,0,4.16,4.16,0.09,4.16,123.473
4.16,0,0,0,0,4.16,4.16,0.09,4.16,123.473
4.16,0,0,0,0,4.16,4.16,-0.33,4.16,123.468
4.16,0,0,0,0,4.16,4.16,-0.33,4.16,123.468
4.16,0,0,0,0,4.16,4.16,-0.15,4.16,123.468
4.16,0,0,0,0,4.16,4.16,-0.15,4.16,123.473
4.16,0,0,0,0,4.16,4.16,0.45,4.16,123.462
4.16,0,0,0,0,4.16,4.16,0.45,4.16,123.462
4.16,0,0,0,0,4.16,4.16,0.21,4.16,123.462
4.16,0,0,0,0,4.16,4.16,0.21,4.16,123.473
4.16,0,0,0,0,4.16,4.16,-0.27,4.16,123.462
4.16,0,0,0,0,4.16,4.16,-0.27,4.16,123.462
4.16,0,0,0,0,4.16,4.16,-0.02,4.16,123.462
4.16,0,0,0,0,4.16,4.16,-0.02,4.16,123.473
4.16,0,0,0,0,4.16,4.16,0.27,4.16,123.468
4.16,0,0,0,0,4.16,4.16,0.27,4.16,123.468
4.16,0,0,0,0,4.16,4.16,0.39,4.16,123.468
4.16,0,0,0,0,4.16,4.16,0.39,4.16,123.462
4.16,0,0,0,0,4.16,4.16,-0.02,4.16,123.462
4.16,0,0,0,0,4.16,4.16,-0.02,4.16,123.462
4.16,0,0,0,0,4.16,4.16,-0.33,4.16,123.462
4.16,0,0,0,0,4.16,4.16,-0.33,4.16,123.473
4.16,0,0,0,0,4.16,4.16,-0.39,4.16,123.462
4.16,0,0,0,0,4.16,4.16,-0.39,4.16,123.462
4.16,0,0,0,0,4.16,4.16,0.45,4.16,123.462
4.16,0,0,0,0,4.16,4.16,0.45,4.16,123.468
4.16,0,0,0,0,4.16,4.16,0.39,4.16,123.473
4.16,0,0,0,0,4.16,4.16,0.39,4.16,123.473
4.16,0,0,0,0,4.16,4.16,-0.39,4.16,123.473
4.16,0,0,0,0,4.16,4.16,-0.39,4.16,123.473
4.16,0,0,0,0,4.16,4.16,-0.51,4.16,123.473
4.16,0,0,0,0,4.16,4.16,-0.51,4.16,123.473
4.16,0,0,0,0,4.16,4.16,0.09,4.16,123.473
4.16,0,0,0,0,4.16,4.16,0.09,4.16,123.473
4.16,0,0,0,0,4.16,4.16,0.27,4.16,123.473
4.16,0,0,0,0,4.16,4.16,0.27,4.16,123.473
4.16,0,0,0,0,4.16,4.16,-0.27,4.16,123.473
4.16,0,0,0,0,4.16,4.16,-0.27,4.16,123.473
4.16,0,0,0,0,4.16,4.16,-0.15,4.16,123.473
4.16,0,0,0,0,4.16,4.16,-0.15,4.16,123.473
4.16,0,0,0,0,4.16,4.16,0.33,4.16,123.473
4.16,0,0,0,0,4.16,4.16,0.33,4.16,123.473
4.16,0,0,0,0,4.16,4.16,0.21,4.16,123.473
4.16,0,0,0,0,4.16,4.16,0.21,4.16,123.473
4.16,0,0,0,0,4.16,4.16,-0.02,4.16,123.473
4.16,0,0,0,0,4.16,4.16,-0.02,4.16,123.473
4.16,0,0,0,0,4.16,4.16,0.09,4.16,123.479
4.16,0,0,0,0,4.16,4.16,0.09,4.16,123.479
4.16,0,0,0,0,4.16,4.16,0.03,4.16,123.479
4.16,0,0,0,0,4.16,4.16,0.03,4.16,123.479
4.16,0,0,0,0,4.16,4.16,-0.21,4.16,123.468
4.16,0,0,0,0,4.16,4.16,-0.21,4.16,123.468
4.16,0,0,0,0,4.16,4.16,0.33,4.16,123.468
4.16,0,0,0,0,4.16,4.16,0.33,4.16,123.462
4.16,0,0,0,0,4.16,4.16,0.15,4.16,123.473
4.16,0,0,0,0,4.16,4.16,0.15,4.16,123.473
4.16,0,0,0,0,4.16,4.16,0.21,4.16,123.473
4.16,0,0,0,0,4.16,4.16,0.21,4.16,123.473
4.16,0,0,0,0,4.16,4.16,0.09,4.16,123.473
4.16,0,0,0,0,4.16,4.16,0.09,4.16,123.473
4.16,0,0,0,0,4.16,4.16,-0.27,4.16,123.473
4.16,0,0,0,0,4.16,4.16,-0.27,4.16,123.473
4.16,0,0,0,0,4.16,4.16,-0.33,4.16,123.473
4.16,0,0,0,0,4.16,4.16,-0.33,4.16,123.473
4.16,0,0,0,0,4.16,4.16,-0.33,4.16,123.473
4.16,0,0,0,0,4.16,4.16,-0.33,4.16,123.468
4.16,0,0,0,0,4.16,4.16,-0.09,4.16,123.468
4.16,0,0,0,0,4.16,4.16,-0.09,4.16,123.468
4.16,0,0,0,0,4.16,4.16,0.09,4.16,123.468
4.16,0,0,0,0,4.16,4.16,0.09,4.16,123.468
4.16,0,0,0,0,4.16,4.16,0.52,4.16,123.462
4.16,0,0,0,0,4.16,4.16,0.52,4.16,123.462
4.16,0,0,0,0,4.16,4.16,-0.02,4.16,123.462
4.16,0,0,0,0,4.16,4.16,-0.02,4.16,123.473
4.16,0,0,0,0,4.16,4.16,-0.33,4.16,123.473
4.16,0,0,0,0,4.16,4.16,-0.33,4.16,123.473
4.16,0,0,0,0,4.16,4.16,-0.15,4.16,123.473
4.16,0,0,0,0,4.16,4.16,-0.15,4.16,123.473
4.16,0,0,0,0,4.16,4.16,0.09,4.16,123.468
4.16,0,0,0,0,4.16,4.16,0.09,4.16,123.468
4.16,0,0,0,0,4.16,4.16,-0.02,4.16,123.468
4.16,0,0,0,0,4.16,4.16,-0.02,4.16,123.468
4.16,0,0,0,0,4.16,4.16,0.27,4.16,123.468
4.16,0,0,0,0,4.16,4.16,0.27,4.16,123.468
4.16,0,0,0,0,4.16,4.16,0.21,4.16,123.468
4.16,0,0,0,0,4.16,4.16,0.21,4.16,123.473
4.16,0,0,0,0,4.16,4.16,-0.21,4.16,123.473
4.16,0,0,0,0,4.16,4.16,-0.21,4.16,123.473
4.16,0,0,0,0,4.16,4.16,-0.09,4.16,123.473
4.16,0,0,0,0,4.16,4.16,-0.09,4.16,123.473
4.16,0,0,0,0,4.16,4.16,0.39,4.16,123.468
4.16,0,0,0,0,4.16,4.16,0.39,4.16,123.468
4.16,0,0,0,0,4.16,4.16,0.39,4.16,123.468
4.16,0,0,0,0,4.16,4.16,0.39,4.16,123.473
4.16,0,0,0,0,4.16,4.16,-0.39,4.16,123.473
4.16,0,0,0,0,4.16,4.16,-0.39,4.16,123.473
4.16,0,0,0,0,4.16,4.16,-0.33,4.16,123.473
4.16,0,0,0,0,4.16,4.16,-0.33,4.16,123.473
4.16,0,0,0,0,4.16,4.16,0.45,4.16,123.473
4.16,0,0,0,0,4.16,4.16,0.45,4.16,123.473
4.16,0,0,0,0,4.16,4.16,0.09,4.16,123.473
4.16,0,0,0,0,4.16,4.16,0.09,4.16,123.468
4.16,0,0,0,0,4.16,4.16,-0.02,4.16,123.473
4.16,0,0,0,0,4.16,4.16,-0.02,4.16,123.473
4.16,0,0,0,0,4.16,4.16,-0.15,4.16,123.473
4.16,0,0,0,0,4.16,4.16,-0.15,4.16,123.473
4.16,0,0,0,0,4.16,4.16,0.15,4.16,123.473
4.16,0,0,0,0,4.16,4.16,0.15,4.16,123.473
4.16,0,0,0,0,4.16,4.16,0.21,4.16,123.473
4.16,0,0,0,0,4.16,4.16,0.21,4.16,123.473
4.16,0,0,0,0,4.16,4.16,-0.02,4.16,123.473
4.16,0,0,0,0,4.16,4.16,-0.02,4.16,123.473
4.16,0,0,0,0,4.16,4.16,0.15,4.16,123.473
4.16,0,0,0,0,4.16,4.16,0.15,4.16,123.462
4.16,0,0,0,0,4.16,4.16,0.09,4.16,123.473
4.16,0,0,0,0,4.16,4.16,0.09,4.16,123.473
4.16,0,0,0,0,4.16,4.16,0.15,4.16,123.473
4.16,0,0,0,0,4.16,4.16,0.15,4.16,123.473
4.16,0,0,0,0,4.16,4.16,0.15,4.16,123.468
4.16,0,0,0,0,4.16,4.16,0.15,4.16,123.468
4.16,0,0,0,0,4.16,4.16,0.21,4.16,123.468
4.16,0,0,0,0,4.16,4.16,0.21,4.16,123.462
4.16,0,0,0,0,4.16,4.16,0.03,4.16,123.473
4.16,0,0,0,0,4.16,4.16,0.03,4.16,123.473
4.16,0,0,0,0,4.16,4.16,0.21,4.16,123.473
4.16,0,0,0,0,4.16,4.16,0.21,4.16,123.468
4.16,0,0,0,0,4.16,4.16,-0.02,4.16,123.468
4.16,0,0,0,0,4.16,4.16,-0.02,4.16,123.468
4.16,0,0,0,0,4.16,4.16,-0.27,4.16,123.468
4.16,0,0,0,0,4.16,4.16,-0.27,4.16,123.473
4.16,0,0,0,0,4.16,4.16,0.15,4.16,123.468
4.16,0,0,0,0,4.16,4.16,0.15,4.16,123.468
4.16,0,0,0,0,4.16,4.16,0.64,4.17,123.468
4.17,0,0,0,0,4.17,4.17,0.64,4.17,123.473
4.17,0,0,0,0,4.17,4.17,0.15,4.17,123.468
4.17,0,0,0,0,4.17,4.17,0.15,4.17,123.468
4.17,0,0,0,0,4.17,4.17,-0.02,4.17,123.468
4.17,0,0,0,0,4.17,4.17,-0.02,4.17,123.473
4.17,0,0,0,0,4.17,4.17,-0.02,4.17,123.473
4.17,0,0,0,0,4.17,4.17,-0.02,4.17,123.473
4.17,0,0,0,0,4.17,4.17,-0.09,4.17,123.473
4.17,0,0,0,0,4.17,4.17,-0.09,4.17,123.468
4.17,0,0,0,0,4.17,4.17,0.21,4.17,123.473
4.17,0,0,0,0,4.17,4.17,0.21,4.17,123.473
4.17,0,0,0,0,4.17,4.17,-0.33,4.17,123.473
4.17,0,0,0,0,4.17,4.17,-0.33,4.17,123.473
4.17,0,0,0,0,4.17,4.17,-0.39,4.17,123.473
4.17,0,0,0,0,4.17,4.17,-0.39,4.17,123.473
4.17,0,0,0,0,4.17,4.17,0.21,4.17,123.473
4.17,0,0,0,0,4.17,4.17,0.21,4.17,123.473
4.17,0,0,0,0,4.17,4.17,0.15,4.17,123.473
4.17,0,0,0,0,4.17,4.17,0.15,4.17,123.473
4.17,0,0,0,0,4.17,4.17,-0.39,4.17,123.473
4.17,0,0,0,0,4.17,4.17,-0.39,4.17,123.473
4.17,0,0,0,0,4.17,4.17,0.27,4.17,123.468
4.17,0,0,0,0,4.17,4.17,0.27,4.17,123.468
4.17,0,0,0,0,4.17,4.17,0.39,4.17,123.468
4.17,0,0,0,0,4.17,4.17,0.39,4.17,123.473
4.17,0,0,0,0,4.17,4.17,0.21,4.17,123.468
4.17,0,0,0,0,4.17,4.17,0.21,4.17,123.468
4.17,0,0,0,0,4.17,4.17,-0.51,4.16,123.468
4.16,-0.01,0,0,0,4.16,4.16,-0.51,4.16,123.473
4.16,-0.01,0,0,0,4.16,4.16,-0.39,4.16,123.473
4.16,0,0,0,0,4.16,4.16,-0.39,4.16,123.473
4.16,0,0,0,0,4.16,4.16,-0.15,4.16,123.473
4.16,0,0,0,0,4.16,4.16,-0.15,4.16,123.468
4.16,0,0,0,0,4.16,4.16,0.27,4.16,123.468
4.16,0,0,0,0,4.16,4.16,0.27,4.16,123.468
4.16,0,0,0,0,4.16,4.16,-0.27,4.16,123.468
4.16,0,0,0,0,4.16,4.16,-0.27,4.16,123.473
4.16,0,0,0,0,4.16,4.16,-0.33,4.16,123.473
4.16,0,0,0,0,4.16,4.16,-0.33,4.16,123.473
4.16,0,0,0,0,4.16,4.16,-0.02,4.16,123.473
4.16,0,0,0,0,4.16,4.16,-0.02,4.16,123.462
4.16,0,0,0,0,4.16,4.16,0.45,4.16,123.468
4.16,0,0,0,0,4.16,4.16,0.45,4.16,123.468
4.16,0,0,0,0,4.16,4.16,0.27,4.16,123.468
4.16,0,0,0,0,4.16,4.16,0.27,4.16,123.473
4.16,0,0,0,0,4.16,4.16,-0.21,4.16,123.473
4.16,0,0,0,0,4.16,4.16,-0.21,4.16,123.473
4.16,0,0,0,0,4.16,4.16,0.03,4.16,123.473
4.16,0,0,0,0,4.16,4.16,0.03,4.16,123.468
4.16,0,0,0,0,4.16,4.16,0.09,4.16,123.473
4.16,0,0,0,0,4.16,4.16,0.09,4.16,123.473
4.16,0,0,0,0,4.16,4.16,0.15,4.16,123.473
4.16,0,0,0,0,4.16,4.16,0.15,4.16,123.468
4.16,0,0,0,0,4.16,4.16,0.27,4.16,123.462
4.16,0,0,0,0,4.16,4.16,0.27,4.16,123.462
4.16,0,0,0,0,4.16,4.16,0.15,4.16,123.462
4.16,0,0,0,0,4.16,4.16,0.15,4.16,123.473
4.16,0,0,0,0,4.16,4.16,-0.15,4.16,123.462
4.16,0,0,0,0,4.16,4.16,-0.15,4.16,123.462
4.16,0,0,0,0,4.16,4.16,0.45,4.17,123.462
4.17,0,0,0,0,4.17,4.17,0.45,4.17,123.473
4.17,0,0,0,0,4.17,4.17,-0.15,4.17,123.468
4.17,0,0,0,0,4.17,4.17,-0.15,4.17,123.468
4.17,0,0,0,0,4.17,4.17,-0.15,4.16,123.468
4.16,0,0,0,0,4.16,4.16,-0.15,4.16,123.468
4.16,0,0,0,0,4.16,4.16,-0.02,4.16,123.473
4.16,0,0,0,0,4.16,4.16,-0.02,4.16,123.473
4.16,0,0,0,0,4.16,4.16,-0.09,4.17,123.473
4.17,0.01,0,0,0,4.17,4.17,-0.09,4.17,123.473
4.17,0.01,0,0,0,4.17,4.17,0.7,4.17,123.473
4.17,0,0,0,0,4.17,4.17,0.7,4.17,123.473
4.17,0,0,0,0,4.17,4.17,0.39,4.17,123.473
4.17,0,0,0,0,4.17,4.17,0.39,4.17,123.468
4.17,0,0,0,0,4.17,4.17,-0.33,4.17,123.468
4.17,0,0,0,0,4.17,4.17,-0.33,4.17,123.468
4.17,0,0,0,0,4.17,4.17,-0.09,4.17,123.468
4.17,0,0,0,0,4.17,4.17,-0.09,4.17,123.473
4.17,0,0,0,0,4.17,4.17,-0.33,4.16,123.468
4.16,-0.01,0,0,0,4.16,4.16,-0.33,4.16,123.468
4.16,-0.01,0,0,0,4.16,4.16,-0.51,4.16,123.468
4.16,0,0,0,0,4.16,4.16,-0.51,4.16,123.473
4.16,0,0,0,0,4.16,4.16,-0.27,4.16,123.468
4.16,0,0,0,0,4.16,4.16,-0.27,4.16,123.468
4.16,0,0,0,0,4.16,4.16,0.52,4.16,123.468
4.16,0,0,0,0,4.16,4.16,0.52,4.16,123.473
4.16,0,0,0,0,4.16,4.16,0.64,4.16,123.462
4.16,0,0,0,0,4.16,4.16,0.64,4.16,123.462
4.16,0,0,0,0,4.16,4.16,0.03,4.16,123.462
4.16,0,0,0,0,4.16,4.16,0.03,4.16,123.473
4.16,0,0,0,0,4.16,4.16,0.27,4.16,123.473
4.16,0,0,0,0,4.16,4.16,0.27,4.16,123.473
4.16,0,0,0,0,4.16,4.16,-0.15,4.16,123.473
4.16,0,0,0,0,4.16,4.16,-0.15,4.16,123.468
4.16,0,0,0,0,4.16,4.16,-0.45,4.16,123.473
4.16,0,0,0,0,4.16,4.16,-0.45,4.16,123.473
4.16,0,0,0,0,4.16,4.16,-0.21,4.16,123.473
4.16,0,0,0,0,4.16,4.16,-0.21,4.16,123.468
4.16,0,0,0,0,4.16,4.16,0.45,4.16,123.468
4.16,0,0,0,0,4.16,4.16,0.45,4.16,123.468
4.16,0,0,0,0,4.16,4.16,0.27,4.16,123.468
4.16,0,0,0,0,4.16,4.16,0.27,4.16,123.462
4.16,0,0,0,0,4.16,4.16,-0.21,4.16,123.468
4.16,0,0,0,0,4.16,4.16,-0.21,4.16,123.468
4.16,0,0,0,0,4.16,4.16,-0.02,4.16,123.468
4.16,0,0,0,0,4.16,4.16,-0.02,4.16,123.473
4.16,0,0,0,0,4.16,4.16,0.03,4.16,123.473
4.16,0,0,0,0,4.16,4.16,0.03,4.16,123.473
4.16,0,0,0,0,4.16,4.16,-0.09,4.16,123.473
4.16,0,0,0,0,4.16,4.16,-0.09,4.16,123.468
4.16,0,0,0,0,4.16,4.16,-0.02,4.16,123.468
4.16,0,0,0,0,4.16,4.16,-0.02,4.16,123.468
4.16,0,0,0,0,4.16,4.16,0.27,4.16,123.468
4.16,0,0,0,0,4.16,4.16,0.27,4.16,123.473
4.16,0,0,0,0,4.16,4.16,0.21,4.16,123.473
4.16,0,0,0,0,4.16,4.16,0.21,4.16,123.473
4.16,0,0,0,0,4.16,4.16,0.21,4.16,123.473
4.16,0,0,0,0,4.16,4.16,0.21,4.16,123.479
4.16,0,0,0,0,4.16,4.16,0.03,4.17,123.462
4.17,0.01,0,0,0,4.17,4.17,0.03,4.17,123.462
4.17,0.01,0,0,0,4.17,4.17,-0.21,4.16,123.462
4.16,0,0,0,0,4.16,4.16,-0.21,4.16,123.468
4.16,0,0,0,0,4.16,4.16,0.03,4.16,123.473
4.16,0,0,0,0,4.16,4.16,0.03,4.16,123.473
4.16,0,0,0,0,4.16,4.16,0.15,4.17,123.473
4.17,0,0,0,0,4.17,4.17,0.15,4.17,123.468
4.17,0,0,0,0,4.17,4.17,-0.21,4.17,123.473
4.17,0,0,0,0,4.17,4.17,-0.21,4.17,123.473
4.17,0,0,0,0,4.17,4.17,-0.02,4.16,123.473
4.16,-0.01,0,0,0,4.16,4.16,-0.02,4.16,123.468
4.16,-0.01,0,0,0,4.16,4.16,0.03,4.16,123.473
4.16,0,0,0,0,4.16,4.16,0.03,4.16,123.473
4.16,0,0,0,0,4.16,4.16,-0.02,4.16,123.473
4.16,0,0,0,0,4.16,4.16,-0.02,4.16,123.479
4.16,0,0,0,0,4.16,4.16,0.03,4.16,123.473
4.16,0,0,0,0,4.16,4.16,0.03,4.16,123.473
4.16,0,0,0,0,4.16,4.16,-0.33,4.16,123.473
4.16,0,0,0,0,4.16,4.16,-0.33,4.16,123.473
4.16,0,0,0,0,4.16,4.16,-0.02,4.16,123.479
4.16,0,0,0,0,4.16,4.16,-0.02,4.16,123.479
4.16,0,0,0,0,4.16,4.16,0.21,4.16,123.479
4.16,0,0,0,0,4.16,4.16,0.21,4.16,123.468
4.16,0,0,0,0,4.16,4.16,-0.51,4.16,123.462
4.16,0,0,0,0,4.16,4.16,-0.51,4.16,123.462
4.16,0,0,0,0,4.16,4.16,-0.09,4.16,123.462
4.16,0,0,0,0,4.16,4.16,-0.09,4.16,123.462
4.16,0,0,0,0,4.16,4.16,0.15,4.16,123.473
4.16,0,0,0,0,4.16,4.16,0.15,4.16,123.473
4.16,0,0,0,0,4.16,4.16,-0.02,4.16,123.473
4.16,0,0,0,0,4.16,4.16,-0.02,4.16,123.473
4.16,0,0,0,0,4.16,4.16,-0.02,4.16,123.473
4.16,0,0,0,0,4.16,4.16,-0.02,4.16,123.473
4.16,0,0,0,0,4.16,4.16,0.21,4.16,123.473
4.16,0,0,0,0,4.16,4.16,0.21,4.16,123.473
4.16,0,0,0,0,4.16,4.16,0.21,4.16,123.473
4.16,0,0,0,0,4.16,4.16,0.21,4.16,123.473
4.16,0,0,0,0,4.16,4.16,0.39,4.16,123.473
4.16,0,0,0,0,4.16,4.16,0.39,4.16,123.462
4.16,0,0,0,0,4.16,4.16,-0.39,4.16,123.473
4.16,0,0,0,0,4.16,4.16,-0.39,4.16,123.473
4.16,0,0,0,0,4.16,4.16,-0.15,4.16,123.473
4.16,0,0,0,0,4.16,4.16,-0.15,4.16,123.473
4.16,0,0,0,0,4.16,4.16,-0.09,4.16,123.468
4.16,0,0,0,0,4.16,4.16,-0.09,4.16,123.468
4.16,0,0,0,0,4.16,4.16,-0.21,4.16,123.468
4.16,0,0,0,0,4.16,4.16,-0.21,4.16,123.473
4.16,0,0,0,0,4.16,4.16,0.33,4.16,123.473
4.16,0,0,0,0,4.16,4.16,0.33,4.16,123.473
4.16,0,0,0,0,4.16,4.16,0.15,4.16,123.473
4.16,0,0,0,0,4.16,4.16,0.15,4.16,123.473
4.16,0,0,0,0,4.16,4.16,0.15,4.16,123.473
4.16,0,0,0,0,4.16,4.16,0.15,4.16,123.473
4.16,0,0,0,0,4.16,4.16,-0.27,4.16,123.473
4.16,0,0,0,0,4.16,4.16,-0.27,4.16,123.468
4.16,0,0,0,0,4.16,4.16,0.21,4.16,123.468
4.16,0,0,0,0,4.16,4.16,0.21,4.16,123.468
4.16,0,0,0,0,4.16,4.16,0.15,4.16,123.468
4.16,0,0,0,0,4.16,4.16,0.15,4.16,123.468
4.16,0,0,0,0,4.16,4.16,0.21,4.16,123.473
4.16,0,0,0,0,4.16,4.16,0.21,4.16,123.473
4.16,0,0,0,0,4.16,4.16,0.09,4.16,123.473
4.16,0,0,0,0,4.16,4.16,0.09,4.16,123.468
4.16,0,0,0,0,4.16,4.16,0.15,4.16,123.473
4.16,0,0,0,0,4.16,4.16,0.15,4.16,123.473
4.16,0,0,0,0,4.16,4.16,0.33,4.16,123.473
4.16,0,0,0,0,4.16,4.16,0.33,4.16,123.479
4.16,0,0,0,0,4.16,4.16,0.33,4.16,123.468
4.16,0,0,0,0,4.16,4.16,0.33,4.16,123.468
4.16,0,0,0,0,4.16,4.16,0.09,4.16,123.468
4.16,0,0,0,0,4.16,4.16,0.09,4.16,123.468
4.16,0,0,0,0,4.16,4.16,-0.21,4.16,123.468
4.16,0,0,0,0,4.16,4.16,-0.21,4.16,123.468
4.16,0,0,0,0,4.16,4.16,0.33,4.16,123.468
4.16,0,0,0,0,4.16,4.16,0.33,4.16,123.473
4.16,0,0,0,0,4.16,4.16,-0.02,4.16,123.473
4.16,0,0,0,0,4.16,4.16,-0.02,4.16,123.473
4.16,0,0,0,0,4.16,4.16,-0.57,4.16,123.473
4.16,0,0,0,0,4.16,4.16,-0.57,4.16,123.468
4.16,0,0,0,0,4.16,4.16,0.03,4.16,123.473
4.16,0,0,0,0,4.16,4.16,0.03,4.16,123.473
4.16,0,0,0,0,4.16,4.16,0.15,4.16,123.473
4.16,0,0,0,0,4.16,4.16,0.15,4.16,123.468
4.16,0,0,0,0,4.16,4.16,-0.39,4.16,123.479
4.16,0,0,0,0,4.16,4.16,-0.39,4.16,123.479
4.16,0,0,0,0,4.16,4.16,-0.7,4.16,123.479
4.16,0,0,0,0,4.16,4.16,-0.7,4.16,123.473
4.16,0,0,0,0,4.16,4.16,-0.09,4.16,123.473
4.16,0,0,0,0,4.16,4.16,-0.09,4.16,123.473
4.16,0,0,0,0,4.16,4.16,0.21,4.16,123.473
4.16,0,0,0,0,4.16,4.16,0.21,4.16,123.462
4.16,0,0,0,0,4.16,4.16,0.15,4.16,123.473
4.16,0,0,0,0,4.16,4.16,0.15,4.16,123.473
4.16,0,0,0,0,4.16,4.16,-0.15,4.16,123.473
4.16,0,0,0,0,4.16,4.16,-0.15,4.16,123.468
4.16,0,0,0,0,4.16,4.16,-0.45,4.16,123.468
4.16,0,0,0,0,4.16,4.16,-0.45,4.16,123.468
4.16,0,0,0,0,4.16,4.16,-0.15,4.16,123.468
4.16,0,0,0,0,4.16,4.16,-0.15,4.16,123.468
4.16,0,0,0,0,4.16,4.16,0.21,4.16,123.462
4.16,0,0,0,0,4.16,4.16,0.21,4.16,123.462
4.16,0,0,0,0,4.16,4.16,-0.15,4.16,123.462
4.16,0,0,0,0,4.16,4.16,-0.15,4.16,123.473
4.16,0,0,0,0,4.16,4.16,0.58,4.16,123.473
4.16,0,0,0,0,4.16,4.16,0.58,4.16,123.473
4.16,0,0,0,0,4.16,4.16,0.58,4.16,123.473
4.16,0,0,0,0,4.16,4.16,0.58,4.16,123.473
4.16,0,0,0,0,4.16,4.16,-0.02,4.16,123.468
4.16,0,0,0,0,4.16,4.16,-0.02,4.16,123.468
4.16,0,0,0,0,4.16,4.16,-0.02,4.16,123.468
4.16,0,0,0,0,4.16,4.16,-0.02,4.16,123.473
4.16,0,0,0,0,4.16,4.16,0.27,4.16,123.468
4.16,0,0,0,0,4.16,4.16,0.27,4.16,123.468
4.16,0,0,0,0,4.16,4.16,0.15,4.16,123.468
4.16,0,0,0,0,4.16,4.16,0.15,4.16,123.473
4.16,0,0,0,0,4.16,4.16,-0.45,4.16,123.468
4.16,0,0,0,0,4.16,4.16,-0.45,4.16,123.468
4.16,0,0,0,0,4.16,4.16,0.15,4.16,123.468
4.16,0,0,0,0,4.16,4.16,0.15,4.16,123.468
4.16,0,0,0,0,4.16,4.16,0.27,4.16,123.473
4.16,0,0,0,0,4.16,4.16,0.27,4.16,123.473
4.16,0,0,0,0,4.16,4.16,-0.45,4.16,123.473
4.16,0,0,0,0,4.16,4.16,-0.45,4.16,123.473
4.16,0,0,0,0,4.16,4.16,-0.09,4.16,123.468
4.16,0,0,0,0,4.16,4.16,-0.09,4.16,123.468
4.16,0,0,0,0,4.16,4.16,0.33,4.16,123.468
4.16,0,0,0,0,4.16,4.16,0.33,4.16,123.473
4.16,0,0,0,0,4.16,4.16,0.58,4.16,123.473
4.16,0,0,0,0,4.16,4.16,0.58,4.16,123.473
4.16,0,0,0,0,4.16,4.16,0.09,4.16,123.473
4.16,0,0,0,0,4.16,4.16,0.09,4.16,123.473
4.16,0,0,0,0,4.16,4.16,-0.09,4.16,123.468
4.16,0,0,0,0,4.16,4.16,-0.09,4.16,123.468
4.16,0,0,0,0,4.16,4.16,-0.02,4.16,123.468
4.16,0,0,0,0,4.16,4.16,-0.02,4.16,123.468
4.16,0,0,0,0,4.16,4.16,-0.09,4.16,123.462
4.16,0,0,0,0,4.16,4.16,-0.09,4.16,123.462
4.16,0,0,0,0,4.16,4.16,-0.21,4.16,123.462
4.16,0,0,0,0,4.16,4.16,-0.21,4.16,123.473
4.16,0,0,0,0,4.16,4.16,-0.09,4.16,123.473
4.16,0,0,0,0,4.16,4.16,-0.09,4.16,123.473
4.16,0,0,0,0,4.16,4.16,0.15,4.16,123.473
4.16,0,0,0,0,4.16,4.16,0.15,4.16,123.468
4.16,0,0,0,0,4.16,4.16,0.58,4.16,123.473
4.16,0,0,0,0,4.16,4.16,0.58,4.16,123.473
4.16,0,0,0,0,4.16,4.16,0.21,4.16,123.473
4.16,0,0,0,0,4.16,4.16,0.21,4.16,123.479
4.16,0,0,0,0,4.16,4.16,0.03,4.16,123.473
4.16,0,0,0,0,4.16,4.16,0.03,4.16,123.473
4.16,0,0,0,0,4.16,4.16,-0.15,4.16,123.473
4.16,0,0,0,0,4.16,4.16,-0.15,4.16,123.479
4.16,0,0,0,0,4.16,4.16,-0.09,4.16,123.468
4.16,0,0,0,0,4.16,4.16,-0.09,4.16,123.468
4.16,0,0,0,0,4.16,4.16,-0.02,4.16,123.468
4.16,0,0,0,0,4.16,4.16,-0.02,4.16,123.468
4.16,0,0,0,0,4.16,4.16,0.27,4.16,123.468
4.16,0,0,0,0,4.16,4.16,0.27,4.16,123.468
4.16,0,0,0,0,4.16,4.16,0.27,4.16,123.468
4.16,0,0,0,0,4.16,4.16,0.27,4.16,123.473
4.16,0,0,0,0,4.16,4.16,-0.15,4.16,123.473
4.16,0,0,0,0,4.16,4.16,-0.15,4.16,123.473
4.16,0,0,0,0,4.16,4.16,0.27,4.16,123.473
4.16,0,0,0,0,4.16,4.16,0.27,4.16,123.473
4.16,0,0,0,0,4.16,4.16,0.03,4.16,123.462
4.16,0,0,0,0,4.16,4.16,0.03,4.16,123.462
4.16,0,0,0,0,4.16,4.16,0.03,4.16,123.462
4.16,0,0,0,0,4.16,4.16,0.03,4.16,123.468
4.16,0,0,0,0,4.16,4.16,0.03,4.16,123.468
4.16,0,0,0,0,4.16,4.16,0.03,4.16,123.468
4.16,0,0,0,0,4.16,4.16,-0.15,4.16,123.468
4.16,0,0,0,0,4.16,4.16,-0.15,4.16,123.473
4.16,0,0,0,0,4.16,4.16,0.21,4.16,123.468
4.16,0,0,0,0,4.16,4.16,0.21,4.16,123.468
4.16,0,0,0,0,4.16,4.16,0.33,4.16,123.468
4.16,0,0,0,0,4.16,4.16,0.33,4.16,123.462
4.16,0,0,0,0,4.16,4.16,0.21,4.16,123.473
4.16,0,0,0,0,4.16,4.16,0.21,4.16,123.473
4.16,0,0,0,0,4.16,4.16,-0.15,4.16,123.473
4.16,0,0,0,0,4.16,4.16,-0.15,4.16,123.462
4.16,0,0,0,0,4.16,4.16,0.15,4.16,123.473
4.16,0,0,0,0,4.16,4.16,0.15,4.16,123.473
4.16,0,0,0,0,4.16,4.16,0.21,4.16,123.473
4.16,0,0,0,0,4.16,4.16,0.21,4.16,123.473
4.16,0,0,0,0,4.16,4.16,-0.21,4.16,123.473
4.16,0,0,0,0,4.16,4.16,-0.21,4.16,123.473
4.16,0,0,0,0,4.16,4.16,0.39,4.16,123.473
4.16,0,0,0,0,4.16,4.16,0.39,4.16,123.473
4.16,0,0,0,0,4.16,4.16,0.09,4.16,123.462
4.16,0,0,0,0,4.16,4.16,0.09,4.16,123.462
4.16,0,0,0,0,4.16,4.16,0.09,4.16,123.462
4.16,0,0,0,0,4.16,4.16,0.09,4.16,123.473
4.16,0,0,0,0,4.16,4.16,-0.39,4.16,123.462
4.16,0,0,0,0,4.16,4.16,-0.39,4.16,123.462
4.16,0,0,0,0,4.16,4.16,-0.33,4.16,123.462
4.16,0,0,0,0,4.16,4.16,-0.33,4.16,123.473
4.16,0,0,0,0,4.16,4.16,0.03,4.16,123.468
4.16,0,0,0,0,4.16,4.16,0.03,4.16,123.468
4.16,0,0,0,0,4.16,4.16,0.39,4.16,123.468
4.16,0,0,0,0,4.16,4.16,0.39,4.16,123.473
4.16,0,0,0,0,4.16,4.16,0.03,4.16,123.473
4.16,0,0,0,0,4.16,4.16,0.03,4.16,123.473
4.16,0,0,0,0,4.16,4.16,-0.15,4.16,123.473
4.16,0,0,0,0,4.16,4.16,-0.15,4.16,123.462
4.16,0,0,0,0,4.16,4.16,-0.45,4.16,123.462
4.16,0,0,0,0,4.16,4.16,-0.45,4.16,123.462
4.16,0,0,0,0,4.16,4.16,0.45,4.16,123.462
4.16,0,0,0,0,4.16,4.16,0.45,4.16,123.468
4.16,0,0,0,0,4.16,4.16,0.21,4.16,123.473
4.16,0,0,0,0,4.16,4.16,0.21,4.16,123.473
4.16,0,0,0,0,4.16,4.16,-0.21,4.16,123.473
4.16,0,0,0,0,4.16,4.16,-0.21,4.16,123.468
4.16,0,0,0,0,4.16,4.16,-0.15,4.16,123.468
4.16,0,0,0,0,4.16,4.16,-0.15,4.16,123.468
4.16,0,0,0,0,4.16,4.16,0.33,4.16,123.468
4.16,0,0,0,0,4.16,4.16,0.33,4.16,123.473
4.16,0,0,0,0,4.16,4.16,0.09,4.16,123.468
4.16,0,0,0,0,4.16,4.16,0.09,4.16,123.468
4.16,0,0,0,0,4.16,4.16,0.03,4.16,123.468
4.16,0,0,0,0,4.16,4.16,0.03,4.16,123.462
4.16,0,0,0,0,4.16,4.16,0.52,4.17,123.462
4.17,0.01,0,0,0,4.17,4.17,0.52,4.17,123.462
4.17,0.01,0,0,0,4.17,4.17,0.15,4.17,123.462
4.17,0,0,0,0,4.17,4.17,0.15,4.17,123.473
4.17,0,0,0,0,4.17,4.17,0.09,4.17,123.473
4.17,0,0,0,0,4.17,4.17,0.09,4.17,123.473
4.17,0,0,0,0,4.17,4.17,0.15,4.17,123.473
4.17,0,0,0,0,4.17,4.17,0.15,4.17,123.473
4.17,0,0,0,0,4.17,4.17,-0.33,4.16,123.468
4.16,0,0,0,0,4.16,4.16,-0.33,4.16,123.468
4.16,0,0,0,0,4.16,4.16,0.03,4.17,123.468
4.17,0.01,0,0,0,4.17,4.17,0.03,4.17,123.479
4.17,0.01,0,0,0,4.17,4.17,-0.33,4.16,123.473
4.16,0,0,0,0,4.16,4.16,-0.33,4.16,123.473
4.16,0,0,0,0,4.16,4.16,-0.09,4.16,123.473
4.16,0,0,0,0,4.16,4.16,-0.09,4.16,123.473
4.16,0,0,0,0,4.16,4.16,-0.39,4.16,123.468
4.16,0,0,0,0,4.16,4.16,-0.39,4.16,123.468
4.16,0,0,0,0,4.16,4.16,-0.27,4.16,123.468
4.16,0,0,0,0,4.16,4.16,-0.27,4.16,123.468
4.16,0,0,0,0,4.16,4.16,0.15,4.16,123.473
4.16,0,0,0,0,4.16,4.16,0.15,4.16,123.473
4.16,0,0,0,0,4.16,4.16,-0.21,4.16,123.473
4.16,0,0,0,0,4.16,4.16,-0.21,4.16,123.468
4.16,0,0,0,0,4.16,4.16,-0.02,4.16,123.468
4.16,0,0,0,0,4.16,4.16,-0.02,4.16,123.468
4.16,0,0,0,0,4.16,4.16,0.03,4.16,123.468
4.16,0,0,0,0,4.16,4.16,0.03,4.16,123.468
4.16,0,0,0,0,4.16,4.16,-0.09,4.16,123.462
4.16,0,0,0,0,4.16,4.16,-0.09,4.16,123.462
4.16,0,0,0,0,4.16,4.16,0.45,4.16,123.462
4.16,0,0,0,0,4.16,4.16,0.45,4.16,123.473
4.16,0,0,0,0,4.16,4.16,-0.15,4.16,123.473
4.16,0,0,0,0,4.16,4.16,-0.15,4.16,123.473
4.16,0,0,0,0,4.16,4.16,-0.21,4.16,123.473
4.16,0,0,0,0,4.16,4.16,-0.21,4.16,123.473
4.16,0,0,0,0,4.16,4.16,0.03,4.16,123.462
4.16,0,0,0,0,4.16,4.16,0.03,4.16,123.462
4.16,0,0,0,0,4.16,4.16,0.39,4.16,123.462
4.16,0,0,0,0,4.16,4.16,0.39,4.16,123.473
4.16,0,0,0,0,4.16,4.16,0.21,4.16,123.473
4.16,0,0,0,0,4.16,4.16,0.21,4.16,123.473
4.16,0,0,0,0,4.16,4.16,0.03,4.16,123.473
4.16,0,0,0,0,4.16,4.16,0.03,4.16,123.473
4.16,0,0,0,0,4.16,4.16,-0.57,4.16,123.473
4.16,0,0,0,0,4.16,4.16,-0.57,4.16,123.473
4.16,0,0,0,0,4.16,4.16,-0.02,4.16,123.473
4.16,0,0,0,0,4.16,4.16,-0.02,4.16,123.473
4.16,0,0,0,0,4.16,4.16,0.45,4.17,123.473
4.17,0,0,0,0,4.17,4.17,0.45,4.17,123.473
4.17,0,0,0,0,4.17,4.17,0.33,4.17,123.473
4.17,0,0,0,0,4.17,4.17,0.33,4.17,123.473
4.17,0,0,0,0,4.17,4.17,0.03,4.16,123.468
4.16,0,0,0,0,4.16,4.16,0.03,4.16,123.468
4.16,0,0,0,0,4.16,4.16,-0.15,4.16,123.468
4.16,0,0,0,0,4.16,4.16,-0.15,4.16,123.473
4.16,0,0,0,0,4.16,4.16,0.21,4.16,123.473
4.16,0,0,0,0,4.16,4.16,0.21,4.16,123.473
4.16,0,0,0,0,4.16,4.16,-0.33,4.16,123.473
4.16,0,0,0,0,4.16,4.16,-0.33,4.16,123.473
4.16,0,0,0,0,4.16,4.16,-0.02,4.16,123.462
4.16,0,0,0,0,4.16,4.16,-0.02,4.16,123.462
4.16,0,0,0,0,4.16,4.16,-0.15,4.16,123.462
4.16,0,0,0,0,4.16,4.16,-0.15,4.16,123.468
4.16,0,0,0,0,4.16,4.16,-0.15,4.16,123.473
4.16,0,0,0,0,4.16,4.16,-0.15,4.16,123.473
4.16,0,0,0,0,4.16,4.16,0.39,4.16,123.473
4.16,0,0,0,0,4.16,4.16,0.39,4.16,123.473
4.16,0,0,0,0,4.16,4.16,0.03,4.17,123.473
4.17,0,0,0,0,4.17,4.17,0.03,4.17,123.473
4.17,0,0,0,0,4.17,4.17,-0.02,4.17,123.473
4.17,0,0,0,0,4.17,4.17,-0.02,4.17,123.473
4.17,0,0,0,0,4.17,4.17,0.21,4.17,123.473
4.17,0,0,0,0,4.17,4.17,0.21,4.17,123.473
4.17,0,0,0,0,4.17,4.17,0.45,4.17,123.473
4.17,0,0,0,0,4.17,4.17,0.45,4.17,123.468
4.17,0,0,0,0,4.17,4.17,0.58,4.17,123.473
4.17,0,0,0,0,4.17,4.17,0.58,4.17,123.473
4.17,0,0,0,0,4.17,4.17,0.21,4.17,123.473
4.17,0,0,0,0,4.17,4.17,0.21,4.17,123.473
4.17,0,0,0,0,4.17,4.17,0.15,4.17,123.479
4.17,0,0,0,0,4.17,4.17,0.15,4.17,123.479
4.17,0,0,0,0,4.17,4.17,-0.21,4.17,123.479
4.17,0,0,0,0,4.17,4.17,-0.21,4.17,123.473
4.17,0,0,0,0,4.17,4.17,0.45,4.17,123.473
4.17,0,0,0,0,4.17,4.17,0.45,4.17,123.473
4.17,0,0,0,0,4.17,4.17,-0.09,4.17,123.473
4.17,0,0,0,0,4.17,4.17,-0.09,4.17,123.468
4.17,0,0,0,0,4.17,4.17,-0.09,4.17,123.479
4.17,0,0,0,0,4.17,4.17,-0.09,4.17,123.479
4.17,0,0,0,0,4.17,4.17,0.39,4.17,123.479
4.17,0,0,0,0,4.17,4.17,0.39,4.17,123.473
4.17,0,0,0,0,4.17,4.17,-0.02,4.17,123.462
4.17,0,0,0,0,4.17,4.17,-0.02,4.17,123.462
4.17,0,0,0,0,4.17,4.17,-0.15,4.17,123.462
4.17,0,0,0,0,4.17,4.17,-0.15,4.17,123.473
4.17,0,0,0,0,4.17,4.17,0.27,4.17,123.473
4.17,0,0,0,0,4.17,4.17,0.27,4.17,123.473
4.17,0,0,0,0,4.17,4.17,0.09,4.17,123.473
4.17,0,0,0,0,4.17,4.17,0.09,4.17,123.479
4.17,0,0,0,0,4.17,4.17,-0.45,4.17,123.473
4.17,0,0,0,0,4.17,4.17,-0.45,4.17,123.473
4.17,0,0,0,0,4.17,4.17,-0.21,4.17,123.473
4.17,0,0,0,0,4.17,4.17,-0.21,4.17,123.473
4.17,0,0,0,0,4.17,4.17,-0.15,4.17,123.473
4.17,0,0,0,0,4.17,4.17,-0.15,4.17,123.473
4.17,0,0,0,0,4.17,4.17,0.21,4.17,123.473
4.17,0,0,0,0,4.17,4.17,0.21,4.17,123.468
4.17,0,0,0,0,4.17,4.17,-0.21,4.17,123.468
4.17,0,0,0,0,4.17,4.17,-0.21,4.17,123.468
4.17,0,0,0,0,4.17,4.17,-0.51,4.17,123.468
4.17,0,0,0,0,4.17,4.17,-0.51,4.17,123.462
4.17,0,0,0,0,4.17,4.17,0.03,4.17,123.468
4.17,0,0,0,0,4.17,4.17,0.03,4.17,123.468
4.17,0,0,0,0,4.17,4.17,0.39,4.17,123.468
4.17,0,0,0,0,4.17,4.17,0.39,4.17,123.473
4.17,0,0,0,0,4.17,4.17,-0.15,4.17,123.473
4.17,0,0,0,0,4.17,4.17,-0.15,4.17,123.473
4.17,0,0,0,0,4.17,4.17,0.33,4.17,123.473
4.17,0,0,0,0,4.17,4.17,0.33,4.17,123.462
4.17,0,0,0,0,4.17,4.17,-0.09,4.17,123.473
4.17,0,0,0,0,4.17,4.17,-0.09,4.17,123.473
4.17,0,0,0,0,4.17,4.17,-0.02,4.17,123.473
4.17,0,0,0,0,4.17,4.17,-0.02,4.17,123.468
4.17,0,0,0,0,4.17,4.17,0.52,4.17,123.462
4.17,0,0,0,0,4.17,4.17,0.52,4.17,123.462
4.17,0,0,0,0,4.17,4.17,0.03,4.17,123.462
4.17,0,0,0,0,4.17,4.17,0.03,4.17,123.468
4.17,0,0,0,0,4.17,4.17,0.09,4.17,123.479
4.17,0,0,0,0,4.17,4.17,0.09,4.17,123.479
4.17,0,0,0,0,4.17,4.17,-0.15,4.17,123.479
4.17,0,0,0,0,4.17,4.17,-0.15,4.17,123.468
4.17,0,0,0,0,4.17,4.17,-0.33,4.17,123.468
4.17,0,0,0,0,4.17,4.17,-0.33,4.17,123.468
4.17,0,0,0,0,4.17,4.17,-0.15,4.17,123.468
4.17,0,0,0,0,4.17,4.17,-0.15,4.17,123.473
4.17,0,0,0,0,4.17,4.17,0.27,4.17,123.462
4.17,0,0,0,0,4.17,4.17,0.27,4.17,123.462
4.17,0,0,0,0,4.17,4.17,0.21,4.17,123.462
4.17,0,0,0,0,4.17,4.17,0.21,4.17,123.468
4.17,0,0,0,0,4.17,4.17,0.21,4.17,123.462
4.17,0,0,0,0,4.17,4.17,0.21,4.17,123.462
4.17,0,0,0,0,4.17,4.17,-0.27,4.17,123.462
4.17,0,0,0,0,4.17,4.17,-0.27,4.17,123.473
4.17,0,0,0,0,4.17,4.17,-0.33,4.17,123.473
4.17,0,0,0,0,4.17,4.17,-0.33,4.17,123.473
4.17,0,0,0,0,4.17,4.17,0.03,4.17,123.473
4.17,0,0,0,0,4.17,4.17,0.03,4.17,123.473
4.17,0,0,0,0,4.17,4.17,-0.09,4.17,123.473
4.17,0,0,0,0,4.17,4.17,-0.09,4.17,123.473
4.17,0,0,0,0,4.17,4.17,-0.09,4.17,123.473
4.17,0,0,0,0,4.17,4.17,-0.09,4.17,123.468
4.17,0,0,0,0,4.17,4.17,-0.45,4.17,123.473
4.17,0,0,0,0,4.17,4.17,-0.45,4.17,123.473
4.17,0,0,0,0,4.17,4.17,0.09,4.17,123.473
4.17,0,0,0,0,4.17,4.17,0.09,4.17,123.473
4.17,0,0,0,0,4.17,4.17,0.09,4.17,123.473
4.17,0,0,0,0,4.17,4.17,0.09,4.17,123.473
4.17,0,0,0,0,4.17,4.17,-0.21,4.17,123.473
4.17,0,0,0,0,4.17,4.17,-0.21,4.17,123.473
4.17,0,0,0,0,4.17,4.17,-0.7,4.17,123.468
4.17,0,0,0,0,4.17,4.17,-0.7,4.17,123.468
4.17,0,0,0,0,4.17,4.17,0.09,4.17,123.468
4.17,0,0,0,0,4.17,4.17,0.09,4.17,123.468
4.17,0,0,0,0,4.17,4.17,0.15,4.17,123.473
4.17,0,0,0,0,4.17,4.17,0.15,4.17,123.473
4.17,0,0,0,0,4.17,4.17,0.03,4.17,123.473
4.17,0,0,0,0,4.17,4.17,0.03,4.17,123.468
4.17,0,0,0,0,4.17,4.17,0.27,4.17,123.473
4.17,0,0,0,0,4.17,4.17,0.27,4.17,123.473
4.17,0,0,0,0,4.17,4.17,0.33,4.17,123.473
4.17,0,0,0,0,4.17,4.17,0.33,4.17,123.468
4.17,0,0,0,0,4.17,4.17,0.09,4.17,123.479
4.17,0,0,0,0,4.17,4.17,0.09,4.17,123.479
4.17,0,0,0,0,4.17,4.17,0.27,4.17,123.479
4.17,0,0,0,0,4.17,4.17,0.27,4.17,123.462
4.17,0,0,0,0,4.17,4.17,0.09,4.17,123.473
4.17,0,0,0,0,4.17,4.17,0.09,4.17,123.473
4.17,0,0,0,0,4.17,4.17,-0.15,4.17,123.473
4.17,0,0,0,0,4.17,4.17,-0.15,4.17,123.473
4.17,0,0,0,0,4.17,4.17,0.15,4.17,123.468
4.17,0,0,0,0,4.17,4.17,0.15,4.17,123.468
4.17,0,0,0,0,4.17,4.17,0.39,4.17,123.468
4.17,0,0,0,0,4.17,4.17,0.39,4.17,123.479
4.17,0,0,0,0,4.17,4.17,0.27,4.17,123.473
4.17,0,0,0,0,4.17,4.17,0.27,4.17,123.473
4.17,0,0,0,0,4.17,4.17,0.09,4.17,123.473
4.17,0,0,0,0,4.17,4.17,0.09,4.17,123.468
4.17,0,0,0,0,4.17,4.17,0.03,4.17,123.473
4.17,0,0,0,0,4.17,4.17,0.03,4.17,123.473
4.17,0,0,0,0,4.17,4.17,-0.33,4.17,123.473
4.17,0,0,0,0,4.17,4.17,-0.33,4.17,123.468
4.17,0,0,0,0,4.17,4.17,-0.33,4.17,123.473
4.17,0,0,0,0,4.17,4.17,-0.33,4.17,123.473
4.17,0,0,0,0,4.17,4.17,-0.02,4.17,123.473
4.17,0,0,0,0,4.17,4.17,-0.02,4.17,123.462
4.17,0,0,0,0,4.17,4.17,0.27,4.17,123.473
4.17,0,0,0,0,4.17,4.17,0.27,4.17,123.473
4.17,0,0,0,0,4.17,4.17,-0.51,4.17,123.473
4.17,0,0,0,0,4.17,4.17,-0.51,4.17,123.473
4.17,0,0,0,0,4.17,4.17,-0.27,4.17,123.473
4.17,0,0,0,0,4.17,4.17,-0.27,4.17,123.473
4.17,0,0,0,0,4.17,4.17,0.33,4.17,123.473
4.17,0,0,0,0,4.17,4.17,0.33,4.17,123.473
4.17,0,0,0,0,4.17,4.17,0.39,4.17,123.468
4.17,0,0,0,0,4.17,4.17,0.39,4.17,123.468
4.17,0,0,0,0,4.17,4.17,-0.33,4.17,123.468
4.17,0,0,0,0,4.17,4.17,-0.33,4.17,123.468
4.17,0,0,0,0,4.17,4.17,-0.39,4.17,123.462
4.17,0,0,0,0,4.17,4.17,-0.39,4.17,123.462
4.17,0,0,0,0,4.17,4.17,0.21,4.17,123.462
4.17,0,0,0,0,4.17,4.17,0.21,4.17,123.473
4.17,0,0,0,0,4.17,4.17,0.21,4.17,123.473
4.17,0,0,0,0,4.17,4.17,0.21,4.17,123.473
4.17,0,0,0,0,4.17,4.17,-0.02,4.17,123.473
4.17,0,0,0,0,4.17,4.17,-0.02,4.17,123.462
4.17,0,0,0,0,4.17,4.17,-0.33,4.17,123.473
4.17,0,0,0,0,4.17,4.17,-0.33,4.17,123.473
4.17,0,0,0,0,4.17,4.17,-0.21,4.17,123.473
4.17,0,0,0,0,4.17,4.17,-0.21,4.17,123.473
4.17,0,0,0,0,4.17,4.17,0.09,4.17,123.473
4.17,0,0,0,0,4.17,4.17,0.09,4.17,123.473
4.17,0,0,0,0,4.17,4.17,0.33,4.17,123.473
4.17,0,0,0,0,4.17,4.17,0.33,4.17,123.468
4.17,0,0,0,0,4.17,4.17,-0.39,4.17,123.468
4.17,0,0,0,0,4.17,4.17,-0.39,4.17,123.468
4.17,0,0,0,0,4.17,4.17,-0.33,4.17,123.468
4.17,0,0,0,0,4.17,4.17,-0.33,4.17,123.468
4.17,0,0,0,0,4.17,4.17,0.09,4.17,123.473
4.17,0,0,0,0,4.17,4.17,0.09,4.17,123.473
4.17,0,0,0,0,4.17,4.17,0.09,4.17,123.473
4.17,0,0,0,0,4.17,4.17,0.09,4.17,123.468
4.17,0,0,0,0,4.17,4.17,-0.39,4.17,123.473
4.17,0,0,0,0,4.17,4.17,-0.39,4.17,123.473
4.17,0,0,0,0,4.17,4.17,-0.27,4.17,123.473
4.17,0,0,0,0,4.17,4.17,-0.27,4.17,123.479
4.17,0,0,0,0,4.17,4.17,0.21,4.17,123.473
4.17,0,0,0,0,4.17,4.17,0.21,4.17,123.473
4.17,0,0,0,0,4.17,4.17,-0.27,4.17,123.473
4.17,0,0,0,0,4.17,4.17,-0.27,4.17,123.473
